{"Time":"2026-10-06T17:40:02.380804599-03:00","Action":"start","Package":"github.com/viralabs-dev/mudarro/cmd/mudarro"}
{"Time":"2026-10-06T17:40:02.380871997-03:00","Action":"output","Package":"github.com/viralabs-dev/mudarro/cmd/mudarro","Output":"?   \tgithub.com/viralabs-dev/mudarro/cmd/mudarro\t[no test files]\n"}
{"Time":"2026-10-06T17:40:02.380884565-03:00","Action":"skip","Package":"github.com/viralabs-dev/mudarro/cmd/mudarro","Elapsed":0}
{"Time":"2026-10-06T17:40:02.380893381-03:00","Action":"start","Package":"github.com/viralabs-dev/mudarro/docs/samples/menu-auto/evidence/isolated-runtimes"}
{"Time":"2026-10-06T17:40:02.380904578-03:00","Action":"output","Package":"github.com/viralabs-dev/mudarro/docs/samples/menu-auto/evidence/isolated-runtimes","Output":"?   \tgithub.com/viralabs-dev/mudarro/docs/samples/menu-auto/evidence/isolated-runtimes\t[no test files]\n"}
{"Time":"2026-10-06T17:40:02.380909191-03:00","Action":"skip","Package":"github.com/viralabs-dev/mudarro/docs/samples/menu-auto/evidence/isolated-runtimes","Elapsed":0}
{"Time":"2026-10-06T17:40:02.380915172-03:00","Action":"start","Package":"github.com/viralabs-dev/mudarro/docs/samples/menu-auto/evidence/isolated-runtimes/yarn/logs"}
{"Time":"2026-10-06T17:40:02.380918955-03:00","Action":"output","Package":"github.com/viralabs-dev/mudarro/docs/samples/menu-auto/evidence/isolated-runtimes/yarn/logs","Output":"?   \tgithub.com/viralabs-dev/mudarro/docs/samples/menu-auto/evidence/isolated-runtimes/yarn/logs\t[no test files]\n"}
{"Time":"2026-10-06T17:40:02.380922759-03:00","Action":"skip","Package":"github.com/viralabs-dev/mudarro/docs/samples/menu-auto/evidence/isolated-runtimes/yarn/logs","Elapsed":0}
{"Time":"2026-10-06T17:40:02.380928189-03:00","Action":"start","Package":"github.com/viralabs-dev/mudarro/internal/mudarro"}
{"Time":"2026-10-06T17:40:02.380946699-03:00","Action":"start","Package":"github.com/viralabs-dev/mudarro/internal/mudarro/adapters"}
{"Time":"2026-10-06T17:40:02.380968727-03:00","Action":"start","Package":"github.com/viralabs-dev/mudarro/internal/mudarro/executor"}
{"Time":"2026-10-06T17:40:02.381053124-03:00","Action":"start","Package":"github.com/viralabs-dev/mudarro/internal/mudarro/model"}
{"Time":"2026-10-06T17:40:02.38133185-03:00","Action":"start","Package":"github.com/viralabs-dev/mudarro/internal/mudarro/projectfs"}
{"Time":"2026-10-06T17:40:02.381348989-03:00","Action":"output","Package":"github.com/viralabs-dev/mudarro/internal/mudarro/model","Output":"?   \tgithub.com/viralabs-dev/mudarro/internal/mudarro/model\t[no test files]\n"}
{"Time":"2026-10-06T17:40:02.381453361-03:00","Action":"start","Package":"github.com/viralabs-dev/mudarro/internal/mudarro/terminal"}
{"Time":"2026-10-06T17:40:02.381461426-03:00","Action":"skip","Package":"github.com/viralabs-dev/mudarro/internal/mudarro/model","Elapsed":0}
{"Time":"2026-10-06T17:40:02.433756806-03:00","Action":"output","Package":"github.com/viralabs-dev/mudarro/internal/mudarro","Output":"\tgithub.com/viralabs-dev/mudarro/internal/mudarro\t\tcoverage: 0.0% of statements\n"}
{"Time":"2026-10-06T17:40:02.434078076-03:00","Action":"output","Package":"github.com/viralabs-dev/mudarro/internal/mudarro/terminal","Output":"\tgithub.com/viralabs-dev/mudarro/internal/mudarro/terminal\t\tcoverage: 0.0% of statements\n"}
{"Time":"2026-10-06T17:40:02.434159835-03:00","Action":"output","Package":"github.com/viralabs-dev/mudarro/internal/mudarro/executor","Output":"\tgithub.com/viralabs-dev/mudarro/internal/mudarro/executor\t\tcoverage: 0.0% of statements\n"}
{"Time":"2026-10-06T17:40:02.434240707-03:00","Action":"output","Package":"github.com/viralabs-dev/mudarro/internal/mudarro/adapters","Output":"\tgithub.com/viralabs-dev/mudarro/internal/mudarro/adapters\t\tcoverage: 0.0% of statements\n"}
{"Time":"2026-10-06T17:40:02.434285994-03:00","Action":"output","Package":"github.com/viralabs-dev/mudarro/internal/mudarro/projectfs","Output":"\tgithub.com/viralabs-dev/mudarro/internal/mudarro/projectfs\t\tcoverage: 0.0% of statements\n"}
{"Time":"2026-10-06T17:40:02.476260482-03:00","Action":"pass","Package":"github.com/viralabs-dev/mudarro/internal/mudarro/terminal","Elapsed":0.095}
{"Time":"2026-10-06T17:40:02.476474132-03:00","Action":"pass","Package":"github.com/viralabs-dev/mudarro/internal/mudarro/projectfs","Elapsed":0.095}
{"Time":"2026-10-06T17:40:02.476575528-03:00","Action":"pass","Package":"github.com/viralabs-dev/mudarro/internal/mudarro/executor","Elapsed":0.096}
{"Time":"2026-10-06T17:40:02.479061427-03:00","Action":"pass","Package":"github.com/viralabs-dev/mudarro/internal/mudarro","Elapsed":0.098}
{"Time":"2026-10-06T17:40:02.479668417-03:00","Action":"pass","Package":"github.com/viralabs-dev/mudarro/internal/mudarro/adapters","Elapsed":0.099}
{"Time":"2026-10-06T17:40:02.626285525-03:00","Action":"start","Package":"github.com/viralabs-dev/mudarro/test/internal/mudarro"}
{"Time":"2026-10-06T17:40:02.626330819-03:00","Action":"start","Package":"github.com/viralabs-dev/mudarro/test/internal/mudarro/terminal"}
{"Time":"2026-10-06T17:40:02.6340288-03:00","Action":"run","Package":"github.com/viralabs-dev/mudarro/test/internal/mudarro/terminal","Test":"TestInteractiveSignalCleanup"}
{"Time":"2026-10-06T17:40:02.63407119-03:00","Action":"output","Package":"github.com/viralabs-dev/mudarro/test/internal/mudarro/terminal","Test":"TestInteractiveSignalCleanup","Output":"=== RUN   TestInteractiveSignalCleanup\n","OutputType":"frame"}
{"Time":"2026-10-06T17:40:02.634078469-03:00","Action":"run","Package":"github.com/viralabs-dev/mudarro/test/internal/mudarro/terminal","Test":"TestInteractiveSignalCleanup/interrupt"}
{"Time":"2026-10-06T17:40:02.634080789-03:00","Action":"output","Package":"github.com/viralabs-dev/mudarro/test/internal/mudarro/terminal","Test":"TestInteractiveSignalCleanup/interrupt","Output":"=== RUN   TestInteractiveSignalCleanup/interrupt\n","OutputType":"frame"}
{"Time":"2026-10-06T17:40:02.636443406-03:00","Action":"run","Package":"github.com/viralabs-dev/mudarro/test/internal/mudarro","Test":"TestBunSupportLockDetection"}
{"Time":"2026-10-06T17:40:02.63645473-03:00","Action":"output","Package":"github.com/viralabs-dev/mudarro/test/internal/mudarro","Test":"TestBunSupportLockDetection","Output":"=== RUN   TestBunSupportLockDetection\n","OutputType":"frame"}
{"Time":"2026-10-06T17:40:02.636458169-03:00","Action":"run","Package":"github.com/viralabs-dev/mudarro/test/internal/mudarro","Test":"TestBunSupportLockDetection/bun.lock"}
{"Time":"2026-10-06T17:40:02.63645969-03:00","Action":"output","Package":"github.com/viralabs-dev/mudarro/test/internal/mudarro","Test":"TestBunSupportLockDetection/bun.lock","Output":"=== RUN   TestBunSupportLockDetection/bun.lock\n","OutputType":"frame"}
{"Time":"2026-10-06T17:40:02.638150373-03:00","Action":"output","Package":"github.com/viralabs-dev/mudarro/test/internal/mudarro","Test":"TestBunSupportLockDetection/bun.lock","Output":"--- PASS: TestBunSupportLockDetection/bun.lock (0.00s)\n","OutputType":"frame"}
{"Time":"2026-10-06T17:40:02.638180662-03:00","Action":"pass","Package":"github.com/viralabs-dev/mudarro/test/internal/mudarro","Test":"TestBunSupportLockDetection/bun.lock","Elapsed":0}
{"Time":"2026-10-06T17:40:02.638230137-03:00","Action":"run","Package":"github.com/viralabs-dev/mudarro/test/internal/mudarro","Test":"TestBunSupportLockDetection/bun.lockb"}
{"Time":"2026-10-06T17:40:02.638232529-03:00","Action":"output","Package":"github.com/viralabs-dev/mudarro/test/internal/mudarro","Test":"TestBunSupportLockDetection/bun.lockb","Output":"=== RUN   TestBunSupportLockDetection/bun.lockb\n","OutputType":"frame"}
{"Time":"2026-10-06T17:40:02.639471359-03:00","Action":"output","Package":"github.com/viralabs-dev/mudarro/test/internal/mudarro","Test":"TestBunSupportLockDetection/bun.lockb","Output":"--- PASS: TestBunSupportLockDetection/bun.lockb (0.00s)\n","OutputType":"frame"}
{"Time":"2026-10-06T17:40:02.639487704-03:00","Action":"pass","Package":"github.com/viralabs-dev/mudarro/test/internal/mudarro","Test":"TestBunSupportLockDetection/bun.lockb","Elapsed":0}
{"Time":"2026-10-06T17:40:02.639490484-03:00","Action":"run","Package":"github.com/viralabs-dev/mudarro/test/internal/mudarro","Test":"TestBunSupportLockDetection/bun.lock+bun.lockb"}
{"Time":"2026-10-06T17:40:02.639491904-03:00","Action":"output","Package":"github.com/viralabs-dev/mudarro/test/internal/mudarro","Test":"TestBunSupportLockDetection/bun.lock+bun.lockb","Output":"=== RUN   TestBunSupportLockDetection/bun.lock+bun.lockb\n","OutputType":"frame"}
{"Time":"2026-10-06T17:40:02.640494449-03:00","Action":"output","Package":"github.com/viralabs-dev/mudarro/test/internal/mudarro","Test":"TestBunSupportLockDetection/bun.lock+bun.lockb","Output":"--- PASS: TestBunSupportLockDetection/bun.lock+bun.lockb (0.00s)\n","OutputType":"frame"}
{"Time":"2026-10-06T17:40:02.640510592-03:00","Action":"pass","Package":"github.com/viralabs-dev/mudarro/test/internal/mudarro","Test":"TestBunSupportLockDetection/bun.lock+bun.lockb","Elapsed":0}
{"Time":"2026-10-06T17:40:02.640530395-03:00","Action":"output","Package":"github.com/viralabs-dev/mudarro/test/internal/mudarro","Test":"TestBunSupportLockDetection","Output":"--- PASS: TestBunSupportLockDetection (0.00s)\n","OutputType":"frame"}
{"Time":"2026-10-06T17:40:02.640539439-03:00","Action":"pass","Package":"github.com/viralabs-dev/mudarro/test/internal/mudarro","Test":"TestBunSupportLockDetection","Elapsed":0}
{"Time":"2026-10-06T17:40:02.640553237-03:00","Action":"run","Package":"github.com/viralabs-dev/mudarro/test/internal/mudarro","Test":"TestBunSupportConflictingManagersRemainExplicit"}
{"Time":"2026-10-06T17:40:02.640555244-03:00","Action":"output","Package":"github.com/viralabs-dev/mudarro/test/internal/mudarro","Test":"TestBunSupportConflictingManagersRemainExplicit","Output":"=== RUN   TestBunSupportConflictingManagersRemainExplicit\n","OutputType":"frame"}
{"Time":"2026-10-06T17:40:02.640582201-03:00","Action":"run","Package":"github.com/viralabs-dev/mudarro/test/internal/mudarro","Test":"TestBunSupportConflictingManagersRemainExplicit/package-lock.json"}
{"Time":"2026-10-06T17:40:02.640584199-03:00","Action":"output","Package":"github.com/viralabs-dev/mudarro/test/internal/mudarro","Test":"TestBunSupportConflictingManagersRemainExplicit/package-lock.json","Output":"=== RUN   TestBunSupportConflictingManagersRemainExplicit/package-lock.json\n","OutputType":"frame"}
{"Time":"2026-10-06T17:40:02.641379503-03:00","Action":"output","Package":"github.com/viralabs-dev/mudarro/test/internal/mudarro","Test":"TestBunSupportConflictingManagersRemainExplicit/package-lock.json","Output":"--- PASS: TestBunSupportConflictingManagersRemainExplicit/package-lock.json (0.00s)\n","OutputType":"frame"}
{"Time":"2026-10-06T17:40:02.641396047-03:00","Action":"pass","Package":"github.com/viralabs-dev/mudarro/test/internal/mudarro","Test":"TestBunSupportConflictingManagersRemainExplicit/package-lock.json","Elapsed":0}
{"Time":"2026-10-06T17:40:02.641400866-03:00","Action":"run","Package":"github.com/viralabs-dev/mudarro/test/internal/mudarro","Test":"TestBunSupportConflictingManagersRemainExplicit/pnpm-lock.yaml"}
{"Time":"2026-10-06T17:40:02.641402345-03:00","Action":"output","Package":"github.com/viralabs-dev/mudarro/test/internal/mudarro","Test":"TestBunSupportConflictingManagersRemainExplicit/pnpm-lock.yaml","Output":"=== RUN   TestBunSupportConflictingManagersRemainExplicit/pnpm-lock.yaml\n","OutputType":"frame"}
{"Time":"2026-10-06T17:40:02.642138022-03:00","Action":"output","Package":"github.com/viralabs-dev/mudarro/test/internal/mudarro","Test":"TestBunSupportConflictingManagersRemainExplicit/pnpm-lock.yaml","Output":"--- PASS: TestBunSupportConflictingManagersRemainExplicit/pnpm-lock.yaml (0.00s)\n","OutputType":"frame"}
{"Time":"2026-10-06T17:40:02.64215015-03:00","Action":"pass","Package":"github.com/viralabs-dev/mudarro/test/internal/mudarro","Test":"TestBunSupportConflictingManagersRemainExplicit/pnpm-lock.yaml","Elapsed":0}
{"Time":"2026-10-06T17:40:02.642153591-03:00","Action":"run","Package":"github.com/viralabs-dev/mudarro/test/internal/mudarro","Test":"TestBunSupportConflictingManagersRemainExplicit/yarn.lock"}
{"Time":"2026-10-06T17:40:02.642154932-03:00","Action":"output","Package":"github.com/viralabs-dev/mudarro/test/internal/mudarro","Test":"TestBunSupportConflictingManagersRemainExplicit/yarn.lock","Output":"=== RUN   TestBunSupportConflictingManagersRemainExplicit/yarn.lock\n","OutputType":"frame"}
{"Time":"2026-10-06T17:40:02.64299843-03:00","Action":"output","Package":"github.com/viralabs-dev/mudarro/test/internal/mudarro","Test":"TestBunSupportConflictingManagersRemainExplicit/yarn.lock","Output":"--- PASS: TestBunSupportConflictingManagersRemainExplicit/yarn.lock (0.00s)\n","OutputType":"frame"}
{"Time":"2026-10-06T17:40:02.643012666-03:00","Action":"pass","Package":"github.com/viralabs-dev/mudarro/test/internal/mudarro","Test":"TestBunSupportConflictingManagersRemainExplicit/yarn.lock","Elapsed":0}
{"Time":"2026-10-06T17:40:02.643015062-03:00","Action":"output","Package":"github.com/viralabs-dev/mudarro/test/internal/mudarro","Test":"TestBunSupportConflictingManagersRemainExplicit","Output":"--- PASS: TestBunSupportConflictingManagersRemainExplicit (0.00s)\n","OutputType":"frame"}
{"Time":"2026-10-06T17:40:02.643016754-03:00","Action":"pass","Package":"github.com/viralabs-dev/mudarro/test/internal/mudarro","Test":"TestBunSupportConflictingManagersRemainExplicit","Elapsed":0}
{"Time":"2026-10-06T17:40:02.64302782-03:00","Action":"run","Package":"github.com/viralabs-dev/mudarro/test/internal/mudarro","Test":"TestBunSupportExplicitPackageManagerOverridesLockConflict"}
{"Time":"2026-10-06T17:40:02.643029244-03:00","Action":"output","Package":"github.com/viralabs-dev/mudarro/test/internal/mudarro","Test":"TestBunSupportExplicitPackageManagerOverridesLockConflict","Output":"=== RUN   TestBunSupportExplicitPackageManagerOverridesLockConflict\n","OutputType":"frame"}
{"Time":"2026-10-06T17:40:02.643790535-03:00","Action":"output","Package":"github.com/viralabs-dev/mudarro/test/internal/mudarro","Test":"TestBunSupportExplicitPackageManagerOverridesLockConflict","Output":"--- PASS: TestBunSupportExplicitPackageManagerOverridesLockConflict (0.00s)\n","OutputType":"frame"}
{"Time":"2026-10-06T17:40:02.643824176-03:00","Action":"pass","Package":"github.com/viralabs-dev/mudarro/test/internal/mudarro","Test":"TestBunSupportExplicitPackageManagerOverridesLockConflict","Elapsed":0}
{"Time":"2026-10-06T17:40:02.64383799-03:00","Action":"run","Package":"github.com/viralabs-dev/mudarro/test/internal/mudarro","Test":"TestBunSupportInitSelectedScriptAndGenerateIdempotent"}
{"Time":"2026-10-06T17:40:02.643839415-03:00","Action":"output","Package":"github.com/viralabs-dev/mudarro/test/internal/mudarro","Test":"TestBunSupportInitSelectedScriptAndGenerateIdempotent","Output":"=== RUN   TestBunSupportInitSelectedScriptAndGenerateIdempotent\n","OutputType":"frame"}
{"Time":"2026-10-06T17:40:02.652661544-03:00","Action":"output","Package":"github.com/viralabs-dev/mudarro/test/internal/mudarro","Test":"TestBunSupportInitSelectedScriptAndGenerateIdempotent","Output":"--- PASS: TestBunSupportInitSelectedScriptAndGenerateIdempotent (0.01s)\n","OutputType":"frame"}
{"Time":"2026-10-06T17:40:02.652672559-03:00","Action":"pass","Package":"github.com/viralabs-dev/mudarro/test/internal/mudarro","Test":"TestBunSupportInitSelectedScriptAndGenerateIdempotent","Elapsed":0.01}
{"Time":"2026-10-06T17:40:02.652676621-03:00","Action":"run","Package":"github.com/viralabs-dev/mudarro/test/internal/mudarro","Test":"TestComposerScriptsOptInAndExactArgv"}
{"Time":"2026-10-06T17:40:02.652678439-03:00","Action":"output","Package":"github.com/viralabs-dev/mudarro/test/internal/mudarro","Test":"TestComposerScriptsOptInAndExactArgv","Output":"=== RUN   TestComposerScriptsOptInAndExactArgv\n","OutputType":"frame"}
{"Time":"2026-10-06T17:40:02.65345001-03:00","Action":"output","Package":"github.com/viralabs-dev/mudarro/test/internal/mudarro","Test":"TestComposerScriptsOptInAndExactArgv","Output":"--- PASS: TestComposerScriptsOptInAndExactArgv (0.00s)\n","OutputType":"frame"}
{"Time":"2026-10-06T17:40:02.65346064-03:00","Action":"pass","Package":"github.com/viralabs-dev/mudarro/test/internal/mudarro","Test":"TestComposerScriptsOptInAndExactArgv","Elapsed":0}
{"Time":"2026-10-06T17:40:02.65346288-03:00","Action":"run","Package":"github.com/viralabs-dev/mudarro/test/internal/mudarro","Test":"TestComposerMalformedAndAmbiguousScripts"}
{"Time":"2026-10-06T17:40:02.653464467-03:00","Action":"output","Package":"github.com/viralabs-dev/mudarro/test/internal/mudarro","Test":"TestComposerMalformedAndAmbiguousScripts","Output":"=== RUN   TestComposerMalformedAndAmbiguousScripts\n","OutputType":"frame"}
{"Time":"2026-10-06T17:40:02.653482955-03:00","Action":"run","Package":"github.com/viralabs-dev/mudarro/test/internal/mudarro","Test":"TestComposerMalformedAndAmbiguousScripts/[]"}
{"Time":"2026-10-06T17:40:02.653484727-03:00","Action":"output","Package":"github.com/viralabs-dev/mudarro/test/internal/mudarro","Test":"TestComposerMalformedAndAmbiguousScripts/[]","Output":"=== RUN   TestComposerMalformedAndAmbiguousScripts/[]\n","OutputType":"frame"}
{"Time":"2026-10-06T17:40:02.653755061-03:00","Action":"output","Package":"github.com/viralabs-dev/mudarro/test/internal/mudarro","Test":"TestComposerMalformedAndAmbiguousScripts/[]","Output":"--- PASS: TestComposerMalformedAndAmbiguousScripts/[] (0.00s)\n","OutputType":"frame"}
{"Time":"2026-10-06T17:40:02.653765909-03:00","Action":"pass","Package":"github.com/viralabs-dev/mudarro/test/internal/mudarro","Test":"TestComposerMalformedAndAmbiguousScripts/[]","Elapsed":0}
{"Time":"2026-10-06T17:40:02.653779817-03:00","Action":"run","Package":"github.com/viralabs-dev/mudarro/test/internal/mudarro","Test":"TestComposerMalformedAndAmbiguousScripts/null"}
{"Time":"2026-10-06T17:40:02.653781648-03:00","Action":"output","Package":"github.com/viralabs-dev/mudarro/test/internal/mudarro","Test":"TestComposerMalformedAndAmbiguousScripts/null","Output":"=== RUN   TestComposerMalformedAndAmbiguousScripts/null\n","OutputType":"frame"}
{"Time":"2026-10-06T17:40:02.654085821-03:00","Action":"output","Package":"github.com/viralabs-dev/mudarro/test/internal/mudarro","Test":"TestComposerMalformedAndAmbiguousScripts/null","Output":"--- PASS: TestComposerMalformedAndAmbiguousScripts/null (0.00s)\n","OutputType":"frame"}
{"Time":"2026-10-06T17:40:02.654103406-03:00","Action":"pass","Package":"github.com/viralabs-dev/mudarro/test/internal/mudarro","Test":"TestComposerMalformedAndAmbiguousScripts/null","Elapsed":0}
{"Time":"2026-10-06T17:40:02.654119662-03:00","Action":"run","Package":"github.com/viralabs-dev/mudarro/test/internal/mudarro","Test":"TestComposerMalformedAndAmbiguousScripts/{\"scripts\":[]}"}
{"Time":"2026-10-06T17:40:02.654134307-03:00","Action":"output","Package":"github.com/viralabs-dev/mudarro/test/internal/mudarro","Test":"TestComposerMalformedAndAmbiguousScripts/{\"scripts\":[]}","Output":"=== RUN   TestComposerMalformedAndAmbiguousScripts/{\"scripts\":[]}\n","OutputType":"frame"}
{"Time":"2026-10-06T17:40:02.654402958-03:00","Action":"output","Package":"github.com/viralabs-dev/mudarro/test/internal/mudarro","Test":"TestComposerMalformedAndAmbiguousScripts/{\"scripts\":[]}","Output":"--- PASS: TestComposerMalformedAndAmbiguousScripts/{\"scripts\":[]} (0.00s)\n","OutputType":"frame"}
{"Time":"2026-10-06T17:40:02.654414841-03:00","Action":"pass","Package":"github.com/viralabs-dev/mudarro/test/internal/mudarro","Test":"TestComposerMalformedAndAmbiguousScripts/{\"scripts\":[]}","Elapsed":0}
{"Time":"2026-10-06T17:40:02.654427784-03:00","Action":"run","Package":"github.com/viralabs-dev/mudarro/test/internal/mudarro","Test":"TestComposerMalformedAndAmbiguousScripts/{\"scripts\":null}"}
{"Time":"2026-10-06T17:40:02.654429692-03:00","Action":"output","Package":"github.com/viralabs-dev/mudarro/test/internal/mudarro","Test":"TestComposerMalformedAndAmbiguousScripts/{\"scripts\":null}","Output":"=== RUN   TestComposerMalformedAndAmbiguousScripts/{\"scripts\":null}\n","OutputType":"frame"}
{"Time":"2026-10-06T17:40:02.654681607-03:00","Action":"output","Package":"github.com/viralabs-dev/mudarro/test/internal/mudarro","Test":"TestComposerMalformedAndAmbiguousScripts/{\"scripts\":null}","Output":"--- PASS: TestComposerMalformedAndAmbiguousScripts/{\"scripts\":null} (0.00s)\n","OutputType":"frame"}
{"Time":"2026-10-06T17:40:02.654690792-03:00","Action":"pass","Package":"github.com/viralabs-dev/mudarro/test/internal/mudarro","Test":"TestComposerMalformedAndAmbiguousScripts/{\"scripts\":null}","Elapsed":0}
{"Time":"2026-10-06T17:40:02.654704914-03:00","Action":"run","Package":"github.com/viralabs-dev/mudarro/test/internal/mudarro","Test":"TestComposerMalformedAndAmbiguousScripts/{\"scripts\":\"wrong\"}"}
{"Time":"2026-10-06T17:40:02.65470746-03:00","Action":"output","Package":"github.com/viralabs-dev/mudarro/test/internal/mudarro","Test":"TestComposerMalformedAndAmbiguousScripts/{\"scripts\":\"wrong\"}","Output":"=== RUN   TestComposerMalformedAndAmbiguousScripts/{\"scripts\":\"wrong\"}\n","OutputType":"frame"}
{"Time":"2026-10-06T17:40:02.654965571-03:00","Action":"output","Package":"github.com/viralabs-dev/mudarro/test/internal/mudarro","Test":"TestComposerMalformedAndAmbiguousScripts/{\"scripts\":\"wrong\"}","Output":"--- PASS: TestComposerMalformedAndAmbiguousScripts/{\"scripts\":\"wrong\"} (0.00s)\n","OutputType":"frame"}
{"Time":"2026-10-06T17:40:02.654974793-03:00","Action":"pass","Package":"github.com/viralabs-dev/mudarro/test/internal/mudarro","Test":"TestComposerMalformedAndAmbiguousScripts/{\"scripts\":\"wrong\"}","Elapsed":0}
{"Time":"2026-10-06T17:40:02.654993233-03:00","Action":"run","Package":"github.com/viralabs-dev/mudarro/test/internal/mudarro","Test":"TestComposerMalformedAndAmbiguousScripts/{"}
{"Time":"2026-10-06T17:40:02.655001008-03:00","Action":"output","Package":"github.com/viralabs-dev/mudarro/test/internal/mudarro","Test":"TestComposerMalformedAndAmbiguousScripts/{","Output":"=== RUN   TestComposerMalformedAndAmbiguousScripts/{\n","OutputType":"frame"}
{"Time":"2026-10-06T17:40:02.655216013-03:00","Action":"output","Package":"github.com/viralabs-dev/mudarro/test/internal/mudarro","Test":"TestComposerMalformedAndAmbiguousScripts/{","Output":"--- PASS: TestComposerMalformedAndAmbiguousScripts/{ (0.00s)\n","OutputType":"frame"}
{"Time":"2026-10-06T17:40:02.65522536-03:00","Action":"pass","Package":"github.com/viralabs-dev/mudarro/test/internal/mudarro","Test":"TestComposerMalformedAndAmbiguousScripts/{","Elapsed":0}
{"Time":"2026-10-06T17:40:02.655774353-03:00","Action":"output","Package":"github.com/viralabs-dev/mudarro/test/internal/mudarro","Test":"TestComposerMalformedAndAmbiguousScripts","Output":"--- PASS: TestComposerMalformedAndAmbiguousScripts (0.00s)\n","OutputType":"frame"}
{"Time":"2026-10-06T17:40:02.655788091-03:00","Action":"pass","Package":"github.com/viralabs-dev/mudarro/test/internal/mudarro","Test":"TestComposerMalformedAndAmbiguousScripts","Elapsed":0}
{"Time":"2026-10-06T17:40:02.655789593-03:00","Action":"run","Package":"github.com/viralabs-dev/mudarro/test/internal/mudarro","Test":"TestComposerEvidenceBoundaries"}
{"Time":"2026-10-06T17:40:02.655791072-03:00","Action":"output","Package":"github.com/viralabs-dev/mudarro/test/internal/mudarro","Test":"TestComposerEvidenceBoundaries","Output":"=== RUN   TestComposerEvidenceBoundaries\n","OutputType":"frame"}
{"Time":"2026-10-06T17:40:02.655793447-03:00","Action":"run","Package":"github.com/viralabs-dev/mudarro/test/internal/mudarro","Test":"TestComposerEvidenceBoundaries/oversized"}
{"Time":"2026-10-06T17:40:02.655794768-03:00","Action":"output","Package":"github.com/viralabs-dev/mudarro/test/internal/mudarro","Test":"TestComposerEvidenceBoundaries/oversized","Output":"=== RUN   TestComposerEvidenceBoundaries/oversized\n","OutputType":"frame"}
{"Time":"2026-10-06T17:40:02.674618761-03:00","Action":"output","Package":"github.com/viralabs-dev/mudarro/test/internal/mudarro","Test":"TestComposerEvidenceBoundaries/oversized","Output":"--- PASS: TestComposerEvidenceBoundaries/oversized (0.02s)\n","OutputType":"frame"}
{"Time":"2026-10-06T17:40:02.67462849-03:00","Action":"pass","Package":"github.com/viralabs-dev/mudarro/test/internal/mudarro","Test":"TestComposerEvidenceBoundaries/oversized","Elapsed":0.02}
{"Time":"2026-10-06T17:40:02.674651811-03:00","Action":"run","Package":"github.com/viralabs-dev/mudarro/test/internal/mudarro","Test":"TestComposerEvidenceBoundaries/symlink"}
{"Time":"2026-10-06T17:40:02.674653828-03:00","Action":"output","Package":"github.com/viralabs-dev/mudarro/test/internal/mudarro","Test":"TestComposerEvidenceBoundaries/symlink","Output":"=== RUN   TestComposerEvidenceBoundaries/symlink\n","OutputType":"frame"}
{"Time":"2026-10-06T17:40:02.67494497-03:00","Action":"output","Package":"github.com/viralabs-dev/mudarro/test/internal/mudarro","Test":"TestComposerEvidenceBoundaries/symlink","Output":"--- PASS: TestComposerEvidenceBoundaries/symlink (0.00s)\n","OutputType":"frame"}
{"Time":"2026-10-06T17:40:02.674957029-03:00","Action":"pass","Package":"github.com/viralabs-dev/mudarro/test/internal/mudarro","Test":"TestComposerEvidenceBoundaries/symlink","Elapsed":0}
{"Time":"2026-10-06T17:40:02.675074519-03:00","Action":"output","Package":"github.com/viralabs-dev/mudarro/test/internal/mudarro","Test":"TestComposerEvidenceBoundaries","Output":"--- PASS: TestComposerEvidenceBoundaries (0.02s)\n","OutputType":"frame"}
{"Time":"2026-10-06T17:40:02.675083312-03:00","Action":"pass","Package":"github.com/viralabs-dev/mudarro/test/internal/mudarro","Test":"TestComposerEvidenceBoundaries","Elapsed":0.02}
{"Time":"2026-10-06T17:40:02.675096548-03:00","Action":"run","Package":"github.com/viralabs-dev/mudarro/test/internal/mudarro","Test":"TestComposerScanSelectionPreservesConfiguration"}
{"Time":"2026-10-06T17:40:02.675098549-03:00","Action":"output","Package":"github.com/viralabs-dev/mudarro/test/internal/mudarro","Test":"TestComposerScanSelectionPreservesConfiguration","Output":"=== RUN   TestComposerScanSelectionPreservesConfiguration\n","OutputType":"frame"}
{"Time":"2026-10-06T17:40:02.731287243-03:00","Action":"output","Package":"github.com/viralabs-dev/mudarro/test/internal/mudarro","Test":"TestComposerScanSelectionPreservesConfiguration","Output":"--- PASS: TestComposerScanSelectionPreservesConfiguration (0.06s)\n","OutputType":"frame"}
{"Time":"2026-10-06T17:40:02.731312037-03:00","Action":"pass","Package":"github.com/viralabs-dev/mudarro/test/internal/mudarro","Test":"TestComposerScanSelectionPreservesConfiguration","Elapsed":0.06}
{"Time":"2026-10-06T17:40:02.731316566-03:00","Action":"run","Package":"github.com/viralabs-dev/mudarro/test/internal/mudarro","Test":"TestComposerDuplicateAndInvalidEncodingRejected"}
{"Time":"2026-10-06T17:40:02.731318474-03:00","Action":"output","Package":"github.com/viralabs-dev/mudarro/test/internal/mudarro","Test":"TestComposerDuplicateAndInvalidEncodingRejected","Output":"=== RUN   TestComposerDuplicateAndInvalidEncodingRejected\n","OutputType":"frame"}
{"Time":"2026-10-06T17:40:02.731765765-03:00","Action":"output","Package":"github.com/viralabs-dev/mudarro/test/internal/mudarro","Test":"TestComposerDuplicateAndInvalidEncodingRejected","Output":"--- PASS: TestComposerDuplicateAndInvalidEncodingRejected (0.00s)\n","OutputType":"frame"}
{"Time":"2026-10-06T17:40:02.731782016-03:00","Action":"pass","Package":"github.com/viralabs-dev/mudarro/test/internal/mudarro","Test":"TestComposerDuplicateAndInvalidEncodingRejected","Elapsed":0}
{"Time":"2026-10-06T17:40:02.731783759-03:00","Action":"run","Package":"github.com/viralabs-dev/mudarro/test/internal/mudarro","Test":"TestConfigFormatsLegacyDefaultsWithoutWrites"}
{"Time":"2026-10-06T17:40:02.731785347-03:00","Action":"output","Package":"github.com/viralabs-dev/mudarro/test/internal/mudarro","Test":"TestConfigFormatsLegacyDefaultsWithoutWrites","Output":"=== RUN   TestConfigFormatsLegacyDefaultsWithoutWrites\n","OutputType":"frame"}
{"Time":"2026-10-06T17:40:02.731787571-03:00","Action":"run","Package":"github.com/viralabs-dev/mudarro/test/internal/mudarro","Test":"TestConfigFormatsLegacyDefaultsWithoutWrites/yaml"}
{"Time":"2026-10-06T17:40:02.731789466-03:00","Action":"output","Package":"github.com/viralabs-dev/mudarro/test/internal/mudarro","Test":"TestConfigFormatsLegacyDefaultsWithoutWrites/yaml","Output":"=== RUN   TestConfigFormatsLegacyDefaultsWithoutWrites/yaml\n","OutputType":"frame"}
{"Time":"2026-10-06T17:40:02.733127265-03:00","Action":"output","Package":"github.com/viralabs-dev/mudarro/test/internal/mudarro","Test":"TestConfigFormatsLegacyDefaultsWithoutWrites/yaml","Output":"--- PASS: TestConfigFormatsLegacyDefaultsWithoutWrites/yaml (0.00s)\n","OutputType":"frame"}
{"Time":"2026-10-06T17:40:02.73314363-03:00","Action":"pass","Package":"github.com/viralabs-dev/mudarro/test/internal/mudarro","Test":"TestConfigFormatsLegacyDefaultsWithoutWrites/yaml","Elapsed":0}
{"Time":"2026-10-06T17:40:02.73314562-03:00","Action":"run","Package":"github.com/viralabs-dev/mudarro/test/internal/mudarro","Test":"TestConfigFormatsLegacyDefaultsWithoutWrites/json"}
{"Time":"2026-10-06T17:40:02.733147144-03:00","Action":"output","Package":"github.com/viralabs-dev/mudarro/test/internal/mudarro","Test":"TestConfigFormatsLegacyDefaultsWithoutWrites/json","Output":"=== RUN   TestConfigFormatsLegacyDefaultsWithoutWrites/json\n","OutputType":"frame"}
{"Time":"2026-10-06T17:40:02.733915433-03:00","Action":"output","Package":"github.com/viralabs-dev/mudarro/test/internal/mudarro","Test":"TestConfigFormatsLegacyDefaultsWithoutWrites/json","Output":"--- PASS: TestConfigFormatsLegacyDefaultsWithoutWrites/json (0.00s)\n","OutputType":"frame"}
{"Time":"2026-10-06T17:40:02.733935855-03:00","Action":"pass","Package":"github.com/viralabs-dev/mudarro/test/internal/mudarro","Test":"TestConfigFormatsLegacyDefaultsWithoutWrites/json","Elapsed":0}
{"Time":"2026-10-06T17:40:02.733949499-03:00","Action":"output","Package":"github.com/viralabs-dev/mudarro/test/internal/mudarro","Test":"TestConfigFormatsLegacyDefaultsWithoutWrites","Output":"--- PASS: TestConfigFormatsLegacyDefaultsWithoutWrites (0.00s)\n","OutputType":"frame"}
{"Time":"2026-10-06T17:40:02.733952988-03:00","Action":"pass","Package":"github.com/viralabs-dev/mudarro/test/internal/mudarro","Test":"TestConfigFormatsLegacyDefaultsWithoutWrites","Elapsed":0}
{"Time":"2026-10-06T17:40:02.733954945-03:00","Action":"run","Package":"github.com/viralabs-dev/mudarro/test/internal/mudarro","Test":"TestConfigUIExplicitAndPartialDefaults"}
{"Time":"2026-10-06T17:40:02.733956328-03:00","Action":"output","Package":"github.com/viralabs-dev/mudarro/test/internal/mudarro","Test":"TestConfigUIExplicitAndPartialDefaults","Output":"=== RUN   TestConfigUIExplicitAndPartialDefaults\n","OutputType":"frame"}
{"Time":"2026-10-06T17:40:02.733965057-03:00","Action":"run","Package":"github.com/viralabs-dev/mudarro/test/internal/mudarro","Test":"TestConfigUIExplicitAndPartialDefaults/yaml"}
{"Time":"2026-10-06T17:40:02.733966463-03:00","Action":"output","Package":"github.com/viralabs-dev/mudarro/test/internal/mudarro","Test":"TestConfigUIExplicitAndPartialDefaults/yaml","Output":"=== RUN   TestConfigUIExplicitAndPartialDefaults/yaml\n","OutputType":"frame"}
{"Time":"2026-10-06T17:40:02.734998628-03:00","Action":"output","Package":"github.com/viralabs-dev/mudarro/test/internal/mudarro","Test":"TestConfigUIExplicitAndPartialDefaults/yaml","Output":"--- PASS: TestConfigUIExplicitAndPartialDefaults/yaml (0.00s)\n","OutputType":"frame"}
{"Time":"2026-10-06T17:40:02.735012509-03:00","Action":"pass","Package":"github.com/viralabs-dev/mudarro/test/internal/mudarro","Test":"TestConfigUIExplicitAndPartialDefaults/yaml","Elapsed":0}
{"Time":"2026-10-06T17:40:02.735014557-03:00","Action":"run","Package":"github.com/viralabs-dev/mudarro/test/internal/mudarro","Test":"TestConfigUIExplicitAndPartialDefaults/json"}
{"Time":"2026-10-06T17:40:02.735016002-03:00","Action":"output","Package":"github.com/viralabs-dev/mudarro/test/internal/mudarro","Test":"TestConfigUIExplicitAndPartialDefaults/json","Output":"=== RUN   TestConfigUIExplicitAndPartialDefaults/json\n","OutputType":"frame"}
{"Time":"2026-10-06T17:40:02.735662202-03:00","Action":"output","Package":"github.com/viralabs-dev/mudarro/test/internal/mudarro","Test":"TestConfigUIExplicitAndPartialDefaults/json","Output":"--- PASS: TestConfigUIExplicitAndPartialDefaults/json (0.00s)\n","OutputType":"frame"}
{"Time":"2026-10-06T17:40:02.735674714-03:00","Action":"pass","Package":"github.com/viralabs-dev/mudarro/test/internal/mudarro","Test":"TestConfigUIExplicitAndPartialDefaults/json","Elapsed":0}
{"Time":"2026-10-06T17:40:02.735813684-03:00","Action":"output","Package":"github.com/viralabs-dev/mudarro/test/internal/mudarro","Test":"TestConfigUIExplicitAndPartialDefaults","Output":"--- PASS: TestConfigUIExplicitAndPartialDefaults (0.00s)\n","OutputType":"frame"}
{"Time":"2026-10-06T17:40:02.735822706-03:00","Action":"pass","Package":"github.com/viralabs-dev/mudarro/test/internal/mudarro","Test":"TestConfigUIExplicitAndPartialDefaults","Elapsed":0}
{"Time":"2026-10-06T17:40:02.735833008-03:00","Action":"run","Package":"github.com/viralabs-dev/mudarro/test/internal/mudarro","Test":"TestConfigUIInvalidEnums"}
{"Time":"2026-10-06T17:40:02.735834828-03:00","Action":"output","Package":"github.com/viralabs-dev/mudarro/test/internal/mudarro","Test":"TestConfigUIInvalidEnums","Output":"=== RUN   TestConfigUIInvalidEnums\n","OutputType":"frame"}
{"Time":"2026-10-06T17:40:02.735850128-03:00","Action":"run","Package":"github.com/viralabs-dev/mudarro/test/internal/mudarro","Test":"TestConfigUIInvalidEnums/locale"}
{"Time":"2026-10-06T17:40:02.735851922-03:00","Action":"output","Package":"github.com/viralabs-dev/mudarro/test/internal/mudarro","Test":"TestConfigUIInvalidEnums/locale","Output":"=== RUN   TestConfigUIInvalidEnums/locale\n","OutputType":"frame"}
{"Time":"2026-10-06T17:40:02.736361964-03:00","Action":"output","Package":"github.com/viralabs-dev/mudarro/test/internal/mudarro","Test":"TestConfigUIInvalidEnums/locale","Output":"--- PASS: TestConfigUIInvalidEnums/locale (0.00s)\n","OutputType":"frame"}
{"Time":"2026-10-06T17:40:02.736369235-03:00","Action":"pass","Package":"github.com/viralabs-dev/mudarro/test/internal/mudarro","Test":"TestConfigUIInvalidEnums/locale","Elapsed":0}
{"Time":"2026-10-06T17:40:02.736381237-03:00","Action":"run","Package":"github.com/viralabs-dev/mudarro/test/internal/mudarro","Test":"TestConfigUIInvalidEnums/theme"}
{"Time":"2026-10-06T17:40:02.736383867-03:00","Action":"output","Package":"github.com/viralabs-dev/mudarro/test/internal/mudarro","Test":"TestConfigUIInvalidEnums/theme","Output":"=== RUN   TestConfigUIInvalidEnums/theme\n","OutputType":"frame"}
{"Time":"2026-10-06T17:40:02.736900169-03:00","Action":"output","Package":"github.com/viralabs-dev/mudarro/test/internal/mudarro","Test":"TestConfigUIInvalidEnums/theme","Output":"--- PASS: TestConfigUIInvalidEnums/theme (0.00s)\n","OutputType":"frame"}
{"Time":"2026-10-06T17:40:02.736913002-03:00","Action":"pass","Package":"github.com/viralabs-dev/mudarro/test/internal/mudarro","Test":"TestConfigUIInvalidEnums/theme","Elapsed":0}
{"Time":"2026-10-06T17:40:02.736928817-03:00","Action":"run","Package":"github.com/viralabs-dev/mudarro/test/internal/mudarro","Test":"TestConfigUIInvalidEnums/density"}
{"Time":"2026-10-06T17:40:02.736930253-03:00","Action":"output","Package":"github.com/viralabs-dev/mudarro/test/internal/mudarro","Test":"TestConfigUIInvalidEnums/density","Output":"=== RUN   TestConfigUIInvalidEnums/density\n","OutputType":"frame"}
{"Time":"2026-10-06T17:40:02.737540678-03:00","Action":"output","Package":"github.com/viralabs-dev/mudarro/test/internal/mudarro","Test":"TestConfigUIInvalidEnums/density","Output":"--- PASS: TestConfigUIInvalidEnums/density (0.00s)\n","OutputType":"frame"}
{"Time":"2026-10-06T17:40:02.737555126-03:00","Action":"pass","Package":"github.com/viralabs-dev/mudarro/test/internal/mudarro","Test":"TestConfigUIInvalidEnums/density","Elapsed":0}
{"Time":"2026-10-06T17:40:02.737557643-03:00","Action":"run","Package":"github.com/viralabs-dev/mudarro/test/internal/mudarro","Test":"TestConfigUIInvalidEnums/lettering"}
{"Time":"2026-10-06T17:40:02.737559322-03:00","Action":"output","Package":"github.com/viralabs-dev/mudarro/test/internal/mudarro","Test":"TestConfigUIInvalidEnums/lettering","Output":"=== RUN   TestConfigUIInvalidEnums/lettering\n","OutputType":"frame"}
{"Time":"2026-10-06T17:40:02.73810182-03:00","Action":"output","Package":"github.com/viralabs-dev/mudarro/test/internal/mudarro","Test":"TestConfigUIInvalidEnums/lettering","Output":"--- PASS: TestConfigUIInvalidEnums/lettering (0.00s)\n","OutputType":"frame"}
{"Time":"2026-10-06T17:40:02.738115772-03:00","Action":"pass","Package":"github.com/viralabs-dev/mudarro/test/internal/mudarro","Test":"TestConfigUIInvalidEnums/lettering","Elapsed":0}
{"Time":"2026-10-06T17:40:02.738118765-03:00","Action":"run","Package":"github.com/viralabs-dev/mudarro/test/internal/mudarro","Test":"TestConfigUIInvalidEnums/mouse"}
{"Time":"2026-10-06T17:40:02.738120249-03:00","Action":"output","Package":"github.com/viralabs-dev/mudarro/test/internal/mudarro","Test":"TestConfigUIInvalidEnums/mouse","Output":"=== RUN   TestConfigUIInvalidEnums/mouse\n","OutputType":"frame"}
{"Time":"2026-10-06T17:40:02.73876464-03:00","Action":"output","Package":"github.com/viralabs-dev/mudarro/test/internal/mudarro","Test":"TestConfigUIInvalidEnums/mouse","Output":"--- PASS: TestConfigUIInvalidEnums/mouse (0.00s)\n","OutputType":"frame"}
{"Time":"2026-10-06T17:40:02.73877521-03:00","Action":"pass","Package":"github.com/viralabs-dev/mudarro/test/internal/mudarro","Test":"TestConfigUIInvalidEnums/mouse","Elapsed":0}
{"Time":"2026-10-06T17:40:02.738797495-03:00","Action":"output","Package":"github.com/viralabs-dev/mudarro/test/internal/mudarro","Test":"TestConfigUIInvalidEnums","Output":"--- PASS: TestConfigUIInvalidEnums (0.00s)\n","OutputType":"frame"}
{"Time":"2026-10-06T17:40:02.738806321-03:00","Action":"pass","Package":"github.com/viralabs-dev/mudarro/test/internal/mudarro","Test":"TestConfigUIInvalidEnums","Elapsed":0}
{"Time":"2026-10-06T17:40:02.738817819-03:00","Action":"run","Package":"github.com/viralabs-dev/mudarro/test/internal/mudarro","Test":"TestConfigStrictDocumentsAndKeys"}
{"Time":"2026-10-06T17:40:02.738819626-03:00","Action":"output","Package":"github.com/viralabs-dev/mudarro/test/internal/mudarro","Test":"TestConfigStrictDocumentsAndKeys","Output":"=== RUN   TestConfigStrictDocumentsAndKeys\n","OutputType":"frame"}
{"Time":"2026-10-06T17:40:02.738838569-03:00","Action":"run","Package":"github.com/viralabs-dev/mudarro/test/internal/mudarro","Test":"TestConfigStrictDocumentsAndKeys/json-unknown"}
{"Time":"2026-10-06T17:40:02.73884036-03:00","Action":"output","Package":"github.com/viralabs-dev/mudarro/test/internal/mudarro","Test":"TestConfigStrictDocumentsAndKeys/json-unknown","Output":"=== RUN   TestConfigStrictDocumentsAndKeys/json-unknown\n","OutputType":"frame"}
{"Time":"2026-10-06T17:40:02.739117447-03:00","Action":"output","Package":"github.com/viralabs-dev/mudarro/test/internal/mudarro","Test":"TestConfigStrictDocumentsAndKeys/json-unknown","Output":"--- PASS: TestConfigStrictDocumentsAndKeys/json-unknown (0.00s)\n","OutputType":"frame"}
{"Time":"2026-10-06T17:40:02.739126639-03:00","Action":"pass","Package":"github.com/viralabs-dev/mudarro/test/internal/mudarro","Test":"TestConfigStrictDocumentsAndKeys/json-unknown","Elapsed":0}
{"Time":"2026-10-06T17:40:02.739138013-03:00","Action":"run","Package":"github.com/viralabs-dev/mudarro/test/internal/mudarro","Test":"TestConfigStrictDocumentsAndKeys/json-ui-unknown"}
{"Time":"2026-10-06T17:40:02.739139874-03:00","Action":"output","Package":"github.com/viralabs-dev/mudarro/test/internal/mudarro","Test":"TestConfigStrictDocumentsAndKeys/json-ui-unknown","Output":"=== RUN   TestConfigStrictDocumentsAndKeys/json-ui-unknown\n","OutputType":"frame"}
{"Time":"2026-10-06T17:40:02.739474021-03:00","Action":"output","Package":"github.com/viralabs-dev/mudarro/test/internal/mudarro","Test":"TestConfigStrictDocumentsAndKeys/json-ui-unknown","Output":"--- PASS: TestConfigStrictDocumentsAndKeys/json-ui-unknown (0.00s)\n","OutputType":"frame"}
{"Time":"2026-10-06T17:40:02.739504311-03:00","Action":"pass","Package":"github.com/viralabs-dev/mudarro/test/internal/mudarro","Test":"TestConfigStrictDocumentsAndKeys/json-ui-unknown","Elapsed":0}
{"Time":"2026-10-06T17:40:02.73950634-03:00","Action":"run","Package":"github.com/viralabs-dev/mudarro/test/internal/mudarro","Test":"TestConfigStrictDocumentsAndKeys/json-duplicate"}
{"Time":"2026-10-06T17:40:02.739507685-03:00","Action":"output","Package":"github.com/viralabs-dev/mudarro/test/internal/mudarro","Test":"TestConfigStrictDocumentsAndKeys/json-duplicate","Output":"=== RUN   TestConfigStrictDocumentsAndKeys/json-duplicate\n","OutputType":"frame"}
{"Time":"2026-10-06T17:40:02.739712605-03:00","Action":"output","Package":"github.com/viralabs-dev/mudarro/test/internal/mudarro","Test":"TestConfigStrictDocumentsAndKeys/json-duplicate","Output":"--- PASS: TestConfigStrictDocumentsAndKeys/json-duplicate (0.00s)\n","OutputType":"frame"}
{"Time":"2026-10-06T17:40:02.739722256-03:00","Action":"pass","Package":"github.com/viralabs-dev/mudarro/test/internal/mudarro","Test":"TestConfigStrictDocumentsAndKeys/json-duplicate","Elapsed":0}
{"Time":"2026-10-06T17:40:02.739733227-03:00","Action":"run","Package":"github.com/viralabs-dev/mudarro/test/internal/mudarro","Test":"TestConfigStrictDocumentsAndKeys/json-nested-duplicate"}
{"Time":"2026-10-06T17:40:02.739735273-03:00","Action":"output","Package":"github.com/viralabs-dev/mudarro/test/internal/mudarro","Test":"TestConfigStrictDocumentsAndKeys/json-nested-duplicate","Output":"=== RUN   TestConfigStrictDocumentsAndKeys/json-nested-duplicate\n","OutputType":"frame"}
{"Time":"2026-10-06T17:40:02.739979635-03:00","Action":"output","Package":"github.com/viralabs-dev/mudarro/test/internal/mudarro","Test":"TestConfigStrictDocumentsAndKeys/json-nested-duplicate","Output":"--- PASS: TestConfigStrictDocumentsAndKeys/json-nested-duplicate (0.00s)\n","OutputType":"frame"}
{"Time":"2026-10-06T17:40:02.73998887-03:00","Action":"pass","Package":"github.com/viralabs-dev/mudarro/test/internal/mudarro","Test":"TestConfigStrictDocumentsAndKeys/json-nested-duplicate","Elapsed":0}
{"Time":"2026-10-06T17:40:02.739999166-03:00","Action":"run","Package":"github.com/viralabs-dev/mudarro/test/internal/mudarro","Test":"TestConfigStrictDocumentsAndKeys/json-multiple"}
{"Time":"2026-10-06T17:40:02.740000912-03:00","Action":"output","Package":"github.com/viralabs-dev/mudarro/test/internal/mudarro","Test":"TestConfigStrictDocumentsAndKeys/json-multiple","Output":"=== RUN   TestConfigStrictDocumentsAndKeys/json-multiple\n","OutputType":"frame"}
{"Time":"2026-10-06T17:40:02.740202687-03:00","Action":"output","Package":"github.com/viralabs-dev/mudarro/test/internal/mudarro","Test":"TestConfigStrictDocumentsAndKeys/json-multiple","Output":"--- PASS: TestConfigStrictDocumentsAndKeys/json-multiple (0.00s)\n","OutputType":"frame"}
{"Time":"2026-10-06T17:40:02.740212142-03:00","Action":"pass","Package":"github.com/viralabs-dev/mudarro/test/internal/mudarro","Test":"TestConfigStrictDocumentsAndKeys/json-multiple","Elapsed":0}
{"Time":"2026-10-06T17:40:02.740224966-03:00","Action":"run","Package":"github.com/viralabs-dev/mudarro/test/internal/mudarro","Test":"TestConfigStrictDocumentsAndKeys/json-trailing"}
{"Time":"2026-10-06T17:40:02.740226614-03:00","Action":"output","Package":"github.com/viralabs-dev/mudarro/test/internal/mudarro","Test":"TestConfigStrictDocumentsAndKeys/json-trailing","Output":"=== RUN   TestConfigStrictDocumentsAndKeys/json-trailing\n","OutputType":"frame"}
{"Time":"2026-10-06T17:40:02.740466081-03:00","Action":"output","Package":"github.com/viralabs-dev/mudarro/test/internal/mudarro","Test":"TestConfigStrictDocumentsAndKeys/json-trailing","Output":"--- PASS: TestConfigStrictDocumentsAndKeys/json-trailing (0.00s)\n","OutputType":"frame"}
{"Time":"2026-10-06T17:40:02.740477315-03:00","Action":"pass","Package":"github.com/viralabs-dev/mudarro/test/internal/mudarro","Test":"TestConfigStrictDocumentsAndKeys/json-trailing","Elapsed":0}
{"Time":"2026-10-06T17:40:02.740491019-03:00","Action":"run","Package":"github.com/viralabs-dev/mudarro/test/internal/mudarro","Test":"TestConfigStrictDocumentsAndKeys/json-comment"}
{"Time":"2026-10-06T17:40:02.740492731-03:00","Action":"output","Package":"github.com/viralabs-dev/mudarro/test/internal/mudarro","Test":"TestConfigStrictDocumentsAndKeys/json-comment","Output":"=== RUN   TestConfigStrictDocumentsAndKeys/json-comment\n","OutputType":"frame"}
{"Time":"2026-10-06T17:40:02.740713656-03:00","Action":"output","Package":"github.com/viralabs-dev/mudarro/test/internal/mudarro","Test":"TestConfigStrictDocumentsAndKeys/json-comment","Output":"--- PASS: TestConfigStrictDocumentsAndKeys/json-comment (0.00s)\n","OutputType":"frame"}
{"Time":"2026-10-06T17:40:02.740723241-03:00","Action":"pass","Package":"github.com/viralabs-dev/mudarro/test/internal/mudarro","Test":"TestConfigStrictDocumentsAndKeys/json-comment","Elapsed":0}
{"Time":"2026-10-06T17:40:02.740733985-03:00","Action":"run","Package":"github.com/viralabs-dev/mudarro/test/internal/mudarro","Test":"TestConfigStrictDocumentsAndKeys/yaml-unknown"}
{"Time":"2026-10-06T17:40:02.74073585-03:00","Action":"output","Package":"github.com/viralabs-dev/mudarro/test/internal/mudarro","Test":"TestConfigStrictDocumentsAndKeys/yaml-unknown","Output":"=== RUN   TestConfigStrictDocumentsAndKeys/yaml-unknown\n","OutputType":"frame"}
{"Time":"2026-10-06T17:40:02.741104358-03:00","Action":"output","Package":"github.com/viralabs-dev/mudarro/test/internal/mudarro","Test":"TestConfigStrictDocumentsAndKeys/yaml-unknown","Output":"--- PASS: TestConfigStrictDocumentsAndKeys/yaml-unknown (0.00s)\n","OutputType":"frame"}
{"Time":"2026-10-06T17:40:02.741123486-03:00","Action":"pass","Package":"github.com/viralabs-dev/mudarro/test/internal/mudarro","Test":"TestConfigStrictDocumentsAndKeys/yaml-unknown","Elapsed":0}
{"Time":"2026-10-06T17:40:02.741134556-03:00","Action":"run","Package":"github.com/viralabs-dev/mudarro/test/internal/mudarro","Test":"TestConfigStrictDocumentsAndKeys/yaml-duplicate"}
{"Time":"2026-10-06T17:40:02.741135894-03:00","Action":"output","Package":"github.com/viralabs-dev/mudarro/test/internal/mudarro","Test":"TestConfigStrictDocumentsAndKeys/yaml-duplicate","Output":"=== RUN   TestConfigStrictDocumentsAndKeys/yaml-duplicate\n","OutputType":"frame"}
{"Time":"2026-10-06T17:40:02.741434241-03:00","Action":"output","Package":"github.com/viralabs-dev/mudarro/test/internal/mudarro","Test":"TestConfigStrictDocumentsAndKeys/yaml-duplicate","Output":"--- PASS: TestConfigStrictDocumentsAndKeys/yaml-duplicate (0.00s)\n","OutputType":"frame"}
{"Time":"2026-10-06T17:40:02.741451181-03:00","Action":"pass","Package":"github.com/viralabs-dev/mudarro/test/internal/mudarro","Test":"TestConfigStrictDocumentsAndKeys/yaml-duplicate","Elapsed":0}
{"Time":"2026-10-06T17:40:02.741472501-03:00","Action":"run","Package":"github.com/viralabs-dev/mudarro/test/internal/mudarro","Test":"TestConfigStrictDocumentsAndKeys/yaml-multiple"}
{"Time":"2026-10-06T17:40:02.741500398-03:00","Action":"output","Package":"github.com/viralabs-dev/mudarro/test/internal/mudarro","Test":"TestConfigStrictDocumentsAndKeys/yaml-multiple","Output":"=== RUN   TestConfigStrictDocumentsAndKeys/yaml-multiple\n","OutputType":"frame"}
{"Time":"2026-10-06T17:40:02.741860986-03:00","Action":"output","Package":"github.com/viralabs-dev/mudarro/test/internal/mudarro","Test":"TestConfigStrictDocumentsAndKeys/yaml-multiple","Output":"--- PASS: TestConfigStrictDocumentsAndKeys/yaml-multiple (0.00s)\n","OutputType":"frame"}
{"Time":"2026-10-06T17:40:02.74187401-03:00","Action":"pass","Package":"github.com/viralabs-dev/mudarro/test/internal/mudarro","Test":"TestConfigStrictDocumentsAndKeys/yaml-multiple","Elapsed":0}
{"Time":"2026-10-06T17:40:02.741877635-03:00","Action":"run","Package":"github.com/viralabs-dev/mudarro/test/internal/mudarro","Test":"TestConfigStrictDocumentsAndKeys/yaml-trailing-empty"}
{"Time":"2026-10-06T17:40:02.741879742-03:00","Action":"output","Package":"github.com/viralabs-dev/mudarro/test/internal/mudarro","Test":"TestConfigStrictDocumentsAndKeys/yaml-trailing-empty","Output":"=== RUN   TestConfigStrictDocumentsAndKeys/yaml-trailing-empty\n","OutputType":"frame"}
{"Time":"2026-10-06T17:40:02.742105862-03:00","Action":"output","Package":"github.com/viralabs-dev/mudarro/test/internal/mudarro","Test":"TestConfigStrictDocumentsAndKeys/yaml-trailing-empty","Output":"--- PASS: TestConfigStrictDocumentsAndKeys/yaml-trailing-empty (0.00s)\n","OutputType":"frame"}
{"Time":"2026-10-06T17:40:02.742114384-03:00","Action":"pass","Package":"github.com/viralabs-dev/mudarro/test/internal/mudarro","Test":"TestConfigStrictDocumentsAndKeys/yaml-trailing-empty","Elapsed":0}
{"Time":"2026-10-06T17:40:02.742120353-03:00","Action":"run","Package":"github.com/viralabs-dev/mudarro/test/internal/mudarro","Test":"TestConfigStrictDocumentsAndKeys/json-wrong-boolean"}
{"Time":"2026-10-06T17:40:02.742122349-03:00","Action":"output","Package":"github.com/viralabs-dev/mudarro/test/internal/mudarro","Test":"TestConfigStrictDocumentsAndKeys/json-wrong-boolean","Output":"=== RUN   TestConfigStrictDocumentsAndKeys/json-wrong-boolean\n","OutputType":"frame"}
{"Time":"2026-10-06T17:40:02.742474838-03:00","Action":"output","Package":"github.com/viralabs-dev/mudarro/test/internal/mudarro","Test":"TestConfigStrictDocumentsAndKeys/json-wrong-boolean","Output":"--- PASS: TestConfigStrictDocumentsAndKeys/json-wrong-boolean (0.00s)\n","OutputType":"frame"}
{"Time":"2026-10-06T17:40:02.742491334-03:00","Action":"pass","Package":"github.com/viralabs-dev/mudarro/test/internal/mudarro","Test":"TestConfigStrictDocumentsAndKeys/json-wrong-boolean","Elapsed":0}
{"Time":"2026-10-06T17:40:02.74249465-03:00","Action":"output","Package":"github.com/viralabs-dev/mudarro/test/internal/mudarro","Test":"TestConfigStrictDocumentsAndKeys","Output":"--- PASS: TestConfigStrictDocumentsAndKeys (0.00s)\n","OutputType":"frame"}
{"Time":"2026-10-06T17:40:02.742497165-03:00","Action":"pass","Package":"github.com/viralabs-dev/mudarro/test/internal/mudarro","Test":"TestConfigStrictDocumentsAndKeys","Elapsed":0}
{"Time":"2026-10-06T17:40:02.742507217-03:00","Action":"run","Package":"github.com/viralabs-dev/mudarro/test/internal/mudarro","Test":"TestConfigDiscoveryAndExplicitSelection"}
{"Time":"2026-10-06T17:40:02.742508708-03:00","Action":"output","Package":"github.com/viralabs-dev/mudarro/test/internal/mudarro","Test":"TestConfigDiscoveryAndExplicitSelection","Output":"=== RUN   TestConfigDiscoveryAndExplicitSelection\n","OutputType":"frame"}
{"Time":"2026-10-06T17:40:02.743117903-03:00","Action":"output","Package":"github.com/viralabs-dev/mudarro/test/internal/mudarro","Test":"TestConfigDiscoveryAndExplicitSelection","Output":"--- PASS: TestConfigDiscoveryAndExplicitSelection (0.00s)\n","OutputType":"frame"}
{"Time":"2026-10-06T17:40:02.743132232-03:00","Action":"pass","Package":"github.com/viralabs-dev/mudarro/test/internal/mudarro","Test":"TestConfigDiscoveryAndExplicitSelection","Elapsed":0}
{"Time":"2026-10-06T17:40:02.743143492-03:00","Action":"run","Package":"github.com/viralabs-dev/mudarro/test/internal/mudarro","Test":"TestConfigBoundedReadsAndGuardedPaths"}
{"Time":"2026-10-06T17:40:02.743145417-03:00","Action":"output","Package":"github.com/viralabs-dev/mudarro/test/internal/mudarro","Test":"TestConfigBoundedReadsAndGuardedPaths","Output":"=== RUN   TestConfigBoundedReadsAndGuardedPaths\n","OutputType":"frame"}
{"Time":"2026-10-06T17:40:02.74316599-03:00","Action":"run","Package":"github.com/viralabs-dev/mudarro/test/internal/mudarro","Test":"TestConfigBoundedReadsAndGuardedPaths/0"}
{"Time":"2026-10-06T17:40:02.743168706-03:00","Action":"output","Package":"github.com/viralabs-dev/mudarro/test/internal/mudarro","Test":"TestConfigBoundedReadsAndGuardedPaths/0","Output":"=== RUN   TestConfigBoundedReadsAndGuardedPaths/0\n","OutputType":"frame"}
{"Time":"2026-10-06T17:40:02.898181163-03:00","Action":"output","Package":"github.com/viralabs-dev/mudarro/test/internal/mudarro","Test":"TestConfigBoundedReadsAndGuardedPaths/0","Output":"--- PASS: TestConfigBoundedReadsAndGuardedPaths/0 (0.15s)\n","OutputType":"frame"}
{"Time":"2026-10-06T17:40:02.898207186-03:00","Action":"pass","Package":"github.com/viralabs-dev/mudarro/test/internal/mudarro","Test":"TestConfigBoundedReadsAndGuardedPaths/0","Elapsed":0.15}
{"Time":"2026-10-06T17:40:02.898215658-03:00","Action":"run","Package":"github.com/viralabs-dev/mudarro/test/internal/mudarro","Test":"TestConfigBoundedReadsAndGuardedPaths/1"}
{"Time":"2026-10-06T17:40:02.898218012-03:00","Action":"output","Package":"github.com/viralabs-dev/mudarro/test/internal/mudarro","Test":"TestConfigBoundedReadsAndGuardedPaths/1","Output":"=== RUN   TestConfigBoundedReadsAndGuardedPaths/1\n","OutputType":"frame"}
{"Time":"2026-10-06T17:40:02.917926527-03:00","Action":"output","Package":"github.com/viralabs-dev/mudarro/test/internal/mudarro","Test":"TestConfigBoundedReadsAndGuardedPaths/1","Output":"--- PASS: TestConfigBoundedReadsAndGuardedPaths/1 (0.02s)\n","OutputType":"frame"}
{"Time":"2026-10-06T17:40:02.917936939-03:00","Action":"pass","Package":"github.com/viralabs-dev/mudarro/test/internal/mudarro","Test":"TestConfigBoundedReadsAndGuardedPaths/1","Elapsed":0.02}
{"Time":"2026-10-06T17:40:02.918301031-03:00","Action":"output","Package":"github.com/viralabs-dev/mudarro/test/internal/mudarro","Test":"TestConfigBoundedReadsAndGuardedPaths","Output":"--- PASS: TestConfigBoundedReadsAndGuardedPaths (0.18s)\n","OutputType":"frame"}
{"Time":"2026-10-06T17:40:02.918327764-03:00","Action":"pass","Package":"github.com/viralabs-dev/mudarro/test/internal/mudarro","Test":"TestConfigBoundedReadsAndGuardedPaths","Elapsed":0.18}
{"Time":"2026-10-06T17:40:02.918348259-03:00","Action":"run","Package":"github.com/viralabs-dev/mudarro/test/internal/mudarro","Test":"TestDestructiveConfirmationPreservesQueuedChildInput"}
{"Time":"2026-10-06T17:40:02.918349999-03:00","Action":"output","Package":"github.com/viralabs-dev/mudarro/test/internal/mudarro","Test":"TestDestructiveConfirmationPreservesQueuedChildInput","Output":"=== RUN   TestDestructiveConfirmationPreservesQueuedChildInput\n","OutputType":"frame"}
{"Time":"2026-10-06T17:40:02.918589262-03:00","Action":"output","Package":"github.com/viralabs-dev/mudarro/test/internal/mudarro","Test":"TestDestructiveConfirmationPreservesQueuedChildInput","Output":"--- PASS: TestDestructiveConfirmationPreservesQueuedChildInput (0.00s)\n","OutputType":"frame"}
{"Time":"2026-10-06T17:40:02.91861224-03:00","Action":"pass","Package":"github.com/viralabs-dev/mudarro/test/internal/mudarro","Test":"TestDestructiveConfirmationPreservesQueuedChildInput","Elapsed":0}
{"Time":"2026-10-06T17:40:02.918615245-03:00","Action":"run","Package":"github.com/viralabs-dev/mudarro/test/internal/mudarro","Test":"TestScanLanguagesAndSuggestions"}
{"Time":"2026-10-06T17:40:02.918616812-03:00","Action":"output","Package":"github.com/viralabs-dev/mudarro/test/internal/mudarro","Test":"TestScanLanguagesAndSuggestions","Output":"=== RUN   TestScanLanguagesAndSuggestions\n","OutputType":"frame"}
{"Time":"2026-10-06T17:40:02.929234232-03:00","Action":"output","Package":"github.com/viralabs-dev/mudarro/test/internal/mudarro","Test":"TestScanLanguagesAndSuggestions","Output":"--- PASS: TestScanLanguagesAndSuggestions (0.01s)\n","OutputType":"frame"}
{"Time":"2026-10-06T17:40:02.929251022-03:00","Action":"pass","Package":"github.com/viralabs-dev/mudarro/test/internal/mudarro","Test":"TestScanLanguagesAndSuggestions","Elapsed":0.01}
{"Time":"2026-10-06T17:40:02.929255481-03:00","Action":"run","Package":"github.com/viralabs-dev/mudarro/test/internal/mudarro","Test":"TestAmbiguityExclusionsAndMalformed"}
{"Time":"2026-10-06T17:40:02.929257785-03:00","Action":"output","Package":"github.com/viralabs-dev/mudarro/test/internal/mudarro","Test":"TestAmbiguityExclusionsAndMalformed","Output":"=== RUN   TestAmbiguityExclusionsAndMalformed\n","OutputType":"frame"}
{"Time":"2026-10-06T17:40:02.930377435-03:00","Action":"output","Package":"github.com/viralabs-dev/mudarro/test/internal/mudarro","Test":"TestAmbiguityExclusionsAndMalformed","Output":"--- PASS: TestAmbiguityExclusionsAndMalformed (0.00s)\n","OutputType":"frame"}
{"Time":"2026-10-06T17:40:02.930392658-03:00","Action":"pass","Package":"github.com/viralabs-dev/mudarro/test/internal/mudarro","Test":"TestAmbiguityExclusionsAndMalformed","Elapsed":0}
{"Time":"2026-10-06T17:40:02.930407617-03:00","Action":"run","Package":"github.com/viralabs-dev/mudarro/test/internal/mudarro","Test":"TestScanDoesNotFollowSymlinks"}
{"Time":"2026-10-06T17:40:02.930409394-03:00","Action":"output","Package":"github.com/viralabs-dev/mudarro/test/internal/mudarro","Test":"TestScanDoesNotFollowSymlinks","Output":"=== RUN   TestScanDoesNotFollowSymlinks\n","OutputType":"frame"}
{"Time":"2026-10-06T17:40:02.930828088-03:00","Action":"output","Package":"github.com/viralabs-dev/mudarro/test/internal/mudarro","Test":"TestScanDoesNotFollowSymlinks","Output":"--- PASS: TestScanDoesNotFollowSymlinks (0.00s)\n","OutputType":"frame"}
{"Time":"2026-10-06T17:40:02.930848593-03:00","Action":"pass","Package":"github.com/viralabs-dev/mudarro/test/internal/mudarro","Test":"TestScanDoesNotFollowSymlinks","Elapsed":0}
{"Time":"2026-10-06T17:40:02.930857811-03:00","Action":"run","Package":"github.com/viralabs-dev/mudarro/test/internal/mudarro","Test":"TestConfigValidation"}
{"Time":"2026-10-06T17:40:02.930859371-03:00","Action":"output","Package":"github.com/viralabs-dev/mudarro/test/internal/mudarro","Test":"TestConfigValidation","Output":"=== RUN   TestConfigValidation\n","OutputType":"frame"}
{"Time":"2026-10-06T17:40:02.9308614-03:00","Action":"run","Package":"github.com/viralabs-dev/mudarro/test/internal/mudarro","Test":"TestConfigValidation/unknown"}
{"Time":"2026-10-06T17:40:02.930862766-03:00","Action":"output","Package":"github.com/viralabs-dev/mudarro/test/internal/mudarro","Test":"TestConfigValidation/unknown","Output":"=== RUN   TestConfigValidation/unknown\n","OutputType":"frame"}
{"Time":"2026-10-06T17:40:02.931241724-03:00","Action":"output","Package":"github.com/viralabs-dev/mudarro/test/internal/mudarro","Test":"TestConfigValidation/unknown","Output":"--- PASS: TestConfigValidation/unknown (0.00s)\n","OutputType":"frame"}
{"Time":"2026-10-06T17:40:02.931250889-03:00","Action":"pass","Package":"github.com/viralabs-dev/mudarro/test/internal/mudarro","Test":"TestConfigValidation/unknown","Elapsed":0}
{"Time":"2026-10-06T17:40:02.931254126-03:00","Action":"run","Package":"github.com/viralabs-dev/mudarro/test/internal/mudarro","Test":"TestConfigValidation/duplicate"}
{"Time":"2026-10-06T17:40:02.931257024-03:00","Action":"output","Package":"github.com/viralabs-dev/mudarro/test/internal/mudarro","Test":"TestConfigValidation/duplicate","Output":"=== RUN   TestConfigValidation/duplicate\n","OutputType":"frame"}
{"Time":"2026-10-06T17:40:02.931558695-03:00","Action":"output","Package":"github.com/viralabs-dev/mudarro/test/internal/mudarro","Test":"TestConfigValidation/duplicate","Output":"--- PASS: TestConfigValidation/duplicate (0.00s)\n","OutputType":"frame"}
{"Time":"2026-10-06T17:40:02.931569573-03:00","Action":"pass","Package":"github.com/viralabs-dev/mudarro/test/internal/mudarro","Test":"TestConfigValidation/duplicate","Elapsed":0}
{"Time":"2026-10-06T17:40:02.931581693-03:00","Action":"run","Package":"github.com/viralabs-dev/mudarro/test/internal/mudarro","Test":"TestConfigValidation/multiple"}
{"Time":"2026-10-06T17:40:02.931584172-03:00","Action":"output","Package":"github.com/viralabs-dev/mudarro/test/internal/mudarro","Test":"TestConfigValidation/multiple","Output":"=== RUN   TestConfigValidation/multiple\n","OutputType":"frame"}
{"Time":"2026-10-06T17:40:02.931924671-03:00","Action":"output","Package":"github.com/viralabs-dev/mudarro/test/internal/mudarro","Test":"TestConfigValidation/multiple","Output":"--- PASS: TestConfigValidation/multiple (0.00s)\n","OutputType":"frame"}
{"Time":"2026-10-06T17:40:02.931928188-03:00","Action":"pass","Package":"github.com/viralabs-dev/mudarro/test/internal/mudarro","Test":"TestConfigValidation/multiple","Elapsed":0}
{"Time":"2026-10-06T17:40:02.931930331-03:00","Action":"run","Package":"github.com/viralabs-dev/mudarro/test/internal/mudarro","Test":"TestConfigValidation/escape"}
{"Time":"2026-10-06T17:40:02.931933724-03:00","Action":"output","Package":"github.com/viralabs-dev/mudarro/test/internal/mudarro","Test":"TestConfigValidation/escape","Output":"=== RUN   TestConfigValidation/escape\n","OutputType":"frame"}
{"Time":"2026-10-06T17:40:02.932292122-03:00","Action":"output","Package":"github.com/viralabs-dev/mudarro/test/internal/mudarro","Test":"TestConfigValidation/escape","Output":"--- PASS: TestConfigValidation/escape (0.00s)\n","OutputType":"frame"}
{"Time":"2026-10-06T17:40:02.932305803-03:00","Action":"pass","Package":"github.com/viralabs-dev/mudarro/test/internal/mudarro","Test":"TestConfigValidation/escape","Elapsed":0}
{"Time":"2026-10-06T17:40:02.932319459-03:00","Action":"run","Package":"github.com/viralabs-dev/mudarro/test/internal/mudarro","Test":"TestConfigValidation/commands"}
{"Time":"2026-10-06T17:40:02.932321179-03:00","Action":"output","Package":"github.com/viralabs-dev/mudarro/test/internal/mudarro","Test":"TestConfigValidation/commands","Output":"=== RUN   TestConfigValidation/commands\n","OutputType":"frame"}
{"Time":"2026-10-06T17:40:02.932861375-03:00","Action":"output","Package":"github.com/viralabs-dev/mudarro/test/internal/mudarro","Test":"TestConfigValidation/commands","Output":"--- PASS: TestConfigValidation/commands (0.00s)\n","OutputType":"frame"}
{"Time":"2026-10-06T17:40:02.932873413-03:00","Action":"pass","Package":"github.com/viralabs-dev/mudarro/test/internal/mudarro","Test":"TestConfigValidation/commands","Elapsed":0}
{"Time":"2026-10-06T17:40:02.932875891-03:00","Action":"output","Package":"github.com/viralabs-dev/mudarro/test/internal/mudarro","Test":"TestConfigValidation","Output":"--- PASS: TestConfigValidation (0.00s)\n","OutputType":"frame"}
{"Time":"2026-10-06T17:40:02.932877819-03:00","Action":"pass","Package":"github.com/viralabs-dev/mudarro/test/internal/mudarro","Test":"TestConfigValidation","Elapsed":0}
{"Time":"2026-10-06T17:40:02.932885422-03:00","Action":"run","Package":"github.com/viralabs-dev/mudarro/test/internal/mudarro","Test":"TestGenerateIdempotenceAndProtection"}
{"Time":"2026-10-06T17:40:02.932887003-03:00","Action":"output","Package":"github.com/viralabs-dev/mudarro/test/internal/mudarro","Test":"TestGenerateIdempotenceAndProtection","Output":"=== RUN   TestGenerateIdempotenceAndProtection\n","OutputType":"frame"}
{"Time":"2026-10-06T17:40:02.936291844-03:00","Action":"output","Package":"github.com/viralabs-dev/mudarro/test/internal/mudarro","Test":"TestGenerateIdempotenceAndProtection","Output":"--- PASS: TestGenerateIdempotenceAndProtection (0.00s)\n","OutputType":"frame"}
{"Time":"2026-10-06T17:40:02.936303029-03:00","Action":"pass","Package":"github.com/viralabs-dev/mudarro/test/internal/mudarro","Test":"TestGenerateIdempotenceAndProtection","Elapsed":0}
{"Time":"2026-10-06T17:40:02.936315172-03:00","Action":"run","Package":"github.com/viralabs-dev/mudarro/test/internal/mudarro","Test":"TestGeneratePreservesExistingAndRejectsSymlink"}
{"Time":"2026-10-06T17:40:02.936317025-03:00","Action":"output","Package":"github.com/viralabs-dev/mudarro/test/internal/mudarro","Test":"TestGeneratePreservesExistingAndRejectsSymlink","Output":"=== RUN   TestGeneratePreservesExistingAndRejectsSymlink\n","OutputType":"frame"}
{"Time":"2026-10-06T17:40:02.937889789-03:00","Action":"output","Package":"github.com/viralabs-dev/mudarro/test/internal/mudarro","Test":"TestGeneratePreservesExistingAndRejectsSymlink","Output":"--- PASS: TestGeneratePreservesExistingAndRejectsSymlink (0.00s)\n","OutputType":"frame"}
{"Time":"2026-10-06T17:40:02.937921343-03:00","Action":"pass","Package":"github.com/viralabs-dev/mudarro/test/internal/mudarro","Test":"TestGeneratePreservesExistingAndRejectsSymlink","Elapsed":0}
{"Time":"2026-10-06T17:40:02.93793022-03:00","Action":"run","Package":"github.com/viralabs-dev/mudarro/test/internal/mudarro","Test":"TestExplicitCommandsOverrideAdapters"}
{"Time":"2026-10-06T17:40:02.937931947-03:00","Action":"output","Package":"github.com/viralabs-dev/mudarro/test/internal/mudarro","Test":"TestExplicitCommandsOverrideAdapters","Output":"=== RUN   TestExplicitCommandsOverrideAdapters\n","OutputType":"frame"}
{"Time":"2026-10-06T17:40:02.937968321-03:00","Action":"output","Package":"github.com/viralabs-dev/mudarro/test/internal/mudarro","Test":"TestExplicitCommandsOverrideAdapters","Output":"--- PASS: TestExplicitCommandsOverrideAdapters (0.00s)\n","OutputType":"frame"}
{"Time":"2026-10-06T17:40:02.937977395-03:00","Action":"pass","Package":"github.com/viralabs-dev/mudarro/test/internal/mudarro","Test":"TestExplicitCommandsOverrideAdapters","Elapsed":0}
{"Time":"2026-10-06T17:40:02.93798629-03:00","Action":"run","Package":"github.com/viralabs-dev/mudarro/test/internal/mudarro","Test":"TestStructuredArgumentsAndExitCode"}
{"Time":"2026-10-06T17:40:02.937988381-03:00","Action":"output","Package":"github.com/viralabs-dev/mudarro/test/internal/mudarro","Test":"TestStructuredArgumentsAndExitCode","Output":"=== RUN   TestStructuredArgumentsAndExitCode\n","OutputType":"frame"}
{"Time":"2026-10-06T17:40:02.940733123-03:00","Action":"output","Package":"github.com/viralabs-dev/mudarro/test/internal/mudarro","Test":"TestStructuredArgumentsAndExitCode","Output":"--- PASS: TestStructuredArgumentsAndExitCode (0.00s)\n","OutputType":"frame"}
{"Time":"2026-10-06T17:40:02.940743761-03:00","Action":"pass","Package":"github.com/viralabs-dev/mudarro/test/internal/mudarro","Test":"TestStructuredArgumentsAndExitCode","Elapsed":0}
{"Time":"2026-10-06T17:40:02.940754847-03:00","Action":"run","Package":"github.com/viralabs-dev/mudarro/test/internal/mudarro","Test":"TestDestructiveConfirmation"}
{"Time":"2026-10-06T17:40:02.940757146-03:00","Action":"output","Package":"github.com/viralabs-dev/mudarro/test/internal/mudarro","Test":"TestDestructiveConfirmation","Output":"=== RUN   TestDestructiveConfirmation\n","OutputType":"frame"}
{"Time":"2026-10-06T17:40:02.942076338-03:00","Action":"output","Package":"github.com/viralabs-dev/mudarro/test/internal/mudarro","Test":"TestDestructiveConfirmation","Output":"--- PASS: TestDestructiveConfirmation (0.00s)\n","OutputType":"frame"}
{"Time":"2026-10-06T17:40:02.942086276-03:00","Action":"pass","Package":"github.com/viralabs-dev/mudarro/test/internal/mudarro","Test":"TestDestructiveConfirmation","Elapsed":0}
{"Time":"2026-10-06T17:40:02.942098787-03:00","Action":"run","Package":"github.com/viralabs-dev/mudarro/test/internal/mudarro","Test":"TestMenuAndCLI"}
{"Time":"2026-10-06T17:40:02.942100609-03:00","Action":"output","Package":"github.com/viralabs-dev/mudarro/test/internal/mudarro","Test":"TestMenuAndCLI","Output":"=== RUN   TestMenuAndCLI\n","OutputType":"frame"}
{"Time":"2026-10-06T17:40:02.944418146-03:00","Action":"output","Package":"github.com/viralabs-dev/mudarro/test/internal/mudarro","Test":"TestMenuAndCLI","Output":"--- PASS: TestMenuAndCLI (0.00s)\n","OutputType":"frame"}
{"Time":"2026-10-06T17:40:02.944434791-03:00","Action":"pass","Package":"github.com/viralabs-dev/mudarro/test/internal/mudarro","Test":"TestMenuAndCLI","Elapsed":0}
{"Time":"2026-10-06T17:40:02.944446265-03:00","Action":"run","Package":"github.com/viralabs-dev/mudarro/test/internal/mudarro","Test":"TestDatabaseAndInfrastructurePlans"}
{"Time":"2026-10-06T17:40:02.944448151-03:00","Action":"output","Package":"github.com/viralabs-dev/mudarro/test/internal/mudarro","Test":"TestDatabaseAndInfrastructurePlans","Output":"=== RUN   TestDatabaseAndInfrastructurePlans\n","OutputType":"frame"}
{"Time":"2026-10-06T17:40:02.944816606-03:00","Action":"output","Package":"github.com/viralabs-dev/mudarro/test/internal/mudarro","Test":"TestDatabaseAndInfrastructurePlans","Output":"--- PASS: TestDatabaseAndInfrastructurePlans (0.00s)\n","OutputType":"frame"}
{"Time":"2026-10-06T17:40:02.944826123-03:00","Action":"pass","Package":"github.com/viralabs-dev/mudarro/test/internal/mudarro","Test":"TestDatabaseAndInfrastructurePlans","Elapsed":0}
{"Time":"2026-10-06T17:40:02.944835939-03:00","Action":"run","Package":"github.com/viralabs-dev/mudarro/test/internal/mudarro","Test":"TestScaffoldsParseAndDoNotInventModels"}
{"Time":"2026-10-06T17:40:02.944837718-03:00","Action":"output","Package":"github.com/viralabs-dev/mudarro/test/internal/mudarro","Test":"TestScaffoldsParseAndDoNotInventModels","Output":"=== RUN   TestScaffoldsParseAndDoNotInventModels\n","OutputType":"frame"}
{"Time":"2026-10-06T17:40:02.959709329-03:00","Action":"output","Package":"github.com/viralabs-dev/mudarro/test/internal/mudarro","Test":"TestScaffoldsParseAndDoNotInventModels","Output":"--- PASS: TestScaffoldsParseAndDoNotInventModels (0.01s)\n","OutputType":"frame"}
{"Time":"2026-10-06T17:40:02.959716254-03:00","Action":"pass","Package":"github.com/viralabs-dev/mudarro/test/internal/mudarro","Test":"TestScaffoldsParseAndDoNotInventModels","Elapsed":0.01}
{"Time":"2026-10-06T17:40:02.959720377-03:00","Action":"run","Package":"github.com/viralabs-dev/mudarro/test/internal/mudarro","Test":"TestInvalidMigrationNameAndEnvironment"}
{"Time":"2026-10-06T17:40:02.959722262-03:00","Action":"output","Package":"github.com/viralabs-dev/mudarro/test/internal/mudarro","Test":"TestInvalidMigrationNameAndEnvironment","Output":"=== RUN   TestInvalidMigrationNameAndEnvironment\n","OutputType":"frame"}
{"Time":"2026-10-06T17:40:02.959854144-03:00","Action":"output","Package":"github.com/viralabs-dev/mudarro/test/internal/mudarro","Test":"TestInvalidMigrationNameAndEnvironment","Output":"--- PASS: TestInvalidMigrationNameAndEnvironment (0.00s)\n","OutputType":"frame"}
{"Time":"2026-10-06T17:40:02.95986297-03:00","Action":"pass","Package":"github.com/viralabs-dev/mudarro/test/internal/mudarro","Test":"TestInvalidMigrationNameAndEnvironment","Elapsed":0}
{"Time":"2026-10-06T17:40:02.959872603-03:00","Action":"run","Package":"github.com/viralabs-dev/mudarro/test/internal/mudarro","Test":"TestDoctorComposeVersionProbeHasDeadline"}
{"Time":"2026-10-06T17:40:02.959874748-03:00","Action":"output","Package":"github.com/viralabs-dev/mudarro/test/internal/mudarro","Test":"TestDoctorComposeVersionProbeHasDeadline","Output":"=== RUN   TestDoctorComposeVersionProbeHasDeadline\n","OutputType":"frame"}
{"Time":"2026-10-06T17:40:03.746629474-03:00","Action":"output","Package":"github.com/viralabs-dev/mudarro/test/internal/mudarro/terminal","Test":"TestInteractiveSignalCleanup/interrupt","Output":"--- PASS: TestInteractiveSignalCleanup/interrupt (1.11s)\n","OutputType":"frame"}
{"Time":"2026-10-06T17:40:03.746651163-03:00","Action":"pass","Package":"github.com/viralabs-dev/mudarro/test/internal/mudarro/terminal","Test":"TestInteractiveSignalCleanup/interrupt","Elapsed":1.11}
{"Time":"2026-10-06T17:40:03.74668417-03:00","Action":"run","Package":"github.com/viralabs-dev/mudarro/test/internal/mudarro/terminal","Test":"TestInteractiveSignalCleanup/terminated"}
{"Time":"2026-10-06T17:40:03.746686587-03:00","Action":"output","Package":"github.com/viralabs-dev/mudarro/test/internal/mudarro/terminal","Test":"TestInteractiveSignalCleanup/terminated","Output":"=== RUN   TestInteractiveSignalCleanup/terminated\n","OutputType":"frame"}
{"Time":"2026-10-06T17:40:04.862978048-03:00","Action":"output","Package":"github.com/viralabs-dev/mudarro/test/internal/mudarro/terminal","Test":"TestInteractiveSignalCleanup/terminated","Output":"--- PASS: TestInteractiveSignalCleanup/terminated (1.12s)\n","OutputType":"frame"}
{"Time":"2026-10-06T17:40:04.863009193-03:00","Action":"pass","Package":"github.com/viralabs-dev/mudarro/test/internal/mudarro/terminal","Test":"TestInteractiveSignalCleanup/terminated","Elapsed":1.12}
{"Time":"2026-10-06T17:40:04.863037911-03:00","Action":"output","Package":"github.com/viralabs-dev/mudarro/test/internal/mudarro/terminal","Test":"TestInteractiveSignalCleanup","Output":"--- PASS: TestInteractiveSignalCleanup (2.23s)\n","OutputType":"frame"}
{"Time":"2026-10-06T17:40:04.863056093-03:00","Action":"pass","Package":"github.com/viralabs-dev/mudarro/test/internal/mudarro/terminal","Test":"TestInteractiveSignalCleanup","Elapsed":2.23}
{"Time":"2026-10-06T17:40:04.863129763-03:00","Action":"run","Package":"github.com/viralabs-dev/mudarro/test/internal/mudarro/terminal","Test":"TestInteractiveSignalHelper"}
{"Time":"2026-10-06T17:40:04.863135037-03:00","Action":"output","Package":"github.com/viralabs-dev/mudarro/test/internal/mudarro/terminal","Test":"TestInteractiveSignalHelper","Output":"=== RUN   TestInteractiveSignalHelper\n","OutputType":"frame"}
{"Time":"2026-10-06T17:40:04.863232472-03:00","Action":"output","Package":"github.com/viralabs-dev/mudarro/test/internal/mudarro/terminal","Test":"TestInteractiveSignalHelper","Output":"--- PASS: TestInteractiveSignalHelper (0.00s)\n","OutputType":"frame"}
{"Time":"2026-10-06T17:40:04.86325622-03:00","Action":"pass","Package":"github.com/viralabs-dev/mudarro/test/internal/mudarro/terminal","Test":"TestInteractiveSignalHelper","Elapsed":0}
{"Time":"2026-10-06T17:40:04.86327498-03:00","Action":"run","Package":"github.com/viralabs-dev/mudarro/test/internal/mudarro/terminal","Test":"TestInteractiveMasterEOFReturns"}
{"Time":"2026-10-06T17:40:04.863280258-03:00","Action":"output","Package":"github.com/viralabs-dev/mudarro/test/internal/mudarro/terminal","Test":"TestInteractiveMasterEOFReturns","Output":"=== RUN   TestInteractiveMasterEOFReturns\n","OutputType":"frame"}
{"Time":"2026-10-06T17:40:05.930300885-03:00","Action":"output","Package":"github.com/viralabs-dev/mudarro/test/internal/mudarro/terminal","Test":"TestInteractiveMasterEOFReturns","Output":"--- PASS: TestInteractiveMasterEOFReturns (1.07s)\n","OutputType":"frame"}
{"Time":"2026-10-06T17:40:05.930328616-03:00","Action":"pass","Package":"github.com/viralabs-dev/mudarro/test/internal/mudarro/terminal","Test":"TestInteractiveMasterEOFReturns","Elapsed":1.07}
{"Time":"2026-10-06T17:40:05.930343823-03:00","Action":"run","Package":"github.com/viralabs-dev/mudarro/test/internal/mudarro/terminal","Test":"TestInteractivePreservesPartialEscapeAcrossIdle"}
{"Time":"2026-10-06T17:40:05.930347844-03:00","Action":"output","Package":"github.com/viralabs-dev/mudarro/test/internal/mudarro/terminal","Test":"TestInteractivePreservesPartialEscapeAcrossIdle","Output":"=== RUN   TestInteractivePreservesPartialEscapeAcrossIdle\n","OutputType":"frame"}
{"Time":"2026-10-06T17:40:06.582058418-03:00","Action":"output","Package":"github.com/viralabs-dev/mudarro/test/internal/mudarro/terminal","Test":"TestInteractivePreservesPartialEscapeAcrossIdle","Output":"--- PASS: TestInteractivePreservesPartialEscapeAcrossIdle (0.65s)\n","OutputType":"frame"}
{"Time":"2026-10-06T17:40:06.582088152-03:00","Action":"pass","Package":"github.com/viralabs-dev/mudarro/test/internal/mudarro/terminal","Test":"TestInteractivePreservesPartialEscapeAcrossIdle","Elapsed":0.65}
{"Time":"2026-10-06T17:40:06.582103484-03:00","Action":"run","Package":"github.com/viralabs-dev/mudarro/test/internal/mudarro/terminal","Test":"TestInteractiveRecording"}
{"Time":"2026-10-06T17:40:06.582105481-03:00","Action":"output","Package":"github.com/viralabs-dev/mudarro/test/internal/mudarro/terminal","Test":"TestInteractiveRecording","Output":"=== RUN   TestInteractiveRecording\n","OutputType":"frame"}
{"Time":"2026-10-06T17:40:08.489683005-03:00","Action":"output","Package":"github.com/viralabs-dev/mudarro/test/internal/mudarro/terminal","Test":"TestInteractiveRecording","Output":"--- PASS: TestInteractiveRecording (1.91s)\n","OutputType":"frame"}
{"Time":"2026-10-06T17:40:08.489716413-03:00","Action":"pass","Package":"github.com/viralabs-dev/mudarro/test/internal/mudarro/terminal","Test":"TestInteractiveRecording","Elapsed":1.91}
{"Time":"2026-10-06T17:40:08.489724312-03:00","Action":"run","Package":"github.com/viralabs-dev/mudarro/test/internal/mudarro/terminal","Test":"TestInteractiveNavigationDoesNotExecute"}
{"Time":"2026-10-06T17:40:08.489727807-03:00","Action":"output","Package":"github.com/viralabs-dev/mudarro/test/internal/mudarro/terminal","Test":"TestInteractiveNavigationDoesNotExecute","Output":"=== RUN   TestInteractiveNavigationDoesNotExecute\n","OutputType":"frame"}
{"Time":"2026-10-06T17:40:08.48982351-03:00","Action":"output","Package":"github.com/viralabs-dev/mudarro/test/internal/mudarro/terminal","Test":"TestInteractiveNavigationDoesNotExecute","Output":"--- PASS: TestInteractiveNavigationDoesNotExecute (0.00s)\n","OutputType":"frame"}
{"Time":"2026-10-06T17:40:08.489832918-03:00","Action":"pass","Package":"github.com/viralabs-dev/mudarro/test/internal/mudarro/terminal","Test":"TestInteractiveNavigationDoesNotExecute","Elapsed":0}
{"Time":"2026-10-06T17:40:08.489904542-03:00","Action":"run","Package":"github.com/viralabs-dev/mudarro/test/internal/mudarro/terminal","Test":"TestInteractiveRequiresBothTTY"}
{"Time":"2026-10-06T17:40:08.489920996-03:00","Action":"output","Package":"github.com/viralabs-dev/mudarro/test/internal/mudarro/terminal","Test":"TestInteractiveRequiresBothTTY","Output":"=== RUN   TestInteractiveRequiresBothTTY\n","OutputType":"frame"}
{"Time":"2026-10-06T17:40:08.489986211-03:00","Action":"output","Package":"github.com/viralabs-dev/mudarro/test/internal/mudarro/terminal","Test":"TestInteractiveRequiresBothTTY","Output":"--- PASS: TestInteractiveRequiresBothTTY (0.00s)\n","OutputType":"frame"}
{"Time":"2026-10-06T17:40:08.489991768-03:00","Action":"pass","Package":"github.com/viralabs-dev/mudarro/test/internal/mudarro/terminal","Test":"TestInteractiveRequiresBothTTY","Elapsed":0}
{"Time":"2026-10-06T17:40:08.490005564-03:00","Action":"run","Package":"github.com/viralabs-dev/mudarro/test/internal/mudarro/terminal","Test":"TestInteractiveRealPTYNavigationAndRestore"}
{"Time":"2026-10-06T17:40:08.490008101-03:00","Action":"output","Package":"github.com/viralabs-dev/mudarro/test/internal/mudarro/terminal","Test":"TestInteractiveRealPTYNavigationAndRestore","Output":"=== RUN   TestInteractiveRealPTYNavigationAndRestore\n","OutputType":"frame"}
{"Time":"2026-10-06T17:40:08.553392728-03:00","Action":"output","Package":"github.com/viralabs-dev/mudarro/test/internal/mudarro/terminal","Test":"TestInteractiveRealPTYNavigationAndRestore","Output":"--- PASS: TestInteractiveRealPTYNavigationAndRestore (0.06s)\n","OutputType":"frame"}
{"Time":"2026-10-06T17:40:08.553416742-03:00","Action":"pass","Package":"github.com/viralabs-dev/mudarro/test/internal/mudarro/terminal","Test":"TestInteractiveRealPTYNavigationAndRestore","Elapsed":0.06}
{"Time":"2026-10-06T17:40:08.553425423-03:00","Action":"run","Package":"github.com/viralabs-dev/mudarro/test/internal/mudarro/terminal","Test":"TestInteractiveKeepsChildInputQueued"}
{"Time":"2026-10-06T17:40:08.553427878-03:00","Action":"output","Package":"github.com/viralabs-dev/mudarro/test/internal/mudarro/terminal","Test":"TestInteractiveKeepsChildInputQueued","Output":"=== RUN   TestInteractiveKeepsChildInputQueued\n","OutputType":"frame"}
{"Time":"2026-10-06T17:40:08.60723049-03:00","Action":"output","Package":"github.com/viralabs-dev/mudarro/test/internal/mudarro/terminal","Test":"TestInteractiveKeepsChildInputQueued","Output":"--- PASS: TestInteractiveKeepsChildInputQueued (0.05s)\n","OutputType":"frame"}
{"Time":"2026-10-06T17:40:08.60726137-03:00","Action":"pass","Package":"github.com/viralabs-dev/mudarro/test/internal/mudarro/terminal","Test":"TestInteractiveKeepsChildInputQueued","Elapsed":0.05}
{"Time":"2026-10-06T17:40:08.607269997-03:00","Action":"run","Package":"github.com/viralabs-dev/mudarro/test/internal/mudarro/terminal","Test":"TestInteractiveCtrlCRestoresTerminal"}
{"Time":"2026-10-06T17:40:08.607273799-03:00","Action":"output","Package":"github.com/viralabs-dev/mudarro/test/internal/mudarro/terminal","Test":"TestInteractiveCtrlCRestoresTerminal","Output":"=== RUN   TestInteractiveCtrlCRestoresTerminal\n","OutputType":"frame"}
{"Time":"2026-10-06T17:40:08.658425389-03:00","Action":"output","Package":"github.com/viralabs-dev/mudarro/test/internal/mudarro/terminal","Test":"TestInteractiveCtrlCRestoresTerminal","Output":"--- PASS: TestInteractiveCtrlCRestoresTerminal (0.05s)\n","OutputType":"frame"}
{"Time":"2026-10-06T17:40:08.658447244-03:00","Action":"pass","Package":"github.com/viralabs-dev/mudarro/test/internal/mudarro/terminal","Test":"TestInteractiveCtrlCRestoresTerminal","Elapsed":0.05}
{"Time":"2026-10-06T17:40:08.658452043-03:00","Action":"run","Package":"github.com/viralabs-dev/mudarro/test/internal/mudarro/terminal","Test":"TestInteractiveInvalidNumberDoesNotExecutePreviousFocus"}
{"Time":"2026-10-06T17:40:08.658453582-03:00","Action":"output","Package":"github.com/viralabs-dev/mudarro/test/internal/mudarro/terminal","Test":"TestInteractiveInvalidNumberDoesNotExecutePreviousFocus","Output":"=== RUN   TestInteractiveInvalidNumberDoesNotExecutePreviousFocus\n","OutputType":"frame"}
{"Time":"2026-10-06T17:40:08.710126133-03:00","Action":"output","Package":"github.com/viralabs-dev/mudarro/test/internal/mudarro/terminal","Test":"TestInteractiveInvalidNumberDoesNotExecutePreviousFocus","Output":"--- PASS: TestInteractiveInvalidNumberDoesNotExecutePreviousFocus (0.05s)\n","OutputType":"frame"}
{"Time":"2026-10-06T17:40:08.710142346-03:00","Action":"pass","Package":"github.com/viralabs-dev/mudarro/test/internal/mudarro/terminal","Test":"TestInteractiveInvalidNumberDoesNotExecutePreviousFocus","Elapsed":0.05}
{"Time":"2026-10-06T17:40:08.710147221-03:00","Action":"run","Package":"github.com/viralabs-dev/mudarro/test/internal/mudarro/terminal","Test":"TestRichMenuLayoutAndQuit"}
{"Time":"2026-10-06T17:40:08.710148998-03:00","Action":"output","Package":"github.com/viralabs-dev/mudarro/test/internal/mudarro/terminal","Test":"TestRichMenuLayoutAndQuit","Output":"=== RUN   TestRichMenuLayoutAndQuit\n","OutputType":"frame"}
{"Time":"2026-10-06T17:40:08.711385382-03:00","Action":"output","Package":"github.com/viralabs-dev/mudarro/test/internal/mudarro/terminal","Test":"TestRichMenuLayoutAndQuit","Output":"--- PASS: TestRichMenuLayoutAndQuit (0.00s)\n","OutputType":"frame"}
{"Time":"2026-10-06T17:40:08.711418513-03:00","Action":"pass","Package":"github.com/viralabs-dev/mudarro/test/internal/mudarro/terminal","Test":"TestRichMenuLayoutAndQuit","Elapsed":0}
{"Time":"2026-10-06T17:40:08.71146473-03:00","Action":"run","Package":"github.com/viralabs-dev/mudarro/test/internal/mudarro/terminal","Test":"TestRichMenuFitsNarrowWindow"}
{"Time":"2026-10-06T17:40:08.711468215-03:00","Action":"output","Package":"github.com/viralabs-dev/mudarro/test/internal/mudarro/terminal","Test":"TestRichMenuFitsNarrowWindow","Output":"=== RUN   TestRichMenuFitsNarrowWindow\n","OutputType":"frame"}
{"Time":"2026-10-06T17:40:08.713833034-03:00","Action":"output","Package":"github.com/viralabs-dev/mudarro/test/internal/mudarro/terminal","Test":"TestRichMenuFitsNarrowWindow","Output":"--- PASS: TestRichMenuFitsNarrowWindow (0.00s)\n","OutputType":"frame"}
{"Time":"2026-10-06T17:40:08.713854681-03:00","Action":"pass","Package":"github.com/viralabs-dev/mudarro/test/internal/mudarro/terminal","Test":"TestRichMenuFitsNarrowWindow","Elapsed":0}
{"Time":"2026-10-06T17:40:08.713867294-03:00","Action":"run","Package":"github.com/viralabs-dev/mudarro/test/internal/mudarro/terminal","Test":"TestPresentationInteractiveReadablePaletteAndLocale"}
{"Time":"2026-10-06T17:40:08.713871577-03:00","Action":"output","Package":"github.com/viralabs-dev/mudarro/test/internal/mudarro/terminal","Test":"TestPresentationInteractiveReadablePaletteAndLocale","Output":"=== RUN   TestPresentationInteractiveReadablePaletteAndLocale\n","OutputType":"frame"}
{"Time":"2026-10-06T17:40:08.713940958-03:00","Action":"run","Package":"github.com/viralabs-dev/mudarro/test/internal/mudarro/terminal","Test":"TestPresentationInteractiveReadablePaletteAndLocale/dark/no-color=/en"}
{"Time":"2026-10-06T17:40:08.713946597-03:00","Action":"output","Package":"github.com/viralabs-dev/mudarro/test/internal/mudarro/terminal","Test":"TestPresentationInteractiveReadablePaletteAndLocale/dark/no-color=/en","Output":"=== RUN   TestPresentationInteractiveReadablePaletteAndLocale/dark/no-color=/en\n","OutputType":"frame"}
{"Time":"2026-10-06T17:40:08.765577906-03:00","Action":"output","Package":"github.com/viralabs-dev/mudarro/test/internal/mudarro/terminal","Test":"TestPresentationInteractiveReadablePaletteAndLocale/dark/no-color=/en","Output":"--- PASS: TestPresentationInteractiveReadablePaletteAndLocale/dark/no-color=/en (0.05s)\n","OutputType":"frame"}
{"Time":"2026-10-06T17:40:08.765627543-03:00","Action":"pass","Package":"github.com/viralabs-dev/mudarro/test/internal/mudarro/terminal","Test":"TestPresentationInteractiveReadablePaletteAndLocale/dark/no-color=/en","Elapsed":0.05}
{"Time":"2026-10-06T17:40:08.765645544-03:00","Action":"run","Package":"github.com/viralabs-dev/mudarro/test/internal/mudarro/terminal","Test":"TestPresentationInteractiveReadablePaletteAndLocale/dark/no-color=/pt-BR"}
{"Time":"2026-10-06T17:40:08.76564779-03:00","Action":"output","Package":"github.com/viralabs-dev/mudarro/test/internal/mudarro/terminal","Test":"TestPresentationInteractiveReadablePaletteAndLocale/dark/no-color=/pt-BR","Output":"=== RUN   TestPresentationInteractiveReadablePaletteAndLocale/dark/no-color=/pt-BR\n","OutputType":"frame"}
{"Time":"2026-10-06T17:40:08.817576559-03:00","Action":"output","Package":"github.com/viralabs-dev/mudarro/test/internal/mudarro/terminal","Test":"TestPresentationInteractiveReadablePaletteAndLocale/dark/no-color=/pt-BR","Output":"--- PASS: TestPresentationInteractiveReadablePaletteAndLocale/dark/no-color=/pt-BR (0.05s)\n","OutputType":"frame"}
{"Time":"2026-10-06T17:40:08.817597876-03:00","Action":"pass","Package":"github.com/viralabs-dev/mudarro/test/internal/mudarro/terminal","Test":"TestPresentationInteractiveReadablePaletteAndLocale/dark/no-color=/pt-BR","Elapsed":0.05}
{"Time":"2026-10-06T17:40:08.817605111-03:00","Action":"run","Package":"github.com/viralabs-dev/mudarro/test/internal/mudarro/terminal","Test":"TestPresentationInteractiveReadablePaletteAndLocale/dark/no-color=1/en"}
{"Time":"2026-10-06T17:40:08.817607479-03:00","Action":"output","Package":"github.com/viralabs-dev/mudarro/test/internal/mudarro/terminal","Test":"TestPresentationInteractiveReadablePaletteAndLocale/dark/no-color=1/en","Output":"=== RUN   TestPresentationInteractiveReadablePaletteAndLocale/dark/no-color=1/en\n","OutputType":"frame"}
{"Time":"2026-10-06T17:40:08.869403257-03:00","Action":"output","Package":"github.com/viralabs-dev/mudarro/test/internal/mudarro/terminal","Test":"TestPresentationInteractiveReadablePaletteAndLocale/dark/no-color=1/en","Output":"--- PASS: TestPresentationInteractiveReadablePaletteAndLocale/dark/no-color=1/en (0.05s)\n","OutputType":"frame"}
{"Time":"2026-10-06T17:40:08.869426154-03:00","Action":"pass","Package":"github.com/viralabs-dev/mudarro/test/internal/mudarro/terminal","Test":"TestPresentationInteractiveReadablePaletteAndLocale/dark/no-color=1/en","Elapsed":0.05}
{"Time":"2026-10-06T17:40:08.869438083-03:00","Action":"run","Package":"github.com/viralabs-dev/mudarro/test/internal/mudarro/terminal","Test":"TestPresentationInteractiveReadablePaletteAndLocale/dark/no-color=1/pt-BR"}
{"Time":"2026-10-06T17:40:08.869439884-03:00","Action":"output","Package":"github.com/viralabs-dev/mudarro/test/internal/mudarro/terminal","Test":"TestPresentationInteractiveReadablePaletteAndLocale/dark/no-color=1/pt-BR","Output":"=== RUN   TestPresentationInteractiveReadablePaletteAndLocale/dark/no-color=1/pt-BR\n","OutputType":"frame"}
{"Time":"2026-10-06T17:40:08.921037302-03:00","Action":"output","Package":"github.com/viralabs-dev/mudarro/test/internal/mudarro/terminal","Test":"TestPresentationInteractiveReadablePaletteAndLocale/dark/no-color=1/pt-BR","Output":"--- PASS: TestPresentationInteractiveReadablePaletteAndLocale/dark/no-color=1/pt-BR (0.05s)\n","OutputType":"frame"}
{"Time":"2026-10-06T17:40:08.921060185-03:00","Action":"pass","Package":"github.com/viralabs-dev/mudarro/test/internal/mudarro/terminal","Test":"TestPresentationInteractiveReadablePaletteAndLocale/dark/no-color=1/pt-BR","Elapsed":0.05}
{"Time":"2026-10-06T17:40:08.921066477-03:00","Action":"run","Package":"github.com/viralabs-dev/mudarro/test/internal/mudarro/terminal","Test":"TestPresentationInteractiveReadablePaletteAndLocale/light/no-color=/en"}
{"Time":"2026-10-06T17:40:08.921068846-03:00","Action":"output","Package":"github.com/viralabs-dev/mudarro/test/internal/mudarro/terminal","Test":"TestPresentationInteractiveReadablePaletteAndLocale/light/no-color=/en","Output":"=== RUN   TestPresentationInteractiveReadablePaletteAndLocale/light/no-color=/en\n","OutputType":"frame"}
{"Time":"2026-10-06T17:40:08.972387209-03:00","Action":"output","Package":"github.com/viralabs-dev/mudarro/test/internal/mudarro/terminal","Test":"TestPresentationInteractiveReadablePaletteAndLocale/light/no-color=/en","Output":"--- PASS: TestPresentationInteractiveReadablePaletteAndLocale/light/no-color=/en (0.05s)\n","OutputType":"frame"}
{"Time":"2026-10-06T17:40:08.97240612-03:00","Action":"pass","Package":"github.com/viralabs-dev/mudarro/test/internal/mudarro/terminal","Test":"TestPresentationInteractiveReadablePaletteAndLocale/light/no-color=/en","Elapsed":0.05}
{"Time":"2026-10-06T17:40:08.972410921-03:00","Action":"run","Package":"github.com/viralabs-dev/mudarro/test/internal/mudarro/terminal","Test":"TestPresentationInteractiveReadablePaletteAndLocale/light/no-color=/pt-BR"}
{"Time":"2026-10-06T17:40:08.972412742-03:00","Action":"output","Package":"github.com/viralabs-dev/mudarro/test/internal/mudarro/terminal","Test":"TestPresentationInteractiveReadablePaletteAndLocale/light/no-color=/pt-BR","Output":"=== RUN   TestPresentationInteractiveReadablePaletteAndLocale/light/no-color=/pt-BR\n","OutputType":"frame"}
{"Time":"2026-10-06T17:40:09.023853788-03:00","Action":"output","Package":"github.com/viralabs-dev/mudarro/test/internal/mudarro/terminal","Test":"TestPresentationInteractiveReadablePaletteAndLocale/light/no-color=/pt-BR","Output":"--- PASS: TestPresentationInteractiveReadablePaletteAndLocale/light/no-color=/pt-BR (0.05s)\n","OutputType":"frame"}
{"Time":"2026-10-06T17:40:09.023882913-03:00","Action":"pass","Package":"github.com/viralabs-dev/mudarro/test/internal/mudarro/terminal","Test":"TestPresentationInteractiveReadablePaletteAndLocale/light/no-color=/pt-BR","Elapsed":0.05}
{"Time":"2026-10-06T17:40:09.023892324-03:00","Action":"run","Package":"github.com/viralabs-dev/mudarro/test/internal/mudarro/terminal","Test":"TestPresentationInteractiveReadablePaletteAndLocale/light/no-color=1/en"}
{"Time":"2026-10-06T17:40:09.023896373-03:00","Action":"output","Package":"github.com/viralabs-dev/mudarro/test/internal/mudarro/terminal","Test":"TestPresentationInteractiveReadablePaletteAndLocale/light/no-color=1/en","Output":"=== RUN   TestPresentationInteractiveReadablePaletteAndLocale/light/no-color=1/en\n","OutputType":"frame"}
{"Time":"2026-10-06T17:40:09.075793426-03:00","Action":"output","Package":"github.com/viralabs-dev/mudarro/test/internal/mudarro/terminal","Test":"TestPresentationInteractiveReadablePaletteAndLocale/light/no-color=1/en","Output":"--- PASS: TestPresentationInteractiveReadablePaletteAndLocale/light/no-color=1/en (0.05s)\n","OutputType":"frame"}
{"Time":"2026-10-06T17:40:09.075815799-03:00","Action":"pass","Package":"github.com/viralabs-dev/mudarro/test/internal/mudarro/terminal","Test":"TestPresentationInteractiveReadablePaletteAndLocale/light/no-color=1/en","Elapsed":0.05}
{"Time":"2026-10-06T17:40:09.075820374-03:00","Action":"run","Package":"github.com/viralabs-dev/mudarro/test/internal/mudarro/terminal","Test":"TestPresentationInteractiveReadablePaletteAndLocale/light/no-color=1/pt-BR"}
{"Time":"2026-10-06T17:40:09.075822383-03:00","Action":"output","Package":"github.com/viralabs-dev/mudarro/test/internal/mudarro/terminal","Test":"TestPresentationInteractiveReadablePaletteAndLocale/light/no-color=1/pt-BR","Output":"=== RUN   TestPresentationInteractiveReadablePaletteAndLocale/light/no-color=1/pt-BR\n","OutputType":"frame"}
{"Time":"2026-10-06T17:40:09.127353866-03:00","Action":"output","Package":"github.com/viralabs-dev/mudarro/test/internal/mudarro/terminal","Test":"TestPresentationInteractiveReadablePaletteAndLocale/light/no-color=1/pt-BR","Output":"--- PASS: TestPresentationInteractiveReadablePaletteAndLocale/light/no-color=1/pt-BR (0.05s)\n","OutputType":"frame"}
{"Time":"2026-10-06T17:40:09.127370757-03:00","Action":"pass","Package":"github.com/viralabs-dev/mudarro/test/internal/mudarro/terminal","Test":"TestPresentationInteractiveReadablePaletteAndLocale/light/no-color=1/pt-BR","Elapsed":0.05}
{"Time":"2026-10-06T17:40:09.127377546-03:00","Action":"output","Package":"github.com/viralabs-dev/mudarro/test/internal/mudarro/terminal","Test":"TestPresentationInteractiveReadablePaletteAndLocale","Output":"--- PASS: TestPresentationInteractiveReadablePaletteAndLocale (0.41s)\n","OutputType":"frame"}
{"Time":"2026-10-06T17:40:09.127380436-03:00","Action":"pass","Package":"github.com/viralabs-dev/mudarro/test/internal/mudarro/terminal","Test":"TestPresentationInteractiveReadablePaletteAndLocale","Elapsed":0.41}
{"Time":"2026-10-06T17:40:09.127581587-03:00","Action":"run","Package":"github.com/viralabs-dev/mudarro/test/internal/mudarro/terminal","Test":"TestPresentationCompactTextBaseline"}
{"Time":"2026-10-06T17:40:09.127592565-03:00","Action":"output","Package":"github.com/viralabs-dev/mudarro/test/internal/mudarro/terminal","Test":"TestPresentationCompactTextBaseline","Output":"=== RUN   TestPresentationCompactTextBaseline\n","OutputType":"frame"}
{"Time":"2026-10-06T17:40:09.128492237-03:00","Action":"output","Package":"github.com/viralabs-dev/mudarro/test/internal/mudarro/terminal","Test":"TestPresentationCompactTextBaseline","Output":"--- PASS: TestPresentationCompactTextBaseline (0.00s)\n","OutputType":"frame"}
{"Time":"2026-10-06T17:40:09.128500636-03:00","Action":"pass","Package":"github.com/viralabs-dev/mudarro/test/internal/mudarro/terminal","Test":"TestPresentationCompactTextBaseline","Elapsed":0}
{"Time":"2026-10-06T17:40:09.128503574-03:00","Action":"run","Package":"github.com/viralabs-dev/mudarro/test/internal/mudarro/terminal","Test":"TestConsumerProjectNamesAndWidths"}
{"Time":"2026-10-06T17:40:09.128505069-03:00","Action":"output","Package":"github.com/viralabs-dev/mudarro/test/internal/mudarro/terminal","Test":"TestConsumerProjectNamesAndWidths","Output":"=== RUN   TestConsumerProjectNamesAndWidths\n","OutputType":"frame"}
{"Time":"2026-10-06T17:40:09.12850726-03:00","Action":"run","Package":"github.com/viralabs-dev/mudarro/test/internal/mudarro/terminal","Test":"TestConsumerProjectNamesAndWidths/Atlas_API/rich"}
{"Time":"2026-10-06T17:40:09.128508742-03:00","Action":"output","Package":"github.com/viralabs-dev/mudarro/test/internal/mudarro/terminal","Test":"TestConsumerProjectNamesAndWidths/Atlas_API/rich","Output":"=== RUN   TestConsumerProjectNamesAndWidths/Atlas_API/rich\n","OutputType":"frame"}
{"Time":"2026-10-06T17:40:09.133834163-03:00","Action":"output","Package":"github.com/viralabs-dev/mudarro/test/internal/mudarro/terminal","Test":"TestConsumerProjectNamesAndWidths/Atlas_API/rich","Output":"--- PASS: TestConsumerProjectNamesAndWidths/Atlas_API/rich (0.01s)\n","OutputType":"frame"}
{"Time":"2026-10-06T17:40:09.133865857-03:00","Action":"pass","Package":"github.com/viralabs-dev/mudarro/test/internal/mudarro/terminal","Test":"TestConsumerProjectNamesAndWidths/Atlas_API/rich","Elapsed":0.01}
{"Time":"2026-10-06T17:40:09.133873549-03:00","Action":"run","Package":"github.com/viralabs-dev/mudarro/test/internal/mudarro/terminal","Test":"TestConsumerProjectNamesAndWidths/Atlas_API/narrow"}
{"Time":"2026-10-06T17:40:09.133877316-03:00","Action":"output","Package":"github.com/viralabs-dev/mudarro/test/internal/mudarro/terminal","Test":"TestConsumerProjectNamesAndWidths/Atlas_API/narrow","Output":"=== RUN   TestConsumerProjectNamesAndWidths/Atlas_API/narrow\n","OutputType":"frame"}
{"Time":"2026-10-06T17:40:09.135082894-03:00","Action":"output","Package":"github.com/viralabs-dev/mudarro/test/internal/mudarro/terminal","Test":"TestConsumerProjectNamesAndWidths/Atlas_API/narrow","Output":"--- PASS: TestConsumerProjectNamesAndWidths/Atlas_API/narrow (0.00s)\n","OutputType":"frame"}
{"Time":"2026-10-06T17:40:09.13509473-03:00","Action":"pass","Package":"github.com/viralabs-dev/mudarro/test/internal/mudarro/terminal","Test":"TestConsumerProjectNamesAndWidths/Atlas_API/narrow","Elapsed":0}
{"Time":"2026-10-06T17:40:09.135101529-03:00","Action":"run","Package":"github.com/viralabs-dev/mudarro/test/internal/mudarro/terminal","Test":"TestConsumerProjectNamesAndWidths/Atlas_API/plain"}
{"Time":"2026-10-06T17:40:09.135103136-03:00","Action":"output","Package":"github.com/viralabs-dev/mudarro/test/internal/mudarro/terminal","Test":"TestConsumerProjectNamesAndWidths/Atlas_API/plain","Output":"=== RUN   TestConsumerProjectNamesAndWidths/Atlas_API/plain\n","OutputType":"frame"}
{"Time":"2026-10-06T17:40:09.135268555-03:00","Action":"output","Package":"github.com/viralabs-dev/mudarro/test/internal/mudarro/terminal","Test":"TestConsumerProjectNamesAndWidths/Atlas_API/plain","Output":"--- PASS: TestConsumerProjectNamesAndWidths/Atlas_API/plain (0.00s)\n","OutputType":"frame"}
{"Time":"2026-10-06T17:40:09.135277521-03:00","Action":"pass","Package":"github.com/viralabs-dev/mudarro/test/internal/mudarro/terminal","Test":"TestConsumerProjectNamesAndWidths/Atlas_API/plain","Elapsed":0}
{"Time":"2026-10-06T17:40:09.135291195-03:00","Action":"run","Package":"github.com/viralabs-dev/mudarro/test/internal/mudarro/terminal","Test":"TestConsumerProjectNamesAndWidths/Atlas_API/no-color"}
{"Time":"2026-10-06T17:40:09.135292661-03:00","Action":"output","Package":"github.com/viralabs-dev/mudarro/test/internal/mudarro/terminal","Test":"TestConsumerProjectNamesAndWidths/Atlas_API/no-color","Output":"=== RUN   TestConsumerProjectNamesAndWidths/Atlas_API/no-color\n","OutputType":"frame"}
{"Time":"2026-10-06T17:40:09.136007807-03:00","Action":"output","Package":"github.com/viralabs-dev/mudarro/test/internal/mudarro/terminal","Test":"TestConsumerProjectNamesAndWidths/Atlas_API/no-color","Output":"--- PASS: TestConsumerProjectNamesAndWidths/Atlas_API/no-color (0.00s)\n","OutputType":"frame"}
{"Time":"2026-10-06T17:40:09.136029333-03:00","Action":"pass","Package":"github.com/viralabs-dev/mudarro/test/internal/mudarro/terminal","Test":"TestConsumerProjectNamesAndWidths/Atlas_API/no-color","Elapsed":0}
{"Time":"2026-10-06T17:40:09.13603145-03:00","Action":"run","Package":"github.com/viralabs-dev/mudarro/test/internal/mudarro/terminal","Test":"TestConsumerProjectNamesAndWidths/Aurora/rich"}
{"Time":"2026-10-06T17:40:09.136032975-03:00","Action":"output","Package":"github.com/viralabs-dev/mudarro/test/internal/mudarro/terminal","Test":"TestConsumerProjectNamesAndWidths/Aurora/rich","Output":"=== RUN   TestConsumerProjectNamesAndWidths/Aurora/rich\n","OutputType":"frame"}
{"Time":"2026-10-06T17:40:09.139691641-03:00","Action":"output","Package":"github.com/viralabs-dev/mudarro/test/internal/mudarro/terminal","Test":"TestConsumerProjectNamesAndWidths/Aurora/rich","Output":"--- PASS: TestConsumerProjectNamesAndWidths/Aurora/rich (0.00s)\n","OutputType":"frame"}
{"Time":"2026-10-06T17:40:09.139703843-03:00","Action":"pass","Package":"github.com/viralabs-dev/mudarro/test/internal/mudarro/terminal","Test":"TestConsumerProjectNamesAndWidths/Aurora/rich","Elapsed":0}
{"Time":"2026-10-06T17:40:09.139722385-03:00","Action":"run","Package":"github.com/viralabs-dev/mudarro/test/internal/mudarro/terminal","Test":"TestConsumerProjectNamesAndWidths/Aurora/narrow"}
{"Time":"2026-10-06T17:40:09.139724273-03:00","Action":"output","Package":"github.com/viralabs-dev/mudarro/test/internal/mudarro/terminal","Test":"TestConsumerProjectNamesAndWidths/Aurora/narrow","Output":"=== RUN   TestConsumerProjectNamesAndWidths/Aurora/narrow\n","OutputType":"frame"}
{"Time":"2026-10-06T17:40:09.140311503-03:00","Action":"output","Package":"github.com/viralabs-dev/mudarro/test/internal/mudarro/terminal","Test":"TestConsumerProjectNamesAndWidths/Aurora/narrow","Output":"--- PASS: TestConsumerProjectNamesAndWidths/Aurora/narrow (0.00s)\n","OutputType":"frame"}
{"Time":"2026-10-06T17:40:09.140320945-03:00","Action":"pass","Package":"github.com/viralabs-dev/mudarro/test/internal/mudarro/terminal","Test":"TestConsumerProjectNamesAndWidths/Aurora/narrow","Elapsed":0}
{"Time":"2026-10-06T17:40:09.140337199-03:00","Action":"run","Package":"github.com/viralabs-dev/mudarro/test/internal/mudarro/terminal","Test":"TestConsumerProjectNamesAndWidths/Aurora/plain"}
{"Time":"2026-10-06T17:40:09.140339332-03:00","Action":"output","Package":"github.com/viralabs-dev/mudarro/test/internal/mudarro/terminal","Test":"TestConsumerProjectNamesAndWidths/Aurora/plain","Output":"=== RUN   TestConsumerProjectNamesAndWidths/Aurora/plain\n","OutputType":"frame"}
{"Time":"2026-10-06T17:40:09.140519367-03:00","Action":"output","Package":"github.com/viralabs-dev/mudarro/test/internal/mudarro/terminal","Test":"TestConsumerProjectNamesAndWidths/Aurora/plain","Output":"--- PASS: TestConsumerProjectNamesAndWidths/Aurora/plain (0.00s)\n","OutputType":"frame"}
{"Time":"2026-10-06T17:40:09.140527194-03:00","Action":"pass","Package":"github.com/viralabs-dev/mudarro/test/internal/mudarro/terminal","Test":"TestConsumerProjectNamesAndWidths/Aurora/plain","Elapsed":0}
{"Time":"2026-10-06T17:40:09.140538599-03:00","Action":"run","Package":"github.com/viralabs-dev/mudarro/test/internal/mudarro/terminal","Test":"TestConsumerProjectNamesAndWidths/Aurora/no-color"}
{"Time":"2026-10-06T17:40:09.140540715-03:00","Action":"output","Package":"github.com/viralabs-dev/mudarro/test/internal/mudarro/terminal","Test":"TestConsumerProjectNamesAndWidths/Aurora/no-color","Output":"=== RUN   TestConsumerProjectNamesAndWidths/Aurora/no-color\n","OutputType":"frame"}
{"Time":"2026-10-06T17:40:09.140789098-03:00","Action":"output","Package":"github.com/viralabs-dev/mudarro/test/internal/mudarro/terminal","Test":"TestConsumerProjectNamesAndWidths/Aurora/no-color","Output":"--- PASS: TestConsumerProjectNamesAndWidths/Aurora/no-color (0.00s)\n","OutputType":"frame"}
{"Time":"2026-10-06T17:40:09.14079949-03:00","Action":"pass","Package":"github.com/viralabs-dev/mudarro/test/internal/mudarro/terminal","Test":"TestConsumerProjectNamesAndWidths/Aurora/no-color","Elapsed":0}
{"Time":"2026-10-06T17:40:09.140811645-03:00","Action":"run","Package":"github.com/viralabs-dev/mudarro/test/internal/mudarro/terminal","Test":"TestConsumerProjectNamesAndWidths/mudarro/rich"}
{"Time":"2026-10-06T17:40:09.140813125-03:00","Action":"output","Package":"github.com/viralabs-dev/mudarro/test/internal/mudarro/terminal","Test":"TestConsumerProjectNamesAndWidths/mudarro/rich","Output":"=== RUN   TestConsumerProjectNamesAndWidths/mudarro/rich\n","OutputType":"frame"}
{"Time":"2026-10-06T17:40:09.144962898-03:00","Action":"output","Package":"github.com/viralabs-dev/mudarro/test/internal/mudarro/terminal","Test":"TestConsumerProjectNamesAndWidths/mudarro/rich","Output":"--- PASS: TestConsumerProjectNamesAndWidths/mudarro/rich (0.00s)\n","OutputType":"frame"}
{"Time":"2026-10-06T17:40:09.144970984-03:00","Action":"pass","Package":"github.com/viralabs-dev/mudarro/test/internal/mudarro/terminal","Test":"TestConsumerProjectNamesAndWidths/mudarro/rich","Elapsed":0}
{"Time":"2026-10-06T17:40:09.144973631-03:00","Action":"run","Package":"github.com/viralabs-dev/mudarro/test/internal/mudarro/terminal","Test":"TestConsumerProjectNamesAndWidths/mudarro/narrow"}
{"Time":"2026-10-06T17:40:09.144976028-03:00","Action":"output","Package":"github.com/viralabs-dev/mudarro/test/internal/mudarro/terminal","Test":"TestConsumerProjectNamesAndWidths/mudarro/narrow","Output":"=== RUN   TestConsumerProjectNamesAndWidths/mudarro/narrow\n","OutputType":"frame"}
{"Time":"2026-10-06T17:40:09.145496757-03:00","Action":"output","Package":"github.com/viralabs-dev/mudarro/test/internal/mudarro/terminal","Test":"TestConsumerProjectNamesAndWidths/mudarro/narrow","Output":"--- PASS: TestConsumerProjectNamesAndWidths/mudarro/narrow (0.00s)\n","OutputType":"frame"}
{"Time":"2026-10-06T17:40:09.145499164-03:00","Action":"pass","Package":"github.com/viralabs-dev/mudarro/test/internal/mudarro/terminal","Test":"TestConsumerProjectNamesAndWidths/mudarro/narrow","Elapsed":0}
{"Time":"2026-10-06T17:40:09.145501098-03:00","Action":"run","Package":"github.com/viralabs-dev/mudarro/test/internal/mudarro/terminal","Test":"TestConsumerProjectNamesAndWidths/mudarro/plain"}
{"Time":"2026-10-06T17:40:09.145502702-03:00","Action":"output","Package":"github.com/viralabs-dev/mudarro/test/internal/mudarro/terminal","Test":"TestConsumerProjectNamesAndWidths/mudarro/plain","Output":"=== RUN   TestConsumerProjectNamesAndWidths/mudarro/plain\n","OutputType":"frame"}
{"Time":"2026-10-06T17:40:09.14563459-03:00","Action":"output","Package":"github.com/viralabs-dev/mudarro/test/internal/mudarro/terminal","Test":"TestConsumerProjectNamesAndWidths/mudarro/plain","Output":"--- PASS: TestConsumerProjectNamesAndWidths/mudarro/plain (0.00s)\n","OutputType":"frame"}
{"Time":"2026-10-06T17:40:09.145642565-03:00","Action":"pass","Package":"github.com/viralabs-dev/mudarro/test/internal/mudarro/terminal","Test":"TestConsumerProjectNamesAndWidths/mudarro/plain","Elapsed":0}
{"Time":"2026-10-06T17:40:09.145657392-03:00","Action":"run","Package":"github.com/viralabs-dev/mudarro/test/internal/mudarro/terminal","Test":"TestConsumerProjectNamesAndWidths/mudarro/no-color"}
{"Time":"2026-10-06T17:40:09.145659072-03:00","Action":"output","Package":"github.com/viralabs-dev/mudarro/test/internal/mudarro/terminal","Test":"TestConsumerProjectNamesAndWidths/mudarro/no-color","Output":"=== RUN   TestConsumerProjectNamesAndWidths/mudarro/no-color\n","OutputType":"frame"}
{"Time":"2026-10-06T17:40:09.145905382-03:00","Action":"output","Package":"github.com/viralabs-dev/mudarro/test/internal/mudarro/terminal","Test":"TestConsumerProjectNamesAndWidths/mudarro/no-color","Output":"--- PASS: TestConsumerProjectNamesAndWidths/mudarro/no-color (0.00s)\n","OutputType":"frame"}
{"Time":"2026-10-06T17:40:09.145912137-03:00","Action":"pass","Package":"github.com/viralabs-dev/mudarro/test/internal/mudarro/terminal","Test":"TestConsumerProjectNamesAndWidths/mudarro/no-color","Elapsed":0}
{"Time":"2026-10-06T17:40:09.145924568-03:00","Action":"run","Package":"github.com/viralabs-dev/mudarro/test/internal/mudarro/terminal","Test":"TestConsumerProjectNamesAndWidths/Café_Equipe/rich"}
{"Time":"2026-10-06T17:40:09.14592674-03:00","Action":"output","Package":"github.com/viralabs-dev/mudarro/test/internal/mudarro/terminal","Test":"TestConsumerProjectNamesAndWidths/Café_Equipe/rich","Output":"=== RUN   TestConsumerProjectNamesAndWidths/Café_Equipe/rich\n","OutputType":"frame"}
{"Time":"2026-10-06T17:40:09.146784505-03:00","Action":"output","Package":"github.com/viralabs-dev/mudarro/test/internal/mudarro/terminal","Test":"TestConsumerProjectNamesAndWidths/Café_Equipe/rich","Output":"--- PASS: TestConsumerProjectNamesAndWidths/Café_Equipe/rich (0.00s)\n","OutputType":"frame"}
{"Time":"2026-10-06T17:40:09.146803745-03:00","Action":"pass","Package":"github.com/viralabs-dev/mudarro/test/internal/mudarro/terminal","Test":"TestConsumerProjectNamesAndWidths/Café_Equipe/rich","Elapsed":0}
{"Time":"2026-10-06T17:40:09.146814625-03:00","Action":"run","Package":"github.com/viralabs-dev/mudarro/test/internal/mudarro/terminal","Test":"TestConsumerProjectNamesAndWidths/Café_Equipe/narrow"}
{"Time":"2026-10-06T17:40:09.146818677-03:00","Action":"output","Package":"github.com/viralabs-dev/mudarro/test/internal/mudarro/terminal","Test":"TestConsumerProjectNamesAndWidths/Café_Equipe/narrow","Output":"=== RUN   TestConsumerProjectNamesAndWidths/Café_Equipe/narrow\n","OutputType":"frame"}
{"Time":"2026-10-06T17:40:09.147748407-03:00","Action":"output","Package":"github.com/viralabs-dev/mudarro/test/internal/mudarro/terminal","Test":"TestConsumerProjectNamesAndWidths/Café_Equipe/narrow","Output":"--- PASS: TestConsumerProjectNamesAndWidths/Café_Equipe/narrow (0.00s)\n","OutputType":"frame"}
{"Time":"2026-10-06T17:40:09.147758336-03:00","Action":"pass","Package":"github.com/viralabs-dev/mudarro/test/internal/mudarro/terminal","Test":"TestConsumerProjectNamesAndWidths/Café_Equipe/narrow","Elapsed":0}
{"Time":"2026-10-06T17:40:09.147776855-03:00","Action":"run","Package":"github.com/viralabs-dev/mudarro/test/internal/mudarro/terminal","Test":"TestConsumerProjectNamesAndWidths/Café_Equipe/plain"}
{"Time":"2026-10-06T17:40:09.14778119-03:00","Action":"output","Package":"github.com/viralabs-dev/mudarro/test/internal/mudarro/terminal","Test":"TestConsumerProjectNamesAndWidths/Café_Equipe/plain","Output":"=== RUN   TestConsumerProjectNamesAndWidths/Café_Equipe/plain\n","OutputType":"frame"}
{"Time":"2026-10-06T17:40:09.147973544-03:00","Action":"output","Package":"github.com/viralabs-dev/mudarro/test/internal/mudarro/terminal","Test":"TestConsumerProjectNamesAndWidths/Café_Equipe/plain","Output":"--- PASS: TestConsumerProjectNamesAndWidths/Café_Equipe/plain (0.00s)\n","OutputType":"frame"}
{"Time":"2026-10-06T17:40:09.147981525-03:00","Action":"pass","Package":"github.com/viralabs-dev/mudarro/test/internal/mudarro/terminal","Test":"TestConsumerProjectNamesAndWidths/Café_Equipe/plain","Elapsed":0}
{"Time":"2026-10-06T17:40:09.148122381-03:00","Action":"run","Package":"github.com/viralabs-dev/mudarro/test/internal/mudarro/terminal","Test":"TestConsumerProjectNamesAndWidths/Café_Equipe/no-color"}
{"Time":"2026-10-06T17:40:09.148124489-03:00","Action":"output","Package":"github.com/viralabs-dev/mudarro/test/internal/mudarro/terminal","Test":"TestConsumerProjectNamesAndWidths/Café_Equipe/no-color","Output":"=== RUN   TestConsumerProjectNamesAndWidths/Café_Equipe/no-color\n","OutputType":"frame"}
{"Time":"2026-10-06T17:40:09.148281756-03:00","Action":"output","Package":"github.com/viralabs-dev/mudarro/test/internal/mudarro/terminal","Test":"TestConsumerProjectNamesAndWidths/Café_Equipe/no-color","Output":"--- PASS: TestConsumerProjectNamesAndWidths/Café_Equipe/no-color (0.00s)\n","OutputType":"frame"}
{"Time":"2026-10-06T17:40:09.148286092-03:00","Action":"pass","Package":"github.com/viralabs-dev/mudarro/test/internal/mudarro/terminal","Test":"TestConsumerProjectNamesAndWidths/Café_Equipe/no-color","Elapsed":0}
{"Time":"2026-10-06T17:40:09.148289242-03:00","Action":"run","Package":"github.com/viralabs-dev/mudarro/test/internal/mudarro/terminal","Test":"TestConsumerProjectNamesAndWidths/漢字😀/rich"}
{"Time":"2026-10-06T17:40:09.14829187-03:00","Action":"output","Package":"github.com/viralabs-dev/mudarro/test/internal/mudarro/terminal","Test":"TestConsumerProjectNamesAndWidths/漢字😀/rich","Output":"=== RUN   TestConsumerProjectNamesAndWidths/漢字😀/rich\n","OutputType":"frame"}
{"Time":"2026-10-06T17:40:09.148818531-03:00","Action":"output","Package":"github.com/viralabs-dev/mudarro/test/internal/mudarro/terminal","Test":"TestConsumerProjectNamesAndWidths/漢字😀/rich","Output":"--- PASS: TestConsumerProjectNamesAndWidths/漢字😀/rich (0.00s)\n","OutputType":"frame"}
{"Time":"2026-10-06T17:40:09.148838592-03:00","Action":"pass","Package":"github.com/viralabs-dev/mudarro/test/internal/mudarro/terminal","Test":"TestConsumerProjectNamesAndWidths/漢字😀/rich","Elapsed":0}
{"Time":"2026-10-06T17:40:09.148840742-03:00","Action":"run","Package":"github.com/viralabs-dev/mudarro/test/internal/mudarro/terminal","Test":"TestConsumerProjectNamesAndWidths/漢字😀/narrow"}
{"Time":"2026-10-06T17:40:09.148842068-03:00","Action":"output","Package":"github.com/viralabs-dev/mudarro/test/internal/mudarro/terminal","Test":"TestConsumerProjectNamesAndWidths/漢字😀/narrow","Output":"=== RUN   TestConsumerProjectNamesAndWidths/漢字😀/narrow\n","OutputType":"frame"}
{"Time":"2026-10-06T17:40:09.149533188-03:00","Action":"output","Package":"github.com/viralabs-dev/mudarro/test/internal/mudarro/terminal","Test":"TestConsumerProjectNamesAndWidths/漢字😀/narrow","Output":"--- PASS: TestConsumerProjectNamesAndWidths/漢字😀/narrow (0.00s)\n","OutputType":"frame"}
{"Time":"2026-10-06T17:40:09.149551309-03:00","Action":"pass","Package":"github.com/viralabs-dev/mudarro/test/internal/mudarro/terminal","Test":"TestConsumerProjectNamesAndWidths/漢字😀/narrow","Elapsed":0}
{"Time":"2026-10-06T17:40:09.149568105-03:00","Action":"run","Package":"github.com/viralabs-dev/mudarro/test/internal/mudarro/terminal","Test":"TestConsumerProjectNamesAndWidths/漢字😀/plain"}
{"Time":"2026-10-06T17:40:09.149572587-03:00","Action":"output","Package":"github.com/viralabs-dev/mudarro/test/internal/mudarro/terminal","Test":"TestConsumerProjectNamesAndWidths/漢字😀/plain","Output":"=== RUN   TestConsumerProjectNamesAndWidths/漢字😀/plain\n","OutputType":"frame"}
{"Time":"2026-10-06T17:40:09.149710544-03:00","Action":"output","Package":"github.com/viralabs-dev/mudarro/test/internal/mudarro/terminal","Test":"TestConsumerProjectNamesAndWidths/漢字😀/plain","Output":"--- PASS: TestConsumerProjectNamesAndWidths/漢字😀/plain (0.00s)\n","OutputType":"frame"}
{"Time":"2026-10-06T17:40:09.149718087-03:00","Action":"pass","Package":"github.com/viralabs-dev/mudarro/test/internal/mudarro/terminal","Test":"TestConsumerProjectNamesAndWidths/漢字😀/plain","Elapsed":0}
{"Time":"2026-10-06T17:40:09.149732365-03:00","Action":"run","Package":"github.com/viralabs-dev/mudarro/test/internal/mudarro/terminal","Test":"TestConsumerProjectNamesAndWidths/漢字😀/no-color"}
{"Time":"2026-10-06T17:40:09.149734081-03:00","Action":"output","Package":"github.com/viralabs-dev/mudarro/test/internal/mudarro/terminal","Test":"TestConsumerProjectNamesAndWidths/漢字😀/no-color","Output":"=== RUN   TestConsumerProjectNamesAndWidths/漢字😀/no-color\n","OutputType":"frame"}
{"Time":"2026-10-06T17:40:09.150082437-03:00","Action":"output","Package":"github.com/viralabs-dev/mudarro/test/internal/mudarro/terminal","Test":"TestConsumerProjectNamesAndWidths/漢字😀/no-color","Output":"--- PASS: TestConsumerProjectNamesAndWidths/漢字😀/no-color (0.00s)\n","OutputType":"frame"}
{"Time":"2026-10-06T17:40:09.150099077-03:00","Action":"pass","Package":"github.com/viralabs-dev/mudarro/test/internal/mudarro/terminal","Test":"TestConsumerProjectNamesAndWidths/漢字😀/no-color","Elapsed":0}
{"Time":"2026-10-06T17:40:09.150114316-03:00","Action":"run","Package":"github.com/viralabs-dev/mudarro/test/internal/mudarro/terminal","Test":"TestConsumerProjectNamesAndWidths/Equipe_com_um_nome_de_projeto_muito_longo/rich"}
{"Time":"2026-10-06T17:40:09.150119339-03:00","Action":"output","Package":"github.com/viralabs-dev/mudarro/test/internal/mudarro/terminal","Test":"TestConsumerProjectNamesAndWidths/Equipe_com_um_nome_de_projeto_muito_longo/rich","Output":"=== RUN   TestConsumerProjectNamesAndWidths/Equipe_com_um_nome_de_projeto_muito_longo/rich\n","OutputType":"frame"}
{"Time":"2026-10-06T17:40:09.151472972-03:00","Action":"output","Package":"github.com/viralabs-dev/mudarro/test/internal/mudarro/terminal","Test":"TestConsumerProjectNamesAndWidths/Equipe_com_um_nome_de_projeto_muito_longo/rich","Output":"--- PASS: TestConsumerProjectNamesAndWidths/Equipe_com_um_nome_de_projeto_muito_longo/rich (0.00s)\n","OutputType":"frame"}
{"Time":"2026-10-06T17:40:09.151495238-03:00","Action":"pass","Package":"github.com/viralabs-dev/mudarro/test/internal/mudarro/terminal","Test":"TestConsumerProjectNamesAndWidths/Equipe_com_um_nome_de_projeto_muito_longo/rich","Elapsed":0}
{"Time":"2026-10-06T17:40:09.151510552-03:00","Action":"run","Package":"github.com/viralabs-dev/mudarro/test/internal/mudarro/terminal","Test":"TestConsumerProjectNamesAndWidths/Equipe_com_um_nome_de_projeto_muito_longo/narrow"}
{"Time":"2026-10-06T17:40:09.151514759-03:00","Action":"output","Package":"github.com/viralabs-dev/mudarro/test/internal/mudarro/terminal","Test":"TestConsumerProjectNamesAndWidths/Equipe_com_um_nome_de_projeto_muito_longo/narrow","Output":"=== RUN   TestConsumerProjectNamesAndWidths/Equipe_com_um_nome_de_projeto_muito_longo/narrow\n","OutputType":"frame"}
{"Time":"2026-10-06T17:40:09.152458357-03:00","Action":"output","Package":"github.com/viralabs-dev/mudarro/test/internal/mudarro/terminal","Test":"TestConsumerProjectNamesAndWidths/Equipe_com_um_nome_de_projeto_muito_longo/narrow","Output":"--- PASS: TestConsumerProjectNamesAndWidths/Equipe_com_um_nome_de_projeto_muito_longo/narrow (0.00s)\n","OutputType":"frame"}
{"Time":"2026-10-06T17:40:09.152468346-03:00","Action":"pass","Package":"github.com/viralabs-dev/mudarro/test/internal/mudarro/terminal","Test":"TestConsumerProjectNamesAndWidths/Equipe_com_um_nome_de_projeto_muito_longo/narrow","Elapsed":0}
{"Time":"2026-10-06T17:40:09.152472055-03:00","Action":"run","Package":"github.com/viralabs-dev/mudarro/test/internal/mudarro/terminal","Test":"TestConsumerProjectNamesAndWidths/Equipe_com_um_nome_de_projeto_muito_longo/plain"}
{"Time":"2026-10-06T17:40:09.152474002-03:00","Action":"output","Package":"github.com/viralabs-dev/mudarro/test/internal/mudarro/terminal","Test":"TestConsumerProjectNamesAndWidths/Equipe_com_um_nome_de_projeto_muito_longo/plain","Output":"=== RUN   TestConsumerProjectNamesAndWidths/Equipe_com_um_nome_de_projeto_muito_longo/plain\n","OutputType":"frame"}
{"Time":"2026-10-06T17:40:09.152762692-03:00","Action":"output","Package":"github.com/viralabs-dev/mudarro/test/internal/mudarro/terminal","Test":"TestConsumerProjectNamesAndWidths/Equipe_com_um_nome_de_projeto_muito_longo/plain","Output":"--- PASS: TestConsumerProjectNamesAndWidths/Equipe_com_um_nome_de_projeto_muito_longo/plain (0.00s)\n","OutputType":"frame"}
{"Time":"2026-10-06T17:40:09.152770275-03:00","Action":"pass","Package":"github.com/viralabs-dev/mudarro/test/internal/mudarro/terminal","Test":"TestConsumerProjectNamesAndWidths/Equipe_com_um_nome_de_projeto_muito_longo/plain","Elapsed":0}
{"Time":"2026-10-06T17:40:09.152809297-03:00","Action":"run","Package":"github.com/viralabs-dev/mudarro/test/internal/mudarro/terminal","Test":"TestConsumerProjectNamesAndWidths/Equipe_com_um_nome_de_projeto_muito_longo/no-color"}
{"Time":"2026-10-06T17:40:09.152815489-03:00","Action":"output","Package":"github.com/viralabs-dev/mudarro/test/internal/mudarro/terminal","Test":"TestConsumerProjectNamesAndWidths/Equipe_com_um_nome_de_projeto_muito_longo/no-color","Output":"=== RUN   TestConsumerProjectNamesAndWidths/Equipe_com_um_nome_de_projeto_muito_longo/no-color\n","OutputType":"frame"}
{"Time":"2026-10-06T17:40:09.153222436-03:00","Action":"output","Package":"github.com/viralabs-dev/mudarro/test/internal/mudarro/terminal","Test":"TestConsumerProjectNamesAndWidths/Equipe_com_um_nome_de_projeto_muito_longo/no-color","Output":"--- PASS: TestConsumerProjectNamesAndWidths/Equipe_com_um_nome_de_projeto_muito_longo/no-color (0.00s)\n","OutputType":"frame"}
{"Time":"2026-10-06T17:40:09.153235036-03:00","Action":"pass","Package":"github.com/viralabs-dev/mudarro/test/internal/mudarro/terminal","Test":"TestConsumerProjectNamesAndWidths/Equipe_com_um_nome_de_projeto_muito_longo/no-color","Elapsed":0}
{"Time":"2026-10-06T17:40:09.153265598-03:00","Action":"run","Package":"github.com/viralabs-dev/mudarro/test/internal/mudarro/terminal","Test":"TestConsumerProjectNamesAndWidths/Atlas\\x1b]52;secret\\a_/rich"}
{"Time":"2026-10-06T17:40:09.153267583-03:00","Action":"output","Package":"github.com/viralabs-dev/mudarro/test/internal/mudarro/terminal","Test":"TestConsumerProjectNamesAndWidths/Atlas\\x1b]52;secret\\a_/rich","Output":"=== RUN   TestConsumerProjectNamesAndWidths/Atlas\\x1b]52;secret\\a_/rich\n","OutputType":"frame"}
{"Time":"2026-10-06T17:40:09.153807868-03:00","Action":"output","Package":"github.com/viralabs-dev/mudarro/test/internal/mudarro/terminal","Test":"TestConsumerProjectNamesAndWidths/Atlas\\x1b]52;secret\\a_/rich","Output":"--- PASS: TestConsumerProjectNamesAndWidths/Atlas\\x1b]52;secret\\a_/rich (0.00s)\n","OutputType":"frame"}
{"Time":"2026-10-06T17:40:09.153819528-03:00","Action":"pass","Package":"github.com/viralabs-dev/mudarro/test/internal/mudarro/terminal","Test":"TestConsumerProjectNamesAndWidths/Atlas\\x1b]52;secret\\a_/rich","Elapsed":0}
{"Time":"2026-10-06T17:40:09.153855116-03:00","Action":"run","Package":"github.com/viralabs-dev/mudarro/test/internal/mudarro/terminal","Test":"TestConsumerProjectNamesAndWidths/Atlas\\x1b]52;secret\\a_/narrow"}
{"Time":"2026-10-06T17:40:09.153857294-03:00","Action":"output","Package":"github.com/viralabs-dev/mudarro/test/internal/mudarro/terminal","Test":"TestConsumerProjectNamesAndWidths/Atlas\\x1b]52;secret\\a_/narrow","Output":"=== RUN   TestConsumerProjectNamesAndWidths/Atlas\\x1b]52;secret\\a_/narrow\n","OutputType":"frame"}
{"Time":"2026-10-06T17:40:09.154523247-03:00","Action":"output","Package":"github.com/viralabs-dev/mudarro/test/internal/mudarro/terminal","Test":"TestConsumerProjectNamesAndWidths/Atlas\\x1b]52;secret\\a_/narrow","Output":"--- PASS: TestConsumerProjectNamesAndWidths/Atlas\\x1b]52;secret\\a_/narrow (0.00s)\n","OutputType":"frame"}
{"Time":"2026-10-06T17:40:09.154532485-03:00","Action":"pass","Package":"github.com/viralabs-dev/mudarro/test/internal/mudarro/terminal","Test":"TestConsumerProjectNamesAndWidths/Atlas\\x1b]52;secret\\a_/narrow","Elapsed":0}
{"Time":"2026-10-06T17:40:09.1545369-03:00","Action":"run","Package":"github.com/viralabs-dev/mudarro/test/internal/mudarro/terminal","Test":"TestConsumerProjectNamesAndWidths/Atlas\\x1b]52;secret\\a_/plain"}
{"Time":"2026-10-06T17:40:09.154538712-03:00","Action":"output","Package":"github.com/viralabs-dev/mudarro/test/internal/mudarro/terminal","Test":"TestConsumerProjectNamesAndWidths/Atlas\\x1b]52;secret\\a_/plain","Output":"=== RUN   TestConsumerProjectNamesAndWidths/Atlas\\x1b]52;secret\\a_/plain\n","OutputType":"frame"}
{"Time":"2026-10-06T17:40:09.15466629-03:00","Action":"output","Package":"github.com/viralabs-dev/mudarro/test/internal/mudarro/terminal","Test":"TestConsumerProjectNamesAndWidths/Atlas\\x1b]52;secret\\a_/plain","Output":"--- PASS: TestConsumerProjectNamesAndWidths/Atlas\\x1b]52;secret\\a_/plain (0.00s)\n","OutputType":"frame"}
{"Time":"2026-10-06T17:40:09.154678214-03:00","Action":"pass","Package":"github.com/viralabs-dev/mudarro/test/internal/mudarro/terminal","Test":"TestConsumerProjectNamesAndWidths/Atlas\\x1b]52;secret\\a_/plain","Elapsed":0}
{"Time":"2026-10-06T17:40:09.154693352-03:00","Action":"run","Package":"github.com/viralabs-dev/mudarro/test/internal/mudarro/terminal","Test":"TestConsumerProjectNamesAndWidths/Atlas\\x1b]52;secret\\a_/no-color"}
{"Time":"2026-10-06T17:40:09.154695177-03:00","Action":"output","Package":"github.com/viralabs-dev/mudarro/test/internal/mudarro/terminal","Test":"TestConsumerProjectNamesAndWidths/Atlas\\x1b]52;secret\\a_/no-color","Output":"=== RUN   TestConsumerProjectNamesAndWidths/Atlas\\x1b]52;secret\\a_/no-color\n","OutputType":"frame"}
{"Time":"2026-10-06T17:40:09.154972102-03:00","Action":"output","Package":"github.com/viralabs-dev/mudarro/test/internal/mudarro/terminal","Test":"TestConsumerProjectNamesAndWidths/Atlas\\x1b]52;secret\\a_/no-color","Output":"--- PASS: TestConsumerProjectNamesAndWidths/Atlas\\x1b]52;secret\\a_/no-color (0.00s)\n","OutputType":"frame"}
{"Time":"2026-10-06T17:40:09.154982757-03:00","Action":"pass","Package":"github.com/viralabs-dev/mudarro/test/internal/mudarro/terminal","Test":"TestConsumerProjectNamesAndWidths/Atlas\\x1b]52;secret\\a_/no-color","Elapsed":0}
{"Time":"2026-10-06T17:40:09.155000144-03:00","Action":"output","Package":"github.com/viralabs-dev/mudarro/test/internal/mudarro/terminal","Test":"TestConsumerProjectNamesAndWidths","Output":"--- PASS: TestConsumerProjectNamesAndWidths (0.03s)\n","OutputType":"frame"}
{"Time":"2026-10-06T17:40:09.155022145-03:00","Action":"pass","Package":"github.com/viralabs-dev/mudarro/test/internal/mudarro/terminal","Test":"TestConsumerProjectNamesAndWidths","Elapsed":0.03}
{"Time":"2026-10-06T17:40:09.155026153-03:00","Action":"run","Package":"github.com/viralabs-dev/mudarro/test/internal/mudarro/terminal","Test":"TestShellInputCancelRestoreAndRepeat"}
{"Time":"2026-10-06T17:40:09.155027573-03:00","Action":"output","Package":"github.com/viralabs-dev/mudarro/test/internal/mudarro/terminal","Test":"TestShellInputCancelRestoreAndRepeat","Output":"=== RUN   TestShellInputCancelRestoreAndRepeat\n","OutputType":"frame"}
{"Time":"2026-10-06T17:40:09.155971167-03:00","Action":"output","Package":"github.com/viralabs-dev/mudarro/test/internal/mudarro/terminal","Test":"TestShellInputCancelRestoreAndRepeat","Output":"--- PASS: TestShellInputCancelRestoreAndRepeat (0.00s)\n","OutputType":"frame"}
{"Time":"2026-10-06T17:40:09.155975905-03:00","Action":"pass","Package":"github.com/viralabs-dev/mudarro/test/internal/mudarro/terminal","Test":"TestShellInputCancelRestoreAndRepeat","Elapsed":0}
{"Time":"2026-10-06T17:40:09.155989369-03:00","Action":"run","Package":"github.com/viralabs-dev/mudarro/test/internal/mudarro/terminal","Test":"TestTerminalStyleResetsAndPlainFallback"}
{"Time":"2026-10-06T17:40:09.155991296-03:00","Action":"output","Package":"github.com/viralabs-dev/mudarro/test/internal/mudarro/terminal","Test":"TestTerminalStyleResetsAndPlainFallback","Output":"=== RUN   TestTerminalStyleResetsAndPlainFallback\n","OutputType":"frame"}
{"Time":"2026-10-06T17:40:09.15614345-03:00","Action":"output","Package":"github.com/viralabs-dev/mudarro/test/internal/mudarro/terminal","Test":"TestTerminalStyleResetsAndPlainFallback","Output":"--- PASS: TestTerminalStyleResetsAndPlainFallback (0.00s)\n","OutputType":"frame"}
{"Time":"2026-10-06T17:40:09.15615189-03:00","Action":"pass","Package":"github.com/viralabs-dev/mudarro/test/internal/mudarro/terminal","Test":"TestTerminalStyleResetsAndPlainFallback","Elapsed":0}
{"Time":"2026-10-06T17:40:09.156163589-03:00","Action":"run","Package":"github.com/viralabs-dev/mudarro/test/internal/mudarro/terminal","Test":"TestBannerNarrowWidthAndControlSanitization"}
{"Time":"2026-10-06T17:40:09.156165248-03:00","Action":"output","Package":"github.com/viralabs-dev/mudarro/test/internal/mudarro/terminal","Test":"TestBannerNarrowWidthAndControlSanitization","Output":"=== RUN   TestBannerNarrowWidthAndControlSanitization\n","OutputType":"frame"}
{"Time":"2026-10-06T17:40:09.156326423-03:00","Action":"output","Package":"github.com/viralabs-dev/mudarro/test/internal/mudarro/terminal","Test":"TestBannerNarrowWidthAndControlSanitization","Output":"--- PASS: TestBannerNarrowWidthAndControlSanitization (0.00s)\n","OutputType":"frame"}
{"Time":"2026-10-06T17:40:09.156333434-03:00","Action":"pass","Package":"github.com/viralabs-dev/mudarro/test/internal/mudarro/terminal","Test":"TestBannerNarrowWidthAndControlSanitization","Elapsed":0}
{"Time":"2026-10-06T17:40:09.156342538-03:00","Action":"run","Package":"github.com/viralabs-dev/mudarro/test/internal/mudarro/terminal","Test":"TestColorPolicy"}
{"Time":"2026-10-06T17:40:09.156344517-03:00","Action":"output","Package":"github.com/viralabs-dev/mudarro/test/internal/mudarro/terminal","Test":"TestColorPolicy","Output":"=== RUN   TestColorPolicy\n","OutputType":"frame"}
{"Time":"2026-10-06T17:40:09.156361117-03:00","Action":"run","Package":"github.com/viralabs-dev/mudarro/test/internal/mudarro/terminal","Test":"TestColorPolicy/tty"}
{"Time":"2026-10-06T17:40:09.15636694-03:00","Action":"output","Package":"github.com/viralabs-dev/mudarro/test/internal/mudarro/terminal","Test":"TestColorPolicy/tty","Output":"=== RUN   TestColorPolicy/tty\n","OutputType":"frame"}
{"Time":"2026-10-06T17:40:09.156500475-03:00","Action":"output","Package":"github.com/viralabs-dev/mudarro/test/internal/mudarro/terminal","Test":"TestColorPolicy/tty","Output":"--- PASS: TestColorPolicy/tty (0.00s)\n","OutputType":"frame"}
{"Time":"2026-10-06T17:40:09.156510987-03:00","Action":"pass","Package":"github.com/viralabs-dev/mudarro/test/internal/mudarro/terminal","Test":"TestColorPolicy/tty","Elapsed":0}
{"Time":"2026-10-06T17:40:09.156514038-03:00","Action":"run","Package":"github.com/viralabs-dev/mudarro/test/internal/mudarro/terminal","Test":"TestColorPolicy/pipe"}
{"Time":"2026-10-06T17:40:09.156515514-03:00","Action":"output","Package":"github.com/viralabs-dev/mudarro/test/internal/mudarro/terminal","Test":"TestColorPolicy/pipe","Output":"=== RUN   TestColorPolicy/pipe\n","OutputType":"frame"}
{"Time":"2026-10-06T17:40:09.156551041-03:00","Action":"output","Package":"github.com/viralabs-dev/mudarro/test/internal/mudarro/terminal","Test":"TestColorPolicy/pipe","Output":"--- PASS: TestColorPolicy/pipe (0.00s)\n","OutputType":"frame"}
{"Time":"2026-10-06T17:40:09.156557947-03:00","Action":"pass","Package":"github.com/viralabs-dev/mudarro/test/internal/mudarro/terminal","Test":"TestColorPolicy/pipe","Elapsed":0}
{"Time":"2026-10-06T17:40:09.156565888-03:00","Action":"run","Package":"github.com/viralabs-dev/mudarro/test/internal/mudarro/terminal","Test":"TestColorPolicy/dumb"}
{"Time":"2026-10-06T17:40:09.156567527-03:00","Action":"output","Package":"github.com/viralabs-dev/mudarro/test/internal/mudarro/terminal","Test":"TestColorPolicy/dumb","Output":"=== RUN   TestColorPolicy/dumb\n","OutputType":"frame"}
{"Time":"2026-10-06T17:40:09.156662354-03:00","Action":"output","Package":"github.com/viralabs-dev/mudarro/test/internal/mudarro/terminal","Test":"TestColorPolicy/dumb","Output":"--- PASS: TestColorPolicy/dumb (0.00s)\n","OutputType":"frame"}
{"Time":"2026-10-06T17:40:09.156667313-03:00","Action":"pass","Package":"github.com/viralabs-dev/mudarro/test/internal/mudarro/terminal","Test":"TestColorPolicy/dumb","Elapsed":0}
{"Time":"2026-10-06T17:40:09.156677928-03:00","Action":"run","Package":"github.com/viralabs-dev/mudarro/test/internal/mudarro/terminal","Test":"TestColorPolicy/unset-term"}
{"Time":"2026-10-06T17:40:09.156680397-03:00","Action":"output","Package":"github.com/viralabs-dev/mudarro/test/internal/mudarro/terminal","Test":"TestColorPolicy/unset-term","Output":"=== RUN   TestColorPolicy/unset-term\n","OutputType":"frame"}
{"Time":"2026-10-06T17:40:09.156769121-03:00","Action":"output","Package":"github.com/viralabs-dev/mudarro/test/internal/mudarro/terminal","Test":"TestColorPolicy/unset-term","Output":"--- PASS: TestColorPolicy/unset-term (0.00s)\n","OutputType":"frame"}
{"Time":"2026-10-06T17:40:09.156773588-03:00","Action":"pass","Package":"github.com/viralabs-dev/mudarro/test/internal/mudarro/terminal","Test":"TestColorPolicy/unset-term","Elapsed":0}
{"Time":"2026-10-06T17:40:09.156781524-03:00","Action":"run","Package":"github.com/viralabs-dev/mudarro/test/internal/mudarro/terminal","Test":"TestColorPolicy/no-color"}
{"Time":"2026-10-06T17:40:09.156783197-03:00","Action":"output","Package":"github.com/viralabs-dev/mudarro/test/internal/mudarro/terminal","Test":"TestColorPolicy/no-color","Output":"=== RUN   TestColorPolicy/no-color\n","OutputType":"frame"}
{"Time":"2026-10-06T17:40:09.156897851-03:00","Action":"output","Package":"github.com/viralabs-dev/mudarro/test/internal/mudarro/terminal","Test":"TestColorPolicy/no-color","Output":"--- PASS: TestColorPolicy/no-color (0.00s)\n","OutputType":"frame"}
{"Time":"2026-10-06T17:40:09.156907605-03:00","Action":"pass","Package":"github.com/viralabs-dev/mudarro/test/internal/mudarro/terminal","Test":"TestColorPolicy/no-color","Elapsed":0}
{"Time":"2026-10-06T17:40:09.15692066-03:00","Action":"run","Package":"github.com/viralabs-dev/mudarro/test/internal/mudarro/terminal","Test":"TestColorPolicy/zero-no-color"}
{"Time":"2026-10-06T17:40:09.156922363-03:00","Action":"output","Package":"github.com/viralabs-dev/mudarro/test/internal/mudarro/terminal","Test":"TestColorPolicy/zero-no-color","Output":"=== RUN   TestColorPolicy/zero-no-color\n","OutputType":"frame"}
{"Time":"2026-10-06T17:40:09.157061439-03:00","Action":"output","Package":"github.com/viralabs-dev/mudarro/test/internal/mudarro/terminal","Test":"TestColorPolicy/zero-no-color","Output":"--- PASS: TestColorPolicy/zero-no-color (0.00s)\n","OutputType":"frame"}
{"Time":"2026-10-06T17:40:09.157071321-03:00","Action":"pass","Package":"github.com/viralabs-dev/mudarro/test/internal/mudarro/terminal","Test":"TestColorPolicy/zero-no-color","Elapsed":0}
{"Time":"2026-10-06T17:40:09.157085248-03:00","Action":"output","Package":"github.com/viralabs-dev/mudarro/test/internal/mudarro/terminal","Test":"TestColorPolicy","Output":"--- PASS: TestColorPolicy (0.00s)\n","OutputType":"frame"}
{"Time":"2026-10-06T17:40:09.157092528-03:00","Action":"pass","Package":"github.com/viralabs-dev/mudarro/test/internal/mudarro/terminal","Test":"TestColorPolicy","Elapsed":0}
{"Time":"2026-10-06T17:40:09.157101976-03:00","Action":"run","Package":"github.com/viralabs-dev/mudarro/test/internal/mudarro/terminal","Test":"TestDevNullIsNotTerminal"}
{"Time":"2026-10-06T17:40:09.157103623-03:00","Action":"output","Package":"github.com/viralabs-dev/mudarro/test/internal/mudarro/terminal","Test":"TestDevNullIsNotTerminal","Output":"=== RUN   TestDevNullIsNotTerminal\n","OutputType":"frame"}
{"Time":"2026-10-06T17:40:09.157147943-03:00","Action":"output","Package":"github.com/viralabs-dev/mudarro/test/internal/mudarro/terminal","Test":"TestDevNullIsNotTerminal","Output":"--- PASS: TestDevNullIsNotTerminal (0.00s)\n","OutputType":"frame"}
{"Time":"2026-10-06T17:40:09.157155258-03:00","Action":"pass","Package":"github.com/viralabs-dev/mudarro/test/internal/mudarro/terminal","Test":"TestDevNullIsNotTerminal","Elapsed":0}
{"Time":"2026-10-06T17:40:09.15716311-03:00","Action":"run","Package":"github.com/viralabs-dev/mudarro/test/internal/mudarro/terminal","Test":"TestUnicodeResizeKnownCellsStayInsideNarrowMenu"}
{"Time":"2026-10-06T17:40:09.157165621-03:00","Action":"output","Package":"github.com/viralabs-dev/mudarro/test/internal/mudarro/terminal","Test":"TestUnicodeResizeKnownCellsStayInsideNarrowMenu","Output":"=== RUN   TestUnicodeResizeKnownCellsStayInsideNarrowMenu\n","OutputType":"frame"}
{"Time":"2026-10-06T17:40:09.157184058-03:00","Action":"run","Package":"github.com/viralabs-dev/mudarro/test/internal/mudarro/terminal","Test":"TestUnicodeResizeKnownCellsStayInsideNarrowMenu/cjk/NO_COLOR="}
{"Time":"2026-10-06T17:40:09.157185894-03:00","Action":"output","Package":"github.com/viralabs-dev/mudarro/test/internal/mudarro/terminal","Test":"TestUnicodeResizeKnownCellsStayInsideNarrowMenu/cjk/NO_COLOR=","Output":"=== RUN   TestUnicodeResizeKnownCellsStayInsideNarrowMenu/cjk/NO_COLOR=\n","OutputType":"frame"}
{"Time":"2026-10-06T17:40:09.158208577-03:00","Action":"output","Package":"github.com/viralabs-dev/mudarro/test/internal/mudarro/terminal","Test":"TestUnicodeResizeKnownCellsStayInsideNarrowMenu/cjk/NO_COLOR=","Output":"--- PASS: TestUnicodeResizeKnownCellsStayInsideNarrowMenu/cjk/NO_COLOR= (0.00s)\n","OutputType":"frame"}
{"Time":"2026-10-06T17:40:09.158217163-03:00","Action":"pass","Package":"github.com/viralabs-dev/mudarro/test/internal/mudarro/terminal","Test":"TestUnicodeResizeKnownCellsStayInsideNarrowMenu/cjk/NO_COLOR=","Elapsed":0}
{"Time":"2026-10-06T17:40:09.158268343-03:00","Action":"run","Package":"github.com/viralabs-dev/mudarro/test/internal/mudarro/terminal","Test":"TestUnicodeResizeKnownCellsStayInsideNarrowMenu/cjk/NO_COLOR=1"}
{"Time":"2026-10-06T17:40:09.158270657-03:00","Action":"output","Package":"github.com/viralabs-dev/mudarro/test/internal/mudarro/terminal","Test":"TestUnicodeResizeKnownCellsStayInsideNarrowMenu/cjk/NO_COLOR=1","Output":"=== RUN   TestUnicodeResizeKnownCellsStayInsideNarrowMenu/cjk/NO_COLOR=1\n","OutputType":"frame"}
{"Time":"2026-10-06T17:40:09.158846794-03:00","Action":"output","Package":"github.com/viralabs-dev/mudarro/test/internal/mudarro/terminal","Test":"TestUnicodeResizeKnownCellsStayInsideNarrowMenu/cjk/NO_COLOR=1","Output":"--- PASS: TestUnicodeResizeKnownCellsStayInsideNarrowMenu/cjk/NO_COLOR=1 (0.00s)\n","OutputType":"frame"}
{"Time":"2026-10-06T17:40:09.158864151-03:00","Action":"pass","Package":"github.com/viralabs-dev/mudarro/test/internal/mudarro/terminal","Test":"TestUnicodeResizeKnownCellsStayInsideNarrowMenu/cjk/NO_COLOR=1","Elapsed":0}
{"Time":"2026-10-06T17:40:09.158879808-03:00","Action":"run","Package":"github.com/viralabs-dev/mudarro/test/internal/mudarro/terminal","Test":"TestUnicodeResizeKnownCellsStayInsideNarrowMenu/fullwidth-letters/NO_COLOR="}
{"Time":"2026-10-06T17:40:09.158885744-03:00","Action":"output","Package":"github.com/viralabs-dev/mudarro/test/internal/mudarro/terminal","Test":"TestUnicodeResizeKnownCellsStayInsideNarrowMenu/fullwidth-letters/NO_COLOR=","Output":"=== RUN   TestUnicodeResizeKnownCellsStayInsideNarrowMenu/fullwidth-letters/NO_COLOR=\n","OutputType":"frame"}
{"Time":"2026-10-06T17:40:09.159781462-03:00","Action":"output","Package":"github.com/viralabs-dev/mudarro/test/internal/mudarro/terminal","Test":"TestUnicodeResizeKnownCellsStayInsideNarrowMenu/fullwidth-letters/NO_COLOR=","Output":"--- PASS: TestUnicodeResizeKnownCellsStayInsideNarrowMenu/fullwidth-letters/NO_COLOR= (0.00s)\n","OutputType":"frame"}
{"Time":"2026-10-06T17:40:09.159790797-03:00","Action":"pass","Package":"github.com/viralabs-dev/mudarro/test/internal/mudarro/terminal","Test":"TestUnicodeResizeKnownCellsStayInsideNarrowMenu/fullwidth-letters/NO_COLOR=","Elapsed":0}
{"Time":"2026-10-06T17:40:09.159804173-03:00","Action":"run","Package":"github.com/viralabs-dev/mudarro/test/internal/mudarro/terminal","Test":"TestUnicodeResizeKnownCellsStayInsideNarrowMenu/fullwidth-letters/NO_COLOR=1"}
{"Time":"2026-10-06T17:40:09.159806509-03:00","Action":"output","Package":"github.com/viralabs-dev/mudarro/test/internal/mudarro/terminal","Test":"TestUnicodeResizeKnownCellsStayInsideNarrowMenu/fullwidth-letters/NO_COLOR=1","Output":"=== RUN   TestUnicodeResizeKnownCellsStayInsideNarrowMenu/fullwidth-letters/NO_COLOR=1\n","OutputType":"frame"}
{"Time":"2026-10-06T17:40:09.160325343-03:00","Action":"output","Package":"github.com/viralabs-dev/mudarro/test/internal/mudarro/terminal","Test":"TestUnicodeResizeKnownCellsStayInsideNarrowMenu/fullwidth-letters/NO_COLOR=1","Output":"--- PASS: TestUnicodeResizeKnownCellsStayInsideNarrowMenu/fullwidth-letters/NO_COLOR=1 (0.00s)\n","OutputType":"frame"}
{"Time":"2026-10-06T17:40:09.160336417-03:00","Action":"pass","Package":"github.com/viralabs-dev/mudarro/test/internal/mudarro/terminal","Test":"TestUnicodeResizeKnownCellsStayInsideNarrowMenu/fullwidth-letters/NO_COLOR=1","Elapsed":0}
{"Time":"2026-10-06T17:40:09.160340697-03:00","Action":"run","Package":"github.com/viralabs-dev/mudarro/test/internal/mudarro/terminal","Test":"TestUnicodeResizeKnownCellsStayInsideNarrowMenu/combining/NO_COLOR="}
{"Time":"2026-10-06T17:40:09.160342374-03:00","Action":"output","Package":"github.com/viralabs-dev/mudarro/test/internal/mudarro/terminal","Test":"TestUnicodeResizeKnownCellsStayInsideNarrowMenu/combining/NO_COLOR=","Output":"=== RUN   TestUnicodeResizeKnownCellsStayInsideNarrowMenu/combining/NO_COLOR=\n","OutputType":"frame"}
{"Time":"2026-10-06T17:40:09.161270725-03:00","Action":"output","Package":"github.com/viralabs-dev/mudarro/test/internal/mudarro/terminal","Test":"TestUnicodeResizeKnownCellsStayInsideNarrowMenu/combining/NO_COLOR=","Output":"--- PASS: TestUnicodeResizeKnownCellsStayInsideNarrowMenu/combining/NO_COLOR= (0.00s)\n","OutputType":"frame"}
{"Time":"2026-10-06T17:40:09.161292581-03:00","Action":"pass","Package":"github.com/viralabs-dev/mudarro/test/internal/mudarro/terminal","Test":"TestUnicodeResizeKnownCellsStayInsideNarrowMenu/combining/NO_COLOR=","Elapsed":0}
{"Time":"2026-10-06T17:40:09.161314558-03:00","Action":"run","Package":"github.com/viralabs-dev/mudarro/test/internal/mudarro/terminal","Test":"TestUnicodeResizeKnownCellsStayInsideNarrowMenu/combining/NO_COLOR=1"}
{"Time":"2026-10-06T17:40:09.161333188-03:00","Action":"output","Package":"github.com/viralabs-dev/mudarro/test/internal/mudarro/terminal","Test":"TestUnicodeResizeKnownCellsStayInsideNarrowMenu/combining/NO_COLOR=1","Output":"=== RUN   TestUnicodeResizeKnownCellsStayInsideNarrowMenu/combining/NO_COLOR=1\n","OutputType":"frame"}
{"Time":"2026-10-06T17:40:09.161802571-03:00","Action":"output","Package":"github.com/viralabs-dev/mudarro/test/internal/mudarro/terminal","Test":"TestUnicodeResizeKnownCellsStayInsideNarrowMenu/combining/NO_COLOR=1","Output":"--- PASS: TestUnicodeResizeKnownCellsStayInsideNarrowMenu/combining/NO_COLOR=1 (0.00s)\n","OutputType":"frame"}
{"Time":"2026-10-06T17:40:09.161809186-03:00","Action":"pass","Package":"github.com/viralabs-dev/mudarro/test/internal/mudarro/terminal","Test":"TestUnicodeResizeKnownCellsStayInsideNarrowMenu/combining/NO_COLOR=1","Elapsed":0}
{"Time":"2026-10-06T17:40:09.161821434-03:00","Action":"run","Package":"github.com/viralabs-dev/mudarro/test/internal/mudarro/terminal","Test":"TestUnicodeResizeKnownCellsStayInsideNarrowMenu/emoji/NO_COLOR="}
{"Time":"2026-10-06T17:40:09.16182352-03:00","Action":"output","Package":"github.com/viralabs-dev/mudarro/test/internal/mudarro/terminal","Test":"TestUnicodeResizeKnownCellsStayInsideNarrowMenu/emoji/NO_COLOR=","Output":"=== RUN   TestUnicodeResizeKnownCellsStayInsideNarrowMenu/emoji/NO_COLOR=\n","OutputType":"frame"}
{"Time":"2026-10-06T17:40:09.162604904-03:00","Action":"output","Package":"github.com/viralabs-dev/mudarro/test/internal/mudarro/terminal","Test":"TestUnicodeResizeKnownCellsStayInsideNarrowMenu/emoji/NO_COLOR=","Output":"--- PASS: TestUnicodeResizeKnownCellsStayInsideNarrowMenu/emoji/NO_COLOR= (0.00s)\n","OutputType":"frame"}
{"Time":"2026-10-06T17:40:09.162615762-03:00","Action":"pass","Package":"github.com/viralabs-dev/mudarro/test/internal/mudarro/terminal","Test":"TestUnicodeResizeKnownCellsStayInsideNarrowMenu/emoji/NO_COLOR=","Elapsed":0}
{"Time":"2026-10-06T17:40:09.162627278-03:00","Action":"run","Package":"github.com/viralabs-dev/mudarro/test/internal/mudarro/terminal","Test":"TestUnicodeResizeKnownCellsStayInsideNarrowMenu/emoji/NO_COLOR=1"}
{"Time":"2026-10-06T17:40:09.162629085-03:00","Action":"output","Package":"github.com/viralabs-dev/mudarro/test/internal/mudarro/terminal","Test":"TestUnicodeResizeKnownCellsStayInsideNarrowMenu/emoji/NO_COLOR=1","Output":"=== RUN   TestUnicodeResizeKnownCellsStayInsideNarrowMenu/emoji/NO_COLOR=1\n","OutputType":"frame"}
{"Time":"2026-10-06T17:40:09.163012424-03:00","Action":"output","Package":"github.com/viralabs-dev/mudarro/test/internal/mudarro/terminal","Test":"TestUnicodeResizeKnownCellsStayInsideNarrowMenu/emoji/NO_COLOR=1","Output":"--- PASS: TestUnicodeResizeKnownCellsStayInsideNarrowMenu/emoji/NO_COLOR=1 (0.00s)\n","OutputType":"frame"}
{"Time":"2026-10-06T17:40:09.163022352-03:00","Action":"pass","Package":"github.com/viralabs-dev/mudarro/test/internal/mudarro/terminal","Test":"TestUnicodeResizeKnownCellsStayInsideNarrowMenu/emoji/NO_COLOR=1","Elapsed":0}
{"Time":"2026-10-06T17:40:09.163040879-03:00","Action":"run","Package":"github.com/viralabs-dev/mudarro/test/internal/mudarro/terminal","Test":"TestUnicodeResizeKnownCellsStayInsideNarrowMenu/joined-family-conservative/NO_COLOR="}
{"Time":"2026-10-06T17:40:09.163042806-03:00","Action":"output","Package":"github.com/viralabs-dev/mudarro/test/internal/mudarro/terminal","Test":"TestUnicodeResizeKnownCellsStayInsideNarrowMenu/joined-family-conservative/NO_COLOR=","Output":"=== RUN   TestUnicodeResizeKnownCellsStayInsideNarrowMenu/joined-family-conservative/NO_COLOR=\n","OutputType":"frame"}
{"Time":"2026-10-06T17:40:09.165029-03:00","Action":"output","Package":"github.com/viralabs-dev/mudarro/test/internal/mudarro/terminal","Test":"TestUnicodeResizeKnownCellsStayInsideNarrowMenu/joined-family-conservative/NO_COLOR=","Output":"--- PASS: TestUnicodeResizeKnownCellsStayInsideNarrowMenu/joined-family-conservative/NO_COLOR= (0.00s)\n","OutputType":"frame"}
{"Time":"2026-10-06T17:40:09.165034164-03:00","Action":"pass","Package":"github.com/viralabs-dev/mudarro/test/internal/mudarro/terminal","Test":"TestUnicodeResizeKnownCellsStayInsideNarrowMenu/joined-family-conservative/NO_COLOR=","Elapsed":0}
{"Time":"2026-10-06T17:40:09.165039833-03:00","Action":"run","Package":"github.com/viralabs-dev/mudarro/test/internal/mudarro/terminal","Test":"TestUnicodeResizeKnownCellsStayInsideNarrowMenu/joined-family-conservative/NO_COLOR=1"}
{"Time":"2026-10-06T17:40:09.165041985-03:00","Action":"output","Package":"github.com/viralabs-dev/mudarro/test/internal/mudarro/terminal","Test":"TestUnicodeResizeKnownCellsStayInsideNarrowMenu/joined-family-conservative/NO_COLOR=1","Output":"=== RUN   TestUnicodeResizeKnownCellsStayInsideNarrowMenu/joined-family-conservative/NO_COLOR=1\n","OutputType":"frame"}
{"Time":"2026-10-06T17:40:09.165633026-03:00","Action":"output","Package":"github.com/viralabs-dev/mudarro/test/internal/mudarro/terminal","Test":"TestUnicodeResizeKnownCellsStayInsideNarrowMenu/joined-family-conservative/NO_COLOR=1","Output":"--- PASS: TestUnicodeResizeKnownCellsStayInsideNarrowMenu/joined-family-conservative/NO_COLOR=1 (0.00s)\n","OutputType":"frame"}
{"Time":"2026-10-06T17:40:09.165643037-03:00","Action":"pass","Package":"github.com/viralabs-dev/mudarro/test/internal/mudarro/terminal","Test":"TestUnicodeResizeKnownCellsStayInsideNarrowMenu/joined-family-conservative/NO_COLOR=1","Elapsed":0}
{"Time":"2026-10-06T17:40:09.165668827-03:00","Action":"run","Package":"github.com/viralabs-dev/mudarro/test/internal/mudarro/terminal","Test":"TestUnicodeResizeKnownCellsStayInsideNarrowMenu/regional-pair-conservative/NO_COLOR="}
{"Time":"2026-10-06T17:40:09.165676202-03:00","Action":"output","Package":"github.com/viralabs-dev/mudarro/test/internal/mudarro/terminal","Test":"TestUnicodeResizeKnownCellsStayInsideNarrowMenu/regional-pair-conservative/NO_COLOR=","Output":"=== RUN   TestUnicodeResizeKnownCellsStayInsideNarrowMenu/regional-pair-conservative/NO_COLOR=\n","OutputType":"frame"}
{"Time":"2026-10-06T17:40:09.166517567-03:00","Action":"output","Package":"github.com/viralabs-dev/mudarro/test/internal/mudarro/terminal","Test":"TestUnicodeResizeKnownCellsStayInsideNarrowMenu/regional-pair-conservative/NO_COLOR=","Output":"--- PASS: TestUnicodeResizeKnownCellsStayInsideNarrowMenu/regional-pair-conservative/NO_COLOR= (0.00s)\n","OutputType":"frame"}
{"Time":"2026-10-06T17:40:09.166536816-03:00","Action":"pass","Package":"github.com/viralabs-dev/mudarro/test/internal/mudarro/terminal","Test":"TestUnicodeResizeKnownCellsStayInsideNarrowMenu/regional-pair-conservative/NO_COLOR=","Elapsed":0}
{"Time":"2026-10-06T17:40:09.166551079-03:00","Action":"run","Package":"github.com/viralabs-dev/mudarro/test/internal/mudarro/terminal","Test":"TestUnicodeResizeKnownCellsStayInsideNarrowMenu/regional-pair-conservative/NO_COLOR=1"}
{"Time":"2026-10-06T17:40:09.166552935-03:00","Action":"output","Package":"github.com/viralabs-dev/mudarro/test/internal/mudarro/terminal","Test":"TestUnicodeResizeKnownCellsStayInsideNarrowMenu/regional-pair-conservative/NO_COLOR=1","Output":"=== RUN   TestUnicodeResizeKnownCellsStayInsideNarrowMenu/regional-pair-conservative/NO_COLOR=1\n","OutputType":"frame"}
{"Time":"2026-10-06T17:40:09.166971127-03:00","Action":"output","Package":"github.com/viralabs-dev/mudarro/test/internal/mudarro/terminal","Test":"TestUnicodeResizeKnownCellsStayInsideNarrowMenu/regional-pair-conservative/NO_COLOR=1","Output":"--- PASS: TestUnicodeResizeKnownCellsStayInsideNarrowMenu/regional-pair-conservative/NO_COLOR=1 (0.00s)\n","OutputType":"frame"}
{"Time":"2026-10-06T17:40:09.166985384-03:00","Action":"pass","Package":"github.com/viralabs-dev/mudarro/test/internal/mudarro/terminal","Test":"TestUnicodeResizeKnownCellsStayInsideNarrowMenu/regional-pair-conservative/NO_COLOR=1","Elapsed":0}
{"Time":"2026-10-06T17:40:09.167015615-03:00","Action":"run","Package":"github.com/viralabs-dev/mudarro/test/internal/mudarro/terminal","Test":"TestUnicodeResizeKnownCellsStayInsideNarrowMenu/ideographic-space/NO_COLOR="}
{"Time":"2026-10-06T17:40:09.167017975-03:00","Action":"output","Package":"github.com/viralabs-dev/mudarro/test/internal/mudarro/terminal","Test":"TestUnicodeResizeKnownCellsStayInsideNarrowMenu/ideographic-space/NO_COLOR=","Output":"=== RUN   TestUnicodeResizeKnownCellsStayInsideNarrowMenu/ideographic-space/NO_COLOR=\n","OutputType":"frame"}
{"Time":"2026-10-06T17:40:09.167788836-03:00","Action":"output","Package":"github.com/viralabs-dev/mudarro/test/internal/mudarro/terminal","Test":"TestUnicodeResizeKnownCellsStayInsideNarrowMenu/ideographic-space/NO_COLOR=","Output":"--- PASS: TestUnicodeResizeKnownCellsStayInsideNarrowMenu/ideographic-space/NO_COLOR= (0.00s)\n","OutputType":"frame"}
{"Time":"2026-10-06T17:40:09.167795932-03:00","Action":"pass","Package":"github.com/viralabs-dev/mudarro/test/internal/mudarro/terminal","Test":"TestUnicodeResizeKnownCellsStayInsideNarrowMenu/ideographic-space/NO_COLOR=","Elapsed":0}
{"Time":"2026-10-06T17:40:09.167825286-03:00","Action":"run","Package":"github.com/viralabs-dev/mudarro/test/internal/mudarro/terminal","Test":"TestUnicodeResizeKnownCellsStayInsideNarrowMenu/ideographic-space/NO_COLOR=1"}
{"Time":"2026-10-06T17:40:09.167831721-03:00","Action":"output","Package":"github.com/viralabs-dev/mudarro/test/internal/mudarro/terminal","Test":"TestUnicodeResizeKnownCellsStayInsideNarrowMenu/ideographic-space/NO_COLOR=1","Output":"=== RUN   TestUnicodeResizeKnownCellsStayInsideNarrowMenu/ideographic-space/NO_COLOR=1\n","OutputType":"frame"}
{"Time":"2026-10-06T17:40:09.168262835-03:00","Action":"output","Package":"github.com/viralabs-dev/mudarro/test/internal/mudarro/terminal","Test":"TestUnicodeResizeKnownCellsStayInsideNarrowMenu/ideographic-space/NO_COLOR=1","Output":"--- PASS: TestUnicodeResizeKnownCellsStayInsideNarrowMenu/ideographic-space/NO_COLOR=1 (0.00s)\n","OutputType":"frame"}
{"Time":"2026-10-06T17:40:09.168270145-03:00","Action":"pass","Package":"github.com/viralabs-dev/mudarro/test/internal/mudarro/terminal","Test":"TestUnicodeResizeKnownCellsStayInsideNarrowMenu/ideographic-space/NO_COLOR=1","Elapsed":0}
{"Time":"2026-10-06T17:40:09.168284067-03:00","Action":"output","Package":"github.com/viralabs-dev/mudarro/test/internal/mudarro/terminal","Test":"TestUnicodeResizeKnownCellsStayInsideNarrowMenu","Output":"--- PASS: TestUnicodeResizeKnownCellsStayInsideNarrowMenu (0.01s)\n","OutputType":"frame"}
{"Time":"2026-10-06T17:40:09.168292339-03:00","Action":"pass","Package":"github.com/viralabs-dev/mudarro/test/internal/mudarro/terminal","Test":"TestUnicodeResizeKnownCellsStayInsideNarrowMenu","Elapsed":0.01}
{"Time":"2026-10-06T17:40:09.168304884-03:00","Action":"run","Package":"github.com/viralabs-dev/mudarro/test/internal/mudarro/terminal","Test":"TestUnicodeResizePlainLetteringLongNameIsBounded"}
{"Time":"2026-10-06T17:40:09.168306778-03:00","Action":"output","Package":"github.com/viralabs-dev/mudarro/test/internal/mudarro/terminal","Test":"TestUnicodeResizePlainLetteringLongNameIsBounded","Output":"=== RUN   TestUnicodeResizePlainLetteringLongNameIsBounded\n","OutputType":"frame"}
{"Time":"2026-10-06T17:40:09.168738501-03:00","Action":"output","Package":"github.com/viralabs-dev/mudarro/test/internal/mudarro/terminal","Test":"TestUnicodeResizePlainLetteringLongNameIsBounded","Output":"--- PASS: TestUnicodeResizePlainLetteringLongNameIsBounded (0.00s)\n","OutputType":"frame"}
{"Time":"2026-10-06T17:40:09.168755835-03:00","Action":"pass","Package":"github.com/viralabs-dev/mudarro/test/internal/mudarro/terminal","Test":"TestUnicodeResizePlainLetteringLongNameIsBounded","Elapsed":0}
{"Time":"2026-10-06T17:40:09.168766049-03:00","Action":"run","Package":"github.com/viralabs-dev/mudarro/test/internal/mudarro/terminal","Test":"TestUnicodeResizeExecutionWriterStripsFormatAndPreservesSplitCombining"}
{"Time":"2026-10-06T17:40:09.168770134-03:00","Action":"output","Package":"github.com/viralabs-dev/mudarro/test/internal/mudarro/terminal","Test":"TestUnicodeResizeExecutionWriterStripsFormatAndPreservesSplitCombining","Output":"=== RUN   TestUnicodeResizeExecutionWriterStripsFormatAndPreservesSplitCombining\n","OutputType":"frame"}
{"Time":"2026-10-06T17:40:09.170329577-03:00","Action":"output","Package":"github.com/viralabs-dev/mudarro/test/internal/mudarro/terminal","Test":"TestUnicodeResizeExecutionWriterStripsFormatAndPreservesSplitCombining","Output":"--- PASS: TestUnicodeResizeExecutionWriterStripsFormatAndPreservesSplitCombining (0.00s)\n","OutputType":"frame"}
{"Time":"2026-10-06T17:40:09.170337166-03:00","Action":"pass","Package":"github.com/viralabs-dev/mudarro/test/internal/mudarro/terminal","Test":"TestUnicodeResizeExecutionWriterStripsFormatAndPreservesSplitCombining","Elapsed":0}
{"Time":"2026-10-06T17:40:09.170359645-03:00","Action":"run","Package":"github.com/viralabs-dev/mudarro/test/internal/mudarro/terminal","Test":"TestUnicodeResizeLivePreviewRestoresTermiosAfterShrinkAndGrow"}
{"Time":"2026-10-06T17:40:09.170364638-03:00","Action":"output","Package":"github.com/viralabs-dev/mudarro/test/internal/mudarro/terminal","Test":"TestUnicodeResizeLivePreviewRestoresTermiosAfterShrinkAndGrow","Output":"=== RUN   TestUnicodeResizeLivePreviewRestoresTermiosAfterShrinkAndGrow\n","OutputType":"frame"}
{"Time":"2026-10-06T17:40:09.695667601-03:00","Action":"output","Package":"github.com/viralabs-dev/mudarro/test/internal/mudarro/terminal","Test":"TestUnicodeResizeLivePreviewRestoresTermiosAfterShrinkAndGrow","Output":"--- PASS: TestUnicodeResizeLivePreviewRestoresTermiosAfterShrinkAndGrow (0.53s)\n","OutputType":"frame"}
{"Time":"2026-10-06T17:40:09.69570475-03:00","Action":"pass","Package":"github.com/viralabs-dev/mudarro/test/internal/mudarro/terminal","Test":"TestUnicodeResizeLivePreviewRestoresTermiosAfterShrinkAndGrow","Elapsed":0.53}
{"Time":"2026-10-06T17:40:09.695719861-03:00","Action":"run","Package":"github.com/viralabs-dev/mudarro/test/internal/mudarro/terminal","Test":"TestUnicodeResizeTinyFrameBounds"}
{"Time":"2026-10-06T17:40:09.695722308-03:00","Action":"output","Package":"github.com/viralabs-dev/mudarro/test/internal/mudarro/terminal","Test":"TestUnicodeResizeTinyFrameBounds","Output":"=== RUN   TestUnicodeResizeTinyFrameBounds\n","OutputType":"frame"}
{"Time":"2026-10-06T17:40:09.695725814-03:00","Action":"run","Package":"github.com/viralabs-dev/mudarro/test/internal/mudarro/terminal","Test":"TestUnicodeResizeTinyFrameBounds/1"}
{"Time":"2026-10-06T17:40:09.695727536-03:00","Action":"output","Package":"github.com/viralabs-dev/mudarro/test/internal/mudarro/terminal","Test":"TestUnicodeResizeTinyFrameBounds/1","Output":"=== RUN   TestUnicodeResizeTinyFrameBounds/1\n","OutputType":"frame"}
{"Time":"2026-10-06T17:40:09.696852319-03:00","Action":"output","Package":"github.com/viralabs-dev/mudarro/test/internal/mudarro/terminal","Test":"TestUnicodeResizeTinyFrameBounds/1","Output":"--- PASS: TestUnicodeResizeTinyFrameBounds/1 (0.00s)\n","OutputType":"frame"}
{"Time":"2026-10-06T17:40:09.696857381-03:00","Action":"pass","Package":"github.com/viralabs-dev/mudarro/test/internal/mudarro/terminal","Test":"TestUnicodeResizeTinyFrameBounds/1","Elapsed":0}
{"Time":"2026-10-06T17:40:09.696859692-03:00","Action":"run","Package":"github.com/viralabs-dev/mudarro/test/internal/mudarro/terminal","Test":"TestUnicodeResizeTinyFrameBounds/3"}
{"Time":"2026-10-06T17:40:09.696861289-03:00","Action":"output","Package":"github.com/viralabs-dev/mudarro/test/internal/mudarro/terminal","Test":"TestUnicodeResizeTinyFrameBounds/3","Output":"=== RUN   TestUnicodeResizeTinyFrameBounds/3\n","OutputType":"frame"}
{"Time":"2026-10-06T17:40:09.698208091-03:00","Action":"output","Package":"github.com/viralabs-dev/mudarro/test/internal/mudarro/terminal","Test":"TestUnicodeResizeTinyFrameBounds/3","Output":"--- PASS: TestUnicodeResizeTinyFrameBounds/3 (0.00s)\n","OutputType":"frame"}
{"Time":"2026-10-06T17:40:09.69821832-03:00","Action":"pass","Package":"github.com/viralabs-dev/mudarro/test/internal/mudarro/terminal","Test":"TestUnicodeResizeTinyFrameBounds/3","Elapsed":0}
{"Time":"2026-10-06T17:40:09.698220802-03:00","Action":"run","Package":"github.com/viralabs-dev/mudarro/test/internal/mudarro/terminal","Test":"TestUnicodeResizeTinyFrameBounds/4"}
{"Time":"2026-10-06T17:40:09.69822252-03:00","Action":"output","Package":"github.com/viralabs-dev/mudarro/test/internal/mudarro/terminal","Test":"TestUnicodeResizeTinyFrameBounds/4","Output":"=== RUN   TestUnicodeResizeTinyFrameBounds/4\n","OutputType":"frame"}
{"Time":"2026-10-06T17:40:09.700000733-03:00","Action":"output","Package":"github.com/viralabs-dev/mudarro/test/internal/mudarro/terminal","Test":"TestUnicodeResizeTinyFrameBounds/4","Output":"--- PASS: TestUnicodeResizeTinyFrameBounds/4 (0.00s)\n","OutputType":"frame"}
{"Time":"2026-10-06T17:40:09.700012329-03:00","Action":"pass","Package":"github.com/viralabs-dev/mudarro/test/internal/mudarro/terminal","Test":"TestUnicodeResizeTinyFrameBounds/4","Elapsed":0}
{"Time":"2026-10-06T17:40:09.700056468-03:00","Action":"output","Package":"github.com/viralabs-dev/mudarro/test/internal/mudarro/terminal","Test":"TestUnicodeResizeTinyFrameBounds","Output":"--- PASS: TestUnicodeResizeTinyFrameBounds (0.00s)\n","OutputType":"frame"}
{"Time":"2026-10-06T17:40:09.700071212-03:00","Action":"pass","Package":"github.com/viralabs-dev/mudarro/test/internal/mudarro/terminal","Test":"TestUnicodeResizeTinyFrameBounds","Elapsed":0}
{"Time":"2026-10-06T17:40:09.700084423-03:00","Action":"output","Package":"github.com/viralabs-dev/mudarro/test/internal/mudarro/terminal","Output":"PASS\n","OutputType":"frame"}
{"Time":"2026-10-06T17:40:09.70420958-03:00","Action":"output","Package":"github.com/viralabs-dev/mudarro/test/internal/mudarro/terminal","Output":"coverage: 16.7% of statements in ./internal/mudarro/...\n"}
{"Time":"2026-10-06T17:40:10.719426498-03:00","Action":"output","Package":"github.com/viralabs-dev/mudarro/test/internal/mudarro/terminal","Output":"ok  \tgithub.com/viralabs-dev/mudarro/test/internal/mudarro/terminal\t8.093s\tcoverage: 16.7% of statements in ./internal/mudarro/...\n"}
{"Time":"2026-10-06T17:40:10.719447408-03:00","Action":"pass","Package":"github.com/viralabs-dev/mudarro/test/internal/mudarro/terminal","Elapsed":8.093}
{"Time":"2026-10-06T17:40:14.024698798-03:00","Action":"output","Package":"github.com/viralabs-dev/mudarro/test/internal/mudarro","Test":"TestDoctorComposeVersionProbeHasDeadline","Output":"--- PASS: TestDoctorComposeVersionProbeHasDeadline (11.06s)\n","OutputType":"frame"}
{"Time":"2026-10-06T17:40:14.024745765-03:00","Action":"pass","Package":"github.com/viralabs-dev/mudarro/test/internal/mudarro","Test":"TestDoctorComposeVersionProbeHasDeadline","Elapsed":11.06}
{"Time":"2026-10-06T17:40:14.024761725-03:00","Action":"run","Package":"github.com/viralabs-dev/mudarro/test/internal/mudarro","Test":"TestDoctorComposeTimeoutIsolatedProbe"}
{"Time":"2026-10-06T17:40:14.0247686-03:00","Action":"output","Package":"github.com/viralabs-dev/mudarro/test/internal/mudarro","Test":"TestDoctorComposeTimeoutIsolatedProbe","Output":"=== RUN   TestDoctorComposeTimeoutIsolatedProbe\n","OutputType":"frame"}
{"Time":"2026-10-06T17:40:14.024900021-03:00","Action":"output","Package":"github.com/viralabs-dev/mudarro/test/internal/mudarro","Test":"TestDoctorComposeTimeoutIsolatedProbe","Output":"--- PASS: TestDoctorComposeTimeoutIsolatedProbe (0.00s)\n","OutputType":"frame"}
{"Time":"2026-10-06T17:40:14.024913023-03:00","Action":"pass","Package":"github.com/viralabs-dev/mudarro/test/internal/mudarro","Test":"TestDoctorComposeTimeoutIsolatedProbe","Elapsed":0}
{"Time":"2026-10-06T17:40:14.024944408-03:00","Action":"run","Package":"github.com/viralabs-dev/mudarro/test/internal/mudarro","Test":"TestDoctorMissingAndNonExecutableTools"}
{"Time":"2026-10-06T17:40:14.024954698-03:00","Action":"output","Package":"github.com/viralabs-dev/mudarro/test/internal/mudarro","Test":"TestDoctorMissingAndNonExecutableTools","Output":"=== RUN   TestDoctorMissingAndNonExecutableTools\n","OutputType":"frame"}
{"Time":"2026-10-06T17:40:14.02499024-03:00","Action":"run","Package":"github.com/viralabs-dev/mudarro/test/internal/mudarro","Test":"TestDoctorMissingAndNonExecutableTools/missing"}
{"Time":"2026-10-06T17:40:14.024997358-03:00","Action":"output","Package":"github.com/viralabs-dev/mudarro/test/internal/mudarro","Test":"TestDoctorMissingAndNonExecutableTools/missing","Output":"=== RUN   TestDoctorMissingAndNonExecutableTools/missing\n","OutputType":"frame"}
{"Time":"2026-10-06T17:40:14.02733077-03:00","Action":"output","Package":"github.com/viralabs-dev/mudarro/test/internal/mudarro","Test":"TestDoctorMissingAndNonExecutableTools/missing","Output":"--- PASS: TestDoctorMissingAndNonExecutableTools/missing (0.00s)\n","OutputType":"frame"}
{"Time":"2026-10-06T17:40:14.027350649-03:00","Action":"pass","Package":"github.com/viralabs-dev/mudarro/test/internal/mudarro","Test":"TestDoctorMissingAndNonExecutableTools/missing","Elapsed":0}
{"Time":"2026-10-06T17:40:14.027390473-03:00","Action":"run","Package":"github.com/viralabs-dev/mudarro/test/internal/mudarro","Test":"TestDoctorMissingAndNonExecutableTools/non-executable-path"}
{"Time":"2026-10-06T17:40:14.027398547-03:00","Action":"output","Package":"github.com/viralabs-dev/mudarro/test/internal/mudarro","Test":"TestDoctorMissingAndNonExecutableTools/non-executable-path","Output":"=== RUN   TestDoctorMissingAndNonExecutableTools/non-executable-path\n","OutputType":"frame"}
{"Time":"2026-10-06T17:40:14.02978312-03:00","Action":"output","Package":"github.com/viralabs-dev/mudarro/test/internal/mudarro","Test":"TestDoctorMissingAndNonExecutableTools/non-executable-path","Output":"--- PASS: TestDoctorMissingAndNonExecutableTools/non-executable-path (0.00s)\n","OutputType":"frame"}
{"Time":"2026-10-06T17:40:14.02982287-03:00","Action":"pass","Package":"github.com/viralabs-dev/mudarro/test/internal/mudarro","Test":"TestDoctorMissingAndNonExecutableTools/non-executable-path","Elapsed":0}
{"Time":"2026-10-06T17:40:14.029835253-03:00","Action":"run","Package":"github.com/viralabs-dev/mudarro/test/internal/mudarro","Test":"TestDoctorMissingAndNonExecutableTools/directory"}
{"Time":"2026-10-06T17:40:14.029841659-03:00","Action":"output","Package":"github.com/viralabs-dev/mudarro/test/internal/mudarro","Test":"TestDoctorMissingAndNonExecutableTools/directory","Output":"=== RUN   TestDoctorMissingAndNonExecutableTools/directory\n","OutputType":"frame"}
{"Time":"2026-10-06T17:40:14.032144848-03:00","Action":"output","Package":"github.com/viralabs-dev/mudarro/test/internal/mudarro","Test":"TestDoctorMissingAndNonExecutableTools/directory","Output":"--- PASS: TestDoctorMissingAndNonExecutableTools/directory (0.00s)\n","OutputType":"frame"}
{"Time":"2026-10-06T17:40:14.03218174-03:00","Action":"pass","Package":"github.com/viralabs-dev/mudarro/test/internal/mudarro","Test":"TestDoctorMissingAndNonExecutableTools/directory","Elapsed":0}
{"Time":"2026-10-06T17:40:14.032194687-03:00","Action":"run","Package":"github.com/viralabs-dev/mudarro/test/internal/mudarro","Test":"TestDoctorMissingAndNonExecutableTools/executable"}
{"Time":"2026-10-06T17:40:14.032200914-03:00","Action":"output","Package":"github.com/viralabs-dev/mudarro/test/internal/mudarro","Test":"TestDoctorMissingAndNonExecutableTools/executable","Output":"=== RUN   TestDoctorMissingAndNonExecutableTools/executable\n","OutputType":"frame"}
{"Time":"2026-10-06T17:40:14.034438567-03:00","Action":"output","Package":"github.com/viralabs-dev/mudarro/test/internal/mudarro","Test":"TestDoctorMissingAndNonExecutableTools/executable","Output":"--- PASS: TestDoctorMissingAndNonExecutableTools/executable (0.00s)\n","OutputType":"frame"}
{"Time":"2026-10-06T17:40:14.034473876-03:00","Action":"pass","Package":"github.com/viralabs-dev/mudarro/test/internal/mudarro","Test":"TestDoctorMissingAndNonExecutableTools/executable","Elapsed":0}
{"Time":"2026-10-06T17:40:14.034512896-03:00","Action":"output","Package":"github.com/viralabs-dev/mudarro/test/internal/mudarro","Test":"TestDoctorMissingAndNonExecutableTools","Output":"--- PASS: TestDoctorMissingAndNonExecutableTools (0.01s)\n","OutputType":"frame"}
{"Time":"2026-10-06T17:40:14.03455835-03:00","Action":"pass","Package":"github.com/viralabs-dev/mudarro/test/internal/mudarro","Test":"TestDoctorMissingAndNonExecutableTools","Elapsed":0.01}
{"Time":"2026-10-06T17:40:14.034577751-03:00","Action":"run","Package":"github.com/viralabs-dev/mudarro/test/internal/mudarro","Test":"TestDoctorSymlinkAndBlockedConfiguration"}
{"Time":"2026-10-06T17:40:14.034584233-03:00","Action":"output","Package":"github.com/viralabs-dev/mudarro/test/internal/mudarro","Test":"TestDoctorSymlinkAndBlockedConfiguration","Output":"=== RUN   TestDoctorSymlinkAndBlockedConfiguration\n","OutputType":"frame"}
{"Time":"2026-10-06T17:40:14.041029305-03:00","Action":"output","Package":"github.com/viralabs-dev/mudarro/test/internal/mudarro","Test":"TestDoctorSymlinkAndBlockedConfiguration","Output":"--- PASS: TestDoctorSymlinkAndBlockedConfiguration (0.01s)\n","OutputType":"frame"}
{"Time":"2026-10-06T17:40:14.041074159-03:00","Action":"pass","Package":"github.com/viralabs-dev/mudarro/test/internal/mudarro","Test":"TestDoctorSymlinkAndBlockedConfiguration","Elapsed":0.01}
{"Time":"2026-10-06T17:40:14.041090461-03:00","Action":"run","Package":"github.com/viralabs-dev/mudarro/test/internal/mudarro","Test":"TestDoctorComposeProviderFailureAndScope"}
{"Time":"2026-10-06T17:40:14.041097046-03:00","Action":"output","Package":"github.com/viralabs-dev/mudarro/test/internal/mudarro","Test":"TestDoctorComposeProviderFailureAndScope","Output":"=== RUN   TestDoctorComposeProviderFailureAndScope\n","OutputType":"frame"}
{"Time":"2026-10-06T17:40:14.041193369-03:00","Action":"run","Package":"github.com/viralabs-dev/mudarro/test/internal/mudarro","Test":"TestDoctorComposeProviderFailureAndScope/docker/0"}
{"Time":"2026-10-06T17:40:14.041203987-03:00","Action":"output","Package":"github.com/viralabs-dev/mudarro/test/internal/mudarro","Test":"TestDoctorComposeProviderFailureAndScope/docker/0","Output":"=== RUN   TestDoctorComposeProviderFailureAndScope/docker/0\n","OutputType":"frame"}
{"Time":"2026-10-06T17:40:14.046814981-03:00","Action":"output","Package":"github.com/viralabs-dev/mudarro/test/internal/mudarro","Test":"TestDoctorComposeProviderFailureAndScope/docker/0","Output":"--- PASS: TestDoctorComposeProviderFailureAndScope/docker/0 (0.01s)\n","OutputType":"frame"}
{"Time":"2026-10-06T17:40:14.046858759-03:00","Action":"pass","Package":"github.com/viralabs-dev/mudarro/test/internal/mudarro","Test":"TestDoctorComposeProviderFailureAndScope/docker/0","Elapsed":0.01}
{"Time":"2026-10-06T17:40:14.046871715-03:00","Action":"run","Package":"github.com/viralabs-dev/mudarro/test/internal/mudarro","Test":"TestDoctorComposeProviderFailureAndScope/docker/9"}
{"Time":"2026-10-06T17:40:14.046876102-03:00","Action":"output","Package":"github.com/viralabs-dev/mudarro/test/internal/mudarro","Test":"TestDoctorComposeProviderFailureAndScope/docker/9","Output":"=== RUN   TestDoctorComposeProviderFailureAndScope/docker/9\n","OutputType":"frame"}
{"Time":"2026-10-06T17:40:14.053316079-03:00","Action":"output","Package":"github.com/viralabs-dev/mudarro/test/internal/mudarro","Test":"TestDoctorComposeProviderFailureAndScope/docker/9","Output":"--- PASS: TestDoctorComposeProviderFailureAndScope/docker/9 (0.01s)\n","OutputType":"frame"}
{"Time":"2026-10-06T17:40:14.053370696-03:00","Action":"pass","Package":"github.com/viralabs-dev/mudarro/test/internal/mudarro","Test":"TestDoctorComposeProviderFailureAndScope/docker/9","Elapsed":0.01}
{"Time":"2026-10-06T17:40:14.053385827-03:00","Action":"run","Package":"github.com/viralabs-dev/mudarro/test/internal/mudarro","Test":"TestDoctorComposeProviderFailureAndScope/podman/0"}
{"Time":"2026-10-06T17:40:14.053393141-03:00","Action":"output","Package":"github.com/viralabs-dev/mudarro/test/internal/mudarro","Test":"TestDoctorComposeProviderFailureAndScope/podman/0","Output":"=== RUN   TestDoctorComposeProviderFailureAndScope/podman/0\n","OutputType":"frame"}
{"Time":"2026-10-06T17:40:14.058432336-03:00","Action":"output","Package":"github.com/viralabs-dev/mudarro/test/internal/mudarro","Test":"TestDoctorComposeProviderFailureAndScope/podman/0","Output":"--- PASS: TestDoctorComposeProviderFailureAndScope/podman/0 (0.00s)\n","OutputType":"frame"}
{"Time":"2026-10-06T17:40:14.058504512-03:00","Action":"pass","Package":"github.com/viralabs-dev/mudarro/test/internal/mudarro","Test":"TestDoctorComposeProviderFailureAndScope/podman/0","Elapsed":0}
{"Time":"2026-10-06T17:40:14.058616228-03:00","Action":"run","Package":"github.com/viralabs-dev/mudarro/test/internal/mudarro","Test":"TestDoctorComposeProviderFailureAndScope/podman/9"}
{"Time":"2026-10-06T17:40:14.058659318-03:00","Action":"output","Package":"github.com/viralabs-dev/mudarro/test/internal/mudarro","Test":"TestDoctorComposeProviderFailureAndScope/podman/9","Output":"=== RUN   TestDoctorComposeProviderFailureAndScope/podman/9\n","OutputType":"frame"}
{"Time":"2026-10-06T17:40:14.064921821-03:00","Action":"output","Package":"github.com/viralabs-dev/mudarro/test/internal/mudarro","Test":"TestDoctorComposeProviderFailureAndScope/podman/9","Output":"--- PASS: TestDoctorComposeProviderFailureAndScope/podman/9 (0.01s)\n","OutputType":"frame"}
{"Time":"2026-10-06T17:40:14.064958617-03:00","Action":"pass","Package":"github.com/viralabs-dev/mudarro/test/internal/mudarro","Test":"TestDoctorComposeProviderFailureAndScope/podman/9","Elapsed":0.01}
{"Time":"2026-10-06T17:40:14.065024426-03:00","Action":"output","Package":"github.com/viralabs-dev/mudarro/test/internal/mudarro","Test":"TestDoctorComposeProviderFailureAndScope","Output":"--- PASS: TestDoctorComposeProviderFailureAndScope (0.02s)\n","OutputType":"frame"}
{"Time":"2026-10-06T17:40:14.065041951-03:00","Action":"pass","Package":"github.com/viralabs-dev/mudarro/test/internal/mudarro","Test":"TestDoctorComposeProviderFailureAndScope","Elapsed":0.02}
{"Time":"2026-10-06T17:40:14.0650866-03:00","Action":"run","Package":"github.com/viralabs-dev/mudarro/test/internal/mudarro","Test":"TestDoctorRequiresAndConfigSymlink"}
{"Time":"2026-10-06T17:40:14.065094554-03:00","Action":"output","Package":"github.com/viralabs-dev/mudarro/test/internal/mudarro","Test":"TestDoctorRequiresAndConfigSymlink","Output":"=== RUN   TestDoctorRequiresAndConfigSymlink\n","OutputType":"frame"}
{"Time":"2026-10-06T17:40:14.069133381-03:00","Action":"output","Package":"github.com/viralabs-dev/mudarro/test/internal/mudarro","Test":"TestDoctorRequiresAndConfigSymlink","Output":"--- PASS: TestDoctorRequiresAndConfigSymlink (0.00s)\n","OutputType":"frame"}
{"Time":"2026-10-06T17:40:14.069164231-03:00","Action":"pass","Package":"github.com/viralabs-dev/mudarro/test/internal/mudarro","Test":"TestDoctorRequiresAndConfigSymlink","Elapsed":0}
{"Time":"2026-10-06T17:40:14.069206225-03:00","Action":"run","Package":"github.com/viralabs-dev/mudarro/test/internal/mudarro","Test":"TestDoctorSpecialFileExecutableIsRejected"}
{"Time":"2026-10-06T17:40:14.069213471-03:00","Action":"output","Package":"github.com/viralabs-dev/mudarro/test/internal/mudarro","Test":"TestDoctorSpecialFileExecutableIsRejected","Output":"=== RUN   TestDoctorSpecialFileExecutableIsRejected\n","OutputType":"frame"}
{"Time":"2026-10-06T17:40:14.069311976-03:00","Action":"run","Package":"github.com/viralabs-dev/mudarro/test/internal/mudarro","Test":"TestDoctorSpecialFileExecutableIsRejected/fifo-executable"}
{"Time":"2026-10-06T17:40:14.069319305-03:00","Action":"output","Package":"github.com/viralabs-dev/mudarro/test/internal/mudarro","Test":"TestDoctorSpecialFileExecutableIsRejected/fifo-executable","Output":"=== RUN   TestDoctorSpecialFileExecutableIsRejected/fifo-executable\n","OutputType":"frame"}
{"Time":"2026-10-06T17:40:14.072250321-03:00","Action":"output","Package":"github.com/viralabs-dev/mudarro/test/internal/mudarro","Test":"TestDoctorSpecialFileExecutableIsRejected/fifo-executable","Output":"--- PASS: TestDoctorSpecialFileExecutableIsRejected/fifo-executable (0.00s)\n","OutputType":"frame"}
{"Time":"2026-10-06T17:40:14.072302601-03:00","Action":"pass","Package":"github.com/viralabs-dev/mudarro/test/internal/mudarro","Test":"TestDoctorSpecialFileExecutableIsRejected/fifo-executable","Elapsed":0}
{"Time":"2026-10-06T17:40:14.072317724-03:00","Action":"run","Package":"github.com/viralabs-dev/mudarro/test/internal/mudarro","Test":"TestDoctorSpecialFileExecutableIsRejected/regular-executable"}
{"Time":"2026-10-06T17:40:14.07232542-03:00","Action":"output","Package":"github.com/viralabs-dev/mudarro/test/internal/mudarro","Test":"TestDoctorSpecialFileExecutableIsRejected/regular-executable","Output":"=== RUN   TestDoctorSpecialFileExecutableIsRejected/regular-executable\n","OutputType":"frame"}
{"Time":"2026-10-06T17:40:14.074327575-03:00","Action":"output","Package":"github.com/viralabs-dev/mudarro/test/internal/mudarro","Test":"TestDoctorSpecialFileExecutableIsRejected/regular-executable","Output":"--- PASS: TestDoctorSpecialFileExecutableIsRejected/regular-executable (0.00s)\n","OutputType":"frame"}
{"Time":"2026-10-06T17:40:14.074344377-03:00","Action":"pass","Package":"github.com/viralabs-dev/mudarro/test/internal/mudarro","Test":"TestDoctorSpecialFileExecutableIsRejected/regular-executable","Elapsed":0}
{"Time":"2026-10-06T17:40:14.074351454-03:00","Action":"run","Package":"github.com/viralabs-dev/mudarro/test/internal/mudarro","Test":"TestDoctorSpecialFileExecutableIsRejected/regular-not-executable"}
{"Time":"2026-10-06T17:40:14.074354666-03:00","Action":"output","Package":"github.com/viralabs-dev/mudarro/test/internal/mudarro","Test":"TestDoctorSpecialFileExecutableIsRejected/regular-not-executable","Output":"=== RUN   TestDoctorSpecialFileExecutableIsRejected/regular-not-executable\n","OutputType":"frame"}
{"Time":"2026-10-06T17:40:14.076190914-03:00","Action":"output","Package":"github.com/viralabs-dev/mudarro/test/internal/mudarro","Test":"TestDoctorSpecialFileExecutableIsRejected/regular-not-executable","Output":"--- PASS: TestDoctorSpecialFileExecutableIsRejected/regular-not-executable (0.00s)\n","OutputType":"frame"}
{"Time":"2026-10-06T17:40:14.07619728-03:00","Action":"pass","Package":"github.com/viralabs-dev/mudarro/test/internal/mudarro","Test":"TestDoctorSpecialFileExecutableIsRejected/regular-not-executable","Elapsed":0}
{"Time":"2026-10-06T17:40:14.076207997-03:00","Action":"output","Package":"github.com/viralabs-dev/mudarro/test/internal/mudarro","Test":"TestDoctorSpecialFileExecutableIsRejected","Output":"--- PASS: TestDoctorSpecialFileExecutableIsRejected (0.01s)\n","OutputType":"frame"}
{"Time":"2026-10-06T17:40:14.076225202-03:00","Action":"pass","Package":"github.com/viralabs-dev/mudarro/test/internal/mudarro","Test":"TestDoctorSpecialFileExecutableIsRejected","Elapsed":0.01}
{"Time":"2026-10-06T17:40:14.076244737-03:00","Action":"run","Package":"github.com/viralabs-dev/mudarro/test/internal/mudarro","Test":"TestDotNetExplicitProjectsOffline"}
{"Time":"2026-10-06T17:40:14.076248162-03:00","Action":"output","Package":"github.com/viralabs-dev/mudarro/test/internal/mudarro","Test":"TestDotNetExplicitProjectsOffline","Output":"=== RUN   TestDotNetExplicitProjectsOffline\n","OutputType":"frame"}
{"Time":"2026-10-06T17:40:14.077263633-03:00","Action":"output","Package":"github.com/viralabs-dev/mudarro/test/internal/mudarro","Test":"TestDotNetExplicitProjectsOffline","Output":"--- PASS: TestDotNetExplicitProjectsOffline (0.00s)\n","OutputType":"frame"}
{"Time":"2026-10-06T17:40:14.077275744-03:00","Action":"pass","Package":"github.com/viralabs-dev/mudarro/test/internal/mudarro","Test":"TestDotNetExplicitProjectsOffline","Elapsed":0}
{"Time":"2026-10-06T17:40:14.07727888-03:00","Action":"run","Package":"github.com/viralabs-dev/mudarro/test/internal/mudarro","Test":"TestDotNetInvalidAndBoundedXML"}
{"Time":"2026-10-06T17:40:14.07728111-03:00","Action":"output","Package":"github.com/viralabs-dev/mudarro/test/internal/mudarro","Test":"TestDotNetInvalidAndBoundedXML","Output":"=== RUN   TestDotNetInvalidAndBoundedXML\n","OutputType":"frame"}
{"Time":"2026-10-06T17:40:14.095255148-03:00","Action":"output","Package":"github.com/viralabs-dev/mudarro/test/internal/mudarro","Test":"TestDotNetInvalidAndBoundedXML","Output":"--- PASS: TestDotNetInvalidAndBoundedXML (0.02s)\n","OutputType":"frame"}
{"Time":"2026-10-06T17:40:14.095284684-03:00","Action":"pass","Package":"github.com/viralabs-dev/mudarro/test/internal/mudarro","Test":"TestDotNetInvalidAndBoundedXML","Elapsed":0.02}
{"Time":"2026-10-06T17:40:14.095295369-03:00","Action":"run","Package":"github.com/viralabs-dev/mudarro/test/internal/mudarro","Test":"TestDotNetSolutionEvidenceOnly"}
{"Time":"2026-10-06T17:40:14.095298608-03:00","Action":"output","Package":"github.com/viralabs-dev/mudarro/test/internal/mudarro","Test":"TestDotNetSolutionEvidenceOnly","Output":"=== RUN   TestDotNetSolutionEvidenceOnly\n","OutputType":"frame"}
{"Time":"2026-10-06T17:40:14.095825502-03:00","Action":"output","Package":"github.com/viralabs-dev/mudarro/test/internal/mudarro","Test":"TestDotNetSolutionEvidenceOnly","Output":"--- PASS: TestDotNetSolutionEvidenceOnly (0.00s)\n","OutputType":"frame"}
{"Time":"2026-10-06T17:40:14.095836352-03:00","Action":"pass","Package":"github.com/viralabs-dev/mudarro/test/internal/mudarro","Test":"TestDotNetSolutionEvidenceOnly","Elapsed":0}
{"Time":"2026-10-06T17:40:14.095850872-03:00","Action":"run","Package":"github.com/viralabs-dev/mudarro/test/internal/mudarro","Test":"TestDotNetUnusualNamesSafeArgv"}
{"Time":"2026-10-06T17:40:14.095853241-03:00","Action":"output","Package":"github.com/viralabs-dev/mudarro/test/internal/mudarro","Test":"TestDotNetUnusualNamesSafeArgv","Output":"=== RUN   TestDotNetUnusualNamesSafeArgv\n","OutputType":"frame"}
{"Time":"2026-10-06T17:40:14.096662838-03:00","Action":"output","Package":"github.com/viralabs-dev/mudarro/test/internal/mudarro","Test":"TestDotNetUnusualNamesSafeArgv","Output":"--- PASS: TestDotNetUnusualNamesSafeArgv (0.00s)\n","OutputType":"frame"}
{"Time":"2026-10-06T17:40:14.096675296-03:00","Action":"pass","Package":"github.com/viralabs-dev/mudarro/test/internal/mudarro","Test":"TestDotNetUnusualNamesSafeArgv","Elapsed":0}
{"Time":"2026-10-06T17:40:14.096687225-03:00","Action":"run","Package":"github.com/viralabs-dev/mudarro/test/internal/mudarro","Test":"TestDotNetScanSelectionGeneratePreservesManual"}
{"Time":"2026-10-06T17:40:14.096688678-03:00","Action":"output","Package":"github.com/viralabs-dev/mudarro/test/internal/mudarro","Test":"TestDotNetScanSelectionGeneratePreservesManual","Output":"=== RUN   TestDotNetScanSelectionGeneratePreservesManual\n","OutputType":"frame"}
{"Time":"2026-10-06T17:40:14.167292487-03:00","Action":"output","Package":"github.com/viralabs-dev/mudarro/test/internal/mudarro","Test":"TestDotNetScanSelectionGeneratePreservesManual","Output":"--- PASS: TestDotNetScanSelectionGeneratePreservesManual (0.07s)\n","OutputType":"frame"}
{"Time":"2026-10-06T17:40:14.167312124-03:00","Action":"pass","Package":"github.com/viralabs-dev/mudarro/test/internal/mudarro","Test":"TestDotNetScanSelectionGeneratePreservesManual","Elapsed":0.07}
{"Time":"2026-10-06T17:40:14.167316998-03:00","Action":"run","Package":"github.com/viralabs-dev/mudarro/test/internal/mudarro","Test":"TestElixirEvidenceOnlyOffline"}
{"Time":"2026-10-06T17:40:14.167318934-03:00","Action":"output","Package":"github.com/viralabs-dev/mudarro/test/internal/mudarro","Test":"TestElixirEvidenceOnlyOffline","Output":"=== RUN   TestElixirEvidenceOnlyOffline\n","OutputType":"frame"}
{"Time":"2026-10-06T17:40:14.16814687-03:00","Action":"output","Package":"github.com/viralabs-dev/mudarro/test/internal/mudarro","Test":"TestElixirEvidenceOnlyOffline","Output":"--- PASS: TestElixirEvidenceOnlyOffline (0.00s)\n","OutputType":"frame"}
{"Time":"2026-10-06T17:40:14.168155493-03:00","Action":"pass","Package":"github.com/viralabs-dev/mudarro/test/internal/mudarro","Test":"TestElixirEvidenceOnlyOffline","Elapsed":0}
{"Time":"2026-10-06T17:40:14.168165881-03:00","Action":"run","Package":"github.com/viralabs-dev/mudarro/test/internal/mudarro","Test":"TestElixirContainedRegularBoundedEvidence"}
{"Time":"2026-10-06T17:40:14.16816751-03:00","Action":"output","Package":"github.com/viralabs-dev/mudarro/test/internal/mudarro","Test":"TestElixirContainedRegularBoundedEvidence","Output":"=== RUN   TestElixirContainedRegularBoundedEvidence\n","OutputType":"frame"}
{"Time":"2026-10-06T17:40:14.168201151-03:00","Action":"run","Package":"github.com/viralabs-dev/mudarro/test/internal/mudarro","Test":"TestElixirContainedRegularBoundedEvidence/oversized"}
{"Time":"2026-10-06T17:40:14.16821497-03:00","Action":"output","Package":"github.com/viralabs-dev/mudarro/test/internal/mudarro","Test":"TestElixirContainedRegularBoundedEvidence/oversized","Output":"=== RUN   TestElixirContainedRegularBoundedEvidence/oversized\n","OutputType":"frame"}
{"Time":"2026-10-06T17:40:14.176602555-03:00","Action":"output","Package":"github.com/viralabs-dev/mudarro/test/internal/mudarro","Test":"TestElixirContainedRegularBoundedEvidence/oversized","Output":"--- PASS: TestElixirContainedRegularBoundedEvidence/oversized (0.01s)\n","OutputType":"frame"}
{"Time":"2026-10-06T17:40:14.176622034-03:00","Action":"pass","Package":"github.com/viralabs-dev/mudarro/test/internal/mudarro","Test":"TestElixirContainedRegularBoundedEvidence/oversized","Elapsed":0.01}
{"Time":"2026-10-06T17:40:14.176626673-03:00","Action":"run","Package":"github.com/viralabs-dev/mudarro/test/internal/mudarro","Test":"TestElixirContainedRegularBoundedEvidence/symlink"}
{"Time":"2026-10-06T17:40:14.17662823-03:00","Action":"output","Package":"github.com/viralabs-dev/mudarro/test/internal/mudarro","Test":"TestElixirContainedRegularBoundedEvidence/symlink","Output":"=== RUN   TestElixirContainedRegularBoundedEvidence/symlink\n","OutputType":"frame"}
{"Time":"2026-10-06T17:40:14.176870552-03:00","Action":"output","Package":"github.com/viralabs-dev/mudarro/test/internal/mudarro","Test":"TestElixirContainedRegularBoundedEvidence/symlink","Output":"--- PASS: TestElixirContainedRegularBoundedEvidence/symlink (0.00s)\n","OutputType":"frame"}
{"Time":"2026-10-06T17:40:14.176880016-03:00","Action":"pass","Package":"github.com/viralabs-dev/mudarro/test/internal/mudarro","Test":"TestElixirContainedRegularBoundedEvidence/symlink","Elapsed":0}
{"Time":"2026-10-06T17:40:14.176891108-03:00","Action":"run","Package":"github.com/viralabs-dev/mudarro/test/internal/mudarro","Test":"TestElixirContainedRegularBoundedEvidence/directory"}
{"Time":"2026-10-06T17:40:14.176892724-03:00","Action":"output","Package":"github.com/viralabs-dev/mudarro/test/internal/mudarro","Test":"TestElixirContainedRegularBoundedEvidence/directory","Output":"=== RUN   TestElixirContainedRegularBoundedEvidence/directory\n","OutputType":"frame"}
{"Time":"2026-10-06T17:40:14.177045813-03:00","Action":"output","Package":"github.com/viralabs-dev/mudarro/test/internal/mudarro","Test":"TestElixirContainedRegularBoundedEvidence/directory","Output":"--- PASS: TestElixirContainedRegularBoundedEvidence/directory (0.00s)\n","OutputType":"frame"}
{"Time":"2026-10-06T17:40:14.177054593-03:00","Action":"pass","Package":"github.com/viralabs-dev/mudarro/test/internal/mudarro","Test":"TestElixirContainedRegularBoundedEvidence/directory","Elapsed":0}
{"Time":"2026-10-06T17:40:14.177149865-03:00","Action":"output","Package":"github.com/viralabs-dev/mudarro/test/internal/mudarro","Test":"TestElixirContainedRegularBoundedEvidence","Output":"--- PASS: TestElixirContainedRegularBoundedEvidence (0.01s)\n","OutputType":"frame"}
{"Time":"2026-10-06T17:40:14.177157989-03:00","Action":"pass","Package":"github.com/viralabs-dev/mudarro/test/internal/mudarro","Test":"TestElixirContainedRegularBoundedEvidence","Elapsed":0.01}
{"Time":"2026-10-06T17:40:14.177169124-03:00","Action":"run","Package":"github.com/viralabs-dev/mudarro/test/internal/mudarro","Test":"TestElixirScanNestedExcludedAndOptIn"}
{"Time":"2026-10-06T17:40:14.17717119-03:00","Action":"output","Package":"github.com/viralabs-dev/mudarro/test/internal/mudarro","Test":"TestElixirScanNestedExcludedAndOptIn","Output":"=== RUN   TestElixirScanNestedExcludedAndOptIn\n","OutputType":"frame"}
{"Time":"2026-10-06T17:40:14.215436926-03:00","Action":"output","Package":"github.com/viralabs-dev/mudarro/test/internal/mudarro","Test":"TestElixirScanNestedExcludedAndOptIn","Output":"--- PASS: TestElixirScanNestedExcludedAndOptIn (0.04s)\n","OutputType":"frame"}
{"Time":"2026-10-06T17:40:14.215457003-03:00","Action":"pass","Package":"github.com/viralabs-dev/mudarro/test/internal/mudarro","Test":"TestElixirScanNestedExcludedAndOptIn","Elapsed":0.04}
{"Time":"2026-10-06T17:40:14.215462218-03:00","Action":"run","Package":"github.com/viralabs-dev/mudarro/test/internal/mudarro","Test":"TestElixirDeclaredUmbrellaConfiguration"}
{"Time":"2026-10-06T17:40:14.215464205-03:00","Action":"output","Package":"github.com/viralabs-dev/mudarro/test/internal/mudarro","Test":"TestElixirDeclaredUmbrellaConfiguration","Output":"=== RUN   TestElixirDeclaredUmbrellaConfiguration\n","OutputType":"frame"}
{"Time":"2026-10-06T17:40:14.215467591-03:00","Action":"run","Package":"github.com/viralabs-dev/mudarro/test/internal/mudarro","Test":"TestElixirDeclaredUmbrellaConfiguration/declared"}
{"Time":"2026-10-06T17:40:14.215468909-03:00","Action":"output","Package":"github.com/viralabs-dev/mudarro/test/internal/mudarro","Test":"TestElixirDeclaredUmbrellaConfiguration/declared","Output":"=== RUN   TestElixirDeclaredUmbrellaConfiguration/declared\n","OutputType":"frame"}
{"Time":"2026-10-06T17:40:14.216187189-03:00","Action":"output","Package":"github.com/viralabs-dev/mudarro/test/internal/mudarro","Test":"TestElixirDeclaredUmbrellaConfiguration/declared","Output":"--- PASS: TestElixirDeclaredUmbrellaConfiguration/declared (0.00s)\n","OutputType":"frame"}
{"Time":"2026-10-06T17:40:14.216189954-03:00","Action":"pass","Package":"github.com/viralabs-dev/mudarro/test/internal/mudarro","Test":"TestElixirDeclaredUmbrellaConfiguration/declared","Elapsed":0}
{"Time":"2026-10-06T17:40:14.216194724-03:00","Action":"run","Package":"github.com/viralabs-dev/mudarro/test/internal/mudarro","Test":"TestElixirDeclaredUmbrellaConfiguration/wrong-language"}
{"Time":"2026-10-06T17:40:14.216196091-03:00","Action":"output","Package":"github.com/viralabs-dev/mudarro/test/internal/mudarro","Test":"TestElixirDeclaredUmbrellaConfiguration/wrong-language","Output":"=== RUN   TestElixirDeclaredUmbrellaConfiguration/wrong-language\n","OutputType":"frame"}
{"Time":"2026-10-06T17:40:14.216747749-03:00","Action":"output","Package":"github.com/viralabs-dev/mudarro/test/internal/mudarro","Test":"TestElixirDeclaredUmbrellaConfiguration/wrong-language","Output":"--- PASS: TestElixirDeclaredUmbrellaConfiguration/wrong-language (0.00s)\n","OutputType":"frame"}
{"Time":"2026-10-06T17:40:14.216754386-03:00","Action":"pass","Package":"github.com/viralabs-dev/mudarro/test/internal/mudarro","Test":"TestElixirDeclaredUmbrellaConfiguration/wrong-language","Elapsed":0}
{"Time":"2026-10-06T17:40:14.21676791-03:00","Action":"run","Package":"github.com/viralabs-dev/mudarro/test/internal/mudarro","Test":"TestElixirDeclaredUmbrellaConfiguration/wrong-manager"}
{"Time":"2026-10-06T17:40:14.216769373-03:00","Action":"output","Package":"github.com/viralabs-dev/mudarro/test/internal/mudarro","Test":"TestElixirDeclaredUmbrellaConfiguration/wrong-manager","Output":"=== RUN   TestElixirDeclaredUmbrellaConfiguration/wrong-manager\n","OutputType":"frame"}
{"Time":"2026-10-06T17:40:14.217289904-03:00","Action":"output","Package":"github.com/viralabs-dev/mudarro/test/internal/mudarro","Test":"TestElixirDeclaredUmbrellaConfiguration/wrong-manager","Output":"--- PASS: TestElixirDeclaredUmbrellaConfiguration/wrong-manager (0.00s)\n","OutputType":"frame"}
{"Time":"2026-10-06T17:40:14.217300562-03:00","Action":"pass","Package":"github.com/viralabs-dev/mudarro/test/internal/mudarro","Test":"TestElixirDeclaredUmbrellaConfiguration/wrong-manager","Elapsed":0}
{"Time":"2026-10-06T17:40:14.217312224-03:00","Action":"run","Package":"github.com/viralabs-dev/mudarro/test/internal/mudarro","Test":"TestElixirDeclaredUmbrellaConfiguration/missing-manifest"}
{"Time":"2026-10-06T17:40:14.217314164-03:00","Action":"output","Package":"github.com/viralabs-dev/mudarro/test/internal/mudarro","Test":"TestElixirDeclaredUmbrellaConfiguration/missing-manifest","Output":"=== RUN   TestElixirDeclaredUmbrellaConfiguration/missing-manifest\n","OutputType":"frame"}
{"Time":"2026-10-06T17:40:14.217844209-03:00","Action":"output","Package":"github.com/viralabs-dev/mudarro/test/internal/mudarro","Test":"TestElixirDeclaredUmbrellaConfiguration/missing-manifest","Output":"--- PASS: TestElixirDeclaredUmbrellaConfiguration/missing-manifest (0.00s)\n","OutputType":"frame"}
{"Time":"2026-10-06T17:40:14.217854468-03:00","Action":"pass","Package":"github.com/viralabs-dev/mudarro/test/internal/mudarro","Test":"TestElixirDeclaredUmbrellaConfiguration/missing-manifest","Elapsed":0}
{"Time":"2026-10-06T17:40:14.217856486-03:00","Action":"output","Package":"github.com/viralabs-dev/mudarro/test/internal/mudarro","Test":"TestElixirDeclaredUmbrellaConfiguration","Output":"--- PASS: TestElixirDeclaredUmbrellaConfiguration (0.00s)\n","OutputType":"frame"}
{"Time":"2026-10-06T17:40:14.21785884-03:00","Action":"pass","Package":"github.com/viralabs-dev/mudarro/test/internal/mudarro","Test":"TestElixirDeclaredUmbrellaConfiguration","Elapsed":0}
{"Time":"2026-10-06T17:40:14.217860396-03:00","Action":"run","Package":"github.com/viralabs-dev/mudarro/test/internal/mudarro","Test":"TestElixirBuildAndDependencySourcesIgnored"}
{"Time":"2026-10-06T17:40:14.217863653-03:00","Action":"output","Package":"github.com/viralabs-dev/mudarro/test/internal/mudarro","Test":"TestElixirBuildAndDependencySourcesIgnored","Output":"=== RUN   TestElixirBuildAndDependencySourcesIgnored\n","OutputType":"frame"}
{"Time":"2026-10-06T17:40:14.217873399-03:00","Action":"run","Package":"github.com/viralabs-dev/mudarro/test/internal/mudarro","Test":"TestElixirBuildAndDependencySourcesIgnored/_build"}
{"Time":"2026-10-06T17:40:14.217874796-03:00","Action":"output","Package":"github.com/viralabs-dev/mudarro/test/internal/mudarro","Test":"TestElixirBuildAndDependencySourcesIgnored/_build","Output":"=== RUN   TestElixirBuildAndDependencySourcesIgnored/_build\n","OutputType":"frame"}
{"Time":"2026-10-06T17:40:14.231929436-03:00","Action":"output","Package":"github.com/viralabs-dev/mudarro/test/internal/mudarro","Test":"TestElixirBuildAndDependencySourcesIgnored/_build","Output":"--- PASS: TestElixirBuildAndDependencySourcesIgnored/_build (0.01s)\n","OutputType":"frame"}
{"Time":"2026-10-06T17:40:14.231939894-03:00","Action":"pass","Package":"github.com/viralabs-dev/mudarro/test/internal/mudarro","Test":"TestElixirBuildAndDependencySourcesIgnored/_build","Elapsed":0.01}
{"Time":"2026-10-06T17:40:14.23194637-03:00","Action":"run","Package":"github.com/viralabs-dev/mudarro/test/internal/mudarro","Test":"TestElixirBuildAndDependencySourcesIgnored/deps"}
{"Time":"2026-10-06T17:40:14.231948347-03:00","Action":"output","Package":"github.com/viralabs-dev/mudarro/test/internal/mudarro","Test":"TestElixirBuildAndDependencySourcesIgnored/deps","Output":"=== RUN   TestElixirBuildAndDependencySourcesIgnored/deps\n","OutputType":"frame"}
{"Time":"2026-10-06T17:40:14.249276801-03:00","Action":"output","Package":"github.com/viralabs-dev/mudarro/test/internal/mudarro","Test":"TestElixirBuildAndDependencySourcesIgnored/deps","Output":"--- PASS: TestElixirBuildAndDependencySourcesIgnored/deps (0.02s)\n","OutputType":"frame"}
{"Time":"2026-10-06T17:40:14.249300443-03:00","Action":"pass","Package":"github.com/viralabs-dev/mudarro/test/internal/mudarro","Test":"TestElixirBuildAndDependencySourcesIgnored/deps","Elapsed":0.02}
{"Time":"2026-10-06T17:40:14.249306262-03:00","Action":"output","Package":"github.com/viralabs-dev/mudarro/test/internal/mudarro","Test":"TestElixirBuildAndDependencySourcesIgnored","Output":"--- PASS: TestElixirBuildAndDependencySourcesIgnored (0.03s)\n","OutputType":"frame"}
{"Time":"2026-10-06T17:40:14.249315629-03:00","Action":"pass","Package":"github.com/viralabs-dev/mudarro/test/internal/mudarro","Test":"TestElixirBuildAndDependencySourcesIgnored","Elapsed":0.03}
{"Time":"2026-10-06T17:40:14.249334438-03:00","Action":"run","Package":"github.com/viralabs-dev/mudarro/test/internal/mudarro","Test":"TestContextExecutorOutputAndStdin"}
{"Time":"2026-10-06T17:40:14.249336681-03:00","Action":"output","Package":"github.com/viralabs-dev/mudarro/test/internal/mudarro","Test":"TestContextExecutorOutputAndStdin","Output":"=== RUN   TestContextExecutorOutputAndStdin\n","OutputType":"frame"}
{"Time":"2026-10-06T17:40:14.252877016-03:00","Action":"output","Package":"github.com/viralabs-dev/mudarro/test/internal/mudarro","Test":"TestContextExecutorOutputAndStdin","Output":"--- PASS: TestContextExecutorOutputAndStdin (0.00s)\n","OutputType":"frame"}
{"Time":"2026-10-06T17:40:14.25288423-03:00","Action":"pass","Package":"github.com/viralabs-dev/mudarro/test/internal/mudarro","Test":"TestContextExecutorOutputAndStdin","Elapsed":0}
{"Time":"2026-10-06T17:40:14.25289768-03:00","Action":"run","Package":"github.com/viralabs-dev/mudarro/test/internal/mudarro","Test":"TestContextExecutorRejectsEmptyAndCancelled"}
{"Time":"2026-10-06T17:40:14.252899423-03:00","Action":"output","Package":"github.com/viralabs-dev/mudarro/test/internal/mudarro","Test":"TestContextExecutorRejectsEmptyAndCancelled","Output":"=== RUN   TestContextExecutorRejectsEmptyAndCancelled\n","OutputType":"frame"}
{"Time":"2026-10-06T17:40:14.25318354-03:00","Action":"output","Package":"github.com/viralabs-dev/mudarro/test/internal/mudarro","Test":"TestContextExecutorRejectsEmptyAndCancelled","Output":"--- PASS: TestContextExecutorRejectsEmptyAndCancelled (0.00s)\n","OutputType":"frame"}
{"Time":"2026-10-06T17:40:14.253186885-03:00","Action":"pass","Package":"github.com/viralabs-dev/mudarro/test/internal/mudarro","Test":"TestContextExecutorRejectsEmptyAndCancelled","Elapsed":0}
{"Time":"2026-10-06T17:40:14.2531975-03:00","Action":"run","Package":"github.com/viralabs-dev/mudarro/test/internal/mudarro","Test":"TestContextExecutorCancelsOwnedProcessGroup"}
{"Time":"2026-10-06T17:40:14.253199317-03:00","Action":"output","Package":"github.com/viralabs-dev/mudarro/test/internal/mudarro","Test":"TestContextExecutorCancelsOwnedProcessGroup","Output":"=== RUN   TestContextExecutorCancelsOwnedProcessGroup\n","OutputType":"frame"}
{"Time":"2026-10-06T17:40:14.566181904-03:00","Action":"output","Package":"github.com/viralabs-dev/mudarro/test/internal/mudarro","Test":"TestContextExecutorCancelsOwnedProcessGroup","Output":"--- PASS: TestContextExecutorCancelsOwnedProcessGroup (0.31s)\n","OutputType":"frame"}
{"Time":"2026-10-06T17:40:14.566224321-03:00","Action":"pass","Package":"github.com/viralabs-dev/mudarro/test/internal/mudarro","Test":"TestContextExecutorCancelsOwnedProcessGroup","Elapsed":0.31}
{"Time":"2026-10-06T17:40:14.566234663-03:00","Action":"run","Package":"github.com/viralabs-dev/mudarro/test/internal/mudarro","Test":"TestContextExecutorBoundsInheritedOutputPipe"}
{"Time":"2026-10-06T17:40:14.566239159-03:00","Action":"output","Package":"github.com/viralabs-dev/mudarro/test/internal/mudarro","Test":"TestContextExecutorBoundsInheritedOutputPipe","Output":"=== RUN   TestContextExecutorBoundsInheritedOutputPipe\n","OutputType":"frame"}
{"Time":"2026-10-06T17:40:14.968243545-03:00","Action":"output","Package":"github.com/viralabs-dev/mudarro/test/internal/mudarro","Test":"TestContextExecutorBoundsInheritedOutputPipe","Output":"--- PASS: TestContextExecutorBoundsInheritedOutputPipe (0.40s)\n","OutputType":"frame"}
{"Time":"2026-10-06T17:40:14.968280874-03:00","Action":"pass","Package":"github.com/viralabs-dev/mudarro/test/internal/mudarro","Test":"TestContextExecutorBoundsInheritedOutputPipe","Elapsed":0.4}
{"Time":"2026-10-06T17:40:14.968290367-03:00","Action":"run","Package":"github.com/viralabs-dev/mudarro/test/internal/mudarro","Test":"TestContextExecutorBoundsPipeAfterParentExits"}
{"Time":"2026-10-06T17:40:14.968294308-03:00","Action":"output","Package":"github.com/viralabs-dev/mudarro/test/internal/mudarro","Test":"TestContextExecutorBoundsPipeAfterParentExits","Output":"=== RUN   TestContextExecutorBoundsPipeAfterParentExits\n","OutputType":"frame"}
{"Time":"2026-10-06T17:40:16.02440295-03:00","Action":"output","Package":"github.com/viralabs-dev/mudarro/test/internal/mudarro","Test":"TestContextExecutorBoundsPipeAfterParentExits","Output":"--- PASS: TestContextExecutorBoundsPipeAfterParentExits (1.06s)\n","OutputType":"frame"}
{"Time":"2026-10-06T17:40:16.02450351-03:00","Action":"pass","Package":"github.com/viralabs-dev/mudarro/test/internal/mudarro","Test":"TestContextExecutorBoundsPipeAfterParentExits","Elapsed":1.06}
{"Time":"2026-10-06T17:40:16.024528511-03:00","Action":"run","Package":"github.com/viralabs-dev/mudarro/test/internal/mudarro","Test":"TestKubernetesStopOnlyScalesWorkloads"}
{"Time":"2026-10-06T17:40:16.024538445-03:00","Action":"output","Package":"github.com/viralabs-dev/mudarro/test/internal/mudarro","Test":"TestKubernetesStopOnlyScalesWorkloads","Output":"=== RUN   TestKubernetesStopOnlyScalesWorkloads\n","OutputType":"frame"}
{"Time":"2026-10-06T17:40:16.02602329-03:00","Action":"output","Package":"github.com/viralabs-dev/mudarro/test/internal/mudarro","Test":"TestKubernetesStopOnlyScalesWorkloads","Output":"--- PASS: TestKubernetesStopOnlyScalesWorkloads (0.00s)\n","OutputType":"frame"}
{"Time":"2026-10-06T17:40:16.026074628-03:00","Action":"pass","Package":"github.com/viralabs-dev/mudarro/test/internal/mudarro","Test":"TestKubernetesStopOnlyScalesWorkloads","Elapsed":0}
{"Time":"2026-10-06T17:40:16.026089604-03:00","Action":"run","Package":"github.com/viralabs-dev/mudarro/test/internal/mudarro","Test":"TestDryRunDoesNotExposeEnvironment"}
{"Time":"2026-10-06T17:40:16.026097015-03:00","Action":"output","Package":"github.com/viralabs-dev/mudarro/test/internal/mudarro","Test":"TestDryRunDoesNotExposeEnvironment","Output":"=== RUN   TestDryRunDoesNotExposeEnvironment\n","OutputType":"frame"}
{"Time":"2026-10-06T17:40:16.026927358-03:00","Action":"output","Package":"github.com/viralabs-dev/mudarro/test/internal/mudarro","Test":"TestDryRunDoesNotExposeEnvironment","Output":"--- PASS: TestDryRunDoesNotExposeEnvironment (0.00s)\n","OutputType":"frame"}
{"Time":"2026-10-06T17:40:16.026982646-03:00","Action":"pass","Package":"github.com/viralabs-dev/mudarro/test/internal/mudarro","Test":"TestDryRunDoesNotExposeEnvironment","Elapsed":0}
{"Time":"2026-10-06T17:40:16.026998166-03:00","Action":"run","Package":"github.com/viralabs-dev/mudarro/test/internal/mudarro","Test":"TestFramePersistentChromeAndGeometry"}
{"Time":"2026-10-06T17:40:16.027005518-03:00","Action":"output","Package":"github.com/viralabs-dev/mudarro/test/internal/mudarro","Test":"TestFramePersistentChromeAndGeometry","Output":"=== RUN   TestFramePersistentChromeAndGeometry\n","OutputType":"frame"}
{"Time":"2026-10-06T17:40:16.114140933-03:00","Action":"output","Package":"github.com/viralabs-dev/mudarro/test/internal/mudarro","Test":"TestFramePersistentChromeAndGeometry","Output":"--- PASS: TestFramePersistentChromeAndGeometry (0.09s)\n","OutputType":"frame"}
{"Time":"2026-10-06T17:40:16.114216016-03:00","Action":"pass","Package":"github.com/viralabs-dev/mudarro/test/internal/mudarro","Test":"TestFramePersistentChromeAndGeometry","Elapsed":0.09}
{"Time":"2026-10-06T17:40:16.114237435-03:00","Action":"run","Package":"github.com/viralabs-dev/mudarro/test/internal/mudarro","Test":"TestFrameOutputFiltersFragmentedControlsAndBoundsHistory"}
{"Time":"2026-10-06T17:40:16.114248455-03:00","Action":"output","Package":"github.com/viralabs-dev/mudarro/test/internal/mudarro","Test":"TestFrameOutputFiltersFragmentedControlsAndBoundsHistory","Output":"=== RUN   TestFrameOutputFiltersFragmentedControlsAndBoundsHistory\n","OutputType":"frame"}
{"Time":"2026-10-06T17:40:16.419649984-03:00","Action":"output","Package":"github.com/viralabs-dev/mudarro/test/internal/mudarro","Test":"TestFrameOutputFiltersFragmentedControlsAndBoundsHistory","Output":"--- PASS: TestFrameOutputFiltersFragmentedControlsAndBoundsHistory (0.31s)\n","OutputType":"frame"}
{"Time":"2026-10-06T17:40:16.419730671-03:00","Action":"pass","Package":"github.com/viralabs-dev/mudarro/test/internal/mudarro","Test":"TestFrameOutputFiltersFragmentedControlsAndBoundsHistory","Elapsed":0.31}
{"Time":"2026-10-06T17:40:16.419940133-03:00","Action":"run","Package":"github.com/viralabs-dev/mudarro/test/internal/mudarro","Test":"TestFrameResizeUsesActualSmallWindow"}
{"Time":"2026-10-06T17:40:16.419962294-03:00","Action":"output","Package":"github.com/viralabs-dev/mudarro/test/internal/mudarro","Test":"TestFrameResizeUsesActualSmallWindow","Output":"=== RUN   TestFrameResizeUsesActualSmallWindow\n","OutputType":"frame"}
{"Time":"2026-10-06T17:40:16.426781905-03:00","Action":"output","Package":"github.com/viralabs-dev/mudarro/test/internal/mudarro","Test":"TestFrameResizeUsesActualSmallWindow","Output":"--- PASS: TestFrameResizeUsesActualSmallWindow (0.01s)\n","OutputType":"frame"}
{"Time":"2026-10-06T17:40:16.426820245-03:00","Action":"pass","Package":"github.com/viralabs-dev/mudarro/test/internal/mudarro","Test":"TestFrameResizeUsesActualSmallWindow","Elapsed":0.01}
{"Time":"2026-10-06T17:40:16.42691136-03:00","Action":"run","Package":"github.com/viralabs-dev/mudarro/test/internal/mudarro","Test":"TestFramePipeFallback"}
{"Time":"2026-10-06T17:40:16.426918826-03:00","Action":"output","Package":"github.com/viralabs-dev/mudarro/test/internal/mudarro","Test":"TestFramePipeFallback","Output":"=== RUN   TestFramePipeFallback\n","OutputType":"frame"}
{"Time":"2026-10-06T17:40:16.427126436-03:00","Action":"output","Package":"github.com/viralabs-dev/mudarro/test/internal/mudarro","Test":"TestFramePipeFallback","Output":"--- PASS: TestFramePipeFallback (0.00s)\n","OutputType":"frame"}
{"Time":"2026-10-06T17:40:16.427285602-03:00","Action":"pass","Package":"github.com/viralabs-dev/mudarro/test/internal/mudarro","Test":"TestFramePipeFallback","Elapsed":0}
{"Time":"2026-10-06T17:40:16.427295572-03:00","Action":"run","Package":"github.com/viralabs-dev/mudarro/test/internal/mudarro","Test":"TestFrameworkDeclaredMetadataDoesNotInferEntrypoint"}
{"Time":"2026-10-06T17:40:16.427309437-03:00","Action":"output","Package":"github.com/viralabs-dev/mudarro/test/internal/mudarro","Test":"TestFrameworkDeclaredMetadataDoesNotInferEntrypoint","Output":"=== RUN   TestFrameworkDeclaredMetadataDoesNotInferEntrypoint\n","OutputType":"frame"}
{"Time":"2026-10-06T17:40:16.427315386-03:00","Action":"run","Package":"github.com/viralabs-dev/mudarro/test/internal/mudarro","Test":"TestFrameworkDeclaredMetadataDoesNotInferEntrypoint/pep621"}
{"Time":"2026-10-06T17:40:16.427319494-03:00","Action":"output","Package":"github.com/viralabs-dev/mudarro/test/internal/mudarro","Test":"TestFrameworkDeclaredMetadataDoesNotInferEntrypoint/pep621","Output":"=== RUN   TestFrameworkDeclaredMetadataDoesNotInferEntrypoint/pep621\n","OutputType":"frame"}
{"Time":"2026-10-06T17:40:16.429196147-03:00","Action":"output","Package":"github.com/viralabs-dev/mudarro/test/internal/mudarro","Test":"TestFrameworkDeclaredMetadataDoesNotInferEntrypoint/pep621","Output":"--- PASS: TestFrameworkDeclaredMetadataDoesNotInferEntrypoint/pep621 (0.00s)\n","OutputType":"frame"}
{"Time":"2026-10-06T17:40:16.429226746-03:00","Action":"pass","Package":"github.com/viralabs-dev/mudarro/test/internal/mudarro","Test":"TestFrameworkDeclaredMetadataDoesNotInferEntrypoint/pep621","Elapsed":0}
{"Time":"2026-10-06T17:40:16.429263936-03:00","Action":"run","Package":"github.com/viralabs-dev/mudarro/test/internal/mudarro","Test":"TestFrameworkDeclaredMetadataDoesNotInferEntrypoint/requirements"}
{"Time":"2026-10-06T17:40:16.429267936-03:00","Action":"output","Package":"github.com/viralabs-dev/mudarro/test/internal/mudarro","Test":"TestFrameworkDeclaredMetadataDoesNotInferEntrypoint/requirements","Output":"=== RUN   TestFrameworkDeclaredMetadataDoesNotInferEntrypoint/requirements\n","OutputType":"frame"}
{"Time":"2026-10-06T17:40:16.432182586-03:00","Action":"output","Package":"github.com/viralabs-dev/mudarro/test/internal/mudarro","Test":"TestFrameworkDeclaredMetadataDoesNotInferEntrypoint/requirements","Output":"--- PASS: TestFrameworkDeclaredMetadataDoesNotInferEntrypoint/requirements (0.00s)\n","OutputType":"frame"}
{"Time":"2026-10-06T17:40:16.432226504-03:00","Action":"pass","Package":"github.com/viralabs-dev/mudarro/test/internal/mudarro","Test":"TestFrameworkDeclaredMetadataDoesNotInferEntrypoint/requirements","Elapsed":0}
{"Time":"2026-10-06T17:40:16.432239582-03:00","Action":"run","Package":"github.com/viralabs-dev/mudarro/test/internal/mudarro","Test":"TestFrameworkDeclaredMetadataDoesNotInferEntrypoint/poetry"}
{"Time":"2026-10-06T17:40:16.432245651-03:00","Action":"output","Package":"github.com/viralabs-dev/mudarro/test/internal/mudarro","Test":"TestFrameworkDeclaredMetadataDoesNotInferEntrypoint/poetry","Output":"=== RUN   TestFrameworkDeclaredMetadataDoesNotInferEntrypoint/poetry\n","OutputType":"frame"}
{"Time":"2026-10-06T17:40:16.434158199-03:00","Action":"output","Package":"github.com/viralabs-dev/mudarro/test/internal/mudarro","Test":"TestFrameworkDeclaredMetadataDoesNotInferEntrypoint/poetry","Output":"--- PASS: TestFrameworkDeclaredMetadataDoesNotInferEntrypoint/poetry (0.00s)\n","OutputType":"frame"}
{"Time":"2026-10-06T17:40:16.434186402-03:00","Action":"pass","Package":"github.com/viralabs-dev/mudarro/test/internal/mudarro","Test":"TestFrameworkDeclaredMetadataDoesNotInferEntrypoint/poetry","Elapsed":0}
{"Time":"2026-10-06T17:40:16.434228836-03:00","Action":"run","Package":"github.com/viralabs-dev/mudarro/test/internal/mudarro","Test":"TestFrameworkDeclaredMetadataDoesNotInferEntrypoint/node"}
{"Time":"2026-10-06T17:40:16.434235865-03:00","Action":"output","Package":"github.com/viralabs-dev/mudarro/test/internal/mudarro","Test":"TestFrameworkDeclaredMetadataDoesNotInferEntrypoint/node","Output":"=== RUN   TestFrameworkDeclaredMetadataDoesNotInferEntrypoint/node\n","OutputType":"frame"}
{"Time":"2026-10-06T17:40:16.436304144-03:00","Action":"output","Package":"github.com/viralabs-dev/mudarro/test/internal/mudarro","Test":"TestFrameworkDeclaredMetadataDoesNotInferEntrypoint/node","Output":"--- PASS: TestFrameworkDeclaredMetadataDoesNotInferEntrypoint/node (0.00s)\n","OutputType":"frame"}
{"Time":"2026-10-06T17:40:16.436338961-03:00","Action":"pass","Package":"github.com/viralabs-dev/mudarro/test/internal/mudarro","Test":"TestFrameworkDeclaredMetadataDoesNotInferEntrypoint/node","Elapsed":0}
{"Time":"2026-10-06T17:40:16.436406692-03:00","Action":"output","Package":"github.com/viralabs-dev/mudarro/test/internal/mudarro","Test":"TestFrameworkDeclaredMetadataDoesNotInferEntrypoint","Output":"--- PASS: TestFrameworkDeclaredMetadataDoesNotInferEntrypoint (0.01s)\n","OutputType":"frame"}
{"Time":"2026-10-06T17:40:16.436439202-03:00","Action":"pass","Package":"github.com/viralabs-dev/mudarro/test/internal/mudarro","Test":"TestFrameworkDeclaredMetadataDoesNotInferEntrypoint","Elapsed":0.01}
{"Time":"2026-10-06T17:40:16.436469034-03:00","Action":"run","Package":"github.com/viralabs-dev/mudarro/test/internal/mudarro","Test":"TestFrameworkAmbiguityAndUnknownRemainExplicit"}
{"Time":"2026-10-06T17:40:16.436482956-03:00","Action":"output","Package":"github.com/viralabs-dev/mudarro/test/internal/mudarro","Test":"TestFrameworkAmbiguityAndUnknownRemainExplicit","Output":"=== RUN   TestFrameworkAmbiguityAndUnknownRemainExplicit\n","OutputType":"frame"}
{"Time":"2026-10-06T17:40:16.436544105-03:00","Action":"run","Package":"github.com/viralabs-dev/mudarro/test/internal/mudarro","Test":"TestFrameworkAmbiguityAndUnknownRemainExplicit/multiple"}
{"Time":"2026-10-06T17:40:16.436551897-03:00","Action":"output","Package":"github.com/viralabs-dev/mudarro/test/internal/mudarro","Test":"TestFrameworkAmbiguityAndUnknownRemainExplicit/multiple","Output":"=== RUN   TestFrameworkAmbiguityAndUnknownRemainExplicit/multiple\n","OutputType":"frame"}
{"Time":"2026-10-06T17:40:16.438345726-03:00","Action":"output","Package":"github.com/viralabs-dev/mudarro/test/internal/mudarro","Test":"TestFrameworkAmbiguityAndUnknownRemainExplicit/multiple","Output":"--- PASS: TestFrameworkAmbiguityAndUnknownRemainExplicit/multiple (0.00s)\n","OutputType":"frame"}
{"Time":"2026-10-06T17:40:16.438364561-03:00","Action":"pass","Package":"github.com/viralabs-dev/mudarro/test/internal/mudarro","Test":"TestFrameworkAmbiguityAndUnknownRemainExplicit/multiple","Elapsed":0}
{"Time":"2026-10-06T17:40:16.438371719-03:00","Action":"run","Package":"github.com/viralabs-dev/mudarro/test/internal/mudarro","Test":"TestFrameworkAmbiguityAndUnknownRemainExplicit/unknown"}
{"Time":"2026-10-06T17:40:16.438375329-03:00","Action":"output","Package":"github.com/viralabs-dev/mudarro/test/internal/mudarro","Test":"TestFrameworkAmbiguityAndUnknownRemainExplicit/unknown","Output":"=== RUN   TestFrameworkAmbiguityAndUnknownRemainExplicit/unknown\n","OutputType":"frame"}
{"Time":"2026-10-06T17:40:16.439556119-03:00","Action":"output","Package":"github.com/viralabs-dev/mudarro/test/internal/mudarro","Test":"TestFrameworkAmbiguityAndUnknownRemainExplicit/unknown","Output":"--- PASS: TestFrameworkAmbiguityAndUnknownRemainExplicit/unknown (0.00s)\n","OutputType":"frame"}
{"Time":"2026-10-06T17:40:16.439582087-03:00","Action":"pass","Package":"github.com/viralabs-dev/mudarro/test/internal/mudarro","Test":"TestFrameworkAmbiguityAndUnknownRemainExplicit/unknown","Elapsed":0}
{"Time":"2026-10-06T17:40:16.43960753-03:00","Action":"run","Package":"github.com/viralabs-dev/mudarro/test/internal/mudarro","Test":"TestFrameworkAmbiguityAndUnknownRemainExplicit/empty"}
{"Time":"2026-10-06T17:40:16.43961261-03:00","Action":"output","Package":"github.com/viralabs-dev/mudarro/test/internal/mudarro","Test":"TestFrameworkAmbiguityAndUnknownRemainExplicit/empty","Output":"=== RUN   TestFrameworkAmbiguityAndUnknownRemainExplicit/empty\n","OutputType":"frame"}
{"Time":"2026-10-06T17:40:16.440702756-03:00","Action":"output","Package":"github.com/viralabs-dev/mudarro/test/internal/mudarro","Test":"TestFrameworkAmbiguityAndUnknownRemainExplicit/empty","Output":"--- PASS: TestFrameworkAmbiguityAndUnknownRemainExplicit/empty (0.00s)\n","OutputType":"frame"}
{"Time":"2026-10-06T17:40:16.440720379-03:00","Action":"pass","Package":"github.com/viralabs-dev/mudarro/test/internal/mudarro","Test":"TestFrameworkAmbiguityAndUnknownRemainExplicit/empty","Elapsed":0}
{"Time":"2026-10-06T17:40:16.440751025-03:00","Action":"output","Package":"github.com/viralabs-dev/mudarro/test/internal/mudarro","Test":"TestFrameworkAmbiguityAndUnknownRemainExplicit","Output":"--- PASS: TestFrameworkAmbiguityAndUnknownRemainExplicit (0.00s)\n","OutputType":"frame"}
{"Time":"2026-10-06T17:40:16.440768634-03:00","Action":"pass","Package":"github.com/viralabs-dev/mudarro/test/internal/mudarro","Test":"TestFrameworkAmbiguityAndUnknownRemainExplicit","Elapsed":0}
{"Time":"2026-10-06T17:40:16.440793856-03:00","Action":"run","Package":"github.com/viralabs-dev/mudarro/test/internal/mudarro","Test":"TestFrameworkPytestIsToolOnlyAndOptionalMetadata"}
{"Time":"2026-10-06T17:40:16.440798357-03:00","Action":"output","Package":"github.com/viralabs-dev/mudarro/test/internal/mudarro","Test":"TestFrameworkPytestIsToolOnlyAndOptionalMetadata","Output":"=== RUN   TestFrameworkPytestIsToolOnlyAndOptionalMetadata\n","OutputType":"frame"}
{"Time":"2026-10-06T17:40:16.441798052-03:00","Action":"output","Package":"github.com/viralabs-dev/mudarro/test/internal/mudarro","Test":"TestFrameworkPytestIsToolOnlyAndOptionalMetadata","Output":"--- PASS: TestFrameworkPytestIsToolOnlyAndOptionalMetadata (0.00s)\n","OutputType":"frame"}
{"Time":"2026-10-06T17:40:16.441819918-03:00","Action":"pass","Package":"github.com/viralabs-dev/mudarro/test/internal/mudarro","Test":"TestFrameworkPytestIsToolOnlyAndOptionalMetadata","Elapsed":0}
{"Time":"2026-10-06T17:40:16.441853516-03:00","Action":"run","Package":"github.com/viralabs-dev/mudarro/test/internal/mudarro","Test":"TestFrameworkMetadataWrongTypesExcludedSymlinkAndBounded"}
{"Time":"2026-10-06T17:40:16.441857194-03:00","Action":"output","Package":"github.com/viralabs-dev/mudarro/test/internal/mudarro","Test":"TestFrameworkMetadataWrongTypesExcludedSymlinkAndBounded","Output":"=== RUN   TestFrameworkMetadataWrongTypesExcludedSymlinkAndBounded\n","OutputType":"frame"}
{"Time":"2026-10-06T17:40:16.441887428-03:00","Action":"run","Package":"github.com/viralabs-dev/mudarro/test/internal/mudarro","Test":"TestFrameworkMetadataWrongTypesExcludedSymlinkAndBounded/wrong-types"}
{"Time":"2026-10-06T17:40:16.441892795-03:00","Action":"output","Package":"github.com/viralabs-dev/mudarro/test/internal/mudarro","Test":"TestFrameworkMetadataWrongTypesExcludedSymlinkAndBounded/wrong-types","Output":"=== RUN   TestFrameworkMetadataWrongTypesExcludedSymlinkAndBounded/wrong-types\n","OutputType":"frame"}
{"Time":"2026-10-06T17:40:16.442854221-03:00","Action":"output","Package":"github.com/viralabs-dev/mudarro/test/internal/mudarro","Test":"TestFrameworkMetadataWrongTypesExcludedSymlinkAndBounded/wrong-types","Output":"--- PASS: TestFrameworkMetadataWrongTypesExcludedSymlinkAndBounded/wrong-types (0.00s)\n","OutputType":"frame"}
{"Time":"2026-10-06T17:40:16.442864743-03:00","Action":"pass","Package":"github.com/viralabs-dev/mudarro/test/internal/mudarro","Test":"TestFrameworkMetadataWrongTypesExcludedSymlinkAndBounded/wrong-types","Elapsed":0}
{"Time":"2026-10-06T17:40:16.442874094-03:00","Action":"run","Package":"github.com/viralabs-dev/mudarro/test/internal/mudarro","Test":"TestFrameworkMetadataWrongTypesExcludedSymlinkAndBounded/excluded"}
{"Time":"2026-10-06T17:40:16.442877276-03:00","Action":"output","Package":"github.com/viralabs-dev/mudarro/test/internal/mudarro","Test":"TestFrameworkMetadataWrongTypesExcludedSymlinkAndBounded/excluded","Output":"=== RUN   TestFrameworkMetadataWrongTypesExcludedSymlinkAndBounded/excluded\n","OutputType":"frame"}
{"Time":"2026-10-06T17:40:16.443969082-03:00","Action":"output","Package":"github.com/viralabs-dev/mudarro/test/internal/mudarro","Test":"TestFrameworkMetadataWrongTypesExcludedSymlinkAndBounded/excluded","Output":"--- PASS: TestFrameworkMetadataWrongTypesExcludedSymlinkAndBounded/excluded (0.00s)\n","OutputType":"frame"}
{"Time":"2026-10-06T17:40:16.443983307-03:00","Action":"pass","Package":"github.com/viralabs-dev/mudarro/test/internal/mudarro","Test":"TestFrameworkMetadataWrongTypesExcludedSymlinkAndBounded/excluded","Elapsed":0}
{"Time":"2026-10-06T17:40:16.44398779-03:00","Action":"run","Package":"github.com/viralabs-dev/mudarro/test/internal/mudarro","Test":"TestFrameworkMetadataWrongTypesExcludedSymlinkAndBounded/symlink"}
{"Time":"2026-10-06T17:40:16.443990743-03:00","Action":"output","Package":"github.com/viralabs-dev/mudarro/test/internal/mudarro","Test":"TestFrameworkMetadataWrongTypesExcludedSymlinkAndBounded/symlink","Output":"=== RUN   TestFrameworkMetadataWrongTypesExcludedSymlinkAndBounded/symlink\n","OutputType":"frame"}
{"Time":"2026-10-06T17:40:16.445130025-03:00","Action":"output","Package":"github.com/viralabs-dev/mudarro/test/internal/mudarro","Test":"TestFrameworkMetadataWrongTypesExcludedSymlinkAndBounded/symlink","Output":"--- PASS: TestFrameworkMetadataWrongTypesExcludedSymlinkAndBounded/symlink (0.00s)\n","OutputType":"frame"}
{"Time":"2026-10-06T17:40:16.445141357-03:00","Action":"pass","Package":"github.com/viralabs-dev/mudarro/test/internal/mudarro","Test":"TestFrameworkMetadataWrongTypesExcludedSymlinkAndBounded/symlink","Elapsed":0}
{"Time":"2026-10-06T17:40:16.445148956-03:00","Action":"run","Package":"github.com/viralabs-dev/mudarro/test/internal/mudarro","Test":"TestFrameworkMetadataWrongTypesExcludedSymlinkAndBounded/oversized"}
{"Time":"2026-10-06T17:40:16.445152181-03:00","Action":"output","Package":"github.com/viralabs-dev/mudarro/test/internal/mudarro","Test":"TestFrameworkMetadataWrongTypesExcludedSymlinkAndBounded/oversized","Output":"=== RUN   TestFrameworkMetadataWrongTypesExcludedSymlinkAndBounded/oversized\n","OutputType":"frame"}
{"Time":"2026-10-06T17:40:16.466248621-03:00","Action":"output","Package":"github.com/viralabs-dev/mudarro/test/internal/mudarro","Test":"TestFrameworkMetadataWrongTypesExcludedSymlinkAndBounded/oversized","Output":"--- PASS: TestFrameworkMetadataWrongTypesExcludedSymlinkAndBounded/oversized (0.02s)\n","OutputType":"frame"}
{"Time":"2026-10-06T17:40:16.466260691-03:00","Action":"pass","Package":"github.com/viralabs-dev/mudarro/test/internal/mudarro","Test":"TestFrameworkMetadataWrongTypesExcludedSymlinkAndBounded/oversized","Elapsed":0.02}
{"Time":"2026-10-06T17:40:16.466264802-03:00","Action":"output","Package":"github.com/viralabs-dev/mudarro/test/internal/mudarro","Test":"TestFrameworkMetadataWrongTypesExcludedSymlinkAndBounded","Output":"--- PASS: TestFrameworkMetadataWrongTypesExcludedSymlinkAndBounded (0.02s)\n","OutputType":"frame"}
{"Time":"2026-10-06T17:40:16.466267708-03:00","Action":"pass","Package":"github.com/viralabs-dev/mudarro/test/internal/mudarro","Test":"TestFrameworkMetadataWrongTypesExcludedSymlinkAndBounded","Elapsed":0.02}
{"Time":"2026-10-06T17:40:16.46627023-03:00","Action":"run","Package":"github.com/viralabs-dev/mudarro/test/internal/mudarro","Test":"TestFrameworkScanNoExecutablesOrImports"}
{"Time":"2026-10-06T17:40:16.466271813-03:00","Action":"output","Package":"github.com/viralabs-dev/mudarro/test/internal/mudarro","Test":"TestFrameworkScanNoExecutablesOrImports","Output":"=== RUN   TestFrameworkScanNoExecutablesOrImports\n","OutputType":"frame"}
{"Time":"2026-10-06T17:40:16.466834613-03:00","Action":"output","Package":"github.com/viralabs-dev/mudarro/test/internal/mudarro","Test":"TestFrameworkScanNoExecutablesOrImports","Output":"--- PASS: TestFrameworkScanNoExecutablesOrImports (0.00s)\n","OutputType":"frame"}
{"Time":"2026-10-06T17:40:16.466855489-03:00","Action":"pass","Package":"github.com/viralabs-dev/mudarro/test/internal/mudarro","Test":"TestFrameworkScanNoExecutablesOrImports","Elapsed":0}
{"Time":"2026-10-06T17:40:16.466857191-03:00","Action":"run","Package":"github.com/viralabs-dev/mudarro/test/internal/mudarro","Test":"TestFrameworkDeclaredEntrypointSuggestionPreservedWithoutImport"}
{"Time":"2026-10-06T17:40:16.466858626-03:00","Action":"output","Package":"github.com/viralabs-dev/mudarro/test/internal/mudarro","Test":"TestFrameworkDeclaredEntrypointSuggestionPreservedWithoutImport","Output":"=== RUN   TestFrameworkDeclaredEntrypointSuggestionPreservedWithoutImport\n","OutputType":"frame"}
{"Time":"2026-10-06T17:40:16.467372486-03:00","Action":"output","Package":"github.com/viralabs-dev/mudarro/test/internal/mudarro","Test":"TestFrameworkDeclaredEntrypointSuggestionPreservedWithoutImport","Output":"--- PASS: TestFrameworkDeclaredEntrypointSuggestionPreservedWithoutImport (0.00s)\n","OutputType":"frame"}
{"Time":"2026-10-06T17:40:16.467382013-03:00","Action":"pass","Package":"github.com/viralabs-dev/mudarro/test/internal/mudarro","Test":"TestFrameworkDeclaredEntrypointSuggestionPreservedWithoutImport","Elapsed":0}
{"Time":"2026-10-06T17:40:16.467392217-03:00","Action":"run","Package":"github.com/viralabs-dev/mudarro/test/internal/mudarro","Test":"TestGeneratePreflightProtectsAllDestinations"}
{"Time":"2026-10-06T17:40:16.467393832-03:00","Action":"output","Package":"github.com/viralabs-dev/mudarro/test/internal/mudarro","Test":"TestGeneratePreflightProtectsAllDestinations","Output":"=== RUN   TestGeneratePreflightProtectsAllDestinations\n","OutputType":"frame"}
{"Time":"2026-10-06T17:40:16.467409287-03:00","Action":"run","Package":"github.com/viralabs-dev/mudarro/test/internal/mudarro","Test":"TestGeneratePreflightProtectsAllDestinations/edited-launcher"}
{"Time":"2026-10-06T17:40:16.46741081-03:00","Action":"output","Package":"github.com/viralabs-dev/mudarro/test/internal/mudarro","Test":"TestGeneratePreflightProtectsAllDestinations/edited-launcher","Output":"=== RUN   TestGeneratePreflightProtectsAllDestinations/edited-launcher\n","OutputType":"frame"}
{"Time":"2026-10-06T17:40:16.476802027-03:00","Action":"output","Package":"github.com/viralabs-dev/mudarro/test/internal/mudarro","Test":"TestGeneratePreflightProtectsAllDestinations/edited-launcher","Output":"--- PASS: TestGeneratePreflightProtectsAllDestinations/edited-launcher (0.01s)\n","OutputType":"frame"}
{"Time":"2026-10-06T17:40:16.476833433-03:00","Action":"pass","Package":"github.com/viralabs-dev/mudarro/test/internal/mudarro","Test":"TestGeneratePreflightProtectsAllDestinations/edited-launcher","Elapsed":0.01}
{"Time":"2026-10-06T17:40:16.476850091-03:00","Action":"run","Package":"github.com/viralabs-dev/mudarro/test/internal/mudarro","Test":"TestGeneratePreflightProtectsAllDestinations/invalid-manifest"}
{"Time":"2026-10-06T17:40:16.476851789-03:00","Action":"output","Package":"github.com/viralabs-dev/mudarro/test/internal/mudarro","Test":"TestGeneratePreflightProtectsAllDestinations/invalid-manifest","Output":"=== RUN   TestGeneratePreflightProtectsAllDestinations/invalid-manifest\n","OutputType":"frame"}
{"Time":"2026-10-06T17:40:16.478674605-03:00","Action":"output","Package":"github.com/viralabs-dev/mudarro/test/internal/mudarro","Test":"TestGeneratePreflightProtectsAllDestinations/invalid-manifest","Output":"--- PASS: TestGeneratePreflightProtectsAllDestinations/invalid-manifest (0.00s)\n","OutputType":"frame"}
{"Time":"2026-10-06T17:40:16.478692583-03:00","Action":"pass","Package":"github.com/viralabs-dev/mudarro/test/internal/mudarro","Test":"TestGeneratePreflightProtectsAllDestinations/invalid-manifest","Elapsed":0}
{"Time":"2026-10-06T17:40:16.478732518-03:00","Action":"output","Package":"github.com/viralabs-dev/mudarro/test/internal/mudarro","Test":"TestGeneratePreflightProtectsAllDestinations","Output":"--- PASS: TestGeneratePreflightProtectsAllDestinations (0.01s)\n","OutputType":"frame"}
{"Time":"2026-10-06T17:40:16.478784476-03:00","Action":"pass","Package":"github.com/viralabs-dev/mudarro/test/internal/mudarro","Test":"TestGeneratePreflightProtectsAllDestinations","Elapsed":0.01}
{"Time":"2026-10-06T17:40:16.478790755-03:00","Action":"run","Package":"github.com/viralabs-dev/mudarro/test/internal/mudarro","Test":"TestInitSelectionFailureDoesNotSave"}
{"Time":"2026-10-06T17:40:16.478792396-03:00","Action":"output","Package":"github.com/viralabs-dev/mudarro/test/internal/mudarro","Test":"TestInitSelectionFailureDoesNotSave","Output":"=== RUN   TestInitSelectionFailureDoesNotSave\n","OutputType":"frame"}
{"Time":"2026-10-06T17:40:16.478794485-03:00","Action":"run","Package":"github.com/viralabs-dev/mudarro/test/internal/mudarro","Test":"TestInitSelectionFailureDoesNotSave/unknown-selection"}
{"Time":"2026-10-06T17:40:16.47879592-03:00","Action":"output","Package":"github.com/viralabs-dev/mudarro/test/internal/mudarro","Test":"TestInitSelectionFailureDoesNotSave/unknown-selection","Output":"=== RUN   TestInitSelectionFailureDoesNotSave/unknown-selection\n","OutputType":"frame"}
{"Time":"2026-10-06T17:40:16.47963263-03:00","Action":"output","Package":"github.com/viralabs-dev/mudarro/test/internal/mudarro","Test":"TestInitSelectionFailureDoesNotSave/unknown-selection","Output":"--- PASS: TestInitSelectionFailureDoesNotSave/unknown-selection (0.00s)\n","OutputType":"frame"}
{"Time":"2026-10-06T17:40:16.479647429-03:00","Action":"pass","Package":"github.com/viralabs-dev/mudarro/test/internal/mudarro","Test":"TestInitSelectionFailureDoesNotSave/unknown-selection","Elapsed":0}
{"Time":"2026-10-06T17:40:16.479661895-03:00","Action":"run","Package":"github.com/viralabs-dev/mudarro/test/internal/mudarro","Test":"TestInitSelectionFailureDoesNotSave/interactive-eof"}
{"Time":"2026-10-06T17:40:16.4796638-03:00","Action":"output","Package":"github.com/viralabs-dev/mudarro/test/internal/mudarro","Test":"TestInitSelectionFailureDoesNotSave/interactive-eof","Output":"=== RUN   TestInitSelectionFailureDoesNotSave/interactive-eof\n","OutputType":"frame"}
{"Time":"2026-10-06T17:40:16.481346102-03:00","Action":"output","Package":"github.com/viralabs-dev/mudarro/test/internal/mudarro","Test":"TestInitSelectionFailureDoesNotSave/interactive-eof","Output":"--- PASS: TestInitSelectionFailureDoesNotSave/interactive-eof (0.00s)\n","OutputType":"frame"}
{"Time":"2026-10-06T17:40:16.481372261-03:00","Action":"pass","Package":"github.com/viralabs-dev/mudarro/test/internal/mudarro","Test":"TestInitSelectionFailureDoesNotSave/interactive-eof","Elapsed":0}
{"Time":"2026-10-06T17:40:16.481385998-03:00","Action":"output","Package":"github.com/viralabs-dev/mudarro/test/internal/mudarro","Test":"TestInitSelectionFailureDoesNotSave","Output":"--- PASS: TestInitSelectionFailureDoesNotSave (0.00s)\n","OutputType":"frame"}
{"Time":"2026-10-06T17:40:16.481407213-03:00","Action":"pass","Package":"github.com/viralabs-dev/mudarro/test/internal/mudarro","Test":"TestInitSelectionFailureDoesNotSave","Elapsed":0}
{"Time":"2026-10-06T17:40:16.481430402-03:00","Action":"run","Package":"github.com/viralabs-dev/mudarro/test/internal/mudarro","Test":"TestGoSelectionSortedOfflineSuggestions"}
{"Time":"2026-10-06T17:40:16.481435667-03:00","Action":"output","Package":"github.com/viralabs-dev/mudarro/test/internal/mudarro","Test":"TestGoSelectionSortedOfflineSuggestions","Output":"=== RUN   TestGoSelectionSortedOfflineSuggestions\n","OutputType":"frame"}
{"Time":"2026-10-06T17:40:16.483051276-03:00","Action":"output","Package":"github.com/viralabs-dev/mudarro/test/internal/mudarro","Test":"TestGoSelectionSortedOfflineSuggestions","Output":"--- PASS: TestGoSelectionSortedOfflineSuggestions (0.00s)\n","OutputType":"frame"}
{"Time":"2026-10-06T17:40:16.483064843-03:00","Action":"pass","Package":"github.com/viralabs-dev/mudarro/test/internal/mudarro","Test":"TestGoSelectionSortedOfflineSuggestions","Elapsed":0}
{"Time":"2026-10-06T17:40:16.483068562-03:00","Action":"run","Package":"github.com/viralabs-dev/mudarro/test/internal/mudarro","Test":"TestGoSelectionInitPromotesOnlyStart"}
{"Time":"2026-10-06T17:40:16.483071448-03:00","Action":"output","Package":"github.com/viralabs-dev/mudarro/test/internal/mudarro","Test":"TestGoSelectionInitPromotesOnlyStart","Output":"=== RUN   TestGoSelectionInitPromotesOnlyStart\n","OutputType":"frame"}
{"Time":"2026-10-06T17:40:16.486661678-03:00","Action":"output","Package":"github.com/viralabs-dev/mudarro/test/internal/mudarro","Test":"TestGoSelectionInitPromotesOnlyStart","Output":"--- PASS: TestGoSelectionInitPromotesOnlyStart (0.00s)\n","OutputType":"frame"}
{"Time":"2026-10-06T17:40:16.486670301-03:00","Action":"pass","Package":"github.com/viralabs-dev/mudarro/test/internal/mudarro","Test":"TestGoSelectionInitPromotesOnlyStart","Elapsed":0}
{"Time":"2026-10-06T17:40:16.486686345-03:00","Action":"run","Package":"github.com/viralabs-dev/mudarro/test/internal/mudarro","Test":"TestGoSelectionMultipleRejectedBeforeWrite"}
{"Time":"2026-10-06T17:40:16.486688515-03:00","Action":"output","Package":"github.com/viralabs-dev/mudarro/test/internal/mudarro","Test":"TestGoSelectionMultipleRejectedBeforeWrite","Output":"=== RUN   TestGoSelectionMultipleRejectedBeforeWrite\n","OutputType":"frame"}
{"Time":"2026-10-06T17:40:16.486712357-03:00","Action":"run","Package":"github.com/viralabs-dev/mudarro/test/internal/mudarro","Test":"TestGoSelectionMultipleRejectedBeforeWrite/select"}
{"Time":"2026-10-06T17:40:16.486714473-03:00","Action":"output","Package":"github.com/viralabs-dev/mudarro/test/internal/mudarro","Test":"TestGoSelectionMultipleRejectedBeforeWrite/select","Output":"=== RUN   TestGoSelectionMultipleRejectedBeforeWrite/select\n","OutputType":"frame"}
{"Time":"2026-10-06T17:40:16.489204893-03:00","Action":"output","Package":"github.com/viralabs-dev/mudarro/test/internal/mudarro","Test":"TestGoSelectionMultipleRejectedBeforeWrite/select","Output":"--- PASS: TestGoSelectionMultipleRejectedBeforeWrite/select (0.00s)\n","OutputType":"frame"}
{"Time":"2026-10-06T17:40:16.489218496-03:00","Action":"pass","Package":"github.com/viralabs-dev/mudarro/test/internal/mudarro","Test":"TestGoSelectionMultipleRejectedBeforeWrite/select","Elapsed":0}
{"Time":"2026-10-06T17:40:16.489220166-03:00","Action":"run","Package":"github.com/viralabs-dev/mudarro/test/internal/mudarro","Test":"TestGoSelectionMultipleRejectedBeforeWrite/all"}
{"Time":"2026-10-06T17:40:16.489221528-03:00","Action":"output","Package":"github.com/viralabs-dev/mudarro/test/internal/mudarro","Test":"TestGoSelectionMultipleRejectedBeforeWrite/all","Output":"=== RUN   TestGoSelectionMultipleRejectedBeforeWrite/all\n","OutputType":"frame"}
{"Time":"2026-10-06T17:40:16.491101766-03:00","Action":"output","Package":"github.com/viralabs-dev/mudarro/test/internal/mudarro","Test":"TestGoSelectionMultipleRejectedBeforeWrite/all","Output":"--- PASS: TestGoSelectionMultipleRejectedBeforeWrite/all (0.00s)\n","OutputType":"frame"}
{"Time":"2026-10-06T17:40:16.491111054-03:00","Action":"pass","Package":"github.com/viralabs-dev/mudarro/test/internal/mudarro","Test":"TestGoSelectionMultipleRejectedBeforeWrite/all","Elapsed":0}
{"Time":"2026-10-06T17:40:16.491113932-03:00","Action":"run","Package":"github.com/viralabs-dev/mudarro/test/internal/mudarro","Test":"TestGoSelectionMultipleRejectedBeforeWrite/interactive"}
{"Time":"2026-10-06T17:40:16.491115469-03:00","Action":"output","Package":"github.com/viralabs-dev/mudarro/test/internal/mudarro","Test":"TestGoSelectionMultipleRejectedBeforeWrite/interactive","Output":"=== RUN   TestGoSelectionMultipleRejectedBeforeWrite/interactive\n","OutputType":"frame"}
{"Time":"2026-10-06T17:40:16.493379545-03:00","Action":"output","Package":"github.com/viralabs-dev/mudarro/test/internal/mudarro","Test":"TestGoSelectionMultipleRejectedBeforeWrite/interactive","Output":"--- PASS: TestGoSelectionMultipleRejectedBeforeWrite/interactive (0.00s)\n","OutputType":"frame"}
{"Time":"2026-10-06T17:40:16.493384727-03:00","Action":"pass","Package":"github.com/viralabs-dev/mudarro/test/internal/mudarro","Test":"TestGoSelectionMultipleRejectedBeforeWrite/interactive","Elapsed":0}
{"Time":"2026-10-06T17:40:16.493388648-03:00","Action":"output","Package":"github.com/viralabs-dev/mudarro/test/internal/mudarro","Test":"TestGoSelectionMultipleRejectedBeforeWrite","Output":"--- PASS: TestGoSelectionMultipleRejectedBeforeWrite (0.01s)\n","OutputType":"frame"}
{"Time":"2026-10-06T17:40:16.493391053-03:00","Action":"pass","Package":"github.com/viralabs-dev/mudarro/test/internal/mudarro","Test":"TestGoSelectionMultipleRejectedBeforeWrite","Elapsed":0.01}
{"Time":"2026-10-06T17:40:16.493396433-03:00","Action":"run","Package":"github.com/viralabs-dev/mudarro/test/internal/mudarro","Test":"TestGoSelectionWorkspaceConfigRoundtrip"}
{"Time":"2026-10-06T17:40:16.493398399-03:00","Action":"output","Package":"github.com/viralabs-dev/mudarro/test/internal/mudarro","Test":"TestGoSelectionWorkspaceConfigRoundtrip","Output":"=== RUN   TestGoSelectionWorkspaceConfigRoundtrip\n","OutputType":"frame"}
{"Time":"2026-10-06T17:40:16.493422705-03:00","Action":"run","Package":"github.com/viralabs-dev/mudarro/test/internal/mudarro","Test":"TestGoSelectionWorkspaceConfigRoundtrip/json/"}
{"Time":"2026-10-06T17:40:16.4934276-03:00","Action":"output","Package":"github.com/viralabs-dev/mudarro/test/internal/mudarro","Test":"TestGoSelectionWorkspaceConfigRoundtrip/json/","Output":"=== RUN   TestGoSelectionWorkspaceConfigRoundtrip/json/\n","OutputType":"frame"}
{"Time":"2026-10-06T17:40:16.494214131-03:00","Action":"output","Package":"github.com/viralabs-dev/mudarro/test/internal/mudarro","Test":"TestGoSelectionWorkspaceConfigRoundtrip/json/","Output":"--- PASS: TestGoSelectionWorkspaceConfigRoundtrip/json/ (0.00s)\n","OutputType":"frame"}
{"Time":"2026-10-06T17:40:16.494225058-03:00","Action":"pass","Package":"github.com/viralabs-dev/mudarro/test/internal/mudarro","Test":"TestGoSelectionWorkspaceConfigRoundtrip/json/","Elapsed":0}
{"Time":"2026-10-06T17:40:16.494227013-03:00","Action":"run","Package":"github.com/viralabs-dev/mudarro/test/internal/mudarro","Test":"TestGoSelectionWorkspaceConfigRoundtrip/json/inherit"}
{"Time":"2026-10-06T17:40:16.494228716-03:00","Action":"output","Package":"github.com/viralabs-dev/mudarro/test/internal/mudarro","Test":"TestGoSelectionWorkspaceConfigRoundtrip/json/inherit","Output":"=== RUN   TestGoSelectionWorkspaceConfigRoundtrip/json/inherit\n","OutputType":"frame"}
{"Time":"2026-10-06T17:40:16.49503817-03:00","Action":"output","Package":"github.com/viralabs-dev/mudarro/test/internal/mudarro","Test":"TestGoSelectionWorkspaceConfigRoundtrip/json/inherit","Output":"--- PASS: TestGoSelectionWorkspaceConfigRoundtrip/json/inherit (0.00s)\n","OutputType":"frame"}
{"Time":"2026-10-06T17:40:16.495049101-03:00","Action":"pass","Package":"github.com/viralabs-dev/mudarro/test/internal/mudarro","Test":"TestGoSelectionWorkspaceConfigRoundtrip/json/inherit","Elapsed":0}
{"Time":"2026-10-06T17:40:16.495064953-03:00","Action":"run","Package":"github.com/viralabs-dev/mudarro/test/internal/mudarro","Test":"TestGoSelectionWorkspaceConfigRoundtrip/json/off"}
{"Time":"2026-10-06T17:40:16.495066627-03:00","Action":"output","Package":"github.com/viralabs-dev/mudarro/test/internal/mudarro","Test":"TestGoSelectionWorkspaceConfigRoundtrip/json/off","Output":"=== RUN   TestGoSelectionWorkspaceConfigRoundtrip/json/off\n","OutputType":"frame"}
{"Time":"2026-10-06T17:40:16.495663699-03:00","Action":"output","Package":"github.com/viralabs-dev/mudarro/test/internal/mudarro","Test":"TestGoSelectionWorkspaceConfigRoundtrip/json/off","Output":"--- PASS: TestGoSelectionWorkspaceConfigRoundtrip/json/off (0.00s)\n","OutputType":"frame"}
{"Time":"2026-10-06T17:40:16.495677021-03:00","Action":"pass","Package":"github.com/viralabs-dev/mudarro/test/internal/mudarro","Test":"TestGoSelectionWorkspaceConfigRoundtrip/json/off","Elapsed":0}
{"Time":"2026-10-06T17:40:16.495688416-03:00","Action":"run","Package":"github.com/viralabs-dev/mudarro/test/internal/mudarro","Test":"TestGoSelectionWorkspaceConfigRoundtrip/json/invalid"}
{"Time":"2026-10-06T17:40:16.495690285-03:00","Action":"output","Package":"github.com/viralabs-dev/mudarro/test/internal/mudarro","Test":"TestGoSelectionWorkspaceConfigRoundtrip/json/invalid","Output":"=== RUN   TestGoSelectionWorkspaceConfigRoundtrip/json/invalid\n","OutputType":"frame"}
{"Time":"2026-10-06T17:40:16.496166587-03:00","Action":"output","Package":"github.com/viralabs-dev/mudarro/test/internal/mudarro","Test":"TestGoSelectionWorkspaceConfigRoundtrip/json/invalid","Output":"--- PASS: TestGoSelectionWorkspaceConfigRoundtrip/json/invalid (0.00s)\n","OutputType":"frame"}
{"Time":"2026-10-06T17:40:16.496181775-03:00","Action":"pass","Package":"github.com/viralabs-dev/mudarro/test/internal/mudarro","Test":"TestGoSelectionWorkspaceConfigRoundtrip/json/invalid","Elapsed":0}
{"Time":"2026-10-06T17:40:16.496183817-03:00","Action":"run","Package":"github.com/viralabs-dev/mudarro/test/internal/mudarro","Test":"TestGoSelectionWorkspaceConfigRoundtrip/yaml/"}
{"Time":"2026-10-06T17:40:16.496185438-03:00","Action":"output","Package":"github.com/viralabs-dev/mudarro/test/internal/mudarro","Test":"TestGoSelectionWorkspaceConfigRoundtrip/yaml/","Output":"=== RUN   TestGoSelectionWorkspaceConfigRoundtrip/yaml/\n","OutputType":"frame"}
{"Time":"2026-10-06T17:40:16.496975845-03:00","Action":"output","Package":"github.com/viralabs-dev/mudarro/test/internal/mudarro","Test":"TestGoSelectionWorkspaceConfigRoundtrip/yaml/","Output":"--- PASS: TestGoSelectionWorkspaceConfigRoundtrip/yaml/ (0.00s)\n","OutputType":"frame"}
{"Time":"2026-10-06T17:40:16.496990532-03:00","Action":"pass","Package":"github.com/viralabs-dev/mudarro/test/internal/mudarro","Test":"TestGoSelectionWorkspaceConfigRoundtrip/yaml/","Elapsed":0}
{"Time":"2026-10-06T17:40:16.496992647-03:00","Action":"run","Package":"github.com/viralabs-dev/mudarro/test/internal/mudarro","Test":"TestGoSelectionWorkspaceConfigRoundtrip/yaml/inherit"}
{"Time":"2026-10-06T17:40:16.496994079-03:00","Action":"output","Package":"github.com/viralabs-dev/mudarro/test/internal/mudarro","Test":"TestGoSelectionWorkspaceConfigRoundtrip/yaml/inherit","Output":"=== RUN   TestGoSelectionWorkspaceConfigRoundtrip/yaml/inherit\n","OutputType":"frame"}
{"Time":"2026-10-06T17:40:16.497778146-03:00","Action":"output","Package":"github.com/viralabs-dev/mudarro/test/internal/mudarro","Test":"TestGoSelectionWorkspaceConfigRoundtrip/yaml/inherit","Output":"--- PASS: TestGoSelectionWorkspaceConfigRoundtrip/yaml/inherit (0.00s)\n","OutputType":"frame"}
{"Time":"2026-10-06T17:40:16.497790069-03:00","Action":"pass","Package":"github.com/viralabs-dev/mudarro/test/internal/mudarro","Test":"TestGoSelectionWorkspaceConfigRoundtrip/yaml/inherit","Elapsed":0}
{"Time":"2026-10-06T17:40:16.497804556-03:00","Action":"run","Package":"github.com/viralabs-dev/mudarro/test/internal/mudarro","Test":"TestGoSelectionWorkspaceConfigRoundtrip/yaml/off"}
{"Time":"2026-10-06T17:40:16.49780693-03:00","Action":"output","Package":"github.com/viralabs-dev/mudarro/test/internal/mudarro","Test":"TestGoSelectionWorkspaceConfigRoundtrip/yaml/off","Output":"=== RUN   TestGoSelectionWorkspaceConfigRoundtrip/yaml/off\n","OutputType":"frame"}
{"Time":"2026-10-06T17:40:16.498702227-03:00","Action":"output","Package":"github.com/viralabs-dev/mudarro/test/internal/mudarro","Test":"TestGoSelectionWorkspaceConfigRoundtrip/yaml/off","Output":"--- PASS: TestGoSelectionWorkspaceConfigRoundtrip/yaml/off (0.00s)\n","OutputType":"frame"}
{"Time":"2026-10-06T17:40:16.498713134-03:00","Action":"pass","Package":"github.com/viralabs-dev/mudarro/test/internal/mudarro","Test":"TestGoSelectionWorkspaceConfigRoundtrip/yaml/off","Elapsed":0}
{"Time":"2026-10-06T17:40:16.498725954-03:00","Action":"run","Package":"github.com/viralabs-dev/mudarro/test/internal/mudarro","Test":"TestGoSelectionWorkspaceConfigRoundtrip/yaml/invalid"}
{"Time":"2026-10-06T17:40:16.498727733-03:00","Action":"output","Package":"github.com/viralabs-dev/mudarro/test/internal/mudarro","Test":"TestGoSelectionWorkspaceConfigRoundtrip/yaml/invalid","Output":"=== RUN   TestGoSelectionWorkspaceConfigRoundtrip/yaml/invalid\n","OutputType":"frame"}
{"Time":"2026-10-06T17:40:16.499405141-03:00","Action":"output","Package":"github.com/viralabs-dev/mudarro/test/internal/mudarro","Test":"TestGoSelectionWorkspaceConfigRoundtrip/yaml/invalid","Output":"--- PASS: TestGoSelectionWorkspaceConfigRoundtrip/yaml/invalid (0.00s)\n","OutputType":"frame"}
{"Time":"2026-10-06T17:40:16.499409671-03:00","Action":"pass","Package":"github.com/viralabs-dev/mudarro/test/internal/mudarro","Test":"TestGoSelectionWorkspaceConfigRoundtrip/yaml/invalid","Elapsed":0}
{"Time":"2026-10-06T17:40:16.499412454-03:00","Action":"output","Package":"github.com/viralabs-dev/mudarro/test/internal/mudarro","Test":"TestGoSelectionWorkspaceConfigRoundtrip","Output":"--- PASS: TestGoSelectionWorkspaceConfigRoundtrip (0.01s)\n","OutputType":"frame"}
{"Time":"2026-10-06T17:40:16.499415082-03:00","Action":"pass","Package":"github.com/viralabs-dev/mudarro/test/internal/mudarro","Test":"TestGoSelectionWorkspaceConfigRoundtrip","Elapsed":0.01}
{"Time":"2026-10-06T17:40:16.499418533-03:00","Action":"run","Package":"github.com/viralabs-dev/mudarro/test/internal/mudarro","Test":"TestGoSelectionWorkspaceNonGoRejected"}
{"Time":"2026-10-06T17:40:16.499420546-03:00","Action":"output","Package":"github.com/viralabs-dev/mudarro/test/internal/mudarro","Test":"TestGoSelectionWorkspaceNonGoRejected","Output":"=== RUN   TestGoSelectionWorkspaceNonGoRejected\n","OutputType":"frame"}
{"Time":"2026-10-06T17:40:16.499809705-03:00","Action":"output","Package":"github.com/viralabs-dev/mudarro/test/internal/mudarro","Test":"TestGoSelectionWorkspaceNonGoRejected","Output":"--- PASS: TestGoSelectionWorkspaceNonGoRejected (0.00s)\n","OutputType":"frame"}
{"Time":"2026-10-06T17:40:16.499813117-03:00","Action":"pass","Package":"github.com/viralabs-dev/mudarro/test/internal/mudarro","Test":"TestGoSelectionWorkspaceNonGoRejected","Elapsed":0}
{"Time":"2026-10-06T17:40:16.499815266-03:00","Action":"run","Package":"github.com/viralabs-dev/mudarro/test/internal/mudarro","Test":"TestGoSelectionSingleKeepsAutomaticStartAndDefaultOmitted"}
{"Time":"2026-10-06T17:40:16.499956341-03:00","Action":"output","Package":"github.com/viralabs-dev/mudarro/test/internal/mudarro","Test":"TestGoSelectionSingleKeepsAutomaticStartAndDefaultOmitted","Output":"=== RUN   TestGoSelectionSingleKeepsAutomaticStartAndDefaultOmitted\n","OutputType":"frame"}
{"Time":"2026-10-06T17:40:16.502063272-03:00","Action":"output","Package":"github.com/viralabs-dev/mudarro/test/internal/mudarro","Test":"TestGoSelectionSingleKeepsAutomaticStartAndDefaultOmitted","Output":"--- PASS: TestGoSelectionSingleKeepsAutomaticStartAndDefaultOmitted (0.00s)\n","OutputType":"frame"}
{"Time":"2026-10-06T17:40:16.502069551-03:00","Action":"pass","Package":"github.com/viralabs-dev/mudarro/test/internal/mudarro","Test":"TestGoSelectionSingleKeepsAutomaticStartAndDefaultOmitted","Elapsed":0}
{"Time":"2026-10-06T17:40:16.502072135-03:00","Action":"run","Package":"github.com/viralabs-dev/mudarro/test/internal/mudarro","Test":"TestGoSelectionWorkspaceRunnerChildEnvironmentScoped"}
{"Time":"2026-10-06T17:40:16.502074139-03:00","Action":"output","Package":"github.com/viralabs-dev/mudarro/test/internal/mudarro","Test":"TestGoSelectionWorkspaceRunnerChildEnvironmentScoped","Output":"=== RUN   TestGoSelectionWorkspaceRunnerChildEnvironmentScoped\n","OutputType":"frame"}
{"Time":"2026-10-06T17:40:16.502159156-03:00","Action":"run","Package":"github.com/viralabs-dev/mudarro/test/internal/mudarro","Test":"TestGoSelectionWorkspaceRunnerChildEnvironmentScoped//argv"}
{"Time":"2026-10-06T17:40:16.502161613-03:00","Action":"output","Package":"github.com/viralabs-dev/mudarro/test/internal/mudarro","Test":"TestGoSelectionWorkspaceRunnerChildEnvironmentScoped//argv","Output":"=== RUN   TestGoSelectionWorkspaceRunnerChildEnvironmentScoped//argv\n","OutputType":"frame"}
{"Time":"2026-10-06T17:40:16.505152358-03:00","Action":"output","Package":"github.com/viralabs-dev/mudarro/test/internal/mudarro","Test":"TestGoSelectionWorkspaceRunnerChildEnvironmentScoped//argv","Output":"--- PASS: TestGoSelectionWorkspaceRunnerChildEnvironmentScoped//argv (0.00s)\n","OutputType":"frame"}
{"Time":"2026-10-06T17:40:16.505166909-03:00","Action":"pass","Package":"github.com/viralabs-dev/mudarro/test/internal/mudarro","Test":"TestGoSelectionWorkspaceRunnerChildEnvironmentScoped//argv","Elapsed":0}
{"Time":"2026-10-06T17:40:16.505172502-03:00","Action":"run","Package":"github.com/viralabs-dev/mudarro/test/internal/mudarro","Test":"TestGoSelectionWorkspaceRunnerChildEnvironmentScoped//shell"}
{"Time":"2026-10-06T17:40:16.505174341-03:00","Action":"output","Package":"github.com/viralabs-dev/mudarro/test/internal/mudarro","Test":"TestGoSelectionWorkspaceRunnerChildEnvironmentScoped//shell","Output":"=== RUN   TestGoSelectionWorkspaceRunnerChildEnvironmentScoped//shell\n","OutputType":"frame"}
{"Time":"2026-10-06T17:40:16.506569635-03:00","Action":"output","Package":"github.com/viralabs-dev/mudarro/test/internal/mudarro","Test":"TestGoSelectionWorkspaceRunnerChildEnvironmentScoped//shell","Output":"--- PASS: TestGoSelectionWorkspaceRunnerChildEnvironmentScoped//shell (0.00s)\n","OutputType":"frame"}
{"Time":"2026-10-06T17:40:16.506579293-03:00","Action":"pass","Package":"github.com/viralabs-dev/mudarro/test/internal/mudarro","Test":"TestGoSelectionWorkspaceRunnerChildEnvironmentScoped//shell","Elapsed":0}
{"Time":"2026-10-06T17:40:16.506582886-03:00","Action":"run","Package":"github.com/viralabs-dev/mudarro/test/internal/mudarro","Test":"TestGoSelectionWorkspaceRunnerChildEnvironmentScoped/inherit/argv"}
{"Time":"2026-10-06T17:40:16.506584945-03:00","Action":"output","Package":"github.com/viralabs-dev/mudarro/test/internal/mudarro","Test":"TestGoSelectionWorkspaceRunnerChildEnvironmentScoped/inherit/argv","Output":"=== RUN   TestGoSelectionWorkspaceRunnerChildEnvironmentScoped/inherit/argv\n","OutputType":"frame"}
{"Time":"2026-10-06T17:40:16.509053175-03:00","Action":"output","Package":"github.com/viralabs-dev/mudarro/test/internal/mudarro","Test":"TestGoSelectionWorkspaceRunnerChildEnvironmentScoped/inherit/argv","Output":"--- PASS: TestGoSelectionWorkspaceRunnerChildEnvironmentScoped/inherit/argv (0.00s)\n","OutputType":"frame"}
{"Time":"2026-10-06T17:40:16.509059121-03:00","Action":"pass","Package":"github.com/viralabs-dev/mudarro/test/internal/mudarro","Test":"TestGoSelectionWorkspaceRunnerChildEnvironmentScoped/inherit/argv","Elapsed":0}
{"Time":"2026-10-06T17:40:16.509074482-03:00","Action":"run","Package":"github.com/viralabs-dev/mudarro/test/internal/mudarro","Test":"TestGoSelectionWorkspaceRunnerChildEnvironmentScoped/inherit/shell"}
{"Time":"2026-10-06T17:40:16.509075979-03:00","Action":"output","Package":"github.com/viralabs-dev/mudarro/test/internal/mudarro","Test":"TestGoSelectionWorkspaceRunnerChildEnvironmentScoped/inherit/shell","Output":"=== RUN   TestGoSelectionWorkspaceRunnerChildEnvironmentScoped/inherit/shell\n","OutputType":"frame"}
{"Time":"2026-10-06T17:40:16.511114238-03:00","Action":"output","Package":"github.com/viralabs-dev/mudarro/test/internal/mudarro","Test":"TestGoSelectionWorkspaceRunnerChildEnvironmentScoped/inherit/shell","Output":"--- PASS: TestGoSelectionWorkspaceRunnerChildEnvironmentScoped/inherit/shell (0.00s)\n","OutputType":"frame"}
{"Time":"2026-10-06T17:40:16.511135625-03:00","Action":"pass","Package":"github.com/viralabs-dev/mudarro/test/internal/mudarro","Test":"TestGoSelectionWorkspaceRunnerChildEnvironmentScoped/inherit/shell","Elapsed":0}
{"Time":"2026-10-06T17:40:16.5111412-03:00","Action":"run","Package":"github.com/viralabs-dev/mudarro/test/internal/mudarro","Test":"TestGoSelectionWorkspaceRunnerChildEnvironmentScoped/off/argv"}
{"Time":"2026-10-06T17:40:16.511144762-03:00","Action":"output","Package":"github.com/viralabs-dev/mudarro/test/internal/mudarro","Test":"TestGoSelectionWorkspaceRunnerChildEnvironmentScoped/off/argv","Output":"=== RUN   TestGoSelectionWorkspaceRunnerChildEnvironmentScoped/off/argv\n","OutputType":"frame"}
{"Time":"2026-10-06T17:40:16.51453906-03:00","Action":"output","Package":"github.com/viralabs-dev/mudarro/test/internal/mudarro","Test":"TestGoSelectionWorkspaceRunnerChildEnvironmentScoped/off/argv","Output":"--- PASS: TestGoSelectionWorkspaceRunnerChildEnvironmentScoped/off/argv (0.00s)\n","OutputType":"frame"}
{"Time":"2026-10-06T17:40:16.514553479-03:00","Action":"pass","Package":"github.com/viralabs-dev/mudarro/test/internal/mudarro","Test":"TestGoSelectionWorkspaceRunnerChildEnvironmentScoped/off/argv","Elapsed":0}
{"Time":"2026-10-06T17:40:16.514560643-03:00","Action":"run","Package":"github.com/viralabs-dev/mudarro/test/internal/mudarro","Test":"TestGoSelectionWorkspaceRunnerChildEnvironmentScoped/off/shell"}
{"Time":"2026-10-06T17:40:16.514564269-03:00","Action":"output","Package":"github.com/viralabs-dev/mudarro/test/internal/mudarro","Test":"TestGoSelectionWorkspaceRunnerChildEnvironmentScoped/off/shell","Output":"=== RUN   TestGoSelectionWorkspaceRunnerChildEnvironmentScoped/off/shell\n","OutputType":"frame"}
{"Time":"2026-10-06T17:40:16.517312377-03:00","Action":"output","Package":"github.com/viralabs-dev/mudarro/test/internal/mudarro","Test":"TestGoSelectionWorkspaceRunnerChildEnvironmentScoped/off/shell","Output":"--- PASS: TestGoSelectionWorkspaceRunnerChildEnvironmentScoped/off/shell (0.00s)\n","OutputType":"frame"}
{"Time":"2026-10-06T17:40:16.51732762-03:00","Action":"pass","Package":"github.com/viralabs-dev/mudarro/test/internal/mudarro","Test":"TestGoSelectionWorkspaceRunnerChildEnvironmentScoped/off/shell","Elapsed":0}
{"Time":"2026-10-06T17:40:16.517470796-03:00","Action":"output","Package":"github.com/viralabs-dev/mudarro/test/internal/mudarro","Test":"TestGoSelectionWorkspaceRunnerChildEnvironmentScoped","Output":"--- PASS: TestGoSelectionWorkspaceRunnerChildEnvironmentScoped (0.02s)\n","OutputType":"frame"}
{"Time":"2026-10-06T17:40:16.517613177-03:00","Action":"pass","Package":"github.com/viralabs-dev/mudarro/test/internal/mudarro","Test":"TestGoSelectionWorkspaceRunnerChildEnvironmentScoped","Elapsed":0.02}
{"Time":"2026-10-06T17:40:16.517627966-03:00","Action":"run","Package":"github.com/viralabs-dev/mudarro/test/internal/mudarro","Test":"TestGoSourceIOBoundedRegularSources"}
{"Time":"2026-10-06T17:40:16.51763255-03:00","Action":"output","Package":"github.com/viralabs-dev/mudarro/test/internal/mudarro","Test":"TestGoSourceIOBoundedRegularSources","Output":"=== RUN   TestGoSourceIOBoundedRegularSources\n","OutputType":"frame"}
{"Time":"2026-10-06T17:40:16.517637925-03:00","Action":"run","Package":"github.com/viralabs-dev/mudarro/test/internal/mudarro","Test":"TestGoSourceIOBoundedRegularSources/ordinary"}
{"Time":"2026-10-06T17:40:16.517641052-03:00","Action":"output","Package":"github.com/viralabs-dev/mudarro/test/internal/mudarro","Test":"TestGoSourceIOBoundedRegularSources/ordinary","Output":"=== RUN   TestGoSourceIOBoundedRegularSources/ordinary\n","OutputType":"frame"}
{"Time":"2026-10-06T17:40:16.518706263-03:00","Action":"output","Package":"github.com/viralabs-dev/mudarro/test/internal/mudarro","Test":"TestGoSourceIOBoundedRegularSources/ordinary","Output":"--- PASS: TestGoSourceIOBoundedRegularSources/ordinary (0.00s)\n","OutputType":"frame"}
{"Time":"2026-10-06T17:40:16.518713519-03:00","Action":"pass","Package":"github.com/viralabs-dev/mudarro/test/internal/mudarro","Test":"TestGoSourceIOBoundedRegularSources/ordinary","Elapsed":0}
{"Time":"2026-10-06T17:40:16.518733943-03:00","Action":"run","Package":"github.com/viralabs-dev/mudarro/test/internal/mudarro","Test":"TestGoSourceIOBoundedRegularSources/exact-limit"}
{"Time":"2026-10-06T17:40:16.518735972-03:00","Action":"output","Package":"github.com/viralabs-dev/mudarro/test/internal/mudarro","Test":"TestGoSourceIOBoundedRegularSources/exact-limit","Output":"=== RUN   TestGoSourceIOBoundedRegularSources/exact-limit\n","OutputType":"frame"}
{"Time":"2026-10-06T17:40:17.222135612-03:00","Action":"output","Package":"github.com/viralabs-dev/mudarro/test/internal/mudarro","Test":"TestGoSourceIOBoundedRegularSources/exact-limit","Output":"--- PASS: TestGoSourceIOBoundedRegularSources/exact-limit (0.70s)\n","OutputType":"frame"}
{"Time":"2026-10-06T17:40:17.222162975-03:00","Action":"pass","Package":"github.com/viralabs-dev/mudarro/test/internal/mudarro","Test":"TestGoSourceIOBoundedRegularSources/exact-limit","Elapsed":0.7}
{"Time":"2026-10-06T17:40:17.222167089-03:00","Action":"run","Package":"github.com/viralabs-dev/mudarro/test/internal/mudarro","Test":"TestGoSourceIOBoundedRegularSources/over-limit"}
{"Time":"2026-10-06T17:40:17.222169573-03:00","Action":"output","Package":"github.com/viralabs-dev/mudarro/test/internal/mudarro","Test":"TestGoSourceIOBoundedRegularSources/over-limit","Output":"=== RUN   TestGoSourceIOBoundedRegularSources/over-limit\n","OutputType":"frame"}
{"Time":"2026-10-06T17:40:17.243587354-03:00","Action":"output","Package":"github.com/viralabs-dev/mudarro/test/internal/mudarro","Test":"TestGoSourceIOBoundedRegularSources/over-limit","Output":"--- PASS: TestGoSourceIOBoundedRegularSources/over-limit (0.02s)\n","OutputType":"frame"}
{"Time":"2026-10-06T17:40:17.243607678-03:00","Action":"pass","Package":"github.com/viralabs-dev/mudarro/test/internal/mudarro","Test":"TestGoSourceIOBoundedRegularSources/over-limit","Elapsed":0.02}
{"Time":"2026-10-06T17:40:17.243612389-03:00","Action":"output","Package":"github.com/viralabs-dev/mudarro/test/internal/mudarro","Test":"TestGoSourceIOBoundedRegularSources","Output":"--- PASS: TestGoSourceIOBoundedRegularSources (0.73s)\n","OutputType":"frame"}
{"Time":"2026-10-06T17:40:17.243619428-03:00","Action":"pass","Package":"github.com/viralabs-dev/mudarro/test/internal/mudarro","Test":"TestGoSourceIOBoundedRegularSources","Elapsed":0.73}
{"Time":"2026-10-06T17:40:17.243634535-03:00","Action":"run","Package":"github.com/viralabs-dev/mudarro/test/internal/mudarro","Test":"TestGoSourceIOFIFOIsNotOpened"}
{"Time":"2026-10-06T17:40:17.243636449-03:00","Action":"output","Package":"github.com/viralabs-dev/mudarro/test/internal/mudarro","Test":"TestGoSourceIOFIFOIsNotOpened","Output":"=== RUN   TestGoSourceIOFIFOIsNotOpened\n","OutputType":"frame"}
{"Time":"2026-10-06T17:40:18.265992306-03:00","Action":"output","Package":"github.com/viralabs-dev/mudarro/test/internal/mudarro","Test":"TestGoSourceIOFIFOIsNotOpened","Output":"--- PASS: TestGoSourceIOFIFOIsNotOpened (1.02s)\n","OutputType":"frame"}
{"Time":"2026-10-06T17:40:18.266037875-03:00","Action":"pass","Package":"github.com/viralabs-dev/mudarro/test/internal/mudarro","Test":"TestGoSourceIOFIFOIsNotOpened","Elapsed":1.02}
{"Time":"2026-10-06T17:40:18.266049456-03:00","Action":"run","Package":"github.com/viralabs-dev/mudarro/test/internal/mudarro","Test":"TestGoSourceIOIsolatedProbe"}
{"Time":"2026-10-06T17:40:18.266054249-03:00","Action":"output","Package":"github.com/viralabs-dev/mudarro/test/internal/mudarro","Test":"TestGoSourceIOIsolatedProbe","Output":"=== RUN   TestGoSourceIOIsolatedProbe\n","OutputType":"frame"}
{"Time":"2026-10-06T17:40:18.2660819-03:00","Action":"output","Package":"github.com/viralabs-dev/mudarro/test/internal/mudarro","Test":"TestGoSourceIOIsolatedProbe","Output":"--- PASS: TestGoSourceIOIsolatedProbe (0.00s)\n","OutputType":"frame"}
{"Time":"2026-10-06T17:40:18.266125568-03:00","Action":"pass","Package":"github.com/viralabs-dev/mudarro/test/internal/mudarro","Test":"TestGoSourceIOIsolatedProbe","Elapsed":0}
{"Time":"2026-10-06T17:40:18.266154119-03:00","Action":"run","Package":"github.com/viralabs-dev/mudarro/test/internal/mudarro","Test":"TestGoWorkParserValidQuotedBlockAndNormalizedMembership"}
{"Time":"2026-10-06T17:40:18.266160844-03:00","Action":"output","Package":"github.com/viralabs-dev/mudarro/test/internal/mudarro","Test":"TestGoWorkParserValidQuotedBlockAndNormalizedMembership","Output":"=== RUN   TestGoWorkParserValidQuotedBlockAndNormalizedMembership\n","OutputType":"frame"}
{"Time":"2026-10-06T17:40:18.272594874-03:00","Action":"output","Package":"github.com/viralabs-dev/mudarro/test/internal/mudarro","Test":"TestGoWorkParserValidQuotedBlockAndNormalizedMembership","Output":"--- PASS: TestGoWorkParserValidQuotedBlockAndNormalizedMembership (0.01s)\n","OutputType":"frame"}
{"Time":"2026-10-06T17:40:18.272605402-03:00","Action":"pass","Package":"github.com/viralabs-dev/mudarro/test/internal/mudarro","Test":"TestGoWorkParserValidQuotedBlockAndNormalizedMembership","Elapsed":0.01}
{"Time":"2026-10-06T17:40:18.272612918-03:00","Action":"run","Package":"github.com/viralabs-dev/mudarro/test/internal/mudarro","Test":"TestGoWorkParserOfficialReplacementSyntaxKeepsMembershipScope"}
{"Time":"2026-10-06T17:40:18.27261467-03:00","Action":"output","Package":"github.com/viralabs-dev/mudarro/test/internal/mudarro","Test":"TestGoWorkParserOfficialReplacementSyntaxKeepsMembershipScope","Output":"=== RUN   TestGoWorkParserOfficialReplacementSyntaxKeepsMembershipScope\n","OutputType":"frame"}
{"Time":"2026-10-06T17:40:18.273619225-03:00","Action":"output","Package":"github.com/viralabs-dev/mudarro/test/internal/mudarro","Test":"TestGoWorkParserOfficialReplacementSyntaxKeepsMembershipScope","Output":"--- PASS: TestGoWorkParserOfficialReplacementSyntaxKeepsMembershipScope (0.00s)\n","OutputType":"frame"}
{"Time":"2026-10-06T17:40:18.273630991-03:00","Action":"pass","Package":"github.com/viralabs-dev/mudarro/test/internal/mudarro","Test":"TestGoWorkParserOfficialReplacementSyntaxKeepsMembershipScope","Elapsed":0}
{"Time":"2026-10-06T17:40:18.273641604-03:00","Action":"run","Package":"github.com/viralabs-dev/mudarro/test/internal/mudarro","Test":"TestGoWorkParserInvalidMembershipWarnsAndPreservesModules"}
{"Time":"2026-10-06T17:40:18.273647818-03:00","Action":"output","Package":"github.com/viralabs-dev/mudarro/test/internal/mudarro","Test":"TestGoWorkParserInvalidMembershipWarnsAndPreservesModules","Output":"=== RUN   TestGoWorkParserInvalidMembershipWarnsAndPreservesModules\n","OutputType":"frame"}
{"Time":"2026-10-06T17:40:18.294849799-03:00","Action":"run","Package":"github.com/viralabs-dev/mudarro/test/internal/mudarro","Test":"TestGoWorkParserInvalidMembershipWarnsAndPreservesModules/syntax"}
{"Time":"2026-10-06T17:40:18.294857367-03:00","Action":"output","Package":"github.com/viralabs-dev/mudarro/test/internal/mudarro","Test":"TestGoWorkParserInvalidMembershipWarnsAndPreservesModules/syntax","Output":"=== RUN   TestGoWorkParserInvalidMembershipWarnsAndPreservesModules/syntax\n","OutputType":"frame"}
{"Time":"2026-10-06T17:40:18.296162653-03:00","Action":"output","Package":"github.com/viralabs-dev/mudarro/test/internal/mudarro","Test":"TestGoWorkParserInvalidMembershipWarnsAndPreservesModules/syntax","Output":"--- PASS: TestGoWorkParserInvalidMembershipWarnsAndPreservesModules/syntax (0.00s)\n","OutputType":"frame"}
{"Time":"2026-10-06T17:40:18.296168759-03:00","Action":"pass","Package":"github.com/viralabs-dev/mudarro/test/internal/mudarro","Test":"TestGoWorkParserInvalidMembershipWarnsAndPreservesModules/syntax","Elapsed":0}
{"Time":"2026-10-06T17:40:18.29617169-03:00","Action":"run","Package":"github.com/viralabs-dev/mudarro/test/internal/mudarro","Test":"TestGoWorkParserInvalidMembershipWarnsAndPreservesModules/missing"}
{"Time":"2026-10-06T17:40:18.296173376-03:00","Action":"output","Package":"github.com/viralabs-dev/mudarro/test/internal/mudarro","Test":"TestGoWorkParserInvalidMembershipWarnsAndPreservesModules/missing","Output":"=== RUN   TestGoWorkParserInvalidMembershipWarnsAndPreservesModules/missing\n","OutputType":"frame"}
{"Time":"2026-10-06T17:40:18.297721865-03:00","Action":"output","Package":"github.com/viralabs-dev/mudarro/test/internal/mudarro","Test":"TestGoWorkParserInvalidMembershipWarnsAndPreservesModules/missing","Output":"--- PASS: TestGoWorkParserInvalidMembershipWarnsAndPreservesModules/missing (0.00s)\n","OutputType":"frame"}
{"Time":"2026-10-06T17:40:18.297729195-03:00","Action":"pass","Package":"github.com/viralabs-dev/mudarro/test/internal/mudarro","Test":"TestGoWorkParserInvalidMembershipWarnsAndPreservesModules/missing","Elapsed":0}
{"Time":"2026-10-06T17:40:18.29773264-03:00","Action":"run","Package":"github.com/viralabs-dev/mudarro/test/internal/mudarro","Test":"TestGoWorkParserInvalidMembershipWarnsAndPreservesModules/duplicate-canonical-member"}
{"Time":"2026-10-06T17:40:18.297734562-03:00","Action":"output","Package":"github.com/viralabs-dev/mudarro/test/internal/mudarro","Test":"TestGoWorkParserInvalidMembershipWarnsAndPreservesModules/duplicate-canonical-member","Output":"=== RUN   TestGoWorkParserInvalidMembershipWarnsAndPreservesModules/duplicate-canonical-member\n","OutputType":"frame"}
{"Time":"2026-10-06T17:40:18.299542375-03:00","Action":"output","Package":"github.com/viralabs-dev/mudarro/test/internal/mudarro","Test":"TestGoWorkParserInvalidMembershipWarnsAndPreservesModules/duplicate-canonical-member","Output":"--- PASS: TestGoWorkParserInvalidMembershipWarnsAndPreservesModules/duplicate-canonical-member (0.00s)\n","OutputType":"frame"}
{"Time":"2026-10-06T17:40:18.299561396-03:00","Action":"pass","Package":"github.com/viralabs-dev/mudarro/test/internal/mudarro","Test":"TestGoWorkParserInvalidMembershipWarnsAndPreservesModules/duplicate-canonical-member","Elapsed":0}
{"Time":"2026-10-06T17:40:18.299581498-03:00","Action":"run","Package":"github.com/viralabs-dev/mudarro/test/internal/mudarro","Test":"TestGoWorkParserInvalidMembershipWarnsAndPreservesModules/not-module"}
{"Time":"2026-10-06T17:40:18.299584546-03:00","Action":"output","Package":"github.com/viralabs-dev/mudarro/test/internal/mudarro","Test":"TestGoWorkParserInvalidMembershipWarnsAndPreservesModules/not-module","Output":"=== RUN   TestGoWorkParserInvalidMembershipWarnsAndPreservesModules/not-module\n","OutputType":"frame"}
{"Time":"2026-10-06T17:40:18.302084712-03:00","Action":"output","Package":"github.com/viralabs-dev/mudarro/test/internal/mudarro","Test":"TestGoWorkParserInvalidMembershipWarnsAndPreservesModules/not-module","Output":"--- PASS: TestGoWorkParserInvalidMembershipWarnsAndPreservesModules/not-module (0.00s)\n","OutputType":"frame"}
{"Time":"2026-10-06T17:40:18.302091247-03:00","Action":"pass","Package":"github.com/viralabs-dev/mudarro/test/internal/mudarro","Test":"TestGoWorkParserInvalidMembershipWarnsAndPreservesModules/not-module","Elapsed":0}
{"Time":"2026-10-06T17:40:18.302097741-03:00","Action":"run","Package":"github.com/viralabs-dev/mudarro/test/internal/mudarro","Test":"TestGoWorkParserInvalidMembershipWarnsAndPreservesModules/invalid-member-module"}
{"Time":"2026-10-06T17:40:18.302100817-03:00","Action":"output","Package":"github.com/viralabs-dev/mudarro/test/internal/mudarro","Test":"TestGoWorkParserInvalidMembershipWarnsAndPreservesModules/invalid-member-module","Output":"=== RUN   TestGoWorkParserInvalidMembershipWarnsAndPreservesModules/invalid-member-module\n","OutputType":"frame"}
{"Time":"2026-10-06T17:40:18.305681927-03:00","Action":"output","Package":"github.com/viralabs-dev/mudarro/test/internal/mudarro","Test":"TestGoWorkParserInvalidMembershipWarnsAndPreservesModules/invalid-member-module","Output":"--- PASS: TestGoWorkParserInvalidMembershipWarnsAndPreservesModules/invalid-member-module (0.00s)\n","OutputType":"frame"}
{"Time":"2026-10-06T17:40:18.305706756-03:00","Action":"pass","Package":"github.com/viralabs-dev/mudarro/test/internal/mudarro","Test":"TestGoWorkParserInvalidMembershipWarnsAndPreservesModules/invalid-member-module","Elapsed":0}
{"Time":"2026-10-06T17:40:18.305733797-03:00","Action":"run","Package":"github.com/viralabs-dev/mudarro/test/internal/mudarro","Test":"TestGoWorkParserInvalidMembershipWarnsAndPreservesModules/missing-module-declaration"}
{"Time":"2026-10-06T17:40:18.305739359-03:00","Action":"output","Package":"github.com/viralabs-dev/mudarro/test/internal/mudarro","Test":"TestGoWorkParserInvalidMembershipWarnsAndPreservesModules/missing-module-declaration","Output":"=== RUN   TestGoWorkParserInvalidMembershipWarnsAndPreservesModules/missing-module-declaration\n","OutputType":"frame"}
{"Time":"2026-10-06T17:40:18.308651007-03:00","Action":"output","Package":"github.com/viralabs-dev/mudarro/test/internal/mudarro","Test":"TestGoWorkParserInvalidMembershipWarnsAndPreservesModules/missing-module-declaration","Output":"--- PASS: TestGoWorkParserInvalidMembershipWarnsAndPreservesModules/missing-module-declaration (0.00s)\n","OutputType":"frame"}
{"Time":"2026-10-06T17:40:18.30867167-03:00","Action":"pass","Package":"github.com/viralabs-dev/mudarro/test/internal/mudarro","Test":"TestGoWorkParserInvalidMembershipWarnsAndPreservesModules/missing-module-declaration","Elapsed":0}
{"Time":"2026-10-06T17:40:18.308692269-03:00","Action":"run","Package":"github.com/viralabs-dev/mudarro/test/internal/mudarro","Test":"TestGoWorkParserInvalidMembershipWarnsAndPreservesModules/outside-relative"}
{"Time":"2026-10-06T17:40:18.308695253-03:00","Action":"output","Package":"github.com/viralabs-dev/mudarro/test/internal/mudarro","Test":"TestGoWorkParserInvalidMembershipWarnsAndPreservesModules/outside-relative","Output":"=== RUN   TestGoWorkParserInvalidMembershipWarnsAndPreservesModules/outside-relative\n","OutputType":"frame"}
{"Time":"2026-10-06T17:40:18.310420977-03:00","Action":"output","Package":"github.com/viralabs-dev/mudarro/test/internal/mudarro","Test":"TestGoWorkParserInvalidMembershipWarnsAndPreservesModules/outside-relative","Output":"--- PASS: TestGoWorkParserInvalidMembershipWarnsAndPreservesModules/outside-relative (0.00s)\n","OutputType":"frame"}
{"Time":"2026-10-06T17:40:18.310448791-03:00","Action":"pass","Package":"github.com/viralabs-dev/mudarro/test/internal/mudarro","Test":"TestGoWorkParserInvalidMembershipWarnsAndPreservesModules/outside-relative","Elapsed":0}
{"Time":"2026-10-06T17:40:18.310451977-03:00","Action":"run","Package":"github.com/viralabs-dev/mudarro/test/internal/mudarro","Test":"TestGoWorkParserInvalidMembershipWarnsAndPreservesModules/outside-absolute"}
{"Time":"2026-10-06T17:40:18.310454244-03:00","Action":"output","Package":"github.com/viralabs-dev/mudarro/test/internal/mudarro","Test":"TestGoWorkParserInvalidMembershipWarnsAndPreservesModules/outside-absolute","Output":"=== RUN   TestGoWorkParserInvalidMembershipWarnsAndPreservesModules/outside-absolute\n","OutputType":"frame"}
{"Time":"2026-10-06T17:40:18.311888746-03:00","Action":"output","Package":"github.com/viralabs-dev/mudarro/test/internal/mudarro","Test":"TestGoWorkParserInvalidMembershipWarnsAndPreservesModules/outside-absolute","Output":"--- PASS: TestGoWorkParserInvalidMembershipWarnsAndPreservesModules/outside-absolute (0.00s)\n","OutputType":"frame"}
{"Time":"2026-10-06T17:40:18.311903068-03:00","Action":"pass","Package":"github.com/viralabs-dev/mudarro/test/internal/mudarro","Test":"TestGoWorkParserInvalidMembershipWarnsAndPreservesModules/outside-absolute","Elapsed":0}
{"Time":"2026-10-06T17:40:18.311918165-03:00","Action":"run","Package":"github.com/viralabs-dev/mudarro/test/internal/mudarro","Test":"TestGoWorkParserInvalidMembershipWarnsAndPreservesModules/work-over-limit"}
{"Time":"2026-10-06T17:40:18.311920407-03:00","Action":"output","Package":"github.com/viralabs-dev/mudarro/test/internal/mudarro","Test":"TestGoWorkParserInvalidMembershipWarnsAndPreservesModules/work-over-limit","Output":"=== RUN   TestGoWorkParserInvalidMembershipWarnsAndPreservesModules/work-over-limit\n","OutputType":"frame"}
{"Time":"2026-10-06T17:40:18.340873336-03:00","Action":"output","Package":"github.com/viralabs-dev/mudarro/test/internal/mudarro","Test":"TestGoWorkParserInvalidMembershipWarnsAndPreservesModules/work-over-limit","Output":"--- PASS: TestGoWorkParserInvalidMembershipWarnsAndPreservesModules/work-over-limit (0.03s)\n","OutputType":"frame"}
{"Time":"2026-10-06T17:40:18.340918801-03:00","Action":"pass","Package":"github.com/viralabs-dev/mudarro/test/internal/mudarro","Test":"TestGoWorkParserInvalidMembershipWarnsAndPreservesModules/work-over-limit","Elapsed":0.03}
{"Time":"2026-10-06T17:40:18.340923615-03:00","Action":"run","Package":"github.com/viralabs-dev/mudarro/test/internal/mudarro","Test":"TestGoWorkParserInvalidMembershipWarnsAndPreservesModules/module-over-limit"}
{"Time":"2026-10-06T17:40:18.340925651-03:00","Action":"output","Package":"github.com/viralabs-dev/mudarro/test/internal/mudarro","Test":"TestGoWorkParserInvalidMembershipWarnsAndPreservesModules/module-over-limit","Output":"=== RUN   TestGoWorkParserInvalidMembershipWarnsAndPreservesModules/module-over-limit\n","OutputType":"frame"}
{"Time":"2026-10-06T17:40:18.364917674-03:00","Action":"output","Package":"github.com/viralabs-dev/mudarro/test/internal/mudarro","Test":"TestGoWorkParserInvalidMembershipWarnsAndPreservesModules/module-over-limit","Output":"--- PASS: TestGoWorkParserInvalidMembershipWarnsAndPreservesModules/module-over-limit (0.02s)\n","OutputType":"frame"}
{"Time":"2026-10-06T17:40:18.364938983-03:00","Action":"pass","Package":"github.com/viralabs-dev/mudarro/test/internal/mudarro","Test":"TestGoWorkParserInvalidMembershipWarnsAndPreservesModules/module-over-limit","Elapsed":0.02}
{"Time":"2026-10-06T17:40:18.364944397-03:00","Action":"output","Package":"github.com/viralabs-dev/mudarro/test/internal/mudarro","Test":"TestGoWorkParserInvalidMembershipWarnsAndPreservesModules","Output":"--- PASS: TestGoWorkParserInvalidMembershipWarnsAndPreservesModules (0.09s)\n","OutputType":"frame"}
{"Time":"2026-10-06T17:40:18.364953946-03:00","Action":"pass","Package":"github.com/viralabs-dev/mudarro/test/internal/mudarro","Test":"TestGoWorkParserInvalidMembershipWarnsAndPreservesModules","Elapsed":0.09}
{"Time":"2026-10-06T17:40:18.364971398-03:00","Action":"run","Package":"github.com/viralabs-dev/mudarro/test/internal/mudarro","Test":"TestGoWorkParserSymlinkMemberNeverTraversed"}
{"Time":"2026-10-06T17:40:18.364973152-03:00","Action":"output","Package":"github.com/viralabs-dev/mudarro/test/internal/mudarro","Test":"TestGoWorkParserSymlinkMemberNeverTraversed","Output":"=== RUN   TestGoWorkParserSymlinkMemberNeverTraversed\n","OutputType":"frame"}
{"Time":"2026-10-06T17:40:18.366194255-03:00","Action":"output","Package":"github.com/viralabs-dev/mudarro/test/internal/mudarro","Test":"TestGoWorkParserSymlinkMemberNeverTraversed","Output":"--- PASS: TestGoWorkParserSymlinkMemberNeverTraversed (0.00s)\n","OutputType":"frame"}
{"Time":"2026-10-06T17:40:18.366203277-03:00","Action":"pass","Package":"github.com/viralabs-dev/mudarro/test/internal/mudarro","Test":"TestGoWorkParserSymlinkMemberNeverTraversed","Elapsed":0}
{"Time":"2026-10-06T17:40:18.366206254-03:00","Action":"run","Package":"github.com/viralabs-dev/mudarro/test/internal/mudarro","Test":"TestGoWorkParserOfflineNeverRunsGo"}
{"Time":"2026-10-06T17:40:18.36620789-03:00","Action":"output","Package":"github.com/viralabs-dev/mudarro/test/internal/mudarro","Test":"TestGoWorkParserOfflineNeverRunsGo","Output":"=== RUN   TestGoWorkParserOfflineNeverRunsGo\n","OutputType":"frame"}
{"Time":"2026-10-06T17:40:18.367864894-03:00","Action":"output","Package":"github.com/viralabs-dev/mudarro/test/internal/mudarro","Test":"TestGoWorkParserOfflineNeverRunsGo","Output":"--- PASS: TestGoWorkParserOfflineNeverRunsGo (0.00s)\n","OutputType":"frame"}
{"Time":"2026-10-06T17:40:18.367877482-03:00","Action":"pass","Package":"github.com/viralabs-dev/mudarro/test/internal/mudarro","Test":"TestGoWorkParserOfflineNeverRunsGo","Elapsed":0}
{"Time":"2026-10-06T17:40:18.367879588-03:00","Action":"run","Package":"github.com/viralabs-dev/mudarro/test/internal/mudarro","Test":"TestGoWorkParserFIFOIsBounded"}
{"Time":"2026-10-06T17:40:18.367881009-03:00","Action":"output","Package":"github.com/viralabs-dev/mudarro/test/internal/mudarro","Test":"TestGoWorkParserFIFOIsBounded","Output":"=== RUN   TestGoWorkParserFIFOIsBounded\n","OutputType":"frame"}
{"Time":"2026-10-06T17:40:18.367885391-03:00","Action":"run","Package":"github.com/viralabs-dev/mudarro/test/internal/mudarro","Test":"TestGoWorkParserFIFOIsBounded/workspace"}
{"Time":"2026-10-06T17:40:18.367887183-03:00","Action":"output","Package":"github.com/viralabs-dev/mudarro/test/internal/mudarro","Test":"TestGoWorkParserFIFOIsBounded/workspace","Output":"=== RUN   TestGoWorkParserFIFOIsBounded/workspace\n","OutputType":"frame"}
{"Time":"2026-10-06T17:40:19.385068501-03:00","Action":"output","Package":"github.com/viralabs-dev/mudarro/test/internal/mudarro","Test":"TestGoWorkParserFIFOIsBounded/workspace","Output":"--- PASS: TestGoWorkParserFIFOIsBounded/workspace (1.02s)\n","OutputType":"frame"}
{"Time":"2026-10-06T17:40:19.385102531-03:00","Action":"pass","Package":"github.com/viralabs-dev/mudarro/test/internal/mudarro","Test":"TestGoWorkParserFIFOIsBounded/workspace","Elapsed":1.02}
{"Time":"2026-10-06T17:40:19.385116568-03:00","Action":"run","Package":"github.com/viralabs-dev/mudarro/test/internal/mudarro","Test":"TestGoWorkParserFIFOIsBounded/member-module"}
{"Time":"2026-10-06T17:40:19.385120399-03:00","Action":"output","Package":"github.com/viralabs-dev/mudarro/test/internal/mudarro","Test":"TestGoWorkParserFIFOIsBounded/member-module","Output":"=== RUN   TestGoWorkParserFIFOIsBounded/member-module\n","OutputType":"frame"}
{"Time":"2026-10-06T17:40:20.413404159-03:00","Action":"output","Package":"github.com/viralabs-dev/mudarro/test/internal/mudarro","Test":"TestGoWorkParserFIFOIsBounded/member-module","Output":"--- PASS: TestGoWorkParserFIFOIsBounded/member-module (1.03s)\n","OutputType":"frame"}
{"Time":"2026-10-06T17:40:20.413450992-03:00","Action":"pass","Package":"github.com/viralabs-dev/mudarro/test/internal/mudarro","Test":"TestGoWorkParserFIFOIsBounded/member-module","Elapsed":1.03}
{"Time":"2026-10-06T17:40:20.413465362-03:00","Action":"output","Package":"github.com/viralabs-dev/mudarro/test/internal/mudarro","Test":"TestGoWorkParserFIFOIsBounded","Output":"--- PASS: TestGoWorkParserFIFOIsBounded (2.05s)\n","OutputType":"frame"}
{"Time":"2026-10-06T17:40:20.413504325-03:00","Action":"pass","Package":"github.com/viralabs-dev/mudarro/test/internal/mudarro","Test":"TestGoWorkParserFIFOIsBounded","Elapsed":2.05}
{"Time":"2026-10-06T17:40:20.413542564-03:00","Action":"run","Package":"github.com/viralabs-dev/mudarro/test/internal/mudarro","Test":"TestGoWorkParserIsolatedProbe"}
{"Time":"2026-10-06T17:40:20.413547448-03:00","Action":"output","Package":"github.com/viralabs-dev/mudarro/test/internal/mudarro","Test":"TestGoWorkParserIsolatedProbe","Output":"=== RUN   TestGoWorkParserIsolatedProbe\n","OutputType":"frame"}
{"Time":"2026-10-06T17:40:20.413641653-03:00","Action":"output","Package":"github.com/viralabs-dev/mudarro/test/internal/mudarro","Test":"TestGoWorkParserIsolatedProbe","Output":"--- PASS: TestGoWorkParserIsolatedProbe (0.00s)\n","OutputType":"frame"}
{"Time":"2026-10-06T17:40:20.413656321-03:00","Action":"pass","Package":"github.com/viralabs-dev/mudarro/test/internal/mudarro","Test":"TestGoWorkParserIsolatedProbe","Elapsed":0}
{"Time":"2026-10-06T17:40:20.413683136-03:00","Action":"run","Package":"github.com/viralabs-dev/mudarro/test/internal/mudarro","Test":"TestGoWorkParserDuplicateModulePathIsDiagnosedWithoutHidingMembers"}
{"Time":"2026-10-06T17:40:20.413688953-03:00","Action":"output","Package":"github.com/viralabs-dev/mudarro/test/internal/mudarro","Test":"TestGoWorkParserDuplicateModulePathIsDiagnosedWithoutHidingMembers","Output":"=== RUN   TestGoWorkParserDuplicateModulePathIsDiagnosedWithoutHidingMembers\n","OutputType":"frame"}
{"Time":"2026-10-06T17:40:20.417014158-03:00","Action":"output","Package":"github.com/viralabs-dev/mudarro/test/internal/mudarro","Test":"TestGoWorkParserDuplicateModulePathIsDiagnosedWithoutHidingMembers","Output":"--- PASS: TestGoWorkParserDuplicateModulePathIsDiagnosedWithoutHidingMembers (0.00s)\n","OutputType":"frame"}
{"Time":"2026-10-06T17:40:20.417023257-03:00","Action":"pass","Package":"github.com/viralabs-dev/mudarro/test/internal/mudarro","Test":"TestGoWorkParserDuplicateModulePathIsDiagnosedWithoutHidingMembers","Elapsed":0}
{"Time":"2026-10-06T17:40:20.417060579-03:00","Action":"run","Package":"github.com/viralabs-dev/mudarro/test/internal/mudarro","Test":"TestGoWorkParserExcludedMembershipIsNotRead"}
{"Time":"2026-10-06T17:40:20.417064903-03:00","Action":"output","Package":"github.com/viralabs-dev/mudarro/test/internal/mudarro","Test":"TestGoWorkParserExcludedMembershipIsNotRead","Output":"=== RUN   TestGoWorkParserExcludedMembershipIsNotRead\n","OutputType":"frame"}
{"Time":"2026-10-06T17:40:20.417108186-03:00","Action":"run","Package":"github.com/viralabs-dev/mudarro/test/internal/mudarro","Test":"TestGoWorkParserExcludedMembershipIsNotRead/private"}
{"Time":"2026-10-06T17:40:20.417112328-03:00","Action":"output","Package":"github.com/viralabs-dev/mudarro/test/internal/mudarro","Test":"TestGoWorkParserExcludedMembershipIsNotRead/private","Output":"=== RUN   TestGoWorkParserExcludedMembershipIsNotRead/private\n","OutputType":"frame"}
{"Time":"2026-10-06T17:40:21.446639506-03:00","Action":"output","Package":"github.com/viralabs-dev/mudarro/test/internal/mudarro","Test":"TestGoWorkParserExcludedMembershipIsNotRead/private","Output":"--- PASS: TestGoWorkParserExcludedMembershipIsNotRead/private (1.03s)\n","OutputType":"frame"}
{"Time":"2026-10-06T17:40:21.446683947-03:00","Action":"pass","Package":"github.com/viralabs-dev/mudarro/test/internal/mudarro","Test":"TestGoWorkParserExcludedMembershipIsNotRead/private","Elapsed":1.03}
{"Time":"2026-10-06T17:40:21.446694446-03:00","Action":"run","Package":"github.com/viralabs-dev/mudarro/test/internal/mudarro","Test":"TestGoWorkParserExcludedMembershipIsNotRead/private/go.mod"}
{"Time":"2026-10-06T17:40:21.446698649-03:00","Action":"output","Package":"github.com/viralabs-dev/mudarro/test/internal/mudarro","Test":"TestGoWorkParserExcludedMembershipIsNotRead/private/go.mod","Output":"=== RUN   TestGoWorkParserExcludedMembershipIsNotRead/private/go.mod\n","OutputType":"frame"}
{"Time":"2026-10-06T17:40:22.480211609-03:00","Action":"output","Package":"github.com/viralabs-dev/mudarro/test/internal/mudarro","Test":"TestGoWorkParserExcludedMembershipIsNotRead/private/go.mod","Output":"--- PASS: TestGoWorkParserExcludedMembershipIsNotRead/private/go.mod (1.03s)\n","OutputType":"frame"}
{"Time":"2026-10-06T17:40:22.480262729-03:00","Action":"pass","Package":"github.com/viralabs-dev/mudarro/test/internal/mudarro","Test":"TestGoWorkParserExcludedMembershipIsNotRead/private/go.mod","Elapsed":1.03}
{"Time":"2026-10-06T17:40:22.480276219-03:00","Action":"output","Package":"github.com/viralabs-dev/mudarro/test/internal/mudarro","Test":"TestGoWorkParserExcludedMembershipIsNotRead","Output":"--- PASS: TestGoWorkParserExcludedMembershipIsNotRead (2.06s)\n","OutputType":"frame"}
{"Time":"2026-10-06T17:40:22.480301707-03:00","Action":"pass","Package":"github.com/viralabs-dev/mudarro/test/internal/mudarro","Test":"TestGoWorkParserExcludedMembershipIsNotRead","Elapsed":2.06}
{"Time":"2026-10-06T17:40:22.480342796-03:00","Action":"run","Package":"github.com/viralabs-dev/mudarro/test/internal/mudarro","Test":"TestGoWorkspaceDiagnosticsPreviewShowsEffectiveIsolation"}
{"Time":"2026-10-06T17:40:22.480346928-03:00","Action":"output","Package":"github.com/viralabs-dev/mudarro/test/internal/mudarro","Test":"TestGoWorkspaceDiagnosticsPreviewShowsEffectiveIsolation","Output":"=== RUN   TestGoWorkspaceDiagnosticsPreviewShowsEffectiveIsolation\n","OutputType":"frame"}
{"Time":"2026-10-06T17:40:22.483199949-03:00","Action":"output","Package":"github.com/viralabs-dev/mudarro/test/internal/mudarro","Test":"TestGoWorkspaceDiagnosticsPreviewShowsEffectiveIsolation","Output":"--- PASS: TestGoWorkspaceDiagnosticsPreviewShowsEffectiveIsolation (0.00s)\n","OutputType":"frame"}
{"Time":"2026-10-06T17:40:22.483225929-03:00","Action":"pass","Package":"github.com/viralabs-dev/mudarro/test/internal/mudarro","Test":"TestGoWorkspaceDiagnosticsPreviewShowsEffectiveIsolation","Elapsed":0}
{"Time":"2026-10-06T17:40:22.483249637-03:00","Action":"run","Package":"github.com/viralabs-dev/mudarro/test/internal/mudarro","Test":"TestGoWorkspaceDiagnosticsDryRunShowsIsolationWithoutExecution"}
{"Time":"2026-10-06T17:40:22.483253197-03:00","Action":"output","Package":"github.com/viralabs-dev/mudarro/test/internal/mudarro","Test":"TestGoWorkspaceDiagnosticsDryRunShowsIsolationWithoutExecution","Output":"=== RUN   TestGoWorkspaceDiagnosticsDryRunShowsIsolationWithoutExecution\n","OutputType":"frame"}
{"Time":"2026-10-06T17:40:22.485707826-03:00","Action":"output","Package":"github.com/viralabs-dev/mudarro/test/internal/mudarro","Test":"TestGoWorkspaceDiagnosticsDryRunShowsIsolationWithoutExecution","Output":"--- PASS: TestGoWorkspaceDiagnosticsDryRunShowsIsolationWithoutExecution (0.00s)\n","OutputType":"frame"}
{"Time":"2026-10-06T17:40:22.485720867-03:00","Action":"pass","Package":"github.com/viralabs-dev/mudarro/test/internal/mudarro","Test":"TestGoWorkspaceDiagnosticsDryRunShowsIsolationWithoutExecution","Elapsed":0}
{"Time":"2026-10-06T17:40:22.485726508-03:00","Action":"run","Package":"github.com/viralabs-dev/mudarro/test/internal/mudarro","Test":"TestGoWorkspaceDiagnosticsDoctorRequiresEnvOnlyForIsolation"}
{"Time":"2026-10-06T17:40:22.485729425-03:00","Action":"output","Package":"github.com/viralabs-dev/mudarro/test/internal/mudarro","Test":"TestGoWorkspaceDiagnosticsDoctorRequiresEnvOnlyForIsolation","Output":"=== RUN   TestGoWorkspaceDiagnosticsDoctorRequiresEnvOnlyForIsolation\n","OutputType":"frame"}
{"Time":"2026-10-06T17:40:22.485898924-03:00","Action":"run","Package":"github.com/viralabs-dev/mudarro/test/internal/mudarro","Test":"TestGoWorkspaceDiagnosticsDoctorRequiresEnvOnlyForIsolation/off"}
{"Time":"2026-10-06T17:40:22.485911308-03:00","Action":"output","Package":"github.com/viralabs-dev/mudarro/test/internal/mudarro","Test":"TestGoWorkspaceDiagnosticsDoctorRequiresEnvOnlyForIsolation/off","Output":"=== RUN   TestGoWorkspaceDiagnosticsDoctorRequiresEnvOnlyForIsolation/off\n","OutputType":"frame"}
{"Time":"2026-10-06T17:40:22.488394401-03:00","Action":"output","Package":"github.com/viralabs-dev/mudarro/test/internal/mudarro","Test":"TestGoWorkspaceDiagnosticsDoctorRequiresEnvOnlyForIsolation/off","Output":"--- PASS: TestGoWorkspaceDiagnosticsDoctorRequiresEnvOnlyForIsolation/off (0.00s)\n","OutputType":"frame"}
{"Time":"2026-10-06T17:40:22.488408598-03:00","Action":"pass","Package":"github.com/viralabs-dev/mudarro/test/internal/mudarro","Test":"TestGoWorkspaceDiagnosticsDoctorRequiresEnvOnlyForIsolation/off","Elapsed":0}
{"Time":"2026-10-06T17:40:22.488495142-03:00","Action":"run","Package":"github.com/viralabs-dev/mudarro/test/internal/mudarro","Test":"TestGoWorkspaceDiagnosticsDoctorRequiresEnvOnlyForIsolation/#00"}
{"Time":"2026-10-06T17:40:22.488499526-03:00","Action":"output","Package":"github.com/viralabs-dev/mudarro/test/internal/mudarro","Test":"TestGoWorkspaceDiagnosticsDoctorRequiresEnvOnlyForIsolation/#00","Output":"=== RUN   TestGoWorkspaceDiagnosticsDoctorRequiresEnvOnlyForIsolation/#00\n","OutputType":"frame"}
{"Time":"2026-10-06T17:40:22.490772977-03:00","Action":"output","Package":"github.com/viralabs-dev/mudarro/test/internal/mudarro","Test":"TestGoWorkspaceDiagnosticsDoctorRequiresEnvOnlyForIsolation/#00","Output":"--- PASS: TestGoWorkspaceDiagnosticsDoctorRequiresEnvOnlyForIsolation/#00 (0.00s)\n","OutputType":"frame"}
{"Time":"2026-10-06T17:40:22.490808549-03:00","Action":"pass","Package":"github.com/viralabs-dev/mudarro/test/internal/mudarro","Test":"TestGoWorkspaceDiagnosticsDoctorRequiresEnvOnlyForIsolation/#00","Elapsed":0}
{"Time":"2026-10-06T17:40:22.490815319-03:00","Action":"run","Package":"github.com/viralabs-dev/mudarro/test/internal/mudarro","Test":"TestGoWorkspaceDiagnosticsDoctorRequiresEnvOnlyForIsolation/inherit"}
{"Time":"2026-10-06T17:40:22.490819087-03:00","Action":"output","Package":"github.com/viralabs-dev/mudarro/test/internal/mudarro","Test":"TestGoWorkspaceDiagnosticsDoctorRequiresEnvOnlyForIsolation/inherit","Output":"=== RUN   TestGoWorkspaceDiagnosticsDoctorRequiresEnvOnlyForIsolation/inherit\n","OutputType":"frame"}
{"Time":"2026-10-06T17:40:22.499606051-03:00","Action":"output","Package":"github.com/viralabs-dev/mudarro/test/internal/mudarro","Test":"TestGoWorkspaceDiagnosticsDoctorRequiresEnvOnlyForIsolation/inherit","Output":"--- PASS: TestGoWorkspaceDiagnosticsDoctorRequiresEnvOnlyForIsolation/inherit (0.01s)\n","OutputType":"frame"}
{"Time":"2026-10-06T17:40:22.499682295-03:00","Action":"pass","Package":"github.com/viralabs-dev/mudarro/test/internal/mudarro","Test":"TestGoWorkspaceDiagnosticsDoctorRequiresEnvOnlyForIsolation/inherit","Elapsed":0.01}
{"Time":"2026-10-06T17:40:22.500031191-03:00","Action":"output","Package":"github.com/viralabs-dev/mudarro/test/internal/mudarro","Test":"TestGoWorkspaceDiagnosticsDoctorRequiresEnvOnlyForIsolation","Output":"--- PASS: TestGoWorkspaceDiagnosticsDoctorRequiresEnvOnlyForIsolation (0.01s)\n","OutputType":"frame"}
{"Time":"2026-10-06T17:40:22.50006927-03:00","Action":"pass","Package":"github.com/viralabs-dev/mudarro/test/internal/mudarro","Test":"TestGoWorkspaceDiagnosticsDoctorRequiresEnvOnlyForIsolation","Elapsed":0.01}
{"Time":"2026-10-06T17:40:22.500107003-03:00","Action":"run","Package":"github.com/viralabs-dev/mudarro/test/internal/mudarro","Test":"TestGoWorkspaceEntrypointConstraints"}
{"Time":"2026-10-06T17:40:22.500117312-03:00","Action":"output","Package":"github.com/viralabs-dev/mudarro/test/internal/mudarro","Test":"TestGoWorkspaceEntrypointConstraints","Output":"=== RUN   TestGoWorkspaceEntrypointConstraints\n","OutputType":"frame"}
{"Time":"2026-10-06T17:40:22.500225261-03:00","Action":"run","Package":"github.com/viralabs-dev/mudarro/test/internal/mudarro","Test":"TestGoWorkspaceEntrypointConstraints/library"}
{"Time":"2026-10-06T17:40:22.500234132-03:00","Action":"output","Package":"github.com/viralabs-dev/mudarro/test/internal/mudarro","Test":"TestGoWorkspaceEntrypointConstraints/library","Output":"=== RUN   TestGoWorkspaceEntrypointConstraints/library\n","OutputType":"frame"}
{"Time":"2026-10-06T17:40:22.502021216-03:00","Action":"output","Package":"github.com/viralabs-dev/mudarro/test/internal/mudarro","Test":"TestGoWorkspaceEntrypointConstraints/library","Output":"--- PASS: TestGoWorkspaceEntrypointConstraints/library (0.00s)\n","OutputType":"frame"}
{"Time":"2026-10-06T17:40:22.502041835-03:00","Action":"pass","Package":"github.com/viralabs-dev/mudarro/test/internal/mudarro","Test":"TestGoWorkspaceEntrypointConstraints/library","Elapsed":0}
{"Time":"2026-10-06T17:40:22.502094607-03:00","Action":"run","Package":"github.com/viralabs-dev/mudarro/test/internal/mudarro","Test":"TestGoWorkspaceEntrypointConstraints/tests-only"}
{"Time":"2026-10-06T17:40:22.502107296-03:00","Action":"output","Package":"github.com/viralabs-dev/mudarro/test/internal/mudarro","Test":"TestGoWorkspaceEntrypointConstraints/tests-only","Output":"=== RUN   TestGoWorkspaceEntrypointConstraints/tests-only\n","OutputType":"frame"}
{"Time":"2026-10-06T17:40:22.503625533-03:00","Action":"output","Package":"github.com/viralabs-dev/mudarro/test/internal/mudarro","Test":"TestGoWorkspaceEntrypointConstraints/tests-only","Output":"--- PASS: TestGoWorkspaceEntrypointConstraints/tests-only (0.00s)\n","OutputType":"frame"}
{"Time":"2026-10-06T17:40:22.503653266-03:00","Action":"pass","Package":"github.com/viralabs-dev/mudarro/test/internal/mudarro","Test":"TestGoWorkspaceEntrypointConstraints/tests-only","Elapsed":0}
{"Time":"2026-10-06T17:40:22.503706419-03:00","Action":"run","Package":"github.com/viralabs-dev/mudarro/test/internal/mudarro","Test":"TestGoWorkspaceEntrypointConstraints/main-package-without-entry"}
{"Time":"2026-10-06T17:40:22.503717728-03:00","Action":"output","Package":"github.com/viralabs-dev/mudarro/test/internal/mudarro","Test":"TestGoWorkspaceEntrypointConstraints/main-package-without-entry","Output":"=== RUN   TestGoWorkspaceEntrypointConstraints/main-package-without-entry\n","OutputType":"frame"}
{"Time":"2026-10-06T17:40:22.505568304-03:00","Action":"output","Package":"github.com/viralabs-dev/mudarro/test/internal/mudarro","Test":"TestGoWorkspaceEntrypointConstraints/main-package-without-entry","Output":"--- PASS: TestGoWorkspaceEntrypointConstraints/main-package-without-entry (0.00s)\n","OutputType":"frame"}
{"Time":"2026-10-06T17:40:22.505614709-03:00","Action":"pass","Package":"github.com/viralabs-dev/mudarro/test/internal/mudarro","Test":"TestGoWorkspaceEntrypointConstraints/main-package-without-entry","Elapsed":0}
{"Time":"2026-10-06T17:40:22.505636943-03:00","Action":"run","Package":"github.com/viralabs-dev/mudarro/test/internal/mudarro","Test":"TestGoWorkspaceEntrypointConstraints/ignored-main"}
{"Time":"2026-10-06T17:40:22.505643925-03:00","Action":"output","Package":"github.com/viralabs-dev/mudarro/test/internal/mudarro","Test":"TestGoWorkspaceEntrypointConstraints/ignored-main","Output":"=== RUN   TestGoWorkspaceEntrypointConstraints/ignored-main\n","OutputType":"frame"}
{"Time":"2026-10-06T17:40:22.507505623-03:00","Action":"output","Package":"github.com/viralabs-dev/mudarro/test/internal/mudarro","Test":"TestGoWorkspaceEntrypointConstraints/ignored-main","Output":"--- PASS: TestGoWorkspaceEntrypointConstraints/ignored-main (0.00s)\n","OutputType":"frame"}
{"Time":"2026-10-06T17:40:22.507528478-03:00","Action":"pass","Package":"github.com/viralabs-dev/mudarro/test/internal/mudarro","Test":"TestGoWorkspaceEntrypointConstraints/ignored-main","Elapsed":0}
{"Time":"2026-10-06T17:40:22.507575535-03:00","Action":"run","Package":"github.com/viralabs-dev/mudarro/test/internal/mudarro","Test":"TestGoWorkspaceEntrypointConstraints/inactive-host-tag"}
{"Time":"2026-10-06T17:40:22.507585882-03:00","Action":"output","Package":"github.com/viralabs-dev/mudarro/test/internal/mudarro","Test":"TestGoWorkspaceEntrypointConstraints/inactive-host-tag","Output":"=== RUN   TestGoWorkspaceEntrypointConstraints/inactive-host-tag\n","OutputType":"frame"}
{"Time":"2026-10-06T17:40:22.509373095-03:00","Action":"output","Package":"github.com/viralabs-dev/mudarro/test/internal/mudarro","Test":"TestGoWorkspaceEntrypointConstraints/inactive-host-tag","Output":"--- PASS: TestGoWorkspaceEntrypointConstraints/inactive-host-tag (0.00s)\n","OutputType":"frame"}
{"Time":"2026-10-06T17:40:22.509412244-03:00","Action":"pass","Package":"github.com/viralabs-dev/mudarro/test/internal/mudarro","Test":"TestGoWorkspaceEntrypointConstraints/inactive-host-tag","Elapsed":0}
{"Time":"2026-10-06T17:40:22.509456826-03:00","Action":"run","Package":"github.com/viralabs-dev/mudarro/test/internal/mudarro","Test":"TestGoWorkspaceEntrypointConstraints/inactive-host-suffix"}
{"Time":"2026-10-06T17:40:22.509466041-03:00","Action":"output","Package":"github.com/viralabs-dev/mudarro/test/internal/mudarro","Test":"TestGoWorkspaceEntrypointConstraints/inactive-host-suffix","Output":"=== RUN   TestGoWorkspaceEntrypointConstraints/inactive-host-suffix\n","OutputType":"frame"}
{"Time":"2026-10-06T17:40:22.510765972-03:00","Action":"output","Package":"github.com/viralabs-dev/mudarro/test/internal/mudarro","Test":"TestGoWorkspaceEntrypointConstraints/inactive-host-suffix","Output":"--- PASS: TestGoWorkspaceEntrypointConstraints/inactive-host-suffix (0.00s)\n","OutputType":"frame"}
{"Time":"2026-10-06T17:40:22.510787693-03:00","Action":"pass","Package":"github.com/viralabs-dev/mudarro/test/internal/mudarro","Test":"TestGoWorkspaceEntrypointConstraints/inactive-host-suffix","Elapsed":0}
{"Time":"2026-10-06T17:40:22.510809224-03:00","Action":"run","Package":"github.com/viralabs-dev/mudarro/test/internal/mudarro","Test":"TestGoWorkspaceEntrypointConstraints/active-plus-ignored-other-package"}
{"Time":"2026-10-06T17:40:22.510812638-03:00","Action":"output","Package":"github.com/viralabs-dev/mudarro/test/internal/mudarro","Test":"TestGoWorkspaceEntrypointConstraints/active-plus-ignored-other-package","Output":"=== RUN   TestGoWorkspaceEntrypointConstraints/active-plus-ignored-other-package\n","OutputType":"frame"}
{"Time":"2026-10-06T17:40:22.512544371-03:00","Action":"output","Package":"github.com/viralabs-dev/mudarro/test/internal/mudarro","Test":"TestGoWorkspaceEntrypointConstraints/active-plus-ignored-other-package","Output":"--- PASS: TestGoWorkspaceEntrypointConstraints/active-plus-ignored-other-package (0.00s)\n","OutputType":"frame"}
{"Time":"2026-10-06T17:40:22.512570919-03:00","Action":"pass","Package":"github.com/viralabs-dev/mudarro/test/internal/mudarro","Test":"TestGoWorkspaceEntrypointConstraints/active-plus-ignored-other-package","Elapsed":0}
{"Time":"2026-10-06T17:40:22.51257939-03:00","Action":"run","Package":"github.com/viralabs-dev/mudarro/test/internal/mudarro","Test":"TestGoWorkspaceEntrypointConstraints/same-package-main-files"}
{"Time":"2026-10-06T17:40:22.512586612-03:00","Action":"output","Package":"github.com/viralabs-dev/mudarro/test/internal/mudarro","Test":"TestGoWorkspaceEntrypointConstraints/same-package-main-files","Output":"=== RUN   TestGoWorkspaceEntrypointConstraints/same-package-main-files\n","OutputType":"frame"}
{"Time":"2026-10-06T17:40:22.514771787-03:00","Action":"output","Package":"github.com/viralabs-dev/mudarro/test/internal/mudarro","Test":"TestGoWorkspaceEntrypointConstraints/same-package-main-files","Output":"--- PASS: TestGoWorkspaceEntrypointConstraints/same-package-main-files (0.00s)\n","OutputType":"frame"}
{"Time":"2026-10-06T17:40:22.514799911-03:00","Action":"pass","Package":"github.com/viralabs-dev/mudarro/test/internal/mudarro","Test":"TestGoWorkspaceEntrypointConstraints/same-package-main-files","Elapsed":0}
{"Time":"2026-10-06T17:40:22.514810083-03:00","Action":"output","Package":"github.com/viralabs-dev/mudarro/test/internal/mudarro","Test":"TestGoWorkspaceEntrypointConstraints","Output":"--- PASS: TestGoWorkspaceEntrypointConstraints (0.01s)\n","OutputType":"frame"}
{"Time":"2026-10-06T17:40:22.514827958-03:00","Action":"pass","Package":"github.com/viralabs-dev/mudarro/test/internal/mudarro","Test":"TestGoWorkspaceEntrypointConstraints","Elapsed":0.01}
{"Time":"2026-10-06T17:40:22.51484534-03:00","Action":"run","Package":"github.com/viralabs-dev/mudarro/test/internal/mudarro","Test":"TestGoWorkspaceInvalidMembershipIsVisible"}
{"Time":"2026-10-06T17:40:22.51485523-03:00","Action":"output","Package":"github.com/viralabs-dev/mudarro/test/internal/mudarro","Test":"TestGoWorkspaceInvalidMembershipIsVisible","Output":"=== RUN   TestGoWorkspaceInvalidMembershipIsVisible\n","OutputType":"frame"}
{"Time":"2026-10-06T17:40:22.514891677-03:00","Action":"run","Package":"github.com/viralabs-dev/mudarro/test/internal/mudarro","Test":"TestGoWorkspaceInvalidMembershipIsVisible/syntax"}
{"Time":"2026-10-06T17:40:22.514904651-03:00","Action":"output","Package":"github.com/viralabs-dev/mudarro/test/internal/mudarro","Test":"TestGoWorkspaceInvalidMembershipIsVisible/syntax","Output":"=== RUN   TestGoWorkspaceInvalidMembershipIsVisible/syntax\n","OutputType":"frame"}
{"Time":"2026-10-06T17:40:22.516456397-03:00","Action":"output","Package":"github.com/viralabs-dev/mudarro/test/internal/mudarro","Test":"TestGoWorkspaceInvalidMembershipIsVisible/syntax","Output":"--- PASS: TestGoWorkspaceInvalidMembershipIsVisible/syntax (0.00s)\n","OutputType":"frame"}
{"Time":"2026-10-06T17:40:22.516472485-03:00","Action":"pass","Package":"github.com/viralabs-dev/mudarro/test/internal/mudarro","Test":"TestGoWorkspaceInvalidMembershipIsVisible/syntax","Elapsed":0}
{"Time":"2026-10-06T17:40:22.516510073-03:00","Action":"run","Package":"github.com/viralabs-dev/mudarro/test/internal/mudarro","Test":"TestGoWorkspaceInvalidMembershipIsVisible/missing"}
{"Time":"2026-10-06T17:40:22.51651437-03:00","Action":"output","Package":"github.com/viralabs-dev/mudarro/test/internal/mudarro","Test":"TestGoWorkspaceInvalidMembershipIsVisible/missing","Output":"=== RUN   TestGoWorkspaceInvalidMembershipIsVisible/missing\n","OutputType":"frame"}
{"Time":"2026-10-06T17:40:22.518216516-03:00","Action":"output","Package":"github.com/viralabs-dev/mudarro/test/internal/mudarro","Test":"TestGoWorkspaceInvalidMembershipIsVisible/missing","Output":"--- PASS: TestGoWorkspaceInvalidMembershipIsVisible/missing (0.00s)\n","OutputType":"frame"}
{"Time":"2026-10-06T17:40:22.518245485-03:00","Action":"pass","Package":"github.com/viralabs-dev/mudarro/test/internal/mudarro","Test":"TestGoWorkspaceInvalidMembershipIsVisible/missing","Elapsed":0}
{"Time":"2026-10-06T17:40:22.518278442-03:00","Action":"run","Package":"github.com/viralabs-dev/mudarro/test/internal/mudarro","Test":"TestGoWorkspaceInvalidMembershipIsVisible/member-without-module"}
{"Time":"2026-10-06T17:40:22.518283416-03:00","Action":"output","Package":"github.com/viralabs-dev/mudarro/test/internal/mudarro","Test":"TestGoWorkspaceInvalidMembershipIsVisible/member-without-module","Output":"=== RUN   TestGoWorkspaceInvalidMembershipIsVisible/member-without-module\n","OutputType":"frame"}
{"Time":"2026-10-06T17:40:22.520164267-03:00","Action":"output","Package":"github.com/viralabs-dev/mudarro/test/internal/mudarro","Test":"TestGoWorkspaceInvalidMembershipIsVisible/member-without-module","Output":"--- PASS: TestGoWorkspaceInvalidMembershipIsVisible/member-without-module (0.00s)\n","OutputType":"frame"}
{"Time":"2026-10-06T17:40:22.520185788-03:00","Action":"pass","Package":"github.com/viralabs-dev/mudarro/test/internal/mudarro","Test":"TestGoWorkspaceInvalidMembershipIsVisible/member-without-module","Elapsed":0}
{"Time":"2026-10-06T17:40:22.520190712-03:00","Action":"run","Package":"github.com/viralabs-dev/mudarro/test/internal/mudarro","Test":"TestGoWorkspaceInvalidMembershipIsVisible/outside-root"}
{"Time":"2026-10-06T17:40:22.52019372-03:00","Action":"output","Package":"github.com/viralabs-dev/mudarro/test/internal/mudarro","Test":"TestGoWorkspaceInvalidMembershipIsVisible/outside-root","Output":"=== RUN   TestGoWorkspaceInvalidMembershipIsVisible/outside-root\n","OutputType":"frame"}
{"Time":"2026-10-06T17:40:22.521531406-03:00","Action":"output","Package":"github.com/viralabs-dev/mudarro/test/internal/mudarro","Test":"TestGoWorkspaceInvalidMembershipIsVisible/outside-root","Output":"--- PASS: TestGoWorkspaceInvalidMembershipIsVisible/outside-root (0.00s)\n","OutputType":"frame"}
{"Time":"2026-10-06T17:40:22.52155488-03:00","Action":"pass","Package":"github.com/viralabs-dev/mudarro/test/internal/mudarro","Test":"TestGoWorkspaceInvalidMembershipIsVisible/outside-root","Elapsed":0}
{"Time":"2026-10-06T17:40:22.521602964-03:00","Action":"output","Package":"github.com/viralabs-dev/mudarro/test/internal/mudarro","Test":"TestGoWorkspaceInvalidMembershipIsVisible","Output":"--- PASS: TestGoWorkspaceInvalidMembershipIsVisible (0.01s)\n","OutputType":"frame"}
{"Time":"2026-10-06T17:40:22.521611502-03:00","Action":"pass","Package":"github.com/viralabs-dev/mudarro/test/internal/mudarro","Test":"TestGoWorkspaceInvalidMembershipIsVisible","Elapsed":0.01}
{"Time":"2026-10-06T17:40:22.521637531-03:00","Action":"run","Package":"github.com/viralabs-dev/mudarro/test/internal/mudarro","Test":"TestGoWorkspaceNonmembersRemainIndependentAndOffline"}
{"Time":"2026-10-06T17:40:22.521641858-03:00","Action":"output","Package":"github.com/viralabs-dev/mudarro/test/internal/mudarro","Test":"TestGoWorkspaceNonmembersRemainIndependentAndOffline","Output":"=== RUN   TestGoWorkspaceNonmembersRemainIndependentAndOffline\n","OutputType":"frame"}
{"Time":"2026-10-06T17:40:22.525365862-03:00","Action":"output","Package":"github.com/viralabs-dev/mudarro/test/internal/mudarro","Test":"TestGoWorkspaceNonmembersRemainIndependentAndOffline","Output":"--- PASS: TestGoWorkspaceNonmembersRemainIndependentAndOffline (0.00s)\n","OutputType":"frame"}
{"Time":"2026-10-06T17:40:22.525379827-03:00","Action":"pass","Package":"github.com/viralabs-dev/mudarro/test/internal/mudarro","Test":"TestGoWorkspaceNonmembersRemainIndependentAndOffline","Elapsed":0}
{"Time":"2026-10-06T17:40:22.525384355-03:00","Action":"run","Package":"github.com/viralabs-dev/mudarro/test/internal/mudarro","Test":"TestInfrastructureComposeProviders"}
{"Time":"2026-10-06T17:40:22.525386647-03:00","Action":"output","Package":"github.com/viralabs-dev/mudarro/test/internal/mudarro","Test":"TestInfrastructureComposeProviders","Output":"=== RUN   TestInfrastructureComposeProviders\n","OutputType":"frame"}
{"Time":"2026-10-06T17:40:22.525396503-03:00","Action":"run","Package":"github.com/viralabs-dev/mudarro/test/internal/mudarro","Test":"TestInfrastructureComposeProviders/docker"}
{"Time":"2026-10-06T17:40:22.525398541-03:00","Action":"output","Package":"github.com/viralabs-dev/mudarro/test/internal/mudarro","Test":"TestInfrastructureComposeProviders/docker","Output":"=== RUN   TestInfrastructureComposeProviders/docker\n","OutputType":"frame"}
{"Time":"2026-10-06T17:40:22.525820596-03:00","Action":"output","Package":"github.com/viralabs-dev/mudarro/test/internal/mudarro","Test":"TestInfrastructureComposeProviders/docker","Output":"--- PASS: TestInfrastructureComposeProviders/docker (0.00s)\n","OutputType":"frame"}
{"Time":"2026-10-06T17:40:22.52584328-03:00","Action":"pass","Package":"github.com/viralabs-dev/mudarro/test/internal/mudarro","Test":"TestInfrastructureComposeProviders/docker","Elapsed":0}
{"Time":"2026-10-06T17:40:22.525846965-03:00","Action":"run","Package":"github.com/viralabs-dev/mudarro/test/internal/mudarro","Test":"TestInfrastructureComposeProviders/podman"}
{"Time":"2026-10-06T17:40:22.525851097-03:00","Action":"output","Package":"github.com/viralabs-dev/mudarro/test/internal/mudarro","Test":"TestInfrastructureComposeProviders/podman","Output":"=== RUN   TestInfrastructureComposeProviders/podman\n","OutputType":"frame"}
{"Time":"2026-10-06T17:40:22.526170869-03:00","Action":"output","Package":"github.com/viralabs-dev/mudarro/test/internal/mudarro","Test":"TestInfrastructureComposeProviders/podman","Output":"--- PASS: TestInfrastructureComposeProviders/podman (0.00s)\n","OutputType":"frame"}
{"Time":"2026-10-06T17:40:22.526191161-03:00","Action":"pass","Package":"github.com/viralabs-dev/mudarro/test/internal/mudarro","Test":"TestInfrastructureComposeProviders/podman","Elapsed":0}
{"Time":"2026-10-06T17:40:22.526203448-03:00","Action":"output","Package":"github.com/viralabs-dev/mudarro/test/internal/mudarro","Test":"TestInfrastructureComposeProviders","Output":"--- PASS: TestInfrastructureComposeProviders (0.00s)\n","OutputType":"frame"}
{"Time":"2026-10-06T17:40:22.526205366-03:00","Action":"pass","Package":"github.com/viralabs-dev/mudarro/test/internal/mudarro","Test":"TestInfrastructureComposeProviders","Elapsed":0}
{"Time":"2026-10-06T17:40:22.526214101-03:00","Action":"run","Package":"github.com/viralabs-dev/mudarro/test/internal/mudarro","Test":"TestInfrastructureDockerfileContracts"}
{"Time":"2026-10-06T17:40:22.526216077-03:00","Action":"output","Package":"github.com/viralabs-dev/mudarro/test/internal/mudarro","Test":"TestInfrastructureDockerfileContracts","Output":"=== RUN   TestInfrastructureDockerfileContracts\n","OutputType":"frame"}
{"Time":"2026-10-06T17:40:22.526234527-03:00","Action":"run","Package":"github.com/viralabs-dev/mudarro/test/internal/mudarro","Test":"TestInfrastructureDockerfileContracts/docker"}
{"Time":"2026-10-06T17:40:22.526236734-03:00","Action":"output","Package":"github.com/viralabs-dev/mudarro/test/internal/mudarro","Test":"TestInfrastructureDockerfileContracts/docker","Output":"=== RUN   TestInfrastructureDockerfileContracts/docker\n","OutputType":"frame"}
{"Time":"2026-10-06T17:40:22.526471566-03:00","Action":"output","Package":"github.com/viralabs-dev/mudarro/test/internal/mudarro","Test":"TestInfrastructureDockerfileContracts/docker","Output":"--- PASS: TestInfrastructureDockerfileContracts/docker (0.00s)\n","OutputType":"frame"}
{"Time":"2026-10-06T17:40:22.526487779-03:00","Action":"pass","Package":"github.com/viralabs-dev/mudarro/test/internal/mudarro","Test":"TestInfrastructureDockerfileContracts/docker","Elapsed":0}
{"Time":"2026-10-06T17:40:22.526499028-03:00","Action":"run","Package":"github.com/viralabs-dev/mudarro/test/internal/mudarro","Test":"TestInfrastructureDockerfileContracts/podman"}
{"Time":"2026-10-06T17:40:22.526501084-03:00","Action":"output","Package":"github.com/viralabs-dev/mudarro/test/internal/mudarro","Test":"TestInfrastructureDockerfileContracts/podman","Output":"=== RUN   TestInfrastructureDockerfileContracts/podman\n","OutputType":"frame"}
{"Time":"2026-10-06T17:40:22.526726014-03:00","Action":"output","Package":"github.com/viralabs-dev/mudarro/test/internal/mudarro","Test":"TestInfrastructureDockerfileContracts/podman","Output":"--- PASS: TestInfrastructureDockerfileContracts/podman (0.00s)\n","OutputType":"frame"}
{"Time":"2026-10-06T17:40:22.526732915-03:00","Action":"pass","Package":"github.com/viralabs-dev/mudarro/test/internal/mudarro","Test":"TestInfrastructureDockerfileContracts/podman","Elapsed":0}
{"Time":"2026-10-06T17:40:22.526773113-03:00","Action":"output","Package":"github.com/viralabs-dev/mudarro/test/internal/mudarro","Test":"TestInfrastructureDockerfileContracts","Output":"--- PASS: TestInfrastructureDockerfileContracts (0.00s)\n","OutputType":"frame"}
{"Time":"2026-10-06T17:40:22.526783919-03:00","Action":"pass","Package":"github.com/viralabs-dev/mudarro/test/internal/mudarro","Test":"TestInfrastructureDockerfileContracts","Elapsed":0}
{"Time":"2026-10-06T17:40:22.526787714-03:00","Action":"run","Package":"github.com/viralabs-dev/mudarro/test/internal/mudarro","Test":"TestInfrastructureKubernetesCompleteness"}
{"Time":"2026-10-06T17:40:22.526790065-03:00","Action":"output","Package":"github.com/viralabs-dev/mudarro/test/internal/mudarro","Test":"TestInfrastructureKubernetesCompleteness","Output":"=== RUN   TestInfrastructureKubernetesCompleteness\n","OutputType":"frame"}
{"Time":"2026-10-06T17:40:22.526808792-03:00","Action":"run","Package":"github.com/viralabs-dev/mudarro/test/internal/mudarro","Test":"TestInfrastructureKubernetesCompleteness/manifests"}
{"Time":"2026-10-06T17:40:22.526811544-03:00","Action":"output","Package":"github.com/viralabs-dev/mudarro/test/internal/mudarro","Test":"TestInfrastructureKubernetesCompleteness/manifests","Output":"=== RUN   TestInfrastructureKubernetesCompleteness/manifests\n","OutputType":"frame"}
{"Time":"2026-10-06T17:40:22.526946825-03:00","Action":"output","Package":"github.com/viralabs-dev/mudarro/test/internal/mudarro","Test":"TestInfrastructureKubernetesCompleteness/manifests","Output":"--- PASS: TestInfrastructureKubernetesCompleteness/manifests (0.00s)\n","OutputType":"frame"}
{"Time":"2026-10-06T17:40:22.526957656-03:00","Action":"pass","Package":"github.com/viralabs-dev/mudarro/test/internal/mudarro","Test":"TestInfrastructureKubernetesCompleteness/manifests","Elapsed":0}
{"Time":"2026-10-06T17:40:22.526972579-03:00","Action":"run","Package":"github.com/viralabs-dev/mudarro/test/internal/mudarro","Test":"TestInfrastructureKubernetesCompleteness/kustomize"}
{"Time":"2026-10-06T17:40:22.526974712-03:00","Action":"output","Package":"github.com/viralabs-dev/mudarro/test/internal/mudarro","Test":"TestInfrastructureKubernetesCompleteness/kustomize","Output":"=== RUN   TestInfrastructureKubernetesCompleteness/kustomize\n","OutputType":"frame"}
{"Time":"2026-10-06T17:40:22.527092151-03:00","Action":"output","Package":"github.com/viralabs-dev/mudarro/test/internal/mudarro","Test":"TestInfrastructureKubernetesCompleteness/kustomize","Output":"--- PASS: TestInfrastructureKubernetesCompleteness/kustomize (0.00s)\n","OutputType":"frame"}
{"Time":"2026-10-06T17:40:22.527100524-03:00","Action":"pass","Package":"github.com/viralabs-dev/mudarro/test/internal/mudarro","Test":"TestInfrastructureKubernetesCompleteness/kustomize","Elapsed":0}
{"Time":"2026-10-06T17:40:22.527111256-03:00","Action":"run","Package":"github.com/viralabs-dev/mudarro/test/internal/mudarro","Test":"TestInfrastructureKubernetesCompleteness/helm"}
{"Time":"2026-10-06T17:40:22.527113378-03:00","Action":"output","Package":"github.com/viralabs-dev/mudarro/test/internal/mudarro","Test":"TestInfrastructureKubernetesCompleteness/helm","Output":"=== RUN   TestInfrastructureKubernetesCompleteness/helm\n","OutputType":"frame"}
{"Time":"2026-10-06T17:40:22.527239016-03:00","Action":"output","Package":"github.com/viralabs-dev/mudarro/test/internal/mudarro","Test":"TestInfrastructureKubernetesCompleteness/helm","Output":"--- PASS: TestInfrastructureKubernetesCompleteness/helm (0.00s)\n","OutputType":"frame"}
{"Time":"2026-10-06T17:40:22.527250283-03:00","Action":"pass","Package":"github.com/viralabs-dev/mudarro/test/internal/mudarro","Test":"TestInfrastructureKubernetesCompleteness/helm","Elapsed":0}
{"Time":"2026-10-06T17:40:22.527272606-03:00","Action":"output","Package":"github.com/viralabs-dev/mudarro/test/internal/mudarro","Test":"TestInfrastructureKubernetesCompleteness","Output":"--- PASS: TestInfrastructureKubernetesCompleteness (0.00s)\n","OutputType":"frame"}
{"Time":"2026-10-06T17:40:22.527284465-03:00","Action":"pass","Package":"github.com/viralabs-dev/mudarro/test/internal/mudarro","Test":"TestInfrastructureKubernetesCompleteness","Elapsed":0}
{"Time":"2026-10-06T17:40:22.527295068-03:00","Action":"run","Package":"github.com/viralabs-dev/mudarro/test/internal/mudarro","Test":"TestInfrastructureKubernetesProbeErrorsAndKinds"}
{"Time":"2026-10-06T17:40:22.527297781-03:00","Action":"output","Package":"github.com/viralabs-dev/mudarro/test/internal/mudarro","Test":"TestInfrastructureKubernetesProbeErrorsAndKinds","Output":"=== RUN   TestInfrastructureKubernetesProbeErrorsAndKinds\n","OutputType":"frame"}
{"Time":"2026-10-06T17:40:22.527416423-03:00","Action":"run","Package":"github.com/viralabs-dev/mudarro/test/internal/mudarro","Test":"TestInfrastructureKubernetesProbeErrorsAndKinds/stateful-list"}
{"Time":"2026-10-06T17:40:22.527419906-03:00","Action":"output","Package":"github.com/viralabs-dev/mudarro/test/internal/mudarro","Test":"TestInfrastructureKubernetesProbeErrorsAndKinds/stateful-list","Output":"=== RUN   TestInfrastructureKubernetesProbeErrorsAndKinds/stateful-list\n","OutputType":"frame"}
{"Time":"2026-10-06T17:40:22.527641506-03:00","Action":"output","Package":"github.com/viralabs-dev/mudarro/test/internal/mudarro","Test":"TestInfrastructureKubernetesProbeErrorsAndKinds/stateful-list","Output":"--- PASS: TestInfrastructureKubernetesProbeErrorsAndKinds/stateful-list (0.00s)\n","OutputType":"frame"}
{"Time":"2026-10-06T17:40:22.527653952-03:00","Action":"pass","Package":"github.com/viralabs-dev/mudarro/test/internal/mudarro","Test":"TestInfrastructureKubernetesProbeErrorsAndKinds/stateful-list","Elapsed":0}
{"Time":"2026-10-06T17:40:22.527660724-03:00","Action":"run","Package":"github.com/viralabs-dev/mudarro/test/internal/mudarro","Test":"TestInfrastructureKubernetesProbeErrorsAndKinds/single-deployment"}
{"Time":"2026-10-06T17:40:22.527663209-03:00","Action":"output","Package":"github.com/viralabs-dev/mudarro/test/internal/mudarro","Test":"TestInfrastructureKubernetesProbeErrorsAndKinds/single-deployment","Output":"=== RUN   TestInfrastructureKubernetesProbeErrorsAndKinds/single-deployment\n","OutputType":"frame"}
{"Time":"2026-10-06T17:40:22.527887695-03:00","Action":"output","Package":"github.com/viralabs-dev/mudarro/test/internal/mudarro","Test":"TestInfrastructureKubernetesProbeErrorsAndKinds/single-deployment","Output":"--- PASS: TestInfrastructureKubernetesProbeErrorsAndKinds/single-deployment (0.00s)\n","OutputType":"frame"}
{"Time":"2026-10-06T17:40:22.52789203-03:00","Action":"pass","Package":"github.com/viralabs-dev/mudarro/test/internal/mudarro","Test":"TestInfrastructureKubernetesProbeErrorsAndKinds/single-deployment","Elapsed":0}
{"Time":"2026-10-06T17:40:22.527908565-03:00","Action":"run","Package":"github.com/viralabs-dev/mudarro/test/internal/mudarro","Test":"TestInfrastructureKubernetesProbeErrorsAndKinds/daemonset-logs"}
{"Time":"2026-10-06T17:40:22.527911323-03:00","Action":"output","Package":"github.com/viralabs-dev/mudarro/test/internal/mudarro","Test":"TestInfrastructureKubernetesProbeErrorsAndKinds/daemonset-logs","Output":"=== RUN   TestInfrastructureKubernetesProbeErrorsAndKinds/daemonset-logs\n","OutputType":"frame"}
{"Time":"2026-10-06T17:40:22.528125877-03:00","Action":"output","Package":"github.com/viralabs-dev/mudarro/test/internal/mudarro","Test":"TestInfrastructureKubernetesProbeErrorsAndKinds/daemonset-logs","Output":"--- PASS: TestInfrastructureKubernetesProbeErrorsAndKinds/daemonset-logs (0.00s)\n","OutputType":"frame"}
{"Time":"2026-10-06T17:40:22.528137168-03:00","Action":"pass","Package":"github.com/viralabs-dev/mudarro/test/internal/mudarro","Test":"TestInfrastructureKubernetesProbeErrorsAndKinds/daemonset-logs","Elapsed":0}
{"Time":"2026-10-06T17:40:22.52815082-03:00","Action":"run","Package":"github.com/viralabs-dev/mudarro/test/internal/mudarro","Test":"TestInfrastructureKubernetesProbeErrorsAndKinds/only-pvc"}
{"Time":"2026-10-06T17:40:22.528153437-03:00","Action":"output","Package":"github.com/viralabs-dev/mudarro/test/internal/mudarro","Test":"TestInfrastructureKubernetesProbeErrorsAndKinds/only-pvc","Output":"=== RUN   TestInfrastructureKubernetesProbeErrorsAndKinds/only-pvc\n","OutputType":"frame"}
{"Time":"2026-10-06T17:40:22.528361036-03:00","Action":"output","Package":"github.com/viralabs-dev/mudarro/test/internal/mudarro","Test":"TestInfrastructureKubernetesProbeErrorsAndKinds/only-pvc","Output":"--- PASS: TestInfrastructureKubernetesProbeErrorsAndKinds/only-pvc (0.00s)\n","OutputType":"frame"}
{"Time":"2026-10-06T17:40:22.52837347-03:00","Action":"pass","Package":"github.com/viralabs-dev/mudarro/test/internal/mudarro","Test":"TestInfrastructureKubernetesProbeErrorsAndKinds/only-pvc","Elapsed":0}
{"Time":"2026-10-06T17:40:22.528392841-03:00","Action":"run","Package":"github.com/viralabs-dev/mudarro/test/internal/mudarro","Test":"TestInfrastructureKubernetesProbeErrorsAndKinds/daemonset-down"}
{"Time":"2026-10-06T17:40:22.528394917-03:00","Action":"output","Package":"github.com/viralabs-dev/mudarro/test/internal/mudarro","Test":"TestInfrastructureKubernetesProbeErrorsAndKinds/daemonset-down","Output":"=== RUN   TestInfrastructureKubernetesProbeErrorsAndKinds/daemonset-down\n","OutputType":"frame"}
{"Time":"2026-10-06T17:40:22.528610517-03:00","Action":"output","Package":"github.com/viralabs-dev/mudarro/test/internal/mudarro","Test":"TestInfrastructureKubernetesProbeErrorsAndKinds/daemonset-down","Output":"--- PASS: TestInfrastructureKubernetesProbeErrorsAndKinds/daemonset-down (0.00s)\n","OutputType":"frame"}
{"Time":"2026-10-06T17:40:22.528620602-03:00","Action":"pass","Package":"github.com/viralabs-dev/mudarro/test/internal/mudarro","Test":"TestInfrastructureKubernetesProbeErrorsAndKinds/daemonset-down","Elapsed":0}
{"Time":"2026-10-06T17:40:22.528632308-03:00","Action":"run","Package":"github.com/viralabs-dev/mudarro/test/internal/mudarro","Test":"TestInfrastructureKubernetesProbeErrorsAndKinds/invalid-json"}
{"Time":"2026-10-06T17:40:22.528634445-03:00","Action":"output","Package":"github.com/viralabs-dev/mudarro/test/internal/mudarro","Test":"TestInfrastructureKubernetesProbeErrorsAndKinds/invalid-json","Output":"=== RUN   TestInfrastructureKubernetesProbeErrorsAndKinds/invalid-json\n","OutputType":"frame"}
{"Time":"2026-10-06T17:40:22.528774587-03:00","Action":"output","Package":"github.com/viralabs-dev/mudarro/test/internal/mudarro","Test":"TestInfrastructureKubernetesProbeErrorsAndKinds/invalid-json","Output":"--- PASS: TestInfrastructureKubernetesProbeErrorsAndKinds/invalid-json (0.00s)\n","OutputType":"frame"}
{"Time":"2026-10-06T17:40:22.528784824-03:00","Action":"pass","Package":"github.com/viralabs-dev/mudarro/test/internal/mudarro","Test":"TestInfrastructureKubernetesProbeErrorsAndKinds/invalid-json","Elapsed":0}
{"Time":"2026-10-06T17:40:22.528800007-03:00","Action":"output","Package":"github.com/viralabs-dev/mudarro/test/internal/mudarro","Test":"TestInfrastructureKubernetesProbeErrorsAndKinds","Output":"--- PASS: TestInfrastructureKubernetesProbeErrorsAndKinds (0.00s)\n","OutputType":"frame"}
{"Time":"2026-10-06T17:40:22.528808711-03:00","Action":"pass","Package":"github.com/viralabs-dev/mudarro/test/internal/mudarro","Test":"TestInfrastructureKubernetesProbeErrorsAndKinds","Elapsed":0}
{"Time":"2026-10-06T17:40:22.528818666-03:00","Action":"run","Package":"github.com/viralabs-dev/mudarro/test/internal/mudarro","Test":"TestInfrastructureSQLiteInitPreservesAndRejectsSymlink"}
{"Time":"2026-10-06T17:40:22.528820369-03:00","Action":"output","Package":"github.com/viralabs-dev/mudarro/test/internal/mudarro","Test":"TestInfrastructureSQLiteInitPreservesAndRejectsSymlink","Output":"=== RUN   TestInfrastructureSQLiteInitPreservesAndRejectsSymlink\n","OutputType":"frame"}
{"Time":"2026-10-06T17:40:22.52920554-03:00","Action":"output","Package":"github.com/viralabs-dev/mudarro/test/internal/mudarro","Test":"TestInfrastructureSQLiteInitPreservesAndRejectsSymlink","Output":"--- PASS: TestInfrastructureSQLiteInitPreservesAndRejectsSymlink (0.00s)\n","OutputType":"frame"}
{"Time":"2026-10-06T17:40:22.529219517-03:00","Action":"pass","Package":"github.com/viralabs-dev/mudarro/test/internal/mudarro","Test":"TestInfrastructureSQLiteInitPreservesAndRejectsSymlink","Elapsed":0}
{"Time":"2026-10-06T17:40:22.529220981-03:00","Action":"run","Package":"github.com/viralabs-dev/mudarro/test/internal/mudarro","Test":"TestInfrastructureHelmProbeSelectsReleaseOnly"}
{"Time":"2026-10-06T17:40:22.529222324-03:00","Action":"output","Package":"github.com/viralabs-dev/mudarro/test/internal/mudarro","Test":"TestInfrastructureHelmProbeSelectsReleaseOnly","Output":"=== RUN   TestInfrastructureHelmProbeSelectsReleaseOnly\n","OutputType":"frame"}
{"Time":"2026-10-06T17:40:22.529417036-03:00","Action":"output","Package":"github.com/viralabs-dev/mudarro/test/internal/mudarro","Test":"TestInfrastructureHelmProbeSelectsReleaseOnly","Output":"--- PASS: TestInfrastructureHelmProbeSelectsReleaseOnly (0.00s)\n","OutputType":"frame"}
{"Time":"2026-10-06T17:40:22.529426715-03:00","Action":"pass","Package":"github.com/viralabs-dev/mudarro/test/internal/mudarro","Test":"TestInfrastructureHelmProbeSelectsReleaseOnly","Elapsed":0}
{"Time":"2026-10-06T17:40:22.529440885-03:00","Action":"run","Package":"github.com/viralabs-dev/mudarro/test/internal/mudarro","Test":"TestIOPreservationManifestReadFailurePreventsWrites"}
{"Time":"2026-10-06T17:40:22.529442718-03:00","Action":"output","Package":"github.com/viralabs-dev/mudarro/test/internal/mudarro","Test":"TestIOPreservationManifestReadFailurePreventsWrites","Output":"=== RUN   TestIOPreservationManifestReadFailurePreventsWrites\n","OutputType":"frame"}
{"Time":"2026-10-06T17:40:22.530022814-03:00","Action":"output","Package":"github.com/viralabs-dev/mudarro/test/internal/mudarro","Test":"TestIOPreservationManifestReadFailurePreventsWrites","Output":"--- PASS: TestIOPreservationManifestReadFailurePreventsWrites (0.00s)\n","OutputType":"frame"}
{"Time":"2026-10-06T17:40:22.530026473-03:00","Action":"pass","Package":"github.com/viralabs-dev/mudarro/test/internal/mudarro","Test":"TestIOPreservationManifestReadFailurePreventsWrites","Elapsed":0}
{"Time":"2026-10-06T17:40:22.530033385-03:00","Action":"run","Package":"github.com/viralabs-dev/mudarro/test/internal/mudarro","Test":"TestIOPreservationDestinationCreationFailure"}
{"Time":"2026-10-06T17:40:22.530035755-03:00","Action":"output","Package":"github.com/viralabs-dev/mudarro/test/internal/mudarro","Test":"TestIOPreservationDestinationCreationFailure","Output":"=== RUN   TestIOPreservationDestinationCreationFailure\n","OutputType":"frame"}
{"Time":"2026-10-06T17:40:22.530748053-03:00","Action":"output","Package":"github.com/viralabs-dev/mudarro/test/internal/mudarro","Test":"TestIOPreservationDestinationCreationFailure","Output":"--- PASS: TestIOPreservationDestinationCreationFailure (0.00s)\n","OutputType":"frame"}
{"Time":"2026-10-06T17:40:22.530759192-03:00","Action":"pass","Package":"github.com/viralabs-dev/mudarro/test/internal/mudarro","Test":"TestIOPreservationDestinationCreationFailure","Elapsed":0}
{"Time":"2026-10-06T17:40:22.530772874-03:00","Action":"run","Package":"github.com/viralabs-dev/mudarro/test/internal/mudarro","Test":"TestIOPreservationAtomicRenameFailureKeepsDestination"}
{"Time":"2026-10-06T17:40:22.530775384-03:00","Action":"output","Package":"github.com/viralabs-dev/mudarro/test/internal/mudarro","Test":"TestIOPreservationAtomicRenameFailureKeepsDestination","Output":"=== RUN   TestIOPreservationAtomicRenameFailureKeepsDestination\n","OutputType":"frame"}
{"Time":"2026-10-06T17:40:22.532052558-03:00","Action":"output","Package":"github.com/viralabs-dev/mudarro/test/internal/mudarro","Test":"TestIOPreservationAtomicRenameFailureKeepsDestination","Output":"--- PASS: TestIOPreservationAtomicRenameFailureKeepsDestination (0.00s)\n","OutputType":"frame"}
{"Time":"2026-10-06T17:40:22.532057159-03:00","Action":"pass","Package":"github.com/viralabs-dev/mudarro/test/internal/mudarro","Test":"TestIOPreservationAtomicRenameFailureKeepsDestination","Elapsed":0}
{"Time":"2026-10-06T17:40:22.53205909-03:00","Action":"run","Package":"github.com/viralabs-dev/mudarro/test/internal/mudarro","Test":"TestIOPreservationConfigReadAndInitFailure"}
{"Time":"2026-10-06T17:40:22.532060699-03:00","Action":"output","Package":"github.com/viralabs-dev/mudarro/test/internal/mudarro","Test":"TestIOPreservationConfigReadAndInitFailure","Output":"=== RUN   TestIOPreservationConfigReadAndInitFailure\n","OutputType":"frame"}
{"Time":"2026-10-06T17:40:22.532851686-03:00","Action":"output","Package":"github.com/viralabs-dev/mudarro/test/internal/mudarro","Test":"TestIOPreservationConfigReadAndInitFailure","Output":"--- PASS: TestIOPreservationConfigReadAndInitFailure (0.00s)\n","OutputType":"frame"}
{"Time":"2026-10-06T17:40:22.532863418-03:00","Action":"pass","Package":"github.com/viralabs-dev/mudarro/test/internal/mudarro","Test":"TestIOPreservationConfigReadAndInitFailure","Elapsed":0}
{"Time":"2026-10-06T17:40:22.532866743-03:00","Action":"run","Package":"github.com/viralabs-dev/mudarro/test/internal/mudarro","Test":"TestIOPreservationExecutorOutputExitStatusAndMissingCommand"}
{"Time":"2026-10-06T17:40:22.532868248-03:00","Action":"output","Package":"github.com/viralabs-dev/mudarro/test/internal/mudarro","Test":"TestIOPreservationExecutorOutputExitStatusAndMissingCommand","Output":"=== RUN   TestIOPreservationExecutorOutputExitStatusAndMissingCommand\n","OutputType":"frame"}
{"Time":"2026-10-06T17:40:22.535605239-03:00","Action":"output","Package":"github.com/viralabs-dev/mudarro/test/internal/mudarro","Test":"TestIOPreservationExecutorOutputExitStatusAndMissingCommand","Output":"--- PASS: TestIOPreservationExecutorOutputExitStatusAndMissingCommand (0.00s)\n","OutputType":"frame"}
{"Time":"2026-10-06T17:40:22.535616943-03:00","Action":"pass","Package":"github.com/viralabs-dev/mudarro/test/internal/mudarro","Test":"TestIOPreservationExecutorOutputExitStatusAndMissingCommand","Elapsed":0}
{"Time":"2026-10-06T17:40:22.53562041-03:00","Action":"run","Package":"github.com/viralabs-dev/mudarro/test/internal/mudarro","Test":"TestIOPreservationGenerateWriterFailurePropagatesBeforeMutation"}
{"Time":"2026-10-06T17:40:22.535622013-03:00","Action":"output","Package":"github.com/viralabs-dev/mudarro/test/internal/mudarro","Test":"TestIOPreservationGenerateWriterFailurePropagatesBeforeMutation","Output":"=== RUN   TestIOPreservationGenerateWriterFailurePropagatesBeforeMutation\n","OutputType":"frame"}
{"Time":"2026-10-06T17:40:22.53633203-03:00","Action":"output","Package":"github.com/viralabs-dev/mudarro/test/internal/mudarro","Test":"TestIOPreservationGenerateWriterFailurePropagatesBeforeMutation","Output":"--- PASS: TestIOPreservationGenerateWriterFailurePropagatesBeforeMutation (0.00s)\n","OutputType":"frame"}
{"Time":"2026-10-06T17:40:22.536342608-03:00","Action":"pass","Package":"github.com/viralabs-dev/mudarro/test/internal/mudarro","Test":"TestIOPreservationGenerateWriterFailurePropagatesBeforeMutation","Elapsed":0}
{"Time":"2026-10-06T17:40:22.536354845-03:00","Action":"run","Package":"github.com/viralabs-dev/mudarro/test/internal/mudarro","Test":"TestIOPreservationManifestSpecialFileDoesNotBlock"}
{"Time":"2026-10-06T17:40:22.536356381-03:00","Action":"output","Package":"github.com/viralabs-dev/mudarro/test/internal/mudarro","Test":"TestIOPreservationManifestSpecialFileDoesNotBlock","Output":"=== RUN   TestIOPreservationManifestSpecialFileDoesNotBlock\n","OutputType":"frame"}
{"Time":"2026-10-06T17:40:23.559038948-03:00","Action":"output","Package":"github.com/viralabs-dev/mudarro/test/internal/mudarro","Test":"TestIOPreservationManifestSpecialFileDoesNotBlock","Output":"--- PASS: TestIOPreservationManifestSpecialFileDoesNotBlock (1.02s)\n","OutputType":"frame"}
{"Time":"2026-10-06T17:40:23.559078819-03:00","Action":"pass","Package":"github.com/viralabs-dev/mudarro/test/internal/mudarro","Test":"TestIOPreservationManifestSpecialFileDoesNotBlock","Elapsed":1.02}
{"Time":"2026-10-06T17:40:23.55913409-03:00","Action":"run","Package":"github.com/viralabs-dev/mudarro/test/internal/mudarro","Test":"TestIOPreservationPermissionFailures"}
{"Time":"2026-10-06T17:40:23.559139192-03:00","Action":"output","Package":"github.com/viralabs-dev/mudarro/test/internal/mudarro","Test":"TestIOPreservationPermissionFailures","Output":"=== RUN   TestIOPreservationPermissionFailures\n","OutputType":"frame"}
{"Time":"2026-10-06T17:40:23.561276502-03:00","Action":"output","Package":"github.com/viralabs-dev/mudarro/test/internal/mudarro","Test":"TestIOPreservationPermissionFailures","Output":"--- PASS: TestIOPreservationPermissionFailures (0.00s)\n","OutputType":"frame"}
{"Time":"2026-10-06T17:40:23.561310693-03:00","Action":"pass","Package":"github.com/viralabs-dev/mudarro/test/internal/mudarro","Test":"TestIOPreservationPermissionFailures","Elapsed":0}
{"Time":"2026-10-06T17:40:23.561338618-03:00","Action":"run","Package":"github.com/viralabs-dev/mudarro/test/internal/mudarro","Test":"TestIOPreservationSecondAnnouncementFailurePreventsAllWrites"}
{"Time":"2026-10-06T17:40:23.561343801-03:00","Action":"output","Package":"github.com/viralabs-dev/mudarro/test/internal/mudarro","Test":"TestIOPreservationSecondAnnouncementFailurePreventsAllWrites","Output":"=== RUN   TestIOPreservationSecondAnnouncementFailurePreventsAllWrites\n","OutputType":"frame"}
{"Time":"2026-10-06T17:40:23.561391005-03:00","Action":"run","Package":"github.com/viralabs-dev/mudarro/test/internal/mudarro","Test":"TestIOPreservationSecondAnnouncementFailurePreventsAllWrites/write"}
{"Time":"2026-10-06T17:40:23.561396467-03:00","Action":"output","Package":"github.com/viralabs-dev/mudarro/test/internal/mudarro","Test":"TestIOPreservationSecondAnnouncementFailurePreventsAllWrites/write","Output":"=== RUN   TestIOPreservationSecondAnnouncementFailurePreventsAllWrites/write\n","OutputType":"frame"}
{"Time":"2026-10-06T17:40:23.56308651-03:00","Action":"output","Package":"github.com/viralabs-dev/mudarro/test/internal/mudarro","Test":"TestIOPreservationSecondAnnouncementFailurePreventsAllWrites/write","Output":"--- PASS: TestIOPreservationSecondAnnouncementFailurePreventsAllWrites/write (0.00s)\n","OutputType":"frame"}
{"Time":"2026-10-06T17:40:23.563123715-03:00","Action":"pass","Package":"github.com/viralabs-dev/mudarro/test/internal/mudarro","Test":"TestIOPreservationSecondAnnouncementFailurePreventsAllWrites/write","Elapsed":0}
{"Time":"2026-10-06T17:40:23.563131025-03:00","Action":"run","Package":"github.com/viralabs-dev/mudarro/test/internal/mudarro","Test":"TestIOPreservationSecondAnnouncementFailurePreventsAllWrites/dry-run"}
{"Time":"2026-10-06T17:40:23.563134699-03:00","Action":"output","Package":"github.com/viralabs-dev/mudarro/test/internal/mudarro","Test":"TestIOPreservationSecondAnnouncementFailurePreventsAllWrites/dry-run","Output":"=== RUN   TestIOPreservationSecondAnnouncementFailurePreventsAllWrites/dry-run\n","OutputType":"frame"}
{"Time":"2026-10-06T17:40:23.564658511-03:00","Action":"output","Package":"github.com/viralabs-dev/mudarro/test/internal/mudarro","Test":"TestIOPreservationSecondAnnouncementFailurePreventsAllWrites/dry-run","Output":"--- PASS: TestIOPreservationSecondAnnouncementFailurePreventsAllWrites/dry-run (0.00s)\n","OutputType":"frame"}
{"Time":"2026-10-06T17:40:23.564686011-03:00","Action":"pass","Package":"github.com/viralabs-dev/mudarro/test/internal/mudarro","Test":"TestIOPreservationSecondAnnouncementFailurePreventsAllWrites/dry-run","Elapsed":0}
{"Time":"2026-10-06T17:40:23.564737472-03:00","Action":"output","Package":"github.com/viralabs-dev/mudarro/test/internal/mudarro","Test":"TestIOPreservationSecondAnnouncementFailurePreventsAllWrites","Output":"--- PASS: TestIOPreservationSecondAnnouncementFailurePreventsAllWrites (0.00s)\n","OutputType":"frame"}
{"Time":"2026-10-06T17:40:23.564749-03:00","Action":"pass","Package":"github.com/viralabs-dev/mudarro/test/internal/mudarro","Test":"TestIOPreservationSecondAnnouncementFailurePreventsAllWrites","Elapsed":0}
{"Time":"2026-10-06T17:40:23.564777613-03:00","Action":"run","Package":"github.com/viralabs-dev/mudarro/test/internal/mudarro","Test":"TestIOPreservationPreservedMessageFailurePreventsWrites"}
{"Time":"2026-10-06T17:40:23.564783582-03:00","Action":"output","Package":"github.com/viralabs-dev/mudarro/test/internal/mudarro","Test":"TestIOPreservationPreservedMessageFailurePreventsWrites","Output":"=== RUN   TestIOPreservationPreservedMessageFailurePreventsWrites\n","OutputType":"frame"}
{"Time":"2026-10-06T17:40:23.566350231-03:00","Action":"output","Package":"github.com/viralabs-dev/mudarro/test/internal/mudarro","Test":"TestIOPreservationPreservedMessageFailurePreventsWrites","Output":"--- PASS: TestIOPreservationPreservedMessageFailurePreventsWrites (0.00s)\n","OutputType":"frame"}
{"Time":"2026-10-06T17:40:23.566361543-03:00","Action":"pass","Package":"github.com/viralabs-dev/mudarro/test/internal/mudarro","Test":"TestIOPreservationPreservedMessageFailurePreventsWrites","Elapsed":0}
{"Time":"2026-10-06T17:40:23.5663825-03:00","Action":"run","Package":"github.com/viralabs-dev/mudarro/test/internal/mudarro","Test":"TestIOPreservationReadManifestBoundedRegularFiles"}
{"Time":"2026-10-06T17:40:23.566386389-03:00","Action":"output","Package":"github.com/viralabs-dev/mudarro/test/internal/mudarro","Test":"TestIOPreservationReadManifestBoundedRegularFiles","Output":"=== RUN   TestIOPreservationReadManifestBoundedRegularFiles\n","OutputType":"frame"}
{"Time":"2026-10-06T17:40:23.566429587-03:00","Action":"run","Package":"github.com/viralabs-dev/mudarro/test/internal/mudarro","Test":"TestIOPreservationReadManifestBoundedRegularFiles/limit"}
{"Time":"2026-10-06T17:40:23.566434955-03:00","Action":"output","Package":"github.com/viralabs-dev/mudarro/test/internal/mudarro","Test":"TestIOPreservationReadManifestBoundedRegularFiles/limit","Output":"=== RUN   TestIOPreservationReadManifestBoundedRegularFiles/limit\n","OutputType":"frame"}
{"Time":"2026-10-06T17:40:23.625433955-03:00","Action":"output","Package":"github.com/viralabs-dev/mudarro/test/internal/mudarro","Test":"TestIOPreservationReadManifestBoundedRegularFiles/limit","Output":"--- PASS: TestIOPreservationReadManifestBoundedRegularFiles/limit (0.06s)\n","OutputType":"frame"}
{"Time":"2026-10-06T17:40:23.625454478-03:00","Action":"pass","Package":"github.com/viralabs-dev/mudarro/test/internal/mudarro","Test":"TestIOPreservationReadManifestBoundedRegularFiles/limit","Elapsed":0.06}
{"Time":"2026-10-06T17:40:23.625458881-03:00","Action":"run","Package":"github.com/viralabs-dev/mudarro/test/internal/mudarro","Test":"TestIOPreservationReadManifestBoundedRegularFiles/over-limit"}
{"Time":"2026-10-06T17:40:23.625460623-03:00","Action":"output","Package":"github.com/viralabs-dev/mudarro/test/internal/mudarro","Test":"TestIOPreservationReadManifestBoundedRegularFiles/over-limit","Output":"=== RUN   TestIOPreservationReadManifestBoundedRegularFiles/over-limit\n","OutputType":"frame"}
{"Time":"2026-10-06T17:40:23.639088541-03:00","Action":"output","Package":"github.com/viralabs-dev/mudarro/test/internal/mudarro","Test":"TestIOPreservationReadManifestBoundedRegularFiles/over-limit","Output":"--- PASS: TestIOPreservationReadManifestBoundedRegularFiles/over-limit (0.01s)\n","OutputType":"frame"}
{"Time":"2026-10-06T17:40:23.639103833-03:00","Action":"pass","Package":"github.com/viralabs-dev/mudarro/test/internal/mudarro","Test":"TestIOPreservationReadManifestBoundedRegularFiles/over-limit","Elapsed":0.01}
{"Time":"2026-10-06T17:40:23.639350818-03:00","Action":"output","Package":"github.com/viralabs-dev/mudarro/test/internal/mudarro","Test":"TestIOPreservationReadManifestBoundedRegularFiles","Output":"--- PASS: TestIOPreservationReadManifestBoundedRegularFiles (0.07s)\n","OutputType":"frame"}
{"Time":"2026-10-06T17:40:23.639360352-03:00","Action":"pass","Package":"github.com/viralabs-dev/mudarro/test/internal/mudarro","Test":"TestIOPreservationReadManifestBoundedRegularFiles","Elapsed":0.07}
{"Time":"2026-10-06T17:40:23.639373811-03:00","Action":"run","Package":"github.com/viralabs-dev/mudarro/test/internal/mudarro","Test":"TestIOPreservationOwnershipManifestFIFORejectsWithoutBlocking"}
{"Time":"2026-10-06T17:40:23.639375536-03:00","Action":"output","Package":"github.com/viralabs-dev/mudarro/test/internal/mudarro","Test":"TestIOPreservationOwnershipManifestFIFORejectsWithoutBlocking","Output":"=== RUN   TestIOPreservationOwnershipManifestFIFORejectsWithoutBlocking\n","OutputType":"frame"}
{"Time":"2026-10-06T17:40:24.656703647-03:00","Action":"output","Package":"github.com/viralabs-dev/mudarro/test/internal/mudarro","Test":"TestIOPreservationOwnershipManifestFIFORejectsWithoutBlocking","Output":"--- PASS: TestIOPreservationOwnershipManifestFIFORejectsWithoutBlocking (1.02s)\n","OutputType":"frame"}
{"Time":"2026-10-06T17:40:24.656726259-03:00","Action":"pass","Package":"github.com/viralabs-dev/mudarro/test/internal/mudarro","Test":"TestIOPreservationOwnershipManifestFIFORejectsWithoutBlocking","Elapsed":1.02}
{"Time":"2026-10-06T17:40:24.656737599-03:00","Action":"run","Package":"github.com/viralabs-dev/mudarro/test/internal/mudarro","Test":"TestIOPreservationMalformedAndOversizedOwnershipManifest"}
{"Time":"2026-10-06T17:40:24.656739246-03:00","Action":"output","Package":"github.com/viralabs-dev/mudarro/test/internal/mudarro","Test":"TestIOPreservationMalformedAndOversizedOwnershipManifest","Output":"=== RUN   TestIOPreservationMalformedAndOversizedOwnershipManifest\n","OutputType":"frame"}
{"Time":"2026-10-06T17:40:24.664923914-03:00","Action":"run","Package":"github.com/viralabs-dev/mudarro/test/internal/mudarro","Test":"TestIOPreservationMalformedAndOversizedOwnershipManifest/malformed"}
{"Time":"2026-10-06T17:40:24.664935516-03:00","Action":"output","Package":"github.com/viralabs-dev/mudarro/test/internal/mudarro","Test":"TestIOPreservationMalformedAndOversizedOwnershipManifest/malformed","Output":"=== RUN   TestIOPreservationMalformedAndOversizedOwnershipManifest/malformed\n","OutputType":"frame"}
{"Time":"2026-10-06T17:40:24.666212307-03:00","Action":"output","Package":"github.com/viralabs-dev/mudarro/test/internal/mudarro","Test":"TestIOPreservationMalformedAndOversizedOwnershipManifest/malformed","Output":"--- PASS: TestIOPreservationMalformedAndOversizedOwnershipManifest/malformed (0.00s)\n","OutputType":"frame"}
{"Time":"2026-10-06T17:40:24.666216673-03:00","Action":"pass","Package":"github.com/viralabs-dev/mudarro/test/internal/mudarro","Test":"TestIOPreservationMalformedAndOversizedOwnershipManifest/malformed","Elapsed":0}
{"Time":"2026-10-06T17:40:24.666219932-03:00","Action":"run","Package":"github.com/viralabs-dev/mudarro/test/internal/mudarro","Test":"TestIOPreservationMalformedAndOversizedOwnershipManifest/oversized"}
{"Time":"2026-10-06T17:40:24.666221317-03:00","Action":"output","Package":"github.com/viralabs-dev/mudarro/test/internal/mudarro","Test":"TestIOPreservationMalformedAndOversizedOwnershipManifest/oversized","Output":"=== RUN   TestIOPreservationMalformedAndOversizedOwnershipManifest/oversized\n","OutputType":"frame"}
{"Time":"2026-10-06T17:40:24.693767-03:00","Action":"output","Package":"github.com/viralabs-dev/mudarro/test/internal/mudarro","Test":"TestIOPreservationMalformedAndOversizedOwnershipManifest/oversized","Output":"--- PASS: TestIOPreservationMalformedAndOversizedOwnershipManifest/oversized (0.03s)\n","OutputType":"frame"}
{"Time":"2026-10-06T17:40:24.693790506-03:00","Action":"pass","Package":"github.com/viralabs-dev/mudarro/test/internal/mudarro","Test":"TestIOPreservationMalformedAndOversizedOwnershipManifest/oversized","Elapsed":0.03}
{"Time":"2026-10-06T17:40:24.693808889-03:00","Action":"output","Package":"github.com/viralabs-dev/mudarro/test/internal/mudarro","Test":"TestIOPreservationMalformedAndOversizedOwnershipManifest","Output":"--- PASS: TestIOPreservationMalformedAndOversizedOwnershipManifest (0.04s)\n","OutputType":"frame"}
{"Time":"2026-10-06T17:40:24.693820483-03:00","Action":"pass","Package":"github.com/viralabs-dev/mudarro/test/internal/mudarro","Test":"TestIOPreservationMalformedAndOversizedOwnershipManifest","Elapsed":0.04}
{"Time":"2026-10-06T17:40:24.693841521-03:00","Action":"run","Package":"github.com/viralabs-dev/mudarro/test/internal/mudarro","Test":"TestJavaScriptWorkspaceManagerOnlyInheritanceAndRootInstall"}
{"Time":"2026-10-06T17:40:24.693843425-03:00","Action":"output","Package":"github.com/viralabs-dev/mudarro/test/internal/mudarro","Test":"TestJavaScriptWorkspaceManagerOnlyInheritanceAndRootInstall","Output":"=== RUN   TestJavaScriptWorkspaceManagerOnlyInheritanceAndRootInstall\n","OutputType":"frame"}
{"Time":"2026-10-06T17:40:24.693875666-03:00","Action":"run","Package":"github.com/viralabs-dev/mudarro/test/internal/mudarro","Test":"TestJavaScriptWorkspaceManagerOnlyInheritanceAndRootInstall/[\"packages/*\"]"}
{"Time":"2026-10-06T17:40:24.693877806-03:00","Action":"output","Package":"github.com/viralabs-dev/mudarro/test/internal/mudarro","Test":"TestJavaScriptWorkspaceManagerOnlyInheritanceAndRootInstall/[\"packages/*\"]","Output":"=== RUN   TestJavaScriptWorkspaceManagerOnlyInheritanceAndRootInstall/[\"packages/*\"]\n","OutputType":"frame"}
{"Time":"2026-10-06T17:40:24.698284753-03:00","Action":"output","Package":"github.com/viralabs-dev/mudarro/test/internal/mudarro","Test":"TestJavaScriptWorkspaceManagerOnlyInheritanceAndRootInstall/[\"packages/*\"]","Output":"--- PASS: TestJavaScriptWorkspaceManagerOnlyInheritanceAndRootInstall/[\"packages/*\"] (0.00s)\n","OutputType":"frame"}
{"Time":"2026-10-06T17:40:24.698299495-03:00","Action":"pass","Package":"github.com/viralabs-dev/mudarro/test/internal/mudarro","Test":"TestJavaScriptWorkspaceManagerOnlyInheritanceAndRootInstall/[\"packages/*\"]","Elapsed":0}
{"Time":"2026-10-06T17:40:24.698314967-03:00","Action":"run","Package":"github.com/viralabs-dev/mudarro/test/internal/mudarro","Test":"TestJavaScriptWorkspaceManagerOnlyInheritanceAndRootInstall/{\"packages\":[\"packages/*\"]}"}
{"Time":"2026-10-06T17:40:24.698317062-03:00","Action":"output","Package":"github.com/viralabs-dev/mudarro/test/internal/mudarro","Test":"TestJavaScriptWorkspaceManagerOnlyInheritanceAndRootInstall/{\"packages\":[\"packages/*\"]}","Output":"=== RUN   TestJavaScriptWorkspaceManagerOnlyInheritanceAndRootInstall/{\"packages\":[\"packages/*\"]}\n","OutputType":"frame"}
{"Time":"2026-10-06T17:40:24.701366999-03:00","Action":"output","Package":"github.com/viralabs-dev/mudarro/test/internal/mudarro","Test":"TestJavaScriptWorkspaceManagerOnlyInheritanceAndRootInstall/{\"packages\":[\"packages/*\"]}","Output":"--- PASS: TestJavaScriptWorkspaceManagerOnlyInheritanceAndRootInstall/{\"packages\":[\"packages/*\"]} (0.00s)\n","OutputType":"frame"}
{"Time":"2026-10-06T17:40:24.70138005-03:00","Action":"pass","Package":"github.com/viralabs-dev/mudarro/test/internal/mudarro","Test":"TestJavaScriptWorkspaceManagerOnlyInheritanceAndRootInstall/{\"packages\":[\"packages/*\"]}","Elapsed":0}
{"Time":"2026-10-06T17:40:24.701387447-03:00","Action":"output","Package":"github.com/viralabs-dev/mudarro/test/internal/mudarro","Test":"TestJavaScriptWorkspaceManagerOnlyInheritanceAndRootInstall","Output":"--- PASS: TestJavaScriptWorkspaceManagerOnlyInheritanceAndRootInstall (0.01s)\n","OutputType":"frame"}
{"Time":"2026-10-06T17:40:24.701389413-03:00","Action":"pass","Package":"github.com/viralabs-dev/mudarro/test/internal/mudarro","Test":"TestJavaScriptWorkspaceManagerOnlyInheritanceAndRootInstall","Elapsed":0.01}
{"Time":"2026-10-06T17:40:24.701391663-03:00","Action":"run","Package":"github.com/viralabs-dev/mudarro/test/internal/mudarro","Test":"TestJavaScriptWorkspaceGlobsNegationsAndExcludes"}
{"Time":"2026-10-06T17:40:24.70139338-03:00","Action":"output","Package":"github.com/viralabs-dev/mudarro/test/internal/mudarro","Test":"TestJavaScriptWorkspaceGlobsNegationsAndExcludes","Output":"=== RUN   TestJavaScriptWorkspaceGlobsNegationsAndExcludes\n","OutputType":"frame"}
{"Time":"2026-10-06T17:40:24.701414173-03:00","Action":"run","Package":"github.com/viralabs-dev/mudarro/test/internal/mudarro","Test":"TestJavaScriptWorkspaceGlobsNegationsAndExcludes/single-star"}
{"Time":"2026-10-06T17:40:24.701415927-03:00","Action":"output","Package":"github.com/viralabs-dev/mudarro/test/internal/mudarro","Test":"TestJavaScriptWorkspaceGlobsNegationsAndExcludes/single-star","Output":"=== RUN   TestJavaScriptWorkspaceGlobsNegationsAndExcludes/single-star\n","OutputType":"frame"}
{"Time":"2026-10-06T17:40:24.706525618-03:00","Action":"output","Package":"github.com/viralabs-dev/mudarro/test/internal/mudarro","Test":"TestJavaScriptWorkspaceGlobsNegationsAndExcludes/single-star","Output":"--- PASS: TestJavaScriptWorkspaceGlobsNegationsAndExcludes/single-star (0.01s)\n","OutputType":"frame"}
{"Time":"2026-10-06T17:40:24.70654262-03:00","Action":"pass","Package":"github.com/viralabs-dev/mudarro/test/internal/mudarro","Test":"TestJavaScriptWorkspaceGlobsNegationsAndExcludes/single-star","Elapsed":0.01}
{"Time":"2026-10-06T17:40:24.706546287-03:00","Action":"run","Package":"github.com/viralabs-dev/mudarro/test/internal/mudarro","Test":"TestJavaScriptWorkspaceGlobsNegationsAndExcludes/question-and-class"}
{"Time":"2026-10-06T17:40:24.706548214-03:00","Action":"output","Package":"github.com/viralabs-dev/mudarro/test/internal/mudarro","Test":"TestJavaScriptWorkspaceGlobsNegationsAndExcludes/question-and-class","Output":"=== RUN   TestJavaScriptWorkspaceGlobsNegationsAndExcludes/question-and-class\n","OutputType":"frame"}
{"Time":"2026-10-06T17:40:24.712088898-03:00","Action":"output","Package":"github.com/viralabs-dev/mudarro/test/internal/mudarro","Test":"TestJavaScriptWorkspaceGlobsNegationsAndExcludes/question-and-class","Output":"--- PASS: TestJavaScriptWorkspaceGlobsNegationsAndExcludes/question-and-class (0.01s)\n","OutputType":"frame"}
{"Time":"2026-10-06T17:40:24.712107189-03:00","Action":"pass","Package":"github.com/viralabs-dev/mudarro/test/internal/mudarro","Test":"TestJavaScriptWorkspaceGlobsNegationsAndExcludes/question-and-class","Elapsed":0.01}
{"Time":"2026-10-06T17:40:24.712117587-03:00","Action":"run","Package":"github.com/viralabs-dev/mudarro/test/internal/mudarro","Test":"TestJavaScriptWorkspaceGlobsNegationsAndExcludes/double-star-negation"}
{"Time":"2026-10-06T17:40:24.71211939-03:00","Action":"output","Package":"github.com/viralabs-dev/mudarro/test/internal/mudarro","Test":"TestJavaScriptWorkspaceGlobsNegationsAndExcludes/double-star-negation","Output":"=== RUN   TestJavaScriptWorkspaceGlobsNegationsAndExcludes/double-star-negation\n","OutputType":"frame"}
{"Time":"2026-10-06T17:40:24.718396569-03:00","Action":"output","Package":"github.com/viralabs-dev/mudarro/test/internal/mudarro","Test":"TestJavaScriptWorkspaceGlobsNegationsAndExcludes/double-star-negation","Output":"--- PASS: TestJavaScriptWorkspaceGlobsNegationsAndExcludes/double-star-negation (0.01s)\n","OutputType":"frame"}
{"Time":"2026-10-06T17:40:24.718407916-03:00","Action":"pass","Package":"github.com/viralabs-dev/mudarro/test/internal/mudarro","Test":"TestJavaScriptWorkspaceGlobsNegationsAndExcludes/double-star-negation","Elapsed":0.01}
{"Time":"2026-10-06T17:40:24.718411799-03:00","Action":"run","Package":"github.com/viralabs-dev/mudarro/test/internal/mudarro","Test":"TestJavaScriptWorkspaceGlobsNegationsAndExcludes/scan-exclusion"}
{"Time":"2026-10-06T17:40:24.718413397-03:00","Action":"output","Package":"github.com/viralabs-dev/mudarro/test/internal/mudarro","Test":"TestJavaScriptWorkspaceGlobsNegationsAndExcludes/scan-exclusion","Output":"=== RUN   TestJavaScriptWorkspaceGlobsNegationsAndExcludes/scan-exclusion\n","OutputType":"frame"}
{"Time":"2026-10-06T17:40:24.722672794-03:00","Action":"output","Package":"github.com/viralabs-dev/mudarro/test/internal/mudarro","Test":"TestJavaScriptWorkspaceGlobsNegationsAndExcludes/scan-exclusion","Output":"--- PASS: TestJavaScriptWorkspaceGlobsNegationsAndExcludes/scan-exclusion (0.00s)\n","OutputType":"frame"}
{"Time":"2026-10-06T17:40:24.72268569-03:00","Action":"pass","Package":"github.com/viralabs-dev/mudarro/test/internal/mudarro","Test":"TestJavaScriptWorkspaceGlobsNegationsAndExcludes/scan-exclusion","Elapsed":0}
{"Time":"2026-10-06T17:40:24.722704631-03:00","Action":"output","Package":"github.com/viralabs-dev/mudarro/test/internal/mudarro","Test":"TestJavaScriptWorkspaceGlobsNegationsAndExcludes","Output":"--- PASS: TestJavaScriptWorkspaceGlobsNegationsAndExcludes (0.02s)\n","OutputType":"frame"}
{"Time":"2026-10-06T17:40:24.722712739-03:00","Action":"pass","Package":"github.com/viralabs-dev/mudarro/test/internal/mudarro","Test":"TestJavaScriptWorkspaceGlobsNegationsAndExcludes","Elapsed":0.02}
{"Time":"2026-10-06T17:40:24.722725149-03:00","Action":"run","Package":"github.com/viralabs-dev/mudarro/test/internal/mudarro","Test":"TestJavaScriptWorkspaceManagerAndVersionConflicts"}
{"Time":"2026-10-06T17:40:24.722726831-03:00","Action":"output","Package":"github.com/viralabs-dev/mudarro/test/internal/mudarro","Test":"TestJavaScriptWorkspaceManagerAndVersionConflicts","Output":"=== RUN   TestJavaScriptWorkspaceManagerAndVersionConflicts\n","OutputType":"frame"}
{"Time":"2026-10-06T17:40:24.722745052-03:00","Action":"run","Package":"github.com/viralabs-dev/mudarro/test/internal/mudarro","Test":"TestJavaScriptWorkspaceManagerAndVersionConflicts/same-manager"}
{"Time":"2026-10-06T17:40:24.72274723-03:00","Action":"output","Package":"github.com/viralabs-dev/mudarro/test/internal/mudarro","Test":"TestJavaScriptWorkspaceManagerAndVersionConflicts/same-manager","Output":"=== RUN   TestJavaScriptWorkspaceManagerAndVersionConflicts/same-manager\n","OutputType":"frame"}
{"Time":"2026-10-06T17:40:24.724117486-03:00","Action":"output","Package":"github.com/viralabs-dev/mudarro/test/internal/mudarro","Test":"TestJavaScriptWorkspaceManagerAndVersionConflicts/same-manager","Output":"--- PASS: TestJavaScriptWorkspaceManagerAndVersionConflicts/same-manager (0.00s)\n","OutputType":"frame"}
{"Time":"2026-10-06T17:40:24.724128498-03:00","Action":"pass","Package":"github.com/viralabs-dev/mudarro/test/internal/mudarro","Test":"TestJavaScriptWorkspaceManagerAndVersionConflicts/same-manager","Elapsed":0}
{"Time":"2026-10-06T17:40:24.724130768-03:00","Action":"run","Package":"github.com/viralabs-dev/mudarro/test/internal/mudarro","Test":"TestJavaScriptWorkspaceManagerAndVersionConflicts/different-manager"}
{"Time":"2026-10-06T17:40:24.724132329-03:00","Action":"output","Package":"github.com/viralabs-dev/mudarro/test/internal/mudarro","Test":"TestJavaScriptWorkspaceManagerAndVersionConflicts/different-manager","Output":"=== RUN   TestJavaScriptWorkspaceManagerAndVersionConflicts/different-manager\n","OutputType":"frame"}
{"Time":"2026-10-06T17:40:24.725440659-03:00","Action":"output","Package":"github.com/viralabs-dev/mudarro/test/internal/mudarro","Test":"TestJavaScriptWorkspaceManagerAndVersionConflicts/different-manager","Output":"--- PASS: TestJavaScriptWorkspaceManagerAndVersionConflicts/different-manager (0.00s)\n","OutputType":"frame"}
{"Time":"2026-10-06T17:40:24.725450645-03:00","Action":"pass","Package":"github.com/viralabs-dev/mudarro/test/internal/mudarro","Test":"TestJavaScriptWorkspaceManagerAndVersionConflicts/different-manager","Elapsed":0}
{"Time":"2026-10-06T17:40:24.725452823-03:00","Action":"run","Package":"github.com/viralabs-dev/mudarro/test/internal/mudarro","Test":"TestJavaScriptWorkspaceManagerAndVersionConflicts/different-lock"}
{"Time":"2026-10-06T17:40:24.725454291-03:00","Action":"output","Package":"github.com/viralabs-dev/mudarro/test/internal/mudarro","Test":"TestJavaScriptWorkspaceManagerAndVersionConflicts/different-lock","Output":"=== RUN   TestJavaScriptWorkspaceManagerAndVersionConflicts/different-lock\n","OutputType":"frame"}
{"Time":"2026-10-06T17:40:24.726698339-03:00","Action":"output","Package":"github.com/viralabs-dev/mudarro/test/internal/mudarro","Test":"TestJavaScriptWorkspaceManagerAndVersionConflicts/different-lock","Output":"--- PASS: TestJavaScriptWorkspaceManagerAndVersionConflicts/different-lock (0.00s)\n","OutputType":"frame"}
{"Time":"2026-10-06T17:40:24.726708543-03:00","Action":"pass","Package":"github.com/viralabs-dev/mudarro/test/internal/mudarro","Test":"TestJavaScriptWorkspaceManagerAndVersionConflicts/different-lock","Elapsed":0}
{"Time":"2026-10-06T17:40:24.726719672-03:00","Action":"run","Package":"github.com/viralabs-dev/mudarro/test/internal/mudarro","Test":"TestJavaScriptWorkspaceManagerAndVersionConflicts/different-exact-version"}
{"Time":"2026-10-06T17:40:24.726721392-03:00","Action":"output","Package":"github.com/viralabs-dev/mudarro/test/internal/mudarro","Test":"TestJavaScriptWorkspaceManagerAndVersionConflicts/different-exact-version","Output":"=== RUN   TestJavaScriptWorkspaceManagerAndVersionConflicts/different-exact-version\n","OutputType":"frame"}
{"Time":"2026-10-06T17:40:24.727972364-03:00","Action":"output","Package":"github.com/viralabs-dev/mudarro/test/internal/mudarro","Test":"TestJavaScriptWorkspaceManagerAndVersionConflicts/different-exact-version","Output":"--- PASS: TestJavaScriptWorkspaceManagerAndVersionConflicts/different-exact-version (0.00s)\n","OutputType":"frame"}
{"Time":"2026-10-06T17:40:24.72798801-03:00","Action":"pass","Package":"github.com/viralabs-dev/mudarro/test/internal/mudarro","Test":"TestJavaScriptWorkspaceManagerAndVersionConflicts/different-exact-version","Elapsed":0}
{"Time":"2026-10-06T17:40:24.727999232-03:00","Action":"run","Package":"github.com/viralabs-dev/mudarro/test/internal/mudarro","Test":"TestJavaScriptWorkspaceManagerAndVersionConflicts/same-manager-lock"}
{"Time":"2026-10-06T17:40:24.728001021-03:00","Action":"output","Package":"github.com/viralabs-dev/mudarro/test/internal/mudarro","Test":"TestJavaScriptWorkspaceManagerAndVersionConflicts/same-manager-lock","Output":"=== RUN   TestJavaScriptWorkspaceManagerAndVersionConflicts/same-manager-lock\n","OutputType":"frame"}
{"Time":"2026-10-06T17:40:24.729267166-03:00","Action":"output","Package":"github.com/viralabs-dev/mudarro/test/internal/mudarro","Test":"TestJavaScriptWorkspaceManagerAndVersionConflicts/same-manager-lock","Output":"--- PASS: TestJavaScriptWorkspaceManagerAndVersionConflicts/same-manager-lock (0.00s)\n","OutputType":"frame"}
{"Time":"2026-10-06T17:40:24.729279619-03:00","Action":"pass","Package":"github.com/viralabs-dev/mudarro/test/internal/mudarro","Test":"TestJavaScriptWorkspaceManagerAndVersionConflicts/same-manager-lock","Elapsed":0}
{"Time":"2026-10-06T17:40:24.729282644-03:00","Action":"output","Package":"github.com/viralabs-dev/mudarro/test/internal/mudarro","Test":"TestJavaScriptWorkspaceManagerAndVersionConflicts","Output":"--- PASS: TestJavaScriptWorkspaceManagerAndVersionConflicts (0.01s)\n","OutputType":"frame"}
{"Time":"2026-10-06T17:40:24.72928468-03:00","Action":"pass","Package":"github.com/viralabs-dev/mudarro/test/internal/mudarro","Test":"TestJavaScriptWorkspaceManagerAndVersionConflicts","Elapsed":0.01}
{"Time":"2026-10-06T17:40:24.729293154-03:00","Action":"run","Package":"github.com/viralabs-dev/mudarro/test/internal/mudarro","Test":"TestJavaScriptWorkspaceNestedBoundaryUsesNearestDeclaration"}
{"Time":"2026-10-06T17:40:24.729295635-03:00","Action":"output","Package":"github.com/viralabs-dev/mudarro/test/internal/mudarro","Test":"TestJavaScriptWorkspaceNestedBoundaryUsesNearestDeclaration","Output":"=== RUN   TestJavaScriptWorkspaceNestedBoundaryUsesNearestDeclaration\n","OutputType":"frame"}
{"Time":"2026-10-06T17:40:24.732324104-03:00","Action":"run","Package":"github.com/viralabs-dev/mudarro/test/internal/mudarro","Test":"TestJavaScriptWorkspaceNestedBoundaryUsesNearestDeclaration/unresolved-nested-owner-is-not-overwritten"}
{"Time":"2026-10-06T17:40:24.732343141-03:00","Action":"output","Package":"github.com/viralabs-dev/mudarro/test/internal/mudarro","Test":"TestJavaScriptWorkspaceNestedBoundaryUsesNearestDeclaration/unresolved-nested-owner-is-not-overwritten","Output":"=== RUN   TestJavaScriptWorkspaceNestedBoundaryUsesNearestDeclaration/unresolved-nested-owner-is-not-overwritten\n","OutputType":"frame"}
{"Time":"2026-10-06T17:40:24.735608828-03:00","Action":"output","Package":"github.com/viralabs-dev/mudarro/test/internal/mudarro","Test":"TestJavaScriptWorkspaceNestedBoundaryUsesNearestDeclaration/unresolved-nested-owner-is-not-overwritten","Output":"--- PASS: TestJavaScriptWorkspaceNestedBoundaryUsesNearestDeclaration/unresolved-nested-owner-is-not-overwritten (0.00s)\n","OutputType":"frame"}
{"Time":"2026-10-06T17:40:24.735627702-03:00","Action":"pass","Package":"github.com/viralabs-dev/mudarro/test/internal/mudarro","Test":"TestJavaScriptWorkspaceNestedBoundaryUsesNearestDeclaration/unresolved-nested-owner-is-not-overwritten","Elapsed":0}
{"Time":"2026-10-06T17:40:24.735803985-03:00","Action":"output","Package":"github.com/viralabs-dev/mudarro/test/internal/mudarro","Test":"TestJavaScriptWorkspaceNestedBoundaryUsesNearestDeclaration","Output":"--- PASS: TestJavaScriptWorkspaceNestedBoundaryUsesNearestDeclaration (0.01s)\n","OutputType":"frame"}
{"Time":"2026-10-06T17:40:24.735809815-03:00","Action":"pass","Package":"github.com/viralabs-dev/mudarro/test/internal/mudarro","Test":"TestJavaScriptWorkspaceNestedBoundaryUsesNearestDeclaration","Elapsed":0.01}
{"Time":"2026-10-06T17:40:24.73582306-03:00","Action":"run","Package":"github.com/viralabs-dev/mudarro/test/internal/mudarro","Test":"TestJavaScriptWorkspaceSymlinksAndScanStayOffline"}
{"Time":"2026-10-06T17:40:24.735825938-03:00","Action":"output","Package":"github.com/viralabs-dev/mudarro/test/internal/mudarro","Test":"TestJavaScriptWorkspaceSymlinksAndScanStayOffline","Output":"=== RUN   TestJavaScriptWorkspaceSymlinksAndScanStayOffline\n","OutputType":"frame"}
{"Time":"2026-10-06T17:40:24.737738524-03:00","Action":"output","Package":"github.com/viralabs-dev/mudarro/test/internal/mudarro","Test":"TestJavaScriptWorkspaceSymlinksAndScanStayOffline","Output":"--- PASS: TestJavaScriptWorkspaceSymlinksAndScanStayOffline (0.00s)\n","OutputType":"frame"}
{"Time":"2026-10-06T17:40:24.737763417-03:00","Action":"pass","Package":"github.com/viralabs-dev/mudarro/test/internal/mudarro","Test":"TestJavaScriptWorkspaceSymlinksAndScanStayOffline","Elapsed":0}
{"Time":"2026-10-06T17:40:24.737766891-03:00","Action":"run","Package":"github.com/viralabs-dev/mudarro/test/internal/mudarro","Test":"TestJavaScriptWorkspaceUnsupportedPatternsAreDiagnosed"}
{"Time":"2026-10-06T17:40:24.737768478-03:00","Action":"output","Package":"github.com/viralabs-dev/mudarro/test/internal/mudarro","Test":"TestJavaScriptWorkspaceUnsupportedPatternsAreDiagnosed","Output":"=== RUN   TestJavaScriptWorkspaceUnsupportedPatternsAreDiagnosed\n","OutputType":"frame"}
{"Time":"2026-10-06T17:40:24.737771377-03:00","Action":"run","Package":"github.com/viralabs-dev/mudarro/test/internal/mudarro","Test":"TestJavaScriptWorkspaceUnsupportedPatternsAreDiagnosed/packages/{a,b}"}
{"Time":"2026-10-06T17:40:24.737773317-03:00","Action":"output","Package":"github.com/viralabs-dev/mudarro/test/internal/mudarro","Test":"TestJavaScriptWorkspaceUnsupportedPatternsAreDiagnosed/packages/{a,b}","Output":"=== RUN   TestJavaScriptWorkspaceUnsupportedPatternsAreDiagnosed/packages/{a,b}\n","OutputType":"frame"}
{"Time":"2026-10-06T17:40:24.738942087-03:00","Action":"output","Package":"github.com/viralabs-dev/mudarro/test/internal/mudarro","Test":"TestJavaScriptWorkspaceUnsupportedPatternsAreDiagnosed/packages/{a,b}","Output":"--- PASS: TestJavaScriptWorkspaceUnsupportedPatternsAreDiagnosed/packages/{a,b} (0.00s)\n","OutputType":"frame"}
{"Time":"2026-10-06T17:40:24.738960899-03:00","Action":"pass","Package":"github.com/viralabs-dev/mudarro/test/internal/mudarro","Test":"TestJavaScriptWorkspaceUnsupportedPatternsAreDiagnosed/packages/{a,b}","Elapsed":0}
{"Time":"2026-10-06T17:40:24.738962864-03:00","Action":"run","Package":"github.com/viralabs-dev/mudarro/test/internal/mudarro","Test":"TestJavaScriptWorkspaceUnsupportedPatternsAreDiagnosed/packages/@(a|b)"}
{"Time":"2026-10-06T17:40:24.738964228-03:00","Action":"output","Package":"github.com/viralabs-dev/mudarro/test/internal/mudarro","Test":"TestJavaScriptWorkspaceUnsupportedPatternsAreDiagnosed/packages/@(a|b)","Output":"=== RUN   TestJavaScriptWorkspaceUnsupportedPatternsAreDiagnosed/packages/@(a|b)\n","OutputType":"frame"}
{"Time":"2026-10-06T17:40:24.740043634-03:00","Action":"output","Package":"github.com/viralabs-dev/mudarro/test/internal/mudarro","Test":"TestJavaScriptWorkspaceUnsupportedPatternsAreDiagnosed/packages/@(a|b)","Output":"--- PASS: TestJavaScriptWorkspaceUnsupportedPatternsAreDiagnosed/packages/@(a|b) (0.00s)\n","OutputType":"frame"}
{"Time":"2026-10-06T17:40:24.740064962-03:00","Action":"pass","Package":"github.com/viralabs-dev/mudarro/test/internal/mudarro","Test":"TestJavaScriptWorkspaceUnsupportedPatternsAreDiagnosed/packages/@(a|b)","Elapsed":0}
{"Time":"2026-10-06T17:40:24.740070994-03:00","Action":"run","Package":"github.com/viralabs-dev/mudarro/test/internal/mudarro","Test":"TestJavaScriptWorkspaceUnsupportedPatternsAreDiagnosed/../outside"}
{"Time":"2026-10-06T17:40:24.740072508-03:00","Action":"output","Package":"github.com/viralabs-dev/mudarro/test/internal/mudarro","Test":"TestJavaScriptWorkspaceUnsupportedPatternsAreDiagnosed/../outside","Output":"=== RUN   TestJavaScriptWorkspaceUnsupportedPatternsAreDiagnosed/../outside\n","OutputType":"frame"}
{"Time":"2026-10-06T17:40:24.741136282-03:00","Action":"output","Package":"github.com/viralabs-dev/mudarro/test/internal/mudarro","Test":"TestJavaScriptWorkspaceUnsupportedPatternsAreDiagnosed/../outside","Output":"--- PASS: TestJavaScriptWorkspaceUnsupportedPatternsAreDiagnosed/../outside (0.00s)\n","OutputType":"frame"}
{"Time":"2026-10-06T17:40:24.741156317-03:00","Action":"pass","Package":"github.com/viralabs-dev/mudarro/test/internal/mudarro","Test":"TestJavaScriptWorkspaceUnsupportedPatternsAreDiagnosed/../outside","Elapsed":0}
{"Time":"2026-10-06T17:40:24.741158212-03:00","Action":"run","Package":"github.com/viralabs-dev/mudarro/test/internal/mudarro","Test":"TestJavaScriptWorkspaceUnsupportedPatternsAreDiagnosed//outside"}
{"Time":"2026-10-06T17:40:24.741159667-03:00","Action":"output","Package":"github.com/viralabs-dev/mudarro/test/internal/mudarro","Test":"TestJavaScriptWorkspaceUnsupportedPatternsAreDiagnosed//outside","Output":"=== RUN   TestJavaScriptWorkspaceUnsupportedPatternsAreDiagnosed//outside\n","OutputType":"frame"}
{"Time":"2026-10-06T17:40:24.742347207-03:00","Action":"output","Package":"github.com/viralabs-dev/mudarro/test/internal/mudarro","Test":"TestJavaScriptWorkspaceUnsupportedPatternsAreDiagnosed//outside","Output":"--- PASS: TestJavaScriptWorkspaceUnsupportedPatternsAreDiagnosed//outside (0.00s)\n","OutputType":"frame"}
{"Time":"2026-10-06T17:40:24.742366458-03:00","Action":"pass","Package":"github.com/viralabs-dev/mudarro/test/internal/mudarro","Test":"TestJavaScriptWorkspaceUnsupportedPatternsAreDiagnosed//outside","Elapsed":0}
{"Time":"2026-10-06T17:40:24.742369094-03:00","Action":"output","Package":"github.com/viralabs-dev/mudarro/test/internal/mudarro","Test":"TestJavaScriptWorkspaceUnsupportedPatternsAreDiagnosed","Output":"--- PASS: TestJavaScriptWorkspaceUnsupportedPatternsAreDiagnosed (0.00s)\n","OutputType":"frame"}
{"Time":"2026-10-06T17:40:24.742371001-03:00","Action":"pass","Package":"github.com/viralabs-dev/mudarro/test/internal/mudarro","Test":"TestJavaScriptWorkspaceUnsupportedPatternsAreDiagnosed","Elapsed":0}
{"Time":"2026-10-06T17:40:24.742374967-03:00","Action":"run","Package":"github.com/viralabs-dev/mudarro/test/internal/mudarro","Test":"TestJavaScriptWorkspacePnpmManifestInheritance"}
{"Time":"2026-10-06T17:40:24.742376387-03:00","Action":"output","Package":"github.com/viralabs-dev/mudarro/test/internal/mudarro","Test":"TestJavaScriptWorkspacePnpmManifestInheritance","Output":"=== RUN   TestJavaScriptWorkspacePnpmManifestInheritance\n","OutputType":"frame"}
{"Time":"2026-10-06T17:40:24.744690352-03:00","Action":"output","Package":"github.com/viralabs-dev/mudarro/test/internal/mudarro","Test":"TestJavaScriptWorkspacePnpmManifestInheritance","Output":"--- PASS: TestJavaScriptWorkspacePnpmManifestInheritance (0.00s)\n","OutputType":"frame"}
{"Time":"2026-10-06T17:40:24.744702392-03:00","Action":"pass","Package":"github.com/viralabs-dev/mudarro/test/internal/mudarro","Test":"TestJavaScriptWorkspacePnpmManifestInheritance","Elapsed":0}
{"Time":"2026-10-06T17:40:24.744712338-03:00","Action":"run","Package":"github.com/viralabs-dev/mudarro/test/internal/mudarro","Test":"TestJavaScriptWorkspaceExistingManualConfigurationIsPreserved"}
{"Time":"2026-10-06T17:40:24.744714704-03:00","Action":"output","Package":"github.com/viralabs-dev/mudarro/test/internal/mudarro","Test":"TestJavaScriptWorkspaceExistingManualConfigurationIsPreserved","Output":"=== RUN   TestJavaScriptWorkspaceExistingManualConfigurationIsPreserved\n","OutputType":"frame"}
{"Time":"2026-10-06T17:40:24.748588887-03:00","Action":"output","Package":"github.com/viralabs-dev/mudarro/test/internal/mudarro","Test":"TestJavaScriptWorkspaceExistingManualConfigurationIsPreserved","Output":"--- PASS: TestJavaScriptWorkspaceExistingManualConfigurationIsPreserved (0.00s)\n","OutputType":"frame"}
{"Time":"2026-10-06T17:40:24.748596102-03:00","Action":"pass","Package":"github.com/viralabs-dev/mudarro/test/internal/mudarro","Test":"TestJavaScriptWorkspaceExistingManualConfigurationIsPreserved","Elapsed":0}
{"Time":"2026-10-06T17:40:24.748609171-03:00","Action":"run","Package":"github.com/viralabs-dev/mudarro/test/internal/mudarro","Test":"TestJavaScriptWorkspaceDualDeclarationsEquivalentOrAmbiguous"}
{"Time":"2026-10-06T17:40:24.748610825-03:00","Action":"output","Package":"github.com/viralabs-dev/mudarro/test/internal/mudarro","Test":"TestJavaScriptWorkspaceDualDeclarationsEquivalentOrAmbiguous","Output":"=== RUN   TestJavaScriptWorkspaceDualDeclarationsEquivalentOrAmbiguous\n","OutputType":"frame"}
{"Time":"2026-10-06T17:40:24.748629656-03:00","Action":"run","Package":"github.com/viralabs-dev/mudarro/test/internal/mudarro","Test":"TestJavaScriptWorkspaceDualDeclarationsEquivalentOrAmbiguous/equivalent-reordered"}
{"Time":"2026-10-06T17:40:24.748631937-03:00","Action":"output","Package":"github.com/viralabs-dev/mudarro/test/internal/mudarro","Test":"TestJavaScriptWorkspaceDualDeclarationsEquivalentOrAmbiguous/equivalent-reordered","Output":"=== RUN   TestJavaScriptWorkspaceDualDeclarationsEquivalentOrAmbiguous/equivalent-reordered\n","OutputType":"frame"}
{"Time":"2026-10-06T17:40:24.751515086-03:00","Action":"output","Package":"github.com/viralabs-dev/mudarro/test/internal/mudarro","Test":"TestJavaScriptWorkspaceDualDeclarationsEquivalentOrAmbiguous/equivalent-reordered","Output":"--- PASS: TestJavaScriptWorkspaceDualDeclarationsEquivalentOrAmbiguous/equivalent-reordered (0.00s)\n","OutputType":"frame"}
{"Time":"2026-10-06T17:40:24.751520073-03:00","Action":"pass","Package":"github.com/viralabs-dev/mudarro/test/internal/mudarro","Test":"TestJavaScriptWorkspaceDualDeclarationsEquivalentOrAmbiguous/equivalent-reordered","Elapsed":0}
{"Time":"2026-10-06T17:40:24.751522651-03:00","Action":"run","Package":"github.com/viralabs-dev/mudarro/test/internal/mudarro","Test":"TestJavaScriptWorkspaceDualDeclarationsEquivalentOrAmbiguous/divergent-union-blocked"}
{"Time":"2026-10-06T17:40:24.751524203-03:00","Action":"output","Package":"github.com/viralabs-dev/mudarro/test/internal/mudarro","Test":"TestJavaScriptWorkspaceDualDeclarationsEquivalentOrAmbiguous/divergent-union-blocked","Output":"=== RUN   TestJavaScriptWorkspaceDualDeclarationsEquivalentOrAmbiguous/divergent-union-blocked\n","OutputType":"frame"}
{"Time":"2026-10-06T17:40:24.754210855-03:00","Action":"output","Package":"github.com/viralabs-dev/mudarro/test/internal/mudarro","Test":"TestJavaScriptWorkspaceDualDeclarationsEquivalentOrAmbiguous/divergent-union-blocked","Output":"--- PASS: TestJavaScriptWorkspaceDualDeclarationsEquivalentOrAmbiguous/divergent-union-blocked (0.00s)\n","OutputType":"frame"}
{"Time":"2026-10-06T17:40:24.754223286-03:00","Action":"pass","Package":"github.com/viralabs-dev/mudarro/test/internal/mudarro","Test":"TestJavaScriptWorkspaceDualDeclarationsEquivalentOrAmbiguous/divergent-union-blocked","Elapsed":0}
{"Time":"2026-10-06T17:40:24.754242256-03:00","Action":"output","Package":"github.com/viralabs-dev/mudarro/test/internal/mudarro","Test":"TestJavaScriptWorkspaceDualDeclarationsEquivalentOrAmbiguous","Output":"--- PASS: TestJavaScriptWorkspaceDualDeclarationsEquivalentOrAmbiguous (0.01s)\n","OutputType":"frame"}
{"Time":"2026-10-06T17:40:24.754251775-03:00","Action":"pass","Package":"github.com/viralabs-dev/mudarro/test/internal/mudarro","Test":"TestJavaScriptWorkspaceDualDeclarationsEquivalentOrAmbiguous","Elapsed":0.01}
{"Time":"2026-10-06T17:40:24.754262709-03:00","Action":"run","Package":"github.com/viralabs-dev/mudarro/test/internal/mudarro","Test":"TestJavaScriptWorkspacePnpmDeclarationWithoutManagerInfersRootManager"}
{"Time":"2026-10-06T17:40:24.754264835-03:00","Action":"output","Package":"github.com/viralabs-dev/mudarro/test/internal/mudarro","Test":"TestJavaScriptWorkspacePnpmDeclarationWithoutManagerInfersRootManager","Output":"=== RUN   TestJavaScriptWorkspacePnpmDeclarationWithoutManagerInfersRootManager\n","OutputType":"frame"}
{"Time":"2026-10-06T17:40:24.755589375-03:00","Action":"output","Package":"github.com/viralabs-dev/mudarro/test/internal/mudarro","Test":"TestJavaScriptWorkspacePnpmDeclarationWithoutManagerInfersRootManager","Output":"--- PASS: TestJavaScriptWorkspacePnpmDeclarationWithoutManagerInfersRootManager (0.00s)\n","OutputType":"frame"}
{"Time":"2026-10-06T17:40:24.755602285-03:00","Action":"pass","Package":"github.com/viralabs-dev/mudarro/test/internal/mudarro","Test":"TestJavaScriptWorkspacePnpmDeclarationWithoutManagerInfersRootManager","Elapsed":0}
{"Time":"2026-10-06T17:40:24.75561354-03:00","Action":"run","Package":"github.com/viralabs-dev/mudarro/test/internal/mudarro","Test":"TestJavaScriptWorkspaceUnresolvedRootDoesNotFallbackMemberManager"}
{"Time":"2026-10-06T17:40:24.75561562-03:00","Action":"output","Package":"github.com/viralabs-dev/mudarro/test/internal/mudarro","Test":"TestJavaScriptWorkspaceUnresolvedRootDoesNotFallbackMemberManager","Output":"=== RUN   TestJavaScriptWorkspaceUnresolvedRootDoesNotFallbackMemberManager\n","OutputType":"frame"}
{"Time":"2026-10-06T17:40:24.75563834-03:00","Action":"run","Package":"github.com/viralabs-dev/mudarro/test/internal/mudarro","Test":"TestJavaScriptWorkspaceUnresolvedRootDoesNotFallbackMemberManager/invalid-packageManager"}
{"Time":"2026-10-06T17:40:24.755640708-03:00","Action":"output","Package":"github.com/viralabs-dev/mudarro/test/internal/mudarro","Test":"TestJavaScriptWorkspaceUnresolvedRootDoesNotFallbackMemberManager/invalid-packageManager","Output":"=== RUN   TestJavaScriptWorkspaceUnresolvedRootDoesNotFallbackMemberManager/invalid-packageManager\n","OutputType":"frame"}
{"Time":"2026-10-06T17:40:24.757001535-03:00","Action":"output","Package":"github.com/viralabs-dev/mudarro/test/internal/mudarro","Test":"TestJavaScriptWorkspaceUnresolvedRootDoesNotFallbackMemberManager/invalid-packageManager","Output":"--- PASS: TestJavaScriptWorkspaceUnresolvedRootDoesNotFallbackMemberManager/invalid-packageManager (0.00s)\n","OutputType":"frame"}
{"Time":"2026-10-06T17:40:24.757011214-03:00","Action":"pass","Package":"github.com/viralabs-dev/mudarro/test/internal/mudarro","Test":"TestJavaScriptWorkspaceUnresolvedRootDoesNotFallbackMemberManager/invalid-packageManager","Elapsed":0}
{"Time":"2026-10-06T17:40:24.757013075-03:00","Action":"run","Package":"github.com/viralabs-dev/mudarro/test/internal/mudarro","Test":"TestJavaScriptWorkspaceUnresolvedRootDoesNotFallbackMemberManager/ambiguous-locks"}
{"Time":"2026-10-06T17:40:24.757014529-03:00","Action":"output","Package":"github.com/viralabs-dev/mudarro/test/internal/mudarro","Test":"TestJavaScriptWorkspaceUnresolvedRootDoesNotFallbackMemberManager/ambiguous-locks","Output":"=== RUN   TestJavaScriptWorkspaceUnresolvedRootDoesNotFallbackMemberManager/ambiguous-locks\n","OutputType":"frame"}
{"Time":"2026-10-06T17:40:24.758598986-03:00","Action":"output","Package":"github.com/viralabs-dev/mudarro/test/internal/mudarro","Test":"TestJavaScriptWorkspaceUnresolvedRootDoesNotFallbackMemberManager/ambiguous-locks","Output":"--- PASS: TestJavaScriptWorkspaceUnresolvedRootDoesNotFallbackMemberManager/ambiguous-locks (0.00s)\n","OutputType":"frame"}
{"Time":"2026-10-06T17:40:24.758612658-03:00","Action":"pass","Package":"github.com/viralabs-dev/mudarro/test/internal/mudarro","Test":"TestJavaScriptWorkspaceUnresolvedRootDoesNotFallbackMemberManager/ambiguous-locks","Elapsed":0}
{"Time":"2026-10-06T17:40:24.758635697-03:00","Action":"output","Package":"github.com/viralabs-dev/mudarro/test/internal/mudarro","Test":"TestJavaScriptWorkspaceUnresolvedRootDoesNotFallbackMemberManager","Output":"--- PASS: TestJavaScriptWorkspaceUnresolvedRootDoesNotFallbackMemberManager (0.00s)\n","OutputType":"frame"}
{"Time":"2026-10-06T17:40:24.758643491-03:00","Action":"pass","Package":"github.com/viralabs-dev/mudarro/test/internal/mudarro","Test":"TestJavaScriptWorkspaceUnresolvedRootDoesNotFallbackMemberManager","Elapsed":0}
{"Time":"2026-10-06T17:40:24.758654707-03:00","Action":"run","Package":"github.com/viralabs-dev/mudarro/test/internal/mudarro","Test":"TestLanguageServiceIDCollisionDiagnosed"}
{"Time":"2026-10-06T17:40:24.758656755-03:00","Action":"output","Package":"github.com/viralabs-dev/mudarro/test/internal/mudarro","Test":"TestLanguageServiceIDCollisionDiagnosed","Output":"=== RUN   TestLanguageServiceIDCollisionDiagnosed\n","OutputType":"frame"}
{"Time":"2026-10-06T17:40:24.759457703-03:00","Action":"output","Package":"github.com/viralabs-dev/mudarro/test/internal/mudarro","Test":"TestLanguageServiceIDCollisionDiagnosed","Output":"--- PASS: TestLanguageServiceIDCollisionDiagnosed (0.00s)\n","OutputType":"frame"}
{"Time":"2026-10-06T17:40:24.75946533-03:00","Action":"pass","Package":"github.com/viralabs-dev/mudarro/test/internal/mudarro","Test":"TestLanguageServiceIDCollisionDiagnosed","Elapsed":0}
{"Time":"2026-10-06T17:40:24.759467702-03:00","Action":"run","Package":"github.com/viralabs-dev/mudarro/test/internal/mudarro","Test":"TestMavenStaticContract"}
{"Time":"2026-10-06T17:40:24.759469463-03:00","Action":"output","Package":"github.com/viralabs-dev/mudarro/test/internal/mudarro","Test":"TestMavenStaticContract","Output":"=== RUN   TestMavenStaticContract\n","OutputType":"frame"}
{"Time":"2026-10-06T17:40:24.760017279-03:00","Action":"output","Package":"github.com/viralabs-dev/mudarro/test/internal/mudarro","Test":"TestMavenStaticContract","Output":"--- PASS: TestMavenStaticContract (0.00s)\n","OutputType":"frame"}
{"Time":"2026-10-06T17:40:24.760033792-03:00","Action":"pass","Package":"github.com/viralabs-dev/mudarro/test/internal/mudarro","Test":"TestMavenStaticContract","Elapsed":0}
{"Time":"2026-10-06T17:40:24.760035355-03:00","Action":"run","Package":"github.com/viralabs-dev/mudarro/test/internal/mudarro","Test":"TestMavenInvalidEvidence"}
{"Time":"2026-10-06T17:40:24.760036624-03:00","Action":"output","Package":"github.com/viralabs-dev/mudarro/test/internal/mudarro","Test":"TestMavenInvalidEvidence","Output":"=== RUN   TestMavenInvalidEvidence\n","OutputType":"frame"}
{"Time":"2026-10-06T17:40:24.777365258-03:00","Action":"output","Package":"github.com/viralabs-dev/mudarro/test/internal/mudarro","Test":"TestMavenInvalidEvidence","Output":"--- PASS: TestMavenInvalidEvidence (0.02s)\n","OutputType":"frame"}
{"Time":"2026-10-06T17:40:24.777385581-03:00","Action":"pass","Package":"github.com/viralabs-dev/mudarro/test/internal/mudarro","Test":"TestMavenInvalidEvidence","Elapsed":0.02}
{"Time":"2026-10-06T17:40:24.77739028-03:00","Action":"run","Package":"github.com/viralabs-dev/mudarro/test/internal/mudarro","Test":"TestMavenModulesAndExclusions"}
{"Time":"2026-10-06T17:40:24.777392104-03:00","Action":"output","Package":"github.com/viralabs-dev/mudarro/test/internal/mudarro","Test":"TestMavenModulesAndExclusions","Output":"=== RUN   TestMavenModulesAndExclusions\n","OutputType":"frame"}
{"Time":"2026-10-06T17:40:24.791501513-03:00","Action":"output","Package":"github.com/viralabs-dev/mudarro/test/internal/mudarro","Test":"TestMavenModulesAndExclusions","Output":"--- PASS: TestMavenModulesAndExclusions (0.01s)\n","OutputType":"frame"}
{"Time":"2026-10-06T17:40:24.791523038-03:00","Action":"pass","Package":"github.com/viralabs-dev/mudarro/test/internal/mudarro","Test":"TestMavenModulesAndExclusions","Elapsed":0.01}
{"Time":"2026-10-06T17:40:24.791527722-03:00","Action":"run","Package":"github.com/viralabs-dev/mudarro/test/internal/mudarro","Test":"TestGradleUnevaluatedEvidence"}
{"Time":"2026-10-06T17:40:24.791533384-03:00","Action":"output","Package":"github.com/viralabs-dev/mudarro/test/internal/mudarro","Test":"TestGradleUnevaluatedEvidence","Output":"=== RUN   TestGradleUnevaluatedEvidence\n","OutputType":"frame"}
{"Time":"2026-10-06T17:40:24.792061305-03:00","Action":"output","Package":"github.com/viralabs-dev/mudarro/test/internal/mudarro","Test":"TestGradleUnevaluatedEvidence","Output":"--- PASS: TestGradleUnevaluatedEvidence (0.00s)\n","OutputType":"frame"}
{"Time":"2026-10-06T17:40:24.792076346-03:00","Action":"pass","Package":"github.com/viralabs-dev/mudarro/test/internal/mudarro","Test":"TestGradleUnevaluatedEvidence","Elapsed":0}
{"Time":"2026-10-06T17:40:24.792078754-03:00","Action":"run","Package":"github.com/viralabs-dev/mudarro/test/internal/mudarro","Test":"TestMavenManifestExcludedBeforeRead"}
{"Time":"2026-10-06T17:40:24.792080451-03:00","Action":"output","Package":"github.com/viralabs-dev/mudarro/test/internal/mudarro","Test":"TestMavenManifestExcludedBeforeRead","Output":"=== RUN   TestMavenManifestExcludedBeforeRead\n","OutputType":"frame"}
{"Time":"2026-10-06T17:40:24.809222071-03:00","Action":"output","Package":"github.com/viralabs-dev/mudarro/test/internal/mudarro","Test":"TestMavenManifestExcludedBeforeRead","Output":"--- PASS: TestMavenManifestExcludedBeforeRead (0.02s)\n","OutputType":"frame"}
{"Time":"2026-10-06T17:40:24.809244259-03:00","Action":"pass","Package":"github.com/viralabs-dev/mudarro/test/internal/mudarro","Test":"TestMavenManifestExcludedBeforeRead","Elapsed":0.02}
{"Time":"2026-10-06T17:40:24.809249344-03:00","Action":"run","Package":"github.com/viralabs-dev/mudarro/test/internal/mudarro","Test":"TestMavenScanSelectionGeneratePreservesManual"}
{"Time":"2026-10-06T17:40:24.809251342-03:00","Action":"output","Package":"github.com/viralabs-dev/mudarro/test/internal/mudarro","Test":"TestMavenScanSelectionGeneratePreservesManual","Output":"=== RUN   TestMavenScanSelectionGeneratePreservesManual\n","OutputType":"frame"}
{"Time":"2026-10-06T17:40:24.855596968-03:00","Action":"output","Package":"github.com/viralabs-dev/mudarro/test/internal/mudarro","Test":"TestMavenScanSelectionGeneratePreservesManual","Output":"--- PASS: TestMavenScanSelectionGeneratePreservesManual (0.05s)\n","OutputType":"frame"}
{"Time":"2026-10-06T17:40:24.855619497-03:00","Action":"pass","Package":"github.com/viralabs-dev/mudarro/test/internal/mudarro","Test":"TestMavenScanSelectionGeneratePreservesManual","Elapsed":0.05}
{"Time":"2026-10-06T17:40:24.855624209-03:00","Action":"run","Package":"github.com/viralabs-dev/mudarro/test/internal/mudarro","Test":"TestOwnedErrorsRespectLocale"}
{"Time":"2026-10-06T17:40:24.855626222-03:00","Action":"output","Package":"github.com/viralabs-dev/mudarro/test/internal/mudarro","Test":"TestOwnedErrorsRespectLocale","Output":"=== RUN   TestOwnedErrorsRespectLocale\n","OutputType":"frame"}
{"Time":"2026-10-06T17:40:24.855634661-03:00","Action":"run","Package":"github.com/viralabs-dev/mudarro/test/internal/mudarro","Test":"TestOwnedErrorsRespectLocale/en/unknown"}
{"Time":"2026-10-06T17:40:24.855636246-03:00","Action":"output","Package":"github.com/viralabs-dev/mudarro/test/internal/mudarro","Test":"TestOwnedErrorsRespectLocale/en/unknown","Output":"=== RUN   TestOwnedErrorsRespectLocale/en/unknown\n","OutputType":"frame"}
{"Time":"2026-10-06T17:40:24.856017844-03:00","Action":"output","Package":"github.com/viralabs-dev/mudarro/test/internal/mudarro","Test":"TestOwnedErrorsRespectLocale/en/unknown","Output":"--- PASS: TestOwnedErrorsRespectLocale/en/unknown (0.00s)\n","OutputType":"frame"}
{"Time":"2026-10-06T17:40:24.856033258-03:00","Action":"pass","Package":"github.com/viralabs-dev/mudarro/test/internal/mudarro","Test":"TestOwnedErrorsRespectLocale/en/unknown","Elapsed":0}
{"Time":"2026-10-06T17:40:24.856035534-03:00","Action":"run","Package":"github.com/viralabs-dev/mudarro/test/internal/mudarro","Test":"TestOwnedErrorsRespectLocale/pt-BR/unknown"}
{"Time":"2026-10-06T17:40:24.856036839-03:00","Action":"output","Package":"github.com/viralabs-dev/mudarro/test/internal/mudarro","Test":"TestOwnedErrorsRespectLocale/pt-BR/unknown","Output":"=== RUN   TestOwnedErrorsRespectLocale/pt-BR/unknown\n","OutputType":"frame"}
{"Time":"2026-10-06T17:40:24.856317449-03:00","Action":"output","Package":"github.com/viralabs-dev/mudarro/test/internal/mudarro","Test":"TestOwnedErrorsRespectLocale/pt-BR/unknown","Output":"--- PASS: TestOwnedErrorsRespectLocale/pt-BR/unknown (0.00s)\n","OutputType":"frame"}
{"Time":"2026-10-06T17:40:24.856327221-03:00","Action":"pass","Package":"github.com/viralabs-dev/mudarro/test/internal/mudarro","Test":"TestOwnedErrorsRespectLocale/pt-BR/unknown","Elapsed":0}
{"Time":"2026-10-06T17:40:24.856339048-03:00","Action":"run","Package":"github.com/viralabs-dev/mudarro/test/internal/mudarro","Test":"TestOwnedErrorsRespectLocale/en/run"}
{"Time":"2026-10-06T17:40:24.856346873-03:00","Action":"output","Package":"github.com/viralabs-dev/mudarro/test/internal/mudarro","Test":"TestOwnedErrorsRespectLocale/en/run","Output":"=== RUN   TestOwnedErrorsRespectLocale/en/run\n","OutputType":"frame"}
{"Time":"2026-10-06T17:40:24.85698025-03:00","Action":"output","Package":"github.com/viralabs-dev/mudarro/test/internal/mudarro","Test":"TestOwnedErrorsRespectLocale/en/run","Output":"--- PASS: TestOwnedErrorsRespectLocale/en/run (0.00s)\n","OutputType":"frame"}
{"Time":"2026-10-06T17:40:24.856994395-03:00","Action":"pass","Package":"github.com/viralabs-dev/mudarro/test/internal/mudarro","Test":"TestOwnedErrorsRespectLocale/en/run","Elapsed":0}
{"Time":"2026-10-06T17:40:24.856996298-03:00","Action":"run","Package":"github.com/viralabs-dev/mudarro/test/internal/mudarro","Test":"TestOwnedErrorsRespectLocale/pt-BR/run"}
{"Time":"2026-10-06T17:40:24.857000982-03:00","Action":"output","Package":"github.com/viralabs-dev/mudarro/test/internal/mudarro","Test":"TestOwnedErrorsRespectLocale/pt-BR/run","Output":"=== RUN   TestOwnedErrorsRespectLocale/pt-BR/run\n","OutputType":"frame"}
{"Time":"2026-10-06T17:40:24.857667901-03:00","Action":"output","Package":"github.com/viralabs-dev/mudarro/test/internal/mudarro","Test":"TestOwnedErrorsRespectLocale/pt-BR/run","Output":"--- PASS: TestOwnedErrorsRespectLocale/pt-BR/run (0.00s)\n","OutputType":"frame"}
{"Time":"2026-10-06T17:40:24.857681973-03:00","Action":"pass","Package":"github.com/viralabs-dev/mudarro/test/internal/mudarro","Test":"TestOwnedErrorsRespectLocale/pt-BR/run","Elapsed":0}
{"Time":"2026-10-06T17:40:24.857684395-03:00","Action":"output","Package":"github.com/viralabs-dev/mudarro/test/internal/mudarro","Test":"TestOwnedErrorsRespectLocale","Output":"--- PASS: TestOwnedErrorsRespectLocale (0.00s)\n","OutputType":"frame"}
{"Time":"2026-10-06T17:40:24.857686114-03:00","Action":"pass","Package":"github.com/viralabs-dev/mudarro/test/internal/mudarro","Test":"TestOwnedErrorsRespectLocale","Elapsed":0}
{"Time":"2026-10-06T17:40:24.857687994-03:00","Action":"run","Package":"github.com/viralabs-dev/mudarro/test/internal/mudarro","Test":"TestInvalidConfigErrorLocaleAndExternalOutput"}
{"Time":"2026-10-06T17:40:24.857689222-03:00","Action":"output","Package":"github.com/viralabs-dev/mudarro/test/internal/mudarro","Test":"TestInvalidConfigErrorLocaleAndExternalOutput","Output":"=== RUN   TestInvalidConfigErrorLocaleAndExternalOutput\n","OutputType":"frame"}
{"Time":"2026-10-06T17:40:24.857706791-03:00","Action":"run","Package":"github.com/viralabs-dev/mudarro/test/internal/mudarro","Test":"TestInvalidConfigErrorLocaleAndExternalOutput/en"}
{"Time":"2026-10-06T17:40:24.857708694-03:00","Action":"output","Package":"github.com/viralabs-dev/mudarro/test/internal/mudarro","Test":"TestInvalidConfigErrorLocaleAndExternalOutput/en","Output":"=== RUN   TestInvalidConfigErrorLocaleAndExternalOutput/en\n","OutputType":"frame"}
{"Time":"2026-10-06T17:40:24.858182639-03:00","Action":"output","Package":"github.com/viralabs-dev/mudarro/test/internal/mudarro","Test":"TestInvalidConfigErrorLocaleAndExternalOutput/en","Output":"--- PASS: TestInvalidConfigErrorLocaleAndExternalOutput/en (0.00s)\n","OutputType":"frame"}
{"Time":"2026-10-06T17:40:24.858199865-03:00","Action":"pass","Package":"github.com/viralabs-dev/mudarro/test/internal/mudarro","Test":"TestInvalidConfigErrorLocaleAndExternalOutput/en","Elapsed":0}
{"Time":"2026-10-06T17:40:24.858201466-03:00","Action":"run","Package":"github.com/viralabs-dev/mudarro/test/internal/mudarro","Test":"TestInvalidConfigErrorLocaleAndExternalOutput/pt-BR"}
{"Time":"2026-10-06T17:40:24.858202808-03:00","Action":"output","Package":"github.com/viralabs-dev/mudarro/test/internal/mudarro","Test":"TestInvalidConfigErrorLocaleAndExternalOutput/pt-BR","Output":"=== RUN   TestInvalidConfigErrorLocaleAndExternalOutput/pt-BR\n","OutputType":"frame"}
{"Time":"2026-10-06T17:40:24.858644239-03:00","Action":"output","Package":"github.com/viralabs-dev/mudarro/test/internal/mudarro","Test":"TestInvalidConfigErrorLocaleAndExternalOutput/pt-BR","Output":"--- PASS: TestInvalidConfigErrorLocaleAndExternalOutput/pt-BR (0.00s)\n","OutputType":"frame"}
{"Time":"2026-10-06T17:40:24.858661719-03:00","Action":"pass","Package":"github.com/viralabs-dev/mudarro/test/internal/mudarro","Test":"TestInvalidConfigErrorLocaleAndExternalOutput/pt-BR","Elapsed":0}
{"Time":"2026-10-06T17:40:24.86053589-03:00","Action":"output","Package":"github.com/viralabs-dev/mudarro/test/internal/mudarro","Test":"TestInvalidConfigErrorLocaleAndExternalOutput","Output":"--- PASS: TestInvalidConfigErrorLocaleAndExternalOutput (0.00s)\n","OutputType":"frame"}
{"Time":"2026-10-06T17:40:24.860540886-03:00","Action":"pass","Package":"github.com/viralabs-dev/mudarro/test/internal/mudarro","Test":"TestInvalidConfigErrorLocaleAndExternalOutput","Elapsed":0}
{"Time":"2026-10-06T17:40:24.860556088-03:00","Action":"run","Package":"github.com/viralabs-dev/mudarro/test/internal/mudarro","Test":"TestMixArtifactIgnoresDoNotHideOtherProjects"}
{"Time":"2026-10-06T17:40:24.860557802-03:00","Action":"output","Package":"github.com/viralabs-dev/mudarro/test/internal/mudarro","Test":"TestMixArtifactIgnoresDoNotHideOtherProjects","Output":"=== RUN   TestMixArtifactIgnoresDoNotHideOtherProjects\n","OutputType":"frame"}
{"Time":"2026-10-06T17:40:24.860578594-03:00","Action":"run","Package":"github.com/viralabs-dev/mudarro/test/internal/mudarro","Test":"TestMixArtifactIgnoresDoNotHideOtherProjects/deps"}
{"Time":"2026-10-06T17:40:24.860580931-03:00","Action":"output","Package":"github.com/viralabs-dev/mudarro/test/internal/mudarro","Test":"TestMixArtifactIgnoresDoNotHideOtherProjects/deps","Output":"=== RUN   TestMixArtifactIgnoresDoNotHideOtherProjects/deps\n","OutputType":"frame"}
{"Time":"2026-10-06T17:40:24.861833414-03:00","Action":"output","Package":"github.com/viralabs-dev/mudarro/test/internal/mudarro","Test":"TestMixArtifactIgnoresDoNotHideOtherProjects/deps","Output":"--- PASS: TestMixArtifactIgnoresDoNotHideOtherProjects/deps (0.00s)\n","OutputType":"frame"}
{"Time":"2026-10-06T17:40:24.861836973-03:00","Action":"pass","Package":"github.com/viralabs-dev/mudarro/test/internal/mudarro","Test":"TestMixArtifactIgnoresDoNotHideOtherProjects/deps","Elapsed":0}
{"Time":"2026-10-06T17:40:24.861838761-03:00","Action":"run","Package":"github.com/viralabs-dev/mudarro/test/internal/mudarro","Test":"TestMixArtifactIgnoresDoNotHideOtherProjects/_build"}
{"Time":"2026-10-06T17:40:24.861840108-03:00","Action":"output","Package":"github.com/viralabs-dev/mudarro/test/internal/mudarro","Test":"TestMixArtifactIgnoresDoNotHideOtherProjects/_build","Output":"=== RUN   TestMixArtifactIgnoresDoNotHideOtherProjects/_build\n","OutputType":"frame"}
{"Time":"2026-10-06T17:40:24.862990691-03:00","Action":"output","Package":"github.com/viralabs-dev/mudarro/test/internal/mudarro","Test":"TestMixArtifactIgnoresDoNotHideOtherProjects/_build","Output":"--- PASS: TestMixArtifactIgnoresDoNotHideOtherProjects/_build (0.00s)\n","OutputType":"frame"}
{"Time":"2026-10-06T17:40:24.863005223-03:00","Action":"pass","Package":"github.com/viralabs-dev/mudarro/test/internal/mudarro","Test":"TestMixArtifactIgnoresDoNotHideOtherProjects/_build","Elapsed":0}
{"Time":"2026-10-06T17:40:24.863007874-03:00","Action":"output","Package":"github.com/viralabs-dev/mudarro/test/internal/mudarro","Test":"TestMixArtifactIgnoresDoNotHideOtherProjects","Output":"--- PASS: TestMixArtifactIgnoresDoNotHideOtherProjects (0.00s)\n","OutputType":"frame"}
{"Time":"2026-10-06T17:40:24.863009606-03:00","Action":"pass","Package":"github.com/viralabs-dev/mudarro/test/internal/mudarro","Test":"TestMixArtifactIgnoresDoNotHideOtherProjects","Elapsed":0}
{"Time":"2026-10-06T17:40:24.863014544-03:00","Action":"run","Package":"github.com/viralabs-dev/mudarro/test/internal/mudarro","Test":"TestNativeSourcesMixedMakeTargetsRemainOptInAndScanOffline"}
{"Time":"2026-10-06T17:40:24.863015926-03:00","Action":"output","Package":"github.com/viralabs-dev/mudarro/test/internal/mudarro","Test":"TestNativeSourcesMixedMakeTargetsRemainOptInAndScanOffline","Output":"=== RUN   TestNativeSourcesMixedMakeTargetsRemainOptInAndScanOffline\n","OutputType":"frame"}
{"Time":"2026-10-06T17:40:24.864150654-03:00","Action":"output","Package":"github.com/viralabs-dev/mudarro/test/internal/mudarro","Test":"TestNativeSourcesMixedMakeTargetsRemainOptInAndScanOffline","Output":"--- PASS: TestNativeSourcesMixedMakeTargetsRemainOptInAndScanOffline (0.00s)\n","OutputType":"frame"}
{"Time":"2026-10-06T17:40:24.864162812-03:00","Action":"pass","Package":"github.com/viralabs-dev/mudarro/test/internal/mudarro","Test":"TestNativeSourcesMixedMakeTargetsRemainOptInAndScanOffline","Elapsed":0}
{"Time":"2026-10-06T17:40:24.864164851-03:00","Action":"run","Package":"github.com/viralabs-dev/mudarro/test/internal/mudarro","Test":"TestNativeSourcesNearestMakeAndUnrelatedDirectories"}
{"Time":"2026-10-06T17:40:24.864166316-03:00","Action":"output","Package":"github.com/viralabs-dev/mudarro/test/internal/mudarro","Test":"TestNativeSourcesNearestMakeAndUnrelatedDirectories","Output":"=== RUN   TestNativeSourcesNearestMakeAndUnrelatedDirectories\n","OutputType":"frame"}
{"Time":"2026-10-06T17:40:24.865125429-03:00","Action":"output","Package":"github.com/viralabs-dev/mudarro/test/internal/mudarro","Test":"TestNativeSourcesNearestMakeAndUnrelatedDirectories","Output":"--- PASS: TestNativeSourcesNearestMakeAndUnrelatedDirectories (0.00s)\n","OutputType":"frame"}
{"Time":"2026-10-06T17:40:24.865137162-03:00","Action":"pass","Package":"github.com/viralabs-dev/mudarro/test/internal/mudarro","Test":"TestNativeSourcesNearestMakeAndUnrelatedDirectories","Elapsed":0}
{"Time":"2026-10-06T17:40:24.865138667-03:00","Action":"run","Package":"github.com/viralabs-dev/mudarro/test/internal/mudarro","Test":"TestNativeSourcesExistingLanguageOwnerAndNestedMakeBoundary"}
{"Time":"2026-10-06T17:40:24.865140074-03:00","Action":"output","Package":"github.com/viralabs-dev/mudarro/test/internal/mudarro","Test":"TestNativeSourcesExistingLanguageOwnerAndNestedMakeBoundary","Output":"=== RUN   TestNativeSourcesExistingLanguageOwnerAndNestedMakeBoundary\n","OutputType":"frame"}
{"Time":"2026-10-06T17:40:24.866119602-03:00","Action":"output","Package":"github.com/viralabs-dev/mudarro/test/internal/mudarro","Test":"TestNativeSourcesExistingLanguageOwnerAndNestedMakeBoundary","Output":"--- PASS: TestNativeSourcesExistingLanguageOwnerAndNestedMakeBoundary (0.00s)\n","OutputType":"frame"}
{"Time":"2026-10-06T17:40:24.866139107-03:00","Action":"pass","Package":"github.com/viralabs-dev/mudarro/test/internal/mudarro","Test":"TestNativeSourcesExistingLanguageOwnerAndNestedMakeBoundary","Elapsed":0}
{"Time":"2026-10-06T17:40:24.866147495-03:00","Action":"run","Package":"github.com/viralabs-dev/mudarro/test/internal/mudarro","Test":"TestNativeSourcesExcludeSymlinkAndHeadersOnly"}
{"Time":"2026-10-06T17:40:24.866151101-03:00","Action":"output","Package":"github.com/viralabs-dev/mudarro/test/internal/mudarro","Test":"TestNativeSourcesExcludeSymlinkAndHeadersOnly","Output":"=== RUN   TestNativeSourcesExcludeSymlinkAndHeadersOnly\n","OutputType":"frame"}
{"Time":"2026-10-06T17:40:24.866718156-03:00","Action":"output","Package":"github.com/viralabs-dev/mudarro/test/internal/mudarro","Test":"TestNativeSourcesExcludeSymlinkAndHeadersOnly","Output":"--- PASS: TestNativeSourcesExcludeSymlinkAndHeadersOnly (0.00s)\n","OutputType":"frame"}
{"Time":"2026-10-06T17:40:24.866726535-03:00","Action":"pass","Package":"github.com/viralabs-dev/mudarro/test/internal/mudarro","Test":"TestNativeSourcesExcludeSymlinkAndHeadersOnly","Elapsed":0}
{"Time":"2026-10-06T17:40:24.866728874-03:00","Action":"run","Package":"github.com/viralabs-dev/mudarro/test/internal/mudarro","Test":"TestNativeSourcesIDCollisionDoesNotOverwriteService"}
{"Time":"2026-10-06T17:40:24.866730257-03:00","Action":"output","Package":"github.com/viralabs-dev/mudarro/test/internal/mudarro","Test":"TestNativeSourcesIDCollisionDoesNotOverwriteService","Output":"=== RUN   TestNativeSourcesIDCollisionDoesNotOverwriteService\n","OutputType":"frame"}
{"Time":"2026-10-06T17:40:24.867146716-03:00","Action":"output","Package":"github.com/viralabs-dev/mudarro/test/internal/mudarro","Test":"TestNativeSourcesIDCollisionDoesNotOverwriteService","Output":"--- PASS: TestNativeSourcesIDCollisionDoesNotOverwriteService (0.00s)\n","OutputType":"frame"}
{"Time":"2026-10-06T17:40:24.867164056-03:00","Action":"pass","Package":"github.com/viralabs-dev/mudarro/test/internal/mudarro","Test":"TestNativeSourcesIDCollisionDoesNotOverwriteService","Elapsed":0}
{"Time":"2026-10-06T17:40:24.867165614-03:00","Action":"run","Package":"github.com/viralabs-dev/mudarro/test/internal/mudarro","Test":"TestNativeSourcesSpecialFilesAreRejectedWithoutOpening"}
{"Time":"2026-10-06T17:40:24.867166958-03:00","Action":"output","Package":"github.com/viralabs-dev/mudarro/test/internal/mudarro","Test":"TestNativeSourcesSpecialFilesAreRejectedWithoutOpening","Output":"=== RUN   TestNativeSourcesSpecialFilesAreRejectedWithoutOpening\n","OutputType":"frame"}
{"Time":"2026-10-06T17:40:24.867690096-03:00","Action":"output","Package":"github.com/viralabs-dev/mudarro/test/internal/mudarro","Test":"TestNativeSourcesSpecialFilesAreRejectedWithoutOpening","Output":"--- PASS: TestNativeSourcesSpecialFilesAreRejectedWithoutOpening (0.00s)\n","OutputType":"frame"}
{"Time":"2026-10-06T17:40:24.867698704-03:00","Action":"pass","Package":"github.com/viralabs-dev/mudarro/test/internal/mudarro","Test":"TestNativeSourcesSpecialFilesAreRejectedWithoutOpening","Elapsed":0}
{"Time":"2026-10-06T17:40:24.867709385-03:00","Action":"run","Package":"github.com/viralabs-dev/mudarro/test/internal/mudarro","Test":"TestNativeSourcesUnownedMakefileDoesNotUseSiblingService"}
{"Time":"2026-10-06T17:40:24.867710916-03:00","Action":"output","Package":"github.com/viralabs-dev/mudarro/test/internal/mudarro","Test":"TestNativeSourcesUnownedMakefileDoesNotUseSiblingService","Output":"=== RUN   TestNativeSourcesUnownedMakefileDoesNotUseSiblingService\n","OutputType":"frame"}
{"Time":"2026-10-06T17:40:24.86821614-03:00","Action":"output","Package":"github.com/viralabs-dev/mudarro/test/internal/mudarro","Test":"TestNativeSourcesUnownedMakefileDoesNotUseSiblingService","Output":"--- PASS: TestNativeSourcesUnownedMakefileDoesNotUseSiblingService (0.00s)\n","OutputType":"frame"}
{"Time":"2026-10-06T17:40:24.868235581-03:00","Action":"pass","Package":"github.com/viralabs-dev/mudarro/test/internal/mudarro","Test":"TestNativeSourcesUnownedMakefileDoesNotUseSiblingService","Elapsed":0}
{"Time":"2026-10-06T17:40:24.868237544-03:00","Action":"run","Package":"github.com/viralabs-dev/mudarro/test/internal/mudarro","Test":"TestOrchestrationNxTargetKeysAreCaseSensitive"}
{"Time":"2026-10-06T17:40:24.868238922-03:00","Action":"output","Package":"github.com/viralabs-dev/mudarro/test/internal/mudarro","Test":"TestOrchestrationNxTargetKeysAreCaseSensitive","Output":"=== RUN   TestOrchestrationNxTargetKeysAreCaseSensitive\n","OutputType":"frame"}
{"Time":"2026-10-06T17:40:24.869058476-03:00","Action":"output","Package":"github.com/viralabs-dev/mudarro/test/internal/mudarro","Test":"TestOrchestrationNxTargetKeysAreCaseSensitive","Output":"--- PASS: TestOrchestrationNxTargetKeysAreCaseSensitive (0.00s)\n","OutputType":"frame"}
{"Time":"2026-10-06T17:40:24.869073844-03:00","Action":"pass","Package":"github.com/viralabs-dev/mudarro/test/internal/mudarro","Test":"TestOrchestrationNxTargetKeysAreCaseSensitive","Elapsed":0}
{"Time":"2026-10-06T17:40:24.869077132-03:00","Action":"run","Package":"github.com/viralabs-dev/mudarro/test/internal/mudarro","Test":"TestOrchestrationTurboExplicitTasksAreRootOptIn"}
{"Time":"2026-10-06T17:40:24.869078806-03:00","Action":"output","Package":"github.com/viralabs-dev/mudarro/test/internal/mudarro","Test":"TestOrchestrationTurboExplicitTasksAreRootOptIn","Output":"=== RUN   TestOrchestrationTurboExplicitTasksAreRootOptIn\n","OutputType":"frame"}
{"Time":"2026-10-06T17:40:24.870938102-03:00","Action":"output","Package":"github.com/viralabs-dev/mudarro/test/internal/mudarro","Test":"TestOrchestrationTurboExplicitTasksAreRootOptIn","Output":"--- PASS: TestOrchestrationTurboExplicitTasksAreRootOptIn (0.00s)\n","OutputType":"frame"}
{"Time":"2026-10-06T17:40:24.870943423-03:00","Action":"pass","Package":"github.com/viralabs-dev/mudarro/test/internal/mudarro","Test":"TestOrchestrationTurboExplicitTasksAreRootOptIn","Elapsed":0}
{"Time":"2026-10-06T17:40:24.87094606-03:00","Action":"run","Package":"github.com/viralabs-dev/mudarro/test/internal/mudarro","Test":"TestOrchestrationNxExplicitProjectTargets"}
{"Time":"2026-10-06T17:40:24.87094746-03:00","Action":"output","Package":"github.com/viralabs-dev/mudarro/test/internal/mudarro","Test":"TestOrchestrationNxExplicitProjectTargets","Output":"=== RUN   TestOrchestrationNxExplicitProjectTargets\n","OutputType":"frame"}
{"Time":"2026-10-06T17:40:24.87264948-03:00","Action":"output","Package":"github.com/viralabs-dev/mudarro/test/internal/mudarro","Test":"TestOrchestrationNxExplicitProjectTargets","Output":"--- PASS: TestOrchestrationNxExplicitProjectTargets (0.00s)\n","OutputType":"frame"}
{"Time":"2026-10-06T17:40:24.872661884-03:00","Action":"pass","Package":"github.com/viralabs-dev/mudarro/test/internal/mudarro","Test":"TestOrchestrationNxExplicitProjectTargets","Elapsed":0}
{"Time":"2026-10-06T17:40:24.872664947-03:00","Action":"run","Package":"github.com/viralabs-dev/mudarro/test/internal/mudarro","Test":"TestOrchestrationNestedOwnersAndSharedTaskNames"}
{"Time":"2026-10-06T17:40:24.872666897-03:00","Action":"output","Package":"github.com/viralabs-dev/mudarro/test/internal/mudarro","Test":"TestOrchestrationNestedOwnersAndSharedTaskNames","Output":"=== RUN   TestOrchestrationNestedOwnersAndSharedTaskNames\n","OutputType":"frame"}
{"Time":"2026-10-06T17:40:24.874332034-03:00","Action":"output","Package":"github.com/viralabs-dev/mudarro/test/internal/mudarro","Test":"TestOrchestrationNestedOwnersAndSharedTaskNames","Output":"--- PASS: TestOrchestrationNestedOwnersAndSharedTaskNames (0.00s)\n","OutputType":"frame"}
{"Time":"2026-10-06T17:40:24.874342163-03:00","Action":"pass","Package":"github.com/viralabs-dev/mudarro/test/internal/mudarro","Test":"TestOrchestrationNestedOwnersAndSharedTaskNames","Elapsed":0}
{"Time":"2026-10-06T17:40:24.87434476-03:00","Action":"run","Package":"github.com/viralabs-dev/mudarro/test/internal/mudarro","Test":"TestOrchestrationMalformedAndMissingOwnerDiagnostic"}
{"Time":"2026-10-06T17:40:24.874346397-03:00","Action":"output","Package":"github.com/viralabs-dev/mudarro/test/internal/mudarro","Test":"TestOrchestrationMalformedAndMissingOwnerDiagnostic","Output":"=== RUN   TestOrchestrationMalformedAndMissingOwnerDiagnostic\n","OutputType":"frame"}
{"Time":"2026-10-06T17:40:24.874349638-03:00","Action":"run","Package":"github.com/viralabs-dev/mudarro/test/internal/mudarro","Test":"TestOrchestrationMalformedAndMissingOwnerDiagnostic/turbo-malformed"}
{"Time":"2026-10-06T17:40:24.874351137-03:00","Action":"output","Package":"github.com/viralabs-dev/mudarro/test/internal/mudarro","Test":"TestOrchestrationMalformedAndMissingOwnerDiagnostic/turbo-malformed","Output":"=== RUN   TestOrchestrationMalformedAndMissingOwnerDiagnostic/turbo-malformed\n","OutputType":"frame"}
{"Time":"2026-10-06T17:40:24.87500485-03:00","Action":"output","Package":"github.com/viralabs-dev/mudarro/test/internal/mudarro","Test":"TestOrchestrationMalformedAndMissingOwnerDiagnostic/turbo-malformed","Output":"--- PASS: TestOrchestrationMalformedAndMissingOwnerDiagnostic/turbo-malformed (0.00s)\n","OutputType":"frame"}
{"Time":"2026-10-06T17:40:24.875014174-03:00","Action":"pass","Package":"github.com/viralabs-dev/mudarro/test/internal/mudarro","Test":"TestOrchestrationMalformedAndMissingOwnerDiagnostic/turbo-malformed","Elapsed":0}
{"Time":"2026-10-06T17:40:24.875024333-03:00","Action":"run","Package":"github.com/viralabs-dev/mudarro/test/internal/mudarro","Test":"TestOrchestrationMalformedAndMissingOwnerDiagnostic/nx-malformed"}
{"Time":"2026-10-06T17:40:24.875026268-03:00","Action":"output","Package":"github.com/viralabs-dev/mudarro/test/internal/mudarro","Test":"TestOrchestrationMalformedAndMissingOwnerDiagnostic/nx-malformed","Output":"=== RUN   TestOrchestrationMalformedAndMissingOwnerDiagnostic/nx-malformed\n","OutputType":"frame"}
{"Time":"2026-10-06T17:40:24.875977062-03:00","Action":"output","Package":"github.com/viralabs-dev/mudarro/test/internal/mudarro","Test":"TestOrchestrationMalformedAndMissingOwnerDiagnostic/nx-malformed","Output":"--- PASS: TestOrchestrationMalformedAndMissingOwnerDiagnostic/nx-malformed (0.00s)\n","OutputType":"frame"}
{"Time":"2026-10-06T17:40:24.875986537-03:00","Action":"pass","Package":"github.com/viralabs-dev/mudarro/test/internal/mudarro","Test":"TestOrchestrationMalformedAndMissingOwnerDiagnostic/nx-malformed","Elapsed":0}
{"Time":"2026-10-06T17:40:24.875999906-03:00","Action":"run","Package":"github.com/viralabs-dev/mudarro/test/internal/mudarro","Test":"TestOrchestrationMalformedAndMissingOwnerDiagnostic/project-malformed"}
{"Time":"2026-10-06T17:40:24.876001431-03:00","Action":"output","Package":"github.com/viralabs-dev/mudarro/test/internal/mudarro","Test":"TestOrchestrationMalformedAndMissingOwnerDiagnostic/project-malformed","Output":"=== RUN   TestOrchestrationMalformedAndMissingOwnerDiagnostic/project-malformed\n","OutputType":"frame"}
{"Time":"2026-10-06T17:40:24.876965037-03:00","Action":"output","Package":"github.com/viralabs-dev/mudarro/test/internal/mudarro","Test":"TestOrchestrationMalformedAndMissingOwnerDiagnostic/project-malformed","Output":"--- PASS: TestOrchestrationMalformedAndMissingOwnerDiagnostic/project-malformed (0.00s)\n","OutputType":"frame"}
{"Time":"2026-10-06T17:40:24.876976756-03:00","Action":"pass","Package":"github.com/viralabs-dev/mudarro/test/internal/mudarro","Test":"TestOrchestrationMalformedAndMissingOwnerDiagnostic/project-malformed","Elapsed":0}
{"Time":"2026-10-06T17:40:24.876978432-03:00","Action":"run","Package":"github.com/viralabs-dev/mudarro/test/internal/mudarro","Test":"TestOrchestrationMalformedAndMissingOwnerDiagnostic/turbo-no-owner"}
{"Time":"2026-10-06T17:40:24.876979864-03:00","Action":"output","Package":"github.com/viralabs-dev/mudarro/test/internal/mudarro","Test":"TestOrchestrationMalformedAndMissingOwnerDiagnostic/turbo-no-owner","Output":"=== RUN   TestOrchestrationMalformedAndMissingOwnerDiagnostic/turbo-no-owner\n","OutputType":"frame"}
{"Time":"2026-10-06T17:40:24.877409857-03:00","Action":"output","Package":"github.com/viralabs-dev/mudarro/test/internal/mudarro","Test":"TestOrchestrationMalformedAndMissingOwnerDiagnostic/turbo-no-owner","Output":"--- PASS: TestOrchestrationMalformedAndMissingOwnerDiagnostic/turbo-no-owner (0.00s)\n","OutputType":"frame"}
{"Time":"2026-10-06T17:40:24.877427592-03:00","Action":"pass","Package":"github.com/viralabs-dev/mudarro/test/internal/mudarro","Test":"TestOrchestrationMalformedAndMissingOwnerDiagnostic/turbo-no-owner","Elapsed":0}
{"Time":"2026-10-06T17:40:24.877429802-03:00","Action":"run","Package":"github.com/viralabs-dev/mudarro/test/internal/mudarro","Test":"TestOrchestrationMalformedAndMissingOwnerDiagnostic/nx-no-owner"}
{"Time":"2026-10-06T17:40:24.877431209-03:00","Action":"output","Package":"github.com/viralabs-dev/mudarro/test/internal/mudarro","Test":"TestOrchestrationMalformedAndMissingOwnerDiagnostic/nx-no-owner","Output":"=== RUN   TestOrchestrationMalformedAndMissingOwnerDiagnostic/nx-no-owner\n","OutputType":"frame"}
{"Time":"2026-10-06T17:40:24.878060718-03:00","Action":"output","Package":"github.com/viralabs-dev/mudarro/test/internal/mudarro","Test":"TestOrchestrationMalformedAndMissingOwnerDiagnostic/nx-no-owner","Output":"--- PASS: TestOrchestrationMalformedAndMissingOwnerDiagnostic/nx-no-owner (0.00s)\n","OutputType":"frame"}
{"Time":"2026-10-06T17:40:24.878065682-03:00","Action":"pass","Package":"github.com/viralabs-dev/mudarro/test/internal/mudarro","Test":"TestOrchestrationMalformedAndMissingOwnerDiagnostic/nx-no-owner","Elapsed":0}
{"Time":"2026-10-06T17:40:24.878081389-03:00","Action":"run","Package":"github.com/viralabs-dev/mudarro/test/internal/mudarro","Test":"TestOrchestrationMalformedAndMissingOwnerDiagnostic/json-comments"}
{"Time":"2026-10-06T17:40:24.878082977-03:00","Action":"output","Package":"github.com/viralabs-dev/mudarro/test/internal/mudarro","Test":"TestOrchestrationMalformedAndMissingOwnerDiagnostic/json-comments","Output":"=== RUN   TestOrchestrationMalformedAndMissingOwnerDiagnostic/json-comments\n","OutputType":"frame"}
{"Time":"2026-10-06T17:40:24.878749355-03:00","Action":"output","Package":"github.com/viralabs-dev/mudarro/test/internal/mudarro","Test":"TestOrchestrationMalformedAndMissingOwnerDiagnostic/json-comments","Output":"--- PASS: TestOrchestrationMalformedAndMissingOwnerDiagnostic/json-comments (0.00s)\n","OutputType":"frame"}
{"Time":"2026-10-06T17:40:24.878760928-03:00","Action":"pass","Package":"github.com/viralabs-dev/mudarro/test/internal/mudarro","Test":"TestOrchestrationMalformedAndMissingOwnerDiagnostic/json-comments","Elapsed":0}
{"Time":"2026-10-06T17:40:24.878785367-03:00","Action":"output","Package":"github.com/viralabs-dev/mudarro/test/internal/mudarro","Test":"TestOrchestrationMalformedAndMissingOwnerDiagnostic","Output":"--- PASS: TestOrchestrationMalformedAndMissingOwnerDiagnostic (0.00s)\n","OutputType":"frame"}
{"Time":"2026-10-06T17:40:24.878795445-03:00","Action":"pass","Package":"github.com/viralabs-dev/mudarro/test/internal/mudarro","Test":"TestOrchestrationMalformedAndMissingOwnerDiagnostic","Elapsed":0}
{"Time":"2026-10-06T17:40:24.878806165-03:00","Action":"run","Package":"github.com/viralabs-dev/mudarro/test/internal/mudarro","Test":"TestOrchestrationExcludedAndSymlinkSourcesNeverFollowed"}
{"Time":"2026-10-06T17:40:24.878808144-03:00","Action":"output","Package":"github.com/viralabs-dev/mudarro/test/internal/mudarro","Test":"TestOrchestrationExcludedAndSymlinkSourcesNeverFollowed","Output":"=== RUN   TestOrchestrationExcludedAndSymlinkSourcesNeverFollowed\n","OutputType":"frame"}
{"Time":"2026-10-06T17:40:24.879915446-03:00","Action":"output","Package":"github.com/viralabs-dev/mudarro/test/internal/mudarro","Test":"TestOrchestrationExcludedAndSymlinkSourcesNeverFollowed","Output":"--- PASS: TestOrchestrationExcludedAndSymlinkSourcesNeverFollowed (0.00s)\n","OutputType":"frame"}
{"Time":"2026-10-06T17:40:24.879921423-03:00","Action":"pass","Package":"github.com/viralabs-dev/mudarro/test/internal/mudarro","Test":"TestOrchestrationExcludedAndSymlinkSourcesNeverFollowed","Elapsed":0}
{"Time":"2026-10-06T17:40:24.879934798-03:00","Action":"run","Package":"github.com/viralabs-dev/mudarro/test/internal/mudarro","Test":"TestOrchestrationDuplicateNxNamesAndUnsafeIdentifiers"}
{"Time":"2026-10-06T17:40:24.879938053-03:00","Action":"output","Package":"github.com/viralabs-dev/mudarro/test/internal/mudarro","Test":"TestOrchestrationDuplicateNxNamesAndUnsafeIdentifiers","Output":"=== RUN   TestOrchestrationDuplicateNxNamesAndUnsafeIdentifiers\n","OutputType":"frame"}
{"Time":"2026-10-06T17:40:24.879955245-03:00","Action":"run","Package":"github.com/viralabs-dev/mudarro/test/internal/mudarro","Test":"TestOrchestrationDuplicateNxNamesAndUnsafeIdentifiers/duplicate-project"}
{"Time":"2026-10-06T17:40:24.879957266-03:00","Action":"output","Package":"github.com/viralabs-dev/mudarro/test/internal/mudarro","Test":"TestOrchestrationDuplicateNxNamesAndUnsafeIdentifiers/duplicate-project","Output":"=== RUN   TestOrchestrationDuplicateNxNamesAndUnsafeIdentifiers/duplicate-project\n","OutputType":"frame"}
{"Time":"2026-10-06T17:40:24.880835567-03:00","Action":"output","Package":"github.com/viralabs-dev/mudarro/test/internal/mudarro","Test":"TestOrchestrationDuplicateNxNamesAndUnsafeIdentifiers/duplicate-project","Output":"--- PASS: TestOrchestrationDuplicateNxNamesAndUnsafeIdentifiers/duplicate-project (0.00s)\n","OutputType":"frame"}
{"Time":"2026-10-06T17:40:24.880846415-03:00","Action":"pass","Package":"github.com/viralabs-dev/mudarro/test/internal/mudarro","Test":"TestOrchestrationDuplicateNxNamesAndUnsafeIdentifiers/duplicate-project","Elapsed":0}
{"Time":"2026-10-06T17:40:24.880860794-03:00","Action":"run","Package":"github.com/viralabs-dev/mudarro/test/internal/mudarro","Test":"TestOrchestrationDuplicateNxNamesAndUnsafeIdentifiers/unsafe-project"}
{"Time":"2026-10-06T17:40:24.880863673-03:00","Action":"output","Package":"github.com/viralabs-dev/mudarro/test/internal/mudarro","Test":"TestOrchestrationDuplicateNxNamesAndUnsafeIdentifiers/unsafe-project","Output":"=== RUN   TestOrchestrationDuplicateNxNamesAndUnsafeIdentifiers/unsafe-project\n","OutputType":"frame"}
{"Time":"2026-10-06T17:40:24.881707479-03:00","Action":"output","Package":"github.com/viralabs-dev/mudarro/test/internal/mudarro","Test":"TestOrchestrationDuplicateNxNamesAndUnsafeIdentifiers/unsafe-project","Output":"--- PASS: TestOrchestrationDuplicateNxNamesAndUnsafeIdentifiers/unsafe-project (0.00s)\n","OutputType":"frame"}
{"Time":"2026-10-06T17:40:24.881718315-03:00","Action":"pass","Package":"github.com/viralabs-dev/mudarro/test/internal/mudarro","Test":"TestOrchestrationDuplicateNxNamesAndUnsafeIdentifiers/unsafe-project","Elapsed":0}
{"Time":"2026-10-06T17:40:24.881730159-03:00","Action":"run","Package":"github.com/viralabs-dev/mudarro/test/internal/mudarro","Test":"TestOrchestrationDuplicateNxNamesAndUnsafeIdentifiers/unsafe-target"}
{"Time":"2026-10-06T17:40:24.881731984-03:00","Action":"output","Package":"github.com/viralabs-dev/mudarro/test/internal/mudarro","Test":"TestOrchestrationDuplicateNxNamesAndUnsafeIdentifiers/unsafe-target","Output":"=== RUN   TestOrchestrationDuplicateNxNamesAndUnsafeIdentifiers/unsafe-target\n","OutputType":"frame"}
{"Time":"2026-10-06T17:40:24.882674195-03:00","Action":"output","Package":"github.com/viralabs-dev/mudarro/test/internal/mudarro","Test":"TestOrchestrationDuplicateNxNamesAndUnsafeIdentifiers/unsafe-target","Output":"--- PASS: TestOrchestrationDuplicateNxNamesAndUnsafeIdentifiers/unsafe-target (0.00s)\n","OutputType":"frame"}
{"Time":"2026-10-06T17:40:24.882684632-03:00","Action":"pass","Package":"github.com/viralabs-dev/mudarro/test/internal/mudarro","Test":"TestOrchestrationDuplicateNxNamesAndUnsafeIdentifiers/unsafe-target","Elapsed":0}
{"Time":"2026-10-06T17:40:24.882707398-03:00","Action":"output","Package":"github.com/viralabs-dev/mudarro/test/internal/mudarro","Test":"TestOrchestrationDuplicateNxNamesAndUnsafeIdentifiers","Output":"--- PASS: TestOrchestrationDuplicateNxNamesAndUnsafeIdentifiers (0.00s)\n","OutputType":"frame"}
{"Time":"2026-10-06T17:40:24.882715995-03:00","Action":"pass","Package":"github.com/viralabs-dev/mudarro/test/internal/mudarro","Test":"TestOrchestrationDuplicateNxNamesAndUnsafeIdentifiers","Elapsed":0}
{"Time":"2026-10-06T17:40:24.882726064-03:00","Action":"run","Package":"github.com/viralabs-dev/mudarro/test/internal/mudarro","Test":"TestOrchestrationSuggestionCollisionIsDiagnosed"}
{"Time":"2026-10-06T17:40:24.882728201-03:00","Action":"output","Package":"github.com/viralabs-dev/mudarro/test/internal/mudarro","Test":"TestOrchestrationSuggestionCollisionIsDiagnosed","Output":"=== RUN   TestOrchestrationSuggestionCollisionIsDiagnosed\n","OutputType":"frame"}
{"Time":"2026-10-06T17:40:24.883397055-03:00","Action":"output","Package":"github.com/viralabs-dev/mudarro/test/internal/mudarro","Test":"TestOrchestrationSuggestionCollisionIsDiagnosed","Output":"--- PASS: TestOrchestrationSuggestionCollisionIsDiagnosed (0.00s)\n","OutputType":"frame"}
{"Time":"2026-10-06T17:40:24.883414256-03:00","Action":"pass","Package":"github.com/viralabs-dev/mudarro/test/internal/mudarro","Test":"TestOrchestrationSuggestionCollisionIsDiagnosed","Elapsed":0}
{"Time":"2026-10-06T17:40:24.883416772-03:00","Action":"run","Package":"github.com/viralabs-dev/mudarro/test/internal/mudarro","Test":"TestOrchestrationNormalizedSuggestionCollisionsBlockBoth"}
{"Time":"2026-10-06T17:40:24.883418106-03:00","Action":"output","Package":"github.com/viralabs-dev/mudarro/test/internal/mudarro","Test":"TestOrchestrationNormalizedSuggestionCollisionsBlockBoth","Output":"=== RUN   TestOrchestrationNormalizedSuggestionCollisionsBlockBoth\n","OutputType":"frame"}
{"Time":"2026-10-06T17:40:24.883419958-03:00","Action":"run","Package":"github.com/viralabs-dev/mudarro/test/internal/mudarro","Test":"TestOrchestrationNormalizedSuggestionCollisionsBlockBoth/turbo-tasks"}
{"Time":"2026-10-06T17:40:24.883421391-03:00","Action":"output","Package":"github.com/viralabs-dev/mudarro/test/internal/mudarro","Test":"TestOrchestrationNormalizedSuggestionCollisionsBlockBoth/turbo-tasks","Output":"=== RUN   TestOrchestrationNormalizedSuggestionCollisionsBlockBoth/turbo-tasks\n","OutputType":"frame"}
{"Time":"2026-10-06T17:40:24.884221828-03:00","Action":"output","Package":"github.com/viralabs-dev/mudarro/test/internal/mudarro","Test":"TestOrchestrationNormalizedSuggestionCollisionsBlockBoth/turbo-tasks","Output":"--- PASS: TestOrchestrationNormalizedSuggestionCollisionsBlockBoth/turbo-tasks (0.00s)\n","OutputType":"frame"}
{"Time":"2026-10-06T17:40:24.884233297-03:00","Action":"pass","Package":"github.com/viralabs-dev/mudarro/test/internal/mudarro","Test":"TestOrchestrationNormalizedSuggestionCollisionsBlockBoth/turbo-tasks","Elapsed":0}
{"Time":"2026-10-06T17:40:24.884235049-03:00","Action":"run","Package":"github.com/viralabs-dev/mudarro/test/internal/mudarro","Test":"TestOrchestrationNormalizedSuggestionCollisionsBlockBoth/nx-projects"}
{"Time":"2026-10-06T17:40:24.884236555-03:00","Action":"output","Package":"github.com/viralabs-dev/mudarro/test/internal/mudarro","Test":"TestOrchestrationNormalizedSuggestionCollisionsBlockBoth/nx-projects","Output":"=== RUN   TestOrchestrationNormalizedSuggestionCollisionsBlockBoth/nx-projects\n","OutputType":"frame"}
{"Time":"2026-10-06T17:40:24.885544004-03:00","Action":"output","Package":"github.com/viralabs-dev/mudarro/test/internal/mudarro","Test":"TestOrchestrationNormalizedSuggestionCollisionsBlockBoth/nx-projects","Output":"--- PASS: TestOrchestrationNormalizedSuggestionCollisionsBlockBoth/nx-projects (0.00s)\n","OutputType":"frame"}
{"Time":"2026-10-06T17:40:24.885546904-03:00","Action":"pass","Package":"github.com/viralabs-dev/mudarro/test/internal/mudarro","Test":"TestOrchestrationNormalizedSuggestionCollisionsBlockBoth/nx-projects","Elapsed":0}
{"Time":"2026-10-06T17:40:24.885549037-03:00","Action":"output","Package":"github.com/viralabs-dev/mudarro/test/internal/mudarro","Test":"TestOrchestrationNormalizedSuggestionCollisionsBlockBoth","Output":"--- PASS: TestOrchestrationNormalizedSuggestionCollisionsBlockBoth (0.00s)\n","OutputType":"frame"}
{"Time":"2026-10-06T17:40:24.8855506-03:00","Action":"pass","Package":"github.com/viralabs-dev/mudarro/test/internal/mudarro","Test":"TestOrchestrationNormalizedSuggestionCollisionsBlockBoth","Elapsed":0}
{"Time":"2026-10-06T17:40:24.885552828-03:00","Action":"run","Package":"github.com/viralabs-dev/mudarro/test/internal/mudarro","Test":"TestOrchestrationInvalidTurboDoesNotHideValidNxTasks"}
{"Time":"2026-10-06T17:40:24.885554149-03:00","Action":"output","Package":"github.com/viralabs-dev/mudarro/test/internal/mudarro","Test":"TestOrchestrationInvalidTurboDoesNotHideValidNxTasks","Output":"=== RUN   TestOrchestrationInvalidTurboDoesNotHideValidNxTasks\n","OutputType":"frame"}
{"Time":"2026-10-06T17:40:24.886707096-03:00","Action":"output","Package":"github.com/viralabs-dev/mudarro/test/internal/mudarro","Test":"TestOrchestrationInvalidTurboDoesNotHideValidNxTasks","Output":"--- PASS: TestOrchestrationInvalidTurboDoesNotHideValidNxTasks (0.00s)\n","OutputType":"frame"}
{"Time":"2026-10-06T17:40:24.886719117-03:00","Action":"pass","Package":"github.com/viralabs-dev/mudarro/test/internal/mudarro","Test":"TestOrchestrationInvalidTurboDoesNotHideValidNxTasks","Elapsed":0}
{"Time":"2026-10-06T17:40:24.886730865-03:00","Action":"run","Package":"github.com/viralabs-dev/mudarro/test/internal/mudarro","Test":"TestPackageManagerSemverAcceptsStrictVersions"}
{"Time":"2026-10-06T17:40:24.886732257-03:00","Action":"output","Package":"github.com/viralabs-dev/mudarro/test/internal/mudarro","Test":"TestPackageManagerSemverAcceptsStrictVersions","Output":"=== RUN   TestPackageManagerSemverAcceptsStrictVersions\n","OutputType":"frame"}
{"Time":"2026-10-06T17:40:24.886750869-03:00","Action":"run","Package":"github.com/viralabs-dev/mudarro/test/internal/mudarro","Test":"TestPackageManagerSemverAcceptsStrictVersions/npm@1.2.3"}
{"Time":"2026-10-06T17:40:24.886752887-03:00","Action":"output","Package":"github.com/viralabs-dev/mudarro/test/internal/mudarro","Test":"TestPackageManagerSemverAcceptsStrictVersions/npm@1.2.3","Output":"=== RUN   TestPackageManagerSemverAcceptsStrictVersions/npm@1.2.3\n","OutputType":"frame"}
{"Time":"2026-10-06T17:40:24.887534965-03:00","Action":"output","Package":"github.com/viralabs-dev/mudarro/test/internal/mudarro","Test":"TestPackageManagerSemverAcceptsStrictVersions/npm@1.2.3","Output":"--- PASS: TestPackageManagerSemverAcceptsStrictVersions/npm@1.2.3 (0.00s)\n","OutputType":"frame"}
{"Time":"2026-10-06T17:40:24.887539544-03:00","Action":"pass","Package":"github.com/viralabs-dev/mudarro/test/internal/mudarro","Test":"TestPackageManagerSemverAcceptsStrictVersions/npm@1.2.3","Elapsed":0}
{"Time":"2026-10-06T17:40:24.88754197-03:00","Action":"run","Package":"github.com/viralabs-dev/mudarro/test/internal/mudarro","Test":"TestPackageManagerSemverAcceptsStrictVersions/pnpm@0.0.0"}
{"Time":"2026-10-06T17:40:24.887543852-03:00","Action":"output","Package":"github.com/viralabs-dev/mudarro/test/internal/mudarro","Test":"TestPackageManagerSemverAcceptsStrictVersions/pnpm@0.0.0","Output":"=== RUN   TestPackageManagerSemverAcceptsStrictVersions/pnpm@0.0.0\n","OutputType":"frame"}
{"Time":"2026-10-06T17:40:24.888253386-03:00","Action":"output","Package":"github.com/viralabs-dev/mudarro/test/internal/mudarro","Test":"TestPackageManagerSemverAcceptsStrictVersions/pnpm@0.0.0","Output":"--- PASS: TestPackageManagerSemverAcceptsStrictVersions/pnpm@0.0.0 (0.00s)\n","OutputType":"frame"}
{"Time":"2026-10-06T17:40:24.888264933-03:00","Action":"pass","Package":"github.com/viralabs-dev/mudarro/test/internal/mudarro","Test":"TestPackageManagerSemverAcceptsStrictVersions/pnpm@0.0.0","Elapsed":0}
{"Time":"2026-10-06T17:40:24.888278549-03:00","Action":"run","Package":"github.com/viralabs-dev/mudarro/test/internal/mudarro","Test":"TestPackageManagerSemverAcceptsStrictVersions/yarn@4.18.1"}
{"Time":"2026-10-06T17:40:24.888280089-03:00","Action":"output","Package":"github.com/viralabs-dev/mudarro/test/internal/mudarro","Test":"TestPackageManagerSemverAcceptsStrictVersions/yarn@4.18.1","Output":"=== RUN   TestPackageManagerSemverAcceptsStrictVersions/yarn@4.18.1\n","OutputType":"frame"}
{"Time":"2026-10-06T17:40:24.889049592-03:00","Action":"output","Package":"github.com/viralabs-dev/mudarro/test/internal/mudarro","Test":"TestPackageManagerSemverAcceptsStrictVersions/yarn@4.18.1","Output":"--- PASS: TestPackageManagerSemverAcceptsStrictVersions/yarn@4.18.1 (0.00s)\n","OutputType":"frame"}
{"Time":"2026-10-06T17:40:24.889068561-03:00","Action":"pass","Package":"github.com/viralabs-dev/mudarro/test/internal/mudarro","Test":"TestPackageManagerSemverAcceptsStrictVersions/yarn@4.18.1","Elapsed":0}
{"Time":"2026-10-06T17:40:24.889072975-03:00","Action":"run","Package":"github.com/viralabs-dev/mudarro/test/internal/mudarro","Test":"TestPackageManagerSemverAcceptsStrictVersions/bun@1.4.0"}
{"Time":"2026-10-06T17:40:24.889074269-03:00","Action":"output","Package":"github.com/viralabs-dev/mudarro/test/internal/mudarro","Test":"TestPackageManagerSemverAcceptsStrictVersions/bun@1.4.0","Output":"=== RUN   TestPackageManagerSemverAcceptsStrictVersions/bun@1.4.0\n","OutputType":"frame"}
{"Time":"2026-10-06T17:40:24.88977271-03:00","Action":"output","Package":"github.com/viralabs-dev/mudarro/test/internal/mudarro","Test":"TestPackageManagerSemverAcceptsStrictVersions/bun@1.4.0","Output":"--- PASS: TestPackageManagerSemverAcceptsStrictVersions/bun@1.4.0 (0.00s)\n","OutputType":"frame"}
{"Time":"2026-10-06T17:40:24.88978329-03:00","Action":"pass","Package":"github.com/viralabs-dev/mudarro/test/internal/mudarro","Test":"TestPackageManagerSemverAcceptsStrictVersions/bun@1.4.0","Elapsed":0}
{"Time":"2026-10-06T17:40:24.889795185-03:00","Action":"run","Package":"github.com/viralabs-dev/mudarro/test/internal/mudarro","Test":"TestPackageManagerSemverAcceptsStrictVersions/npm@1.2.3-alpha"}
{"Time":"2026-10-06T17:40:24.88979694-03:00","Action":"output","Package":"github.com/viralabs-dev/mudarro/test/internal/mudarro","Test":"TestPackageManagerSemverAcceptsStrictVersions/npm@1.2.3-alpha","Output":"=== RUN   TestPackageManagerSemverAcceptsStrictVersions/npm@1.2.3-alpha\n","OutputType":"frame"}
{"Time":"2026-10-06T17:40:24.890638818-03:00","Action":"output","Package":"github.com/viralabs-dev/mudarro/test/internal/mudarro","Test":"TestPackageManagerSemverAcceptsStrictVersions/npm@1.2.3-alpha","Output":"--- PASS: TestPackageManagerSemverAcceptsStrictVersions/npm@1.2.3-alpha (0.00s)\n","OutputType":"frame"}
{"Time":"2026-10-06T17:40:24.890652689-03:00","Action":"pass","Package":"github.com/viralabs-dev/mudarro/test/internal/mudarro","Test":"TestPackageManagerSemverAcceptsStrictVersions/npm@1.2.3-alpha","Elapsed":0}
{"Time":"2026-10-06T17:40:24.890668532-03:00","Action":"run","Package":"github.com/viralabs-dev/mudarro/test/internal/mudarro","Test":"TestPackageManagerSemverAcceptsStrictVersions/npm@1.2.3-alpha.0"}
{"Time":"2026-10-06T17:40:24.890670521-03:00","Action":"output","Package":"github.com/viralabs-dev/mudarro/test/internal/mudarro","Test":"TestPackageManagerSemverAcceptsStrictVersions/npm@1.2.3-alpha.0","Output":"=== RUN   TestPackageManagerSemverAcceptsStrictVersions/npm@1.2.3-alpha.0\n","OutputType":"frame"}
{"Time":"2026-10-06T17:40:24.891594668-03:00","Action":"output","Package":"github.com/viralabs-dev/mudarro/test/internal/mudarro","Test":"TestPackageManagerSemverAcceptsStrictVersions/npm@1.2.3-alpha.0","Output":"--- PASS: TestPackageManagerSemverAcceptsStrictVersions/npm@1.2.3-alpha.0 (0.00s)\n","OutputType":"frame"}
{"Time":"2026-10-06T17:40:24.891609809-03:00","Action":"pass","Package":"github.com/viralabs-dev/mudarro/test/internal/mudarro","Test":"TestPackageManagerSemverAcceptsStrictVersions/npm@1.2.3-alpha.0","Elapsed":0}
{"Time":"2026-10-06T17:40:24.89162408-03:00","Action":"run","Package":"github.com/viralabs-dev/mudarro/test/internal/mudarro","Test":"TestPackageManagerSemverAcceptsStrictVersions/npm@1.2.3-0"}
{"Time":"2026-10-06T17:40:24.891626575-03:00","Action":"output","Package":"github.com/viralabs-dev/mudarro/test/internal/mudarro","Test":"TestPackageManagerSemverAcceptsStrictVersions/npm@1.2.3-0","Output":"=== RUN   TestPackageManagerSemverAcceptsStrictVersions/npm@1.2.3-0\n","OutputType":"frame"}
{"Time":"2026-10-06T17:40:24.892760302-03:00","Action":"output","Package":"github.com/viralabs-dev/mudarro/test/internal/mudarro","Test":"TestPackageManagerSemverAcceptsStrictVersions/npm@1.2.3-0","Output":"--- PASS: TestPackageManagerSemverAcceptsStrictVersions/npm@1.2.3-0 (0.00s)\n","OutputType":"frame"}
{"Time":"2026-10-06T17:40:24.892777622-03:00","Action":"pass","Package":"github.com/viralabs-dev/mudarro/test/internal/mudarro","Test":"TestPackageManagerSemverAcceptsStrictVersions/npm@1.2.3-0","Elapsed":0}
{"Time":"2026-10-06T17:40:24.892793655-03:00","Action":"run","Package":"github.com/viralabs-dev/mudarro/test/internal/mudarro","Test":"TestPackageManagerSemverAcceptsStrictVersions/npm@1.2.3-0a"}
{"Time":"2026-10-06T17:40:24.892795499-03:00","Action":"output","Package":"github.com/viralabs-dev/mudarro/test/internal/mudarro","Test":"TestPackageManagerSemverAcceptsStrictVersions/npm@1.2.3-0a","Output":"=== RUN   TestPackageManagerSemverAcceptsStrictVersions/npm@1.2.3-0a\n","OutputType":"frame"}
{"Time":"2026-10-06T17:40:24.893851801-03:00","Action":"output","Package":"github.com/viralabs-dev/mudarro/test/internal/mudarro","Test":"TestPackageManagerSemverAcceptsStrictVersions/npm@1.2.3-0a","Output":"--- PASS: TestPackageManagerSemverAcceptsStrictVersions/npm@1.2.3-0a (0.00s)\n","OutputType":"frame"}
{"Time":"2026-10-06T17:40:24.893863024-03:00","Action":"pass","Package":"github.com/viralabs-dev/mudarro/test/internal/mudarro","Test":"TestPackageManagerSemverAcceptsStrictVersions/npm@1.2.3-0a","Elapsed":0}
{"Time":"2026-10-06T17:40:24.8938653-03:00","Action":"run","Package":"github.com/viralabs-dev/mudarro/test/internal/mudarro","Test":"TestPackageManagerSemverAcceptsStrictVersions/npm@1.2.3--"}
{"Time":"2026-10-06T17:40:24.893866867-03:00","Action":"output","Package":"github.com/viralabs-dev/mudarro/test/internal/mudarro","Test":"TestPackageManagerSemverAcceptsStrictVersions/npm@1.2.3--","Output":"=== RUN   TestPackageManagerSemverAcceptsStrictVersions/npm@1.2.3--\n","OutputType":"frame"}
{"Time":"2026-10-06T17:40:24.894926229-03:00","Action":"output","Package":"github.com/viralabs-dev/mudarro/test/internal/mudarro","Test":"TestPackageManagerSemverAcceptsStrictVersions/npm@1.2.3--","Output":"--- PASS: TestPackageManagerSemverAcceptsStrictVersions/npm@1.2.3-- (0.00s)\n","OutputType":"frame"}
{"Time":"2026-10-06T17:40:24.894940005-03:00","Action":"pass","Package":"github.com/viralabs-dev/mudarro/test/internal/mudarro","Test":"TestPackageManagerSemverAcceptsStrictVersions/npm@1.2.3--","Elapsed":0}
{"Time":"2026-10-06T17:40:24.894942047-03:00","Action":"run","Package":"github.com/viralabs-dev/mudarro/test/internal/mudarro","Test":"TestPackageManagerSemverAcceptsStrictVersions/npm@1.2.3-a-b.10"}
{"Time":"2026-10-06T17:40:24.89494344-03:00","Action":"output","Package":"github.com/viralabs-dev/mudarro/test/internal/mudarro","Test":"TestPackageManagerSemverAcceptsStrictVersions/npm@1.2.3-a-b.10","Output":"=== RUN   TestPackageManagerSemverAcceptsStrictVersions/npm@1.2.3-a-b.10\n","OutputType":"frame"}
{"Time":"2026-10-06T17:40:24.896037882-03:00","Action":"output","Package":"github.com/viralabs-dev/mudarro/test/internal/mudarro","Test":"TestPackageManagerSemverAcceptsStrictVersions/npm@1.2.3-a-b.10","Output":"--- PASS: TestPackageManagerSemverAcceptsStrictVersions/npm@1.2.3-a-b.10 (0.00s)\n","OutputType":"frame"}
{"Time":"2026-10-06T17:40:24.896048661-03:00","Action":"pass","Package":"github.com/viralabs-dev/mudarro/test/internal/mudarro","Test":"TestPackageManagerSemverAcceptsStrictVersions/npm@1.2.3-a-b.10","Elapsed":0}
{"Time":"2026-10-06T17:40:24.8960515-03:00","Action":"run","Package":"github.com/viralabs-dev/mudarro/test/internal/mudarro","Test":"TestPackageManagerSemverAcceptsStrictVersions/npm@1.2.3+001.02"}
{"Time":"2026-10-06T17:40:24.896052833-03:00","Action":"output","Package":"github.com/viralabs-dev/mudarro/test/internal/mudarro","Test":"TestPackageManagerSemverAcceptsStrictVersions/npm@1.2.3+001.02","Output":"=== RUN   TestPackageManagerSemverAcceptsStrictVersions/npm@1.2.3+001.02\n","OutputType":"frame"}
{"Time":"2026-10-06T17:40:24.897112102-03:00","Action":"output","Package":"github.com/viralabs-dev/mudarro/test/internal/mudarro","Test":"TestPackageManagerSemverAcceptsStrictVersions/npm@1.2.3+001.02","Output":"--- PASS: TestPackageManagerSemverAcceptsStrictVersions/npm@1.2.3+001.02 (0.00s)\n","OutputType":"frame"}
{"Time":"2026-10-06T17:40:24.897120833-03:00","Action":"pass","Package":"github.com/viralabs-dev/mudarro/test/internal/mudarro","Test":"TestPackageManagerSemverAcceptsStrictVersions/npm@1.2.3+001.02","Elapsed":0}
{"Time":"2026-10-06T17:40:24.897122993-03:00","Action":"run","Package":"github.com/viralabs-dev/mudarro/test/internal/mudarro","Test":"TestPackageManagerSemverAcceptsStrictVersions/npm@1.2.3+build-meta.9"}
{"Time":"2026-10-06T17:40:24.897124396-03:00","Action":"output","Package":"github.com/viralabs-dev/mudarro/test/internal/mudarro","Test":"TestPackageManagerSemverAcceptsStrictVersions/npm@1.2.3+build-meta.9","Output":"=== RUN   TestPackageManagerSemverAcceptsStrictVersions/npm@1.2.3+build-meta.9\n","OutputType":"frame"}
{"Time":"2026-10-06T17:40:24.898006269-03:00","Action":"output","Package":"github.com/viralabs-dev/mudarro/test/internal/mudarro","Test":"TestPackageManagerSemverAcceptsStrictVersions/npm@1.2.3+build-meta.9","Output":"--- PASS: TestPackageManagerSemverAcceptsStrictVersions/npm@1.2.3+build-meta.9 (0.00s)\n","OutputType":"frame"}
{"Time":"2026-10-06T17:40:24.898018092-03:00","Action":"pass","Package":"github.com/viralabs-dev/mudarro/test/internal/mudarro","Test":"TestPackageManagerSemverAcceptsStrictVersions/npm@1.2.3+build-meta.9","Elapsed":0}
{"Time":"2026-10-06T17:40:24.898019627-03:00","Action":"run","Package":"github.com/viralabs-dev/mudarro/test/internal/mudarro","Test":"TestPackageManagerSemverAcceptsStrictVersions/npm@1.2.3-alpha.1+build.001"}
{"Time":"2026-10-06T17:40:24.898021088-03:00","Action":"output","Package":"github.com/viralabs-dev/mudarro/test/internal/mudarro","Test":"TestPackageManagerSemverAcceptsStrictVersions/npm@1.2.3-alpha.1+build.001","Output":"=== RUN   TestPackageManagerSemverAcceptsStrictVersions/npm@1.2.3-alpha.1+build.001\n","OutputType":"frame"}
{"Time":"2026-10-06T17:40:24.898827558-03:00","Action":"output","Package":"github.com/viralabs-dev/mudarro/test/internal/mudarro","Test":"TestPackageManagerSemverAcceptsStrictVersions/npm@1.2.3-alpha.1+build.001","Output":"--- PASS: TestPackageManagerSemverAcceptsStrictVersions/npm@1.2.3-alpha.1+build.001 (0.00s)\n","OutputType":"frame"}
{"Time":"2026-10-06T17:40:24.89884496-03:00","Action":"pass","Package":"github.com/viralabs-dev/mudarro/test/internal/mudarro","Test":"TestPackageManagerSemverAcceptsStrictVersions/npm@1.2.3-alpha.1+build.001","Elapsed":0}
{"Time":"2026-10-06T17:40:24.898846958-03:00","Action":"run","Package":"github.com/viralabs-dev/mudarro/test/internal/mudarro","Test":"TestPackageManagerSemverAcceptsStrictVersions/yarn@4.18.1+sha224.abcdef0123456789"}
{"Time":"2026-10-06T17:40:24.898848896-03:00","Action":"output","Package":"github.com/viralabs-dev/mudarro/test/internal/mudarro","Test":"TestPackageManagerSemverAcceptsStrictVersions/yarn@4.18.1+sha224.abcdef0123456789","Output":"=== RUN   TestPackageManagerSemverAcceptsStrictVersions/yarn@4.18.1+sha224.abcdef0123456789\n","OutputType":"frame"}
{"Time":"2026-10-06T17:40:24.899556052-03:00","Action":"output","Package":"github.com/viralabs-dev/mudarro/test/internal/mudarro","Test":"TestPackageManagerSemverAcceptsStrictVersions/yarn@4.18.1+sha224.abcdef0123456789","Output":"--- PASS: TestPackageManagerSemverAcceptsStrictVersions/yarn@4.18.1+sha224.abcdef0123456789 (0.00s)\n","OutputType":"frame"}
{"Time":"2026-10-06T17:40:24.899567804-03:00","Action":"pass","Package":"github.com/viralabs-dev/mudarro/test/internal/mudarro","Test":"TestPackageManagerSemverAcceptsStrictVersions/yarn@4.18.1+sha224.abcdef0123456789","Elapsed":0}
{"Time":"2026-10-06T17:40:24.899580025-03:00","Action":"run","Package":"github.com/viralabs-dev/mudarro/test/internal/mudarro","Test":"TestPackageManagerSemverAcceptsStrictVersions/npm@1.2.3+sha224.nothex"}
{"Time":"2026-10-06T17:40:24.899581809-03:00","Action":"output","Package":"github.com/viralabs-dev/mudarro/test/internal/mudarro","Test":"TestPackageManagerSemverAcceptsStrictVersions/npm@1.2.3+sha224.nothex","Output":"=== RUN   TestPackageManagerSemverAcceptsStrictVersions/npm@1.2.3+sha224.nothex\n","OutputType":"frame"}
{"Time":"2026-10-06T17:40:24.900315785-03:00","Action":"output","Package":"github.com/viralabs-dev/mudarro/test/internal/mudarro","Test":"TestPackageManagerSemverAcceptsStrictVersions/npm@1.2.3+sha224.nothex","Output":"--- PASS: TestPackageManagerSemverAcceptsStrictVersions/npm@1.2.3+sha224.nothex (0.00s)\n","OutputType":"frame"}
{"Time":"2026-10-06T17:40:24.900334492-03:00","Action":"pass","Package":"github.com/viralabs-dev/mudarro/test/internal/mudarro","Test":"TestPackageManagerSemverAcceptsStrictVersions/npm@1.2.3+sha224.nothex","Elapsed":0}
{"Time":"2026-10-06T17:40:24.900337709-03:00","Action":"run","Package":"github.com/viralabs-dev/mudarro/test/internal/mudarro","Test":"TestPackageManagerSemverAcceptsStrictVersions/npm@18446744073709551616.0.0"}
{"Time":"2026-10-06T17:40:24.90033907-03:00","Action":"output","Package":"github.com/viralabs-dev/mudarro/test/internal/mudarro","Test":"TestPackageManagerSemverAcceptsStrictVersions/npm@18446744073709551616.0.0","Output":"=== RUN   TestPackageManagerSemverAcceptsStrictVersions/npm@18446744073709551616.0.0\n","OutputType":"frame"}
{"Time":"2026-10-06T17:40:24.901638466-03:00","Action":"output","Package":"github.com/viralabs-dev/mudarro/test/internal/mudarro","Test":"TestPackageManagerSemverAcceptsStrictVersions/npm@18446744073709551616.0.0","Output":"--- PASS: TestPackageManagerSemverAcceptsStrictVersions/npm@18446744073709551616.0.0 (0.00s)\n","OutputType":"frame"}
{"Time":"2026-10-06T17:40:24.901652324-03:00","Action":"pass","Package":"github.com/viralabs-dev/mudarro/test/internal/mudarro","Test":"TestPackageManagerSemverAcceptsStrictVersions/npm@18446744073709551616.0.0","Elapsed":0}
{"Time":"2026-10-06T17:40:24.901656395-03:00","Action":"output","Package":"github.com/viralabs-dev/mudarro/test/internal/mudarro","Test":"TestPackageManagerSemverAcceptsStrictVersions","Output":"--- PASS: TestPackageManagerSemverAcceptsStrictVersions (0.01s)\n","OutputType":"frame"}
{"Time":"2026-10-06T17:40:24.901658751-03:00","Action":"pass","Package":"github.com/viralabs-dev/mudarro/test/internal/mudarro","Test":"TestPackageManagerSemverAcceptsStrictVersions","Elapsed":0.01}
{"Time":"2026-10-06T17:40:24.901662691-03:00","Action":"run","Package":"github.com/viralabs-dev/mudarro/test/internal/mudarro","Test":"TestPackageManagerSemverRejectsOpaqueOrMalformedVersions"}
{"Time":"2026-10-06T17:40:24.901664137-03:00","Action":"output","Package":"github.com/viralabs-dev/mudarro/test/internal/mudarro","Test":"TestPackageManagerSemverRejectsOpaqueOrMalformedVersions","Output":"=== RUN   TestPackageManagerSemverRejectsOpaqueOrMalformedVersions\n","OutputType":"frame"}
{"Time":"2026-10-06T17:40:24.901666425-03:00","Action":"run","Package":"github.com/viralabs-dev/mudarro/test/internal/mudarro","Test":"TestPackageManagerSemverRejectsOpaqueOrMalformedVersions/1"}
{"Time":"2026-10-06T17:40:24.901667726-03:00","Action":"output","Package":"github.com/viralabs-dev/mudarro/test/internal/mudarro","Test":"TestPackageManagerSemverRejectsOpaqueOrMalformedVersions/1","Output":"=== RUN   TestPackageManagerSemverRejectsOpaqueOrMalformedVersions/1\n","OutputType":"frame"}
{"Time":"2026-10-06T17:40:24.902806447-03:00","Action":"output","Package":"github.com/viralabs-dev/mudarro/test/internal/mudarro","Test":"TestPackageManagerSemverRejectsOpaqueOrMalformedVersions/1","Output":"--- PASS: TestPackageManagerSemverRejectsOpaqueOrMalformedVersions/1 (0.00s)\n","OutputType":"frame"}
{"Time":"2026-10-06T17:40:24.902809335-03:00","Action":"pass","Package":"github.com/viralabs-dev/mudarro/test/internal/mudarro","Test":"TestPackageManagerSemverRejectsOpaqueOrMalformedVersions/1","Elapsed":0}
{"Time":"2026-10-06T17:40:24.902811706-03:00","Action":"run","Package":"github.com/viralabs-dev/mudarro/test/internal/mudarro","Test":"TestPackageManagerSemverRejectsOpaqueOrMalformedVersions/1.2"}
{"Time":"2026-10-06T17:40:24.902813113-03:00","Action":"output","Package":"github.com/viralabs-dev/mudarro/test/internal/mudarro","Test":"TestPackageManagerSemverRejectsOpaqueOrMalformedVersions/1.2","Output":"=== RUN   TestPackageManagerSemverRejectsOpaqueOrMalformedVersions/1.2\n","OutputType":"frame"}
{"Time":"2026-10-06T17:40:24.903898359-03:00","Action":"output","Package":"github.com/viralabs-dev/mudarro/test/internal/mudarro","Test":"TestPackageManagerSemverRejectsOpaqueOrMalformedVersions/1.2","Output":"--- PASS: TestPackageManagerSemverRejectsOpaqueOrMalformedVersions/1.2 (0.00s)\n","OutputType":"frame"}
{"Time":"2026-10-06T17:40:24.903918703-03:00","Action":"pass","Package":"github.com/viralabs-dev/mudarro/test/internal/mudarro","Test":"TestPackageManagerSemverRejectsOpaqueOrMalformedVersions/1.2","Elapsed":0}
{"Time":"2026-10-06T17:40:24.90392312-03:00","Action":"run","Package":"github.com/viralabs-dev/mudarro/test/internal/mudarro","Test":"TestPackageManagerSemverRejectsOpaqueOrMalformedVersions/1.2.3.4"}
{"Time":"2026-10-06T17:40:24.903924511-03:00","Action":"output","Package":"github.com/viralabs-dev/mudarro/test/internal/mudarro","Test":"TestPackageManagerSemverRejectsOpaqueOrMalformedVersions/1.2.3.4","Output":"=== RUN   TestPackageManagerSemverRejectsOpaqueOrMalformedVersions/1.2.3.4\n","OutputType":"frame"}
{"Time":"2026-10-06T17:40:24.905011931-03:00","Action":"output","Package":"github.com/viralabs-dev/mudarro/test/internal/mudarro","Test":"TestPackageManagerSemverRejectsOpaqueOrMalformedVersions/1.2.3.4","Output":"--- PASS: TestPackageManagerSemverRejectsOpaqueOrMalformedVersions/1.2.3.4 (0.00s)\n","OutputType":"frame"}
{"Time":"2026-10-06T17:40:24.905018526-03:00","Action":"pass","Package":"github.com/viralabs-dev/mudarro/test/internal/mudarro","Test":"TestPackageManagerSemverRejectsOpaqueOrMalformedVersions/1.2.3.4","Elapsed":0}
{"Time":"2026-10-06T17:40:24.90502097-03:00","Action":"run","Package":"github.com/viralabs-dev/mudarro/test/internal/mudarro","Test":"TestPackageManagerSemverRejectsOpaqueOrMalformedVersions/01.2.3"}
{"Time":"2026-10-06T17:40:24.905022764-03:00","Action":"output","Package":"github.com/viralabs-dev/mudarro/test/internal/mudarro","Test":"TestPackageManagerSemverRejectsOpaqueOrMalformedVersions/01.2.3","Output":"=== RUN   TestPackageManagerSemverRejectsOpaqueOrMalformedVersions/01.2.3\n","OutputType":"frame"}
{"Time":"2026-10-06T17:40:24.906094621-03:00","Action":"output","Package":"github.com/viralabs-dev/mudarro/test/internal/mudarro","Test":"TestPackageManagerSemverRejectsOpaqueOrMalformedVersions/01.2.3","Output":"--- PASS: TestPackageManagerSemverRejectsOpaqueOrMalformedVersions/01.2.3 (0.00s)\n","OutputType":"frame"}
{"Time":"2026-10-06T17:40:24.906102066-03:00","Action":"pass","Package":"github.com/viralabs-dev/mudarro/test/internal/mudarro","Test":"TestPackageManagerSemverRejectsOpaqueOrMalformedVersions/01.2.3","Elapsed":0}
{"Time":"2026-10-06T17:40:24.906103797-03:00","Action":"run","Package":"github.com/viralabs-dev/mudarro/test/internal/mudarro","Test":"TestPackageManagerSemverRejectsOpaqueOrMalformedVersions/1.02.3"}
{"Time":"2026-10-06T17:40:24.906105129-03:00","Action":"output","Package":"github.com/viralabs-dev/mudarro/test/internal/mudarro","Test":"TestPackageManagerSemverRejectsOpaqueOrMalformedVersions/1.02.3","Output":"=== RUN   TestPackageManagerSemverRejectsOpaqueOrMalformedVersions/1.02.3\n","OutputType":"frame"}
{"Time":"2026-10-06T17:40:24.907171094-03:00","Action":"output","Package":"github.com/viralabs-dev/mudarro/test/internal/mudarro","Test":"TestPackageManagerSemverRejectsOpaqueOrMalformedVersions/1.02.3","Output":"--- PASS: TestPackageManagerSemverRejectsOpaqueOrMalformedVersions/1.02.3 (0.00s)\n","OutputType":"frame"}
{"Time":"2026-10-06T17:40:24.907190606-03:00","Action":"pass","Package":"github.com/viralabs-dev/mudarro/test/internal/mudarro","Test":"TestPackageManagerSemverRejectsOpaqueOrMalformedVersions/1.02.3","Elapsed":0}
{"Time":"2026-10-06T17:40:24.907198942-03:00","Action":"run","Package":"github.com/viralabs-dev/mudarro/test/internal/mudarro","Test":"TestPackageManagerSemverRejectsOpaqueOrMalformedVersions/1.2.03"}
{"Time":"2026-10-06T17:40:24.907203156-03:00","Action":"output","Package":"github.com/viralabs-dev/mudarro/test/internal/mudarro","Test":"TestPackageManagerSemverRejectsOpaqueOrMalformedVersions/1.2.03","Output":"=== RUN   TestPackageManagerSemverRejectsOpaqueOrMalformedVersions/1.2.03\n","OutputType":"frame"}
{"Time":"2026-10-06T17:40:24.908342495-03:00","Action":"output","Package":"github.com/viralabs-dev/mudarro/test/internal/mudarro","Test":"TestPackageManagerSemverRejectsOpaqueOrMalformedVersions/1.2.03","Output":"--- PASS: TestPackageManagerSemverRejectsOpaqueOrMalformedVersions/1.2.03 (0.00s)\n","OutputType":"frame"}
{"Time":"2026-10-06T17:40:24.908357082-03:00","Action":"pass","Package":"github.com/viralabs-dev/mudarro/test/internal/mudarro","Test":"TestPackageManagerSemverRejectsOpaqueOrMalformedVersions/1.2.03","Elapsed":0}
{"Time":"2026-10-06T17:40:24.908361064-03:00","Action":"run","Package":"github.com/viralabs-dev/mudarro/test/internal/mudarro","Test":"TestPackageManagerSemverRejectsOpaqueOrMalformedVersions/v1.2.3"}
{"Time":"2026-10-06T17:40:24.908362735-03:00","Action":"output","Package":"github.com/viralabs-dev/mudarro/test/internal/mudarro","Test":"TestPackageManagerSemverRejectsOpaqueOrMalformedVersions/v1.2.3","Output":"=== RUN   TestPackageManagerSemverRejectsOpaqueOrMalformedVersions/v1.2.3\n","OutputType":"frame"}
{"Time":"2026-10-06T17:40:24.909471084-03:00","Action":"output","Package":"github.com/viralabs-dev/mudarro/test/internal/mudarro","Test":"TestPackageManagerSemverRejectsOpaqueOrMalformedVersions/v1.2.3","Output":"--- PASS: TestPackageManagerSemverRejectsOpaqueOrMalformedVersions/v1.2.3 (0.00s)\n","OutputType":"frame"}
{"Time":"2026-10-06T17:40:24.90947335-03:00","Action":"pass","Package":"github.com/viralabs-dev/mudarro/test/internal/mudarro","Test":"TestPackageManagerSemverRejectsOpaqueOrMalformedVersions/v1.2.3","Elapsed":0}
{"Time":"2026-10-06T17:40:24.909475125-03:00","Action":"run","Package":"github.com/viralabs-dev/mudarro/test/internal/mudarro","Test":"TestPackageManagerSemverRejectsOpaqueOrMalformedVersions/^1.2.3"}
{"Time":"2026-10-06T17:40:24.909479608-03:00","Action":"output","Package":"github.com/viralabs-dev/mudarro/test/internal/mudarro","Test":"TestPackageManagerSemverRejectsOpaqueOrMalformedVersions/^1.2.3","Output":"=== RUN   TestPackageManagerSemverRejectsOpaqueOrMalformedVersions/^1.2.3\n","OutputType":"frame"}
{"Time":"2026-10-06T17:40:24.910539893-03:00","Action":"output","Package":"github.com/viralabs-dev/mudarro/test/internal/mudarro","Test":"TestPackageManagerSemverRejectsOpaqueOrMalformedVersions/^1.2.3","Output":"--- PASS: TestPackageManagerSemverRejectsOpaqueOrMalformedVersions/^1.2.3 (0.00s)\n","OutputType":"frame"}
{"Time":"2026-10-06T17:40:24.91054563-03:00","Action":"pass","Package":"github.com/viralabs-dev/mudarro/test/internal/mudarro","Test":"TestPackageManagerSemverRejectsOpaqueOrMalformedVersions/^1.2.3","Elapsed":0}
{"Time":"2026-10-06T17:40:24.910547946-03:00","Action":"run","Package":"github.com/viralabs-dev/mudarro/test/internal/mudarro","Test":"TestPackageManagerSemverRejectsOpaqueOrMalformedVersions/~1.2.3"}
{"Time":"2026-10-06T17:40:24.91054947-03:00","Action":"output","Package":"github.com/viralabs-dev/mudarro/test/internal/mudarro","Test":"TestPackageManagerSemverRejectsOpaqueOrMalformedVersions/~1.2.3","Output":"=== RUN   TestPackageManagerSemverRejectsOpaqueOrMalformedVersions/~1.2.3\n","OutputType":"frame"}
{"Time":"2026-10-06T17:40:24.911622831-03:00","Action":"output","Package":"github.com/viralabs-dev/mudarro/test/internal/mudarro","Test":"TestPackageManagerSemverRejectsOpaqueOrMalformedVersions/~1.2.3","Output":"--- PASS: TestPackageManagerSemverRejectsOpaqueOrMalformedVersions/~1.2.3 (0.00s)\n","OutputType":"frame"}
{"Time":"2026-10-06T17:40:24.911636312-03:00","Action":"pass","Package":"github.com/viralabs-dev/mudarro/test/internal/mudarro","Test":"TestPackageManagerSemverRejectsOpaqueOrMalformedVersions/~1.2.3","Elapsed":0}
{"Time":"2026-10-06T17:40:24.911647542-03:00","Action":"run","Package":"github.com/viralabs-dev/mudarro/test/internal/mudarro","Test":"TestPackageManagerSemverRejectsOpaqueOrMalformedVersions/latest"}
{"Time":"2026-10-06T17:40:24.911651054-03:00","Action":"output","Package":"github.com/viralabs-dev/mudarro/test/internal/mudarro","Test":"TestPackageManagerSemverRejectsOpaqueOrMalformedVersions/latest","Output":"=== RUN   TestPackageManagerSemverRejectsOpaqueOrMalformedVersions/latest\n","OutputType":"frame"}
{"Time":"2026-10-06T17:40:24.912735392-03:00","Action":"output","Package":"github.com/viralabs-dev/mudarro/test/internal/mudarro","Test":"TestPackageManagerSemverRejectsOpaqueOrMalformedVersions/latest","Output":"--- PASS: TestPackageManagerSemverRejectsOpaqueOrMalformedVersions/latest (0.00s)\n","OutputType":"frame"}
{"Time":"2026-10-06T17:40:24.912746395-03:00","Action":"pass","Package":"github.com/viralabs-dev/mudarro/test/internal/mudarro","Test":"TestPackageManagerSemverRejectsOpaqueOrMalformedVersions/latest","Elapsed":0}
{"Time":"2026-10-06T17:40:24.91276156-03:00","Action":"run","Package":"github.com/viralabs-dev/mudarro/test/internal/mudarro","Test":"TestPackageManagerSemverRejectsOpaqueOrMalformedVersions/https:__example.invalid_tool"}
{"Time":"2026-10-06T17:40:24.912763836-03:00","Action":"output","Package":"github.com/viralabs-dev/mudarro/test/internal/mudarro","Test":"TestPackageManagerSemverRejectsOpaqueOrMalformedVersions/https:__example.invalid_tool","Output":"=== RUN   TestPackageManagerSemverRejectsOpaqueOrMalformedVersions/https:__example.invalid_tool\n","OutputType":"frame"}
{"Time":"2026-10-06T17:40:24.913847851-03:00","Action":"output","Package":"github.com/viralabs-dev/mudarro/test/internal/mudarro","Test":"TestPackageManagerSemverRejectsOpaqueOrMalformedVersions/https:__example.invalid_tool","Output":"--- PASS: TestPackageManagerSemverRejectsOpaqueOrMalformedVersions/https:__example.invalid_tool (0.00s)\n","OutputType":"frame"}
{"Time":"2026-10-06T17:40:24.913857458-03:00","Action":"pass","Package":"github.com/viralabs-dev/mudarro/test/internal/mudarro","Test":"TestPackageManagerSemverRejectsOpaqueOrMalformedVersions/https:__example.invalid_tool","Elapsed":0}
{"Time":"2026-10-06T17:40:24.913869942-03:00","Action":"run","Package":"github.com/viralabs-dev/mudarro/test/internal/mudarro","Test":"TestPackageManagerSemverRejectsOpaqueOrMalformedVersions/1.2.3@extra"}
{"Time":"2026-10-06T17:40:24.913871722-03:00","Action":"output","Package":"github.com/viralabs-dev/mudarro/test/internal/mudarro","Test":"TestPackageManagerSemverRejectsOpaqueOrMalformedVersions/1.2.3@extra","Output":"=== RUN   TestPackageManagerSemverRejectsOpaqueOrMalformedVersions/1.2.3@extra\n","OutputType":"frame"}
{"Time":"2026-10-06T17:40:24.915027857-03:00","Action":"output","Package":"github.com/viralabs-dev/mudarro/test/internal/mudarro","Test":"TestPackageManagerSemverRejectsOpaqueOrMalformedVersions/1.2.3@extra","Output":"--- PASS: TestPackageManagerSemverRejectsOpaqueOrMalformedVersions/1.2.3@extra (0.00s)\n","OutputType":"frame"}
{"Time":"2026-10-06T17:40:24.915032928-03:00","Action":"pass","Package":"github.com/viralabs-dev/mudarro/test/internal/mudarro","Test":"TestPackageManagerSemverRejectsOpaqueOrMalformedVersions/1.2.3@extra","Elapsed":0}
{"Time":"2026-10-06T17:40:24.91503552-03:00","Action":"run","Package":"github.com/viralabs-dev/mudarro/test/internal/mudarro","Test":"TestPackageManagerSemverRejectsOpaqueOrMalformedVersions/1.2.3-"}
{"Time":"2026-10-06T17:40:24.915037146-03:00","Action":"output","Package":"github.com/viralabs-dev/mudarro/test/internal/mudarro","Test":"TestPackageManagerSemverRejectsOpaqueOrMalformedVersions/1.2.3-","Output":"=== RUN   TestPackageManagerSemverRejectsOpaqueOrMalformedVersions/1.2.3-\n","OutputType":"frame"}
{"Time":"2026-10-06T17:40:24.916158231-03:00","Action":"output","Package":"github.com/viralabs-dev/mudarro/test/internal/mudarro","Test":"TestPackageManagerSemverRejectsOpaqueOrMalformedVersions/1.2.3-","Output":"--- PASS: TestPackageManagerSemverRejectsOpaqueOrMalformedVersions/1.2.3- (0.00s)\n","OutputType":"frame"}
{"Time":"2026-10-06T17:40:24.916164516-03:00","Action":"pass","Package":"github.com/viralabs-dev/mudarro/test/internal/mudarro","Test":"TestPackageManagerSemverRejectsOpaqueOrMalformedVersions/1.2.3-","Elapsed":0}
{"Time":"2026-10-06T17:40:24.916166597-03:00","Action":"run","Package":"github.com/viralabs-dev/mudarro/test/internal/mudarro","Test":"TestPackageManagerSemverRejectsOpaqueOrMalformedVersions/1.2.3-01"}
{"Time":"2026-10-06T17:40:24.916168555-03:00","Action":"output","Package":"github.com/viralabs-dev/mudarro/test/internal/mudarro","Test":"TestPackageManagerSemverRejectsOpaqueOrMalformedVersions/1.2.3-01","Output":"=== RUN   TestPackageManagerSemverRejectsOpaqueOrMalformedVersions/1.2.3-01\n","OutputType":"frame"}
{"Time":"2026-10-06T17:40:24.917219291-03:00","Action":"output","Package":"github.com/viralabs-dev/mudarro/test/internal/mudarro","Test":"TestPackageManagerSemverRejectsOpaqueOrMalformedVersions/1.2.3-01","Output":"--- PASS: TestPackageManagerSemverRejectsOpaqueOrMalformedVersions/1.2.3-01 (0.00s)\n","OutputType":"frame"}
{"Time":"2026-10-06T17:40:24.917230345-03:00","Action":"pass","Package":"github.com/viralabs-dev/mudarro/test/internal/mudarro","Test":"TestPackageManagerSemverRejectsOpaqueOrMalformedVersions/1.2.3-01","Elapsed":0}
{"Time":"2026-10-06T17:40:24.917242445-03:00","Action":"run","Package":"github.com/viralabs-dev/mudarro/test/internal/mudarro","Test":"TestPackageManagerSemverRejectsOpaqueOrMalformedVersions/1.2.3-alpha.01"}
{"Time":"2026-10-06T17:40:24.917244412-03:00","Action":"output","Package":"github.com/viralabs-dev/mudarro/test/internal/mudarro","Test":"TestPackageManagerSemverRejectsOpaqueOrMalformedVersions/1.2.3-alpha.01","Output":"=== RUN   TestPackageManagerSemverRejectsOpaqueOrMalformedVersions/1.2.3-alpha.01\n","OutputType":"frame"}
{"Time":"2026-10-06T17:40:24.918386247-03:00","Action":"output","Package":"github.com/viralabs-dev/mudarro/test/internal/mudarro","Test":"TestPackageManagerSemverRejectsOpaqueOrMalformedVersions/1.2.3-alpha.01","Output":"--- PASS: TestPackageManagerSemverRejectsOpaqueOrMalformedVersions/1.2.3-alpha.01 (0.00s)\n","OutputType":"frame"}
{"Time":"2026-10-06T17:40:24.918392341-03:00","Action":"pass","Package":"github.com/viralabs-dev/mudarro/test/internal/mudarro","Test":"TestPackageManagerSemverRejectsOpaqueOrMalformedVersions/1.2.3-alpha.01","Elapsed":0}
{"Time":"2026-10-06T17:40:24.918394362-03:00","Action":"run","Package":"github.com/viralabs-dev/mudarro/test/internal/mudarro","Test":"TestPackageManagerSemverRejectsOpaqueOrMalformedVersions/1.2.3-a..b"}
{"Time":"2026-10-06T17:40:24.918395793-03:00","Action":"output","Package":"github.com/viralabs-dev/mudarro/test/internal/mudarro","Test":"TestPackageManagerSemverRejectsOpaqueOrMalformedVersions/1.2.3-a..b","Output":"=== RUN   TestPackageManagerSemverRejectsOpaqueOrMalformedVersions/1.2.3-a..b\n","OutputType":"frame"}
{"Time":"2026-10-06T17:40:24.919455319-03:00","Action":"output","Package":"github.com/viralabs-dev/mudarro/test/internal/mudarro","Test":"TestPackageManagerSemverRejectsOpaqueOrMalformedVersions/1.2.3-a..b","Output":"--- PASS: TestPackageManagerSemverRejectsOpaqueOrMalformedVersions/1.2.3-a..b (0.00s)\n","OutputType":"frame"}
{"Time":"2026-10-06T17:40:24.919471049-03:00","Action":"pass","Package":"github.com/viralabs-dev/mudarro/test/internal/mudarro","Test":"TestPackageManagerSemverRejectsOpaqueOrMalformedVersions/1.2.3-a..b","Elapsed":0}
{"Time":"2026-10-06T17:40:24.919485025-03:00","Action":"run","Package":"github.com/viralabs-dev/mudarro/test/internal/mudarro","Test":"TestPackageManagerSemverRejectsOpaqueOrMalformedVersions/1.2.3-alpha_1"}
{"Time":"2026-10-06T17:40:24.919486495-03:00","Action":"output","Package":"github.com/viralabs-dev/mudarro/test/internal/mudarro","Test":"TestPackageManagerSemverRejectsOpaqueOrMalformedVersions/1.2.3-alpha_1","Output":"=== RUN   TestPackageManagerSemverRejectsOpaqueOrMalformedVersions/1.2.3-alpha_1\n","OutputType":"frame"}
{"Time":"2026-10-06T17:40:24.920673886-03:00","Action":"output","Package":"github.com/viralabs-dev/mudarro/test/internal/mudarro","Test":"TestPackageManagerSemverRejectsOpaqueOrMalformedVersions/1.2.3-alpha_1","Output":"--- PASS: TestPackageManagerSemverRejectsOpaqueOrMalformedVersions/1.2.3-alpha_1 (0.00s)\n","OutputType":"frame"}
{"Time":"2026-10-06T17:40:24.920687189-03:00","Action":"pass","Package":"github.com/viralabs-dev/mudarro/test/internal/mudarro","Test":"TestPackageManagerSemverRejectsOpaqueOrMalformedVersions/1.2.3-alpha_1","Elapsed":0}
{"Time":"2026-10-06T17:40:24.920722719-03:00","Action":"run","Package":"github.com/viralabs-dev/mudarro/test/internal/mudarro","Test":"TestPackageManagerSemverRejectsOpaqueOrMalformedVersions/1.2.3-α"}
{"Time":"2026-10-06T17:40:24.920724817-03:00","Action":"output","Package":"github.com/viralabs-dev/mudarro/test/internal/mudarro","Test":"TestPackageManagerSemverRejectsOpaqueOrMalformedVersions/1.2.3-α","Output":"=== RUN   TestPackageManagerSemverRejectsOpaqueOrMalformedVersions/1.2.3-α\n","OutputType":"frame"}
{"Time":"2026-10-06T17:40:24.921995511-03:00","Action":"output","Package":"github.com/viralabs-dev/mudarro/test/internal/mudarro","Test":"TestPackageManagerSemverRejectsOpaqueOrMalformedVersions/1.2.3-α","Output":"--- PASS: TestPackageManagerSemverRejectsOpaqueOrMalformedVersions/1.2.3-α (0.00s)\n","OutputType":"frame"}
{"Time":"2026-10-06T17:40:24.922007257-03:00","Action":"pass","Package":"github.com/viralabs-dev/mudarro/test/internal/mudarro","Test":"TestPackageManagerSemverRejectsOpaqueOrMalformedVersions/1.2.3-α","Elapsed":0}
{"Time":"2026-10-06T17:40:24.922014397-03:00","Action":"run","Package":"github.com/viralabs-dev/mudarro/test/internal/mudarro","Test":"TestPackageManagerSemverRejectsOpaqueOrMalformedVersions/1.2.3+"}
{"Time":"2026-10-06T17:40:24.92201603-03:00","Action":"output","Package":"github.com/viralabs-dev/mudarro/test/internal/mudarro","Test":"TestPackageManagerSemverRejectsOpaqueOrMalformedVersions/1.2.3+","Output":"=== RUN   TestPackageManagerSemverRejectsOpaqueOrMalformedVersions/1.2.3+\n","OutputType":"frame"}
{"Time":"2026-10-06T17:40:24.923141638-03:00","Action":"output","Package":"github.com/viralabs-dev/mudarro/test/internal/mudarro","Test":"TestPackageManagerSemverRejectsOpaqueOrMalformedVersions/1.2.3+","Output":"--- PASS: TestPackageManagerSemverRejectsOpaqueOrMalformedVersions/1.2.3+ (0.00s)\n","OutputType":"frame"}
{"Time":"2026-10-06T17:40:24.923151811-03:00","Action":"pass","Package":"github.com/viralabs-dev/mudarro/test/internal/mudarro","Test":"TestPackageManagerSemverRejectsOpaqueOrMalformedVersions/1.2.3+","Elapsed":0}
{"Time":"2026-10-06T17:40:24.923155836-03:00","Action":"run","Package":"github.com/viralabs-dev/mudarro/test/internal/mudarro","Test":"TestPackageManagerSemverRejectsOpaqueOrMalformedVersions/1.2.3+a..b"}
{"Time":"2026-10-06T17:40:24.92315742-03:00","Action":"output","Package":"github.com/viralabs-dev/mudarro/test/internal/mudarro","Test":"TestPackageManagerSemverRejectsOpaqueOrMalformedVersions/1.2.3+a..b","Output":"=== RUN   TestPackageManagerSemverRejectsOpaqueOrMalformedVersions/1.2.3+a..b\n","OutputType":"frame"}
{"Time":"2026-10-06T17:40:24.924267643-03:00","Action":"output","Package":"github.com/viralabs-dev/mudarro/test/internal/mudarro","Test":"TestPackageManagerSemverRejectsOpaqueOrMalformedVersions/1.2.3+a..b","Output":"--- PASS: TestPackageManagerSemverRejectsOpaqueOrMalformedVersions/1.2.3+a..b (0.00s)\n","OutputType":"frame"}
{"Time":"2026-10-06T17:40:24.924276768-03:00","Action":"pass","Package":"github.com/viralabs-dev/mudarro/test/internal/mudarro","Test":"TestPackageManagerSemverRejectsOpaqueOrMalformedVersions/1.2.3+a..b","Elapsed":0}
{"Time":"2026-10-06T17:40:24.924281911-03:00","Action":"run","Package":"github.com/viralabs-dev/mudarro/test/internal/mudarro","Test":"TestPackageManagerSemverRejectsOpaqueOrMalformedVersions/1.2.3+build_1"}
{"Time":"2026-10-06T17:40:24.924283468-03:00","Action":"output","Package":"github.com/viralabs-dev/mudarro/test/internal/mudarro","Test":"TestPackageManagerSemverRejectsOpaqueOrMalformedVersions/1.2.3+build_1","Output":"=== RUN   TestPackageManagerSemverRejectsOpaqueOrMalformedVersions/1.2.3+build_1\n","OutputType":"frame"}
{"Time":"2026-10-06T17:40:24.92540456-03:00","Action":"output","Package":"github.com/viralabs-dev/mudarro/test/internal/mudarro","Test":"TestPackageManagerSemverRejectsOpaqueOrMalformedVersions/1.2.3+build_1","Output":"--- PASS: TestPackageManagerSemverRejectsOpaqueOrMalformedVersions/1.2.3+build_1 (0.00s)\n","OutputType":"frame"}
{"Time":"2026-10-06T17:40:24.925414395-03:00","Action":"pass","Package":"github.com/viralabs-dev/mudarro/test/internal/mudarro","Test":"TestPackageManagerSemverRejectsOpaqueOrMalformedVersions/1.2.3+build_1","Elapsed":0}
{"Time":"2026-10-06T17:40:24.925420088-03:00","Action":"run","Package":"github.com/viralabs-dev/mudarro/test/internal/mudarro","Test":"TestPackageManagerSemverRejectsOpaqueOrMalformedVersions/1.2.3+é"}
{"Time":"2026-10-06T17:40:24.925421742-03:00","Action":"output","Package":"github.com/viralabs-dev/mudarro/test/internal/mudarro","Test":"TestPackageManagerSemverRejectsOpaqueOrMalformedVersions/1.2.3+é","Output":"=== RUN   TestPackageManagerSemverRejectsOpaqueOrMalformedVersions/1.2.3+é\n","OutputType":"frame"}
{"Time":"2026-10-06T17:40:24.926541961-03:00","Action":"output","Package":"github.com/viralabs-dev/mudarro/test/internal/mudarro","Test":"TestPackageManagerSemverRejectsOpaqueOrMalformedVersions/1.2.3+é","Output":"--- PASS: TestPackageManagerSemverRejectsOpaqueOrMalformedVersions/1.2.3+é (0.00s)\n","OutputType":"frame"}
{"Time":"2026-10-06T17:40:24.926554702-03:00","Action":"pass","Package":"github.com/viralabs-dev/mudarro/test/internal/mudarro","Test":"TestPackageManagerSemverRejectsOpaqueOrMalformedVersions/1.2.3+é","Elapsed":0}
{"Time":"2026-10-06T17:40:24.926566986-03:00","Action":"run","Package":"github.com/viralabs-dev/mudarro/test/internal/mudarro","Test":"TestPackageManagerSemverRejectsOpaqueOrMalformedVersions/1.2.3++build"}
{"Time":"2026-10-06T17:40:24.926568556-03:00","Action":"output","Package":"github.com/viralabs-dev/mudarro/test/internal/mudarro","Test":"TestPackageManagerSemverRejectsOpaqueOrMalformedVersions/1.2.3++build","Output":"=== RUN   TestPackageManagerSemverRejectsOpaqueOrMalformedVersions/1.2.3++build\n","OutputType":"frame"}
{"Time":"2026-10-06T17:40:24.927647913-03:00","Action":"output","Package":"github.com/viralabs-dev/mudarro/test/internal/mudarro","Test":"TestPackageManagerSemverRejectsOpaqueOrMalformedVersions/1.2.3++build","Output":"--- PASS: TestPackageManagerSemverRejectsOpaqueOrMalformedVersions/1.2.3++build (0.00s)\n","OutputType":"frame"}
{"Time":"2026-10-06T17:40:24.927657808-03:00","Action":"pass","Package":"github.com/viralabs-dev/mudarro/test/internal/mudarro","Test":"TestPackageManagerSemverRejectsOpaqueOrMalformedVersions/1.2.3++build","Elapsed":0}
{"Time":"2026-10-06T17:40:24.927663361-03:00","Action":"run","Package":"github.com/viralabs-dev/mudarro/test/internal/mudarro","Test":"TestPackageManagerSemverRejectsOpaqueOrMalformedVersions/1.2.3_"}
{"Time":"2026-10-06T17:40:24.927664958-03:00","Action":"output","Package":"github.com/viralabs-dev/mudarro/test/internal/mudarro","Test":"TestPackageManagerSemverRejectsOpaqueOrMalformedVersions/1.2.3_","Output":"=== RUN   TestPackageManagerSemverRejectsOpaqueOrMalformedVersions/1.2.3_\n","OutputType":"frame"}
{"Time":"2026-10-06T17:40:24.928786222-03:00","Action":"output","Package":"github.com/viralabs-dev/mudarro/test/internal/mudarro","Test":"TestPackageManagerSemverRejectsOpaqueOrMalformedVersions/1.2.3_","Output":"--- PASS: TestPackageManagerSemverRejectsOpaqueOrMalformedVersions/1.2.3_ (0.00s)\n","OutputType":"frame"}
{"Time":"2026-10-06T17:40:24.928800127-03:00","Action":"pass","Package":"github.com/viralabs-dev/mudarro/test/internal/mudarro","Test":"TestPackageManagerSemverRejectsOpaqueOrMalformedVersions/1.2.3_","Elapsed":0}
{"Time":"2026-10-06T17:40:24.928816088-03:00","Action":"run","Package":"github.com/viralabs-dev/mudarro/test/internal/mudarro","Test":"TestPackageManagerSemverRejectsOpaqueOrMalformedVersions/1.2.3_#01"}
{"Time":"2026-10-06T17:40:24.928831994-03:00","Action":"output","Package":"github.com/viralabs-dev/mudarro/test/internal/mudarro","Test":"TestPackageManagerSemverRejectsOpaqueOrMalformedVersions/1.2.3_#01","Output":"=== RUN   TestPackageManagerSemverRejectsOpaqueOrMalformedVersions/1.2.3_#01\n","OutputType":"frame"}
{"Time":"2026-10-06T17:40:24.929962371-03:00","Action":"output","Package":"github.com/viralabs-dev/mudarro/test/internal/mudarro","Test":"TestPackageManagerSemverRejectsOpaqueOrMalformedVersions/1.2.3_#01","Output":"--- PASS: TestPackageManagerSemverRejectsOpaqueOrMalformedVersions/1.2.3_#01 (0.00s)\n","OutputType":"frame"}
{"Time":"2026-10-06T17:40:24.929970861-03:00","Action":"pass","Package":"github.com/viralabs-dev/mudarro/test/internal/mudarro","Test":"TestPackageManagerSemverRejectsOpaqueOrMalformedVersions/1.2.3_#01","Elapsed":0}
{"Time":"2026-10-06T17:40:24.929973458-03:00","Action":"run","Package":"github.com/viralabs-dev/mudarro/test/internal/mudarro","Test":"TestPackageManagerSemverRejectsOpaqueOrMalformedVersions/1.2.3+build_metadata"}
{"Time":"2026-10-06T17:40:24.929974867-03:00","Action":"output","Package":"github.com/viralabs-dev/mudarro/test/internal/mudarro","Test":"TestPackageManagerSemverRejectsOpaqueOrMalformedVersions/1.2.3+build_metadata","Output":"=== RUN   TestPackageManagerSemverRejectsOpaqueOrMalformedVersions/1.2.3+build_metadata\n","OutputType":"frame"}
{"Time":"2026-10-06T17:40:24.931135771-03:00","Action":"output","Package":"github.com/viralabs-dev/mudarro/test/internal/mudarro","Test":"TestPackageManagerSemverRejectsOpaqueOrMalformedVersions/1.2.3+build_metadata","Output":"--- PASS: TestPackageManagerSemverRejectsOpaqueOrMalformedVersions/1.2.3+build_metadata (0.00s)\n","OutputType":"frame"}
{"Time":"2026-10-06T17:40:24.931145679-03:00","Action":"pass","Package":"github.com/viralabs-dev/mudarro/test/internal/mudarro","Test":"TestPackageManagerSemverRejectsOpaqueOrMalformedVersions/1.2.3+build_metadata","Elapsed":0}
{"Time":"2026-10-06T17:40:24.931149298-03:00","Action":"output","Package":"github.com/viralabs-dev/mudarro/test/internal/mudarro","Test":"TestPackageManagerSemverRejectsOpaqueOrMalformedVersions","Output":"--- PASS: TestPackageManagerSemverRejectsOpaqueOrMalformedVersions (0.03s)\n","OutputType":"frame"}
{"Time":"2026-10-06T17:40:24.931151171-03:00","Action":"pass","Package":"github.com/viralabs-dev/mudarro/test/internal/mudarro","Test":"TestPackageManagerSemverRejectsOpaqueOrMalformedVersions","Elapsed":0.03}
{"Time":"2026-10-06T17:40:24.931153603-03:00","Action":"run","Package":"github.com/viralabs-dev/mudarro/test/internal/mudarro","Test":"TestPackageManagerSemverInvalidInitAndScanPreserveArtifacts"}
{"Time":"2026-10-06T17:40:24.93115498-03:00","Action":"output","Package":"github.com/viralabs-dev/mudarro/test/internal/mudarro","Test":"TestPackageManagerSemverInvalidInitAndScanPreserveArtifacts","Output":"=== RUN   TestPackageManagerSemverInvalidInitAndScanPreserveArtifacts\n","OutputType":"frame"}
{"Time":"2026-10-06T17:40:24.931242372-03:00","Action":"run","Package":"github.com/viralabs-dev/mudarro/test/internal/mudarro","Test":"TestPackageManagerSemverInvalidInitAndScanPreserveArtifacts/selected-script-rejected-before-config"}
{"Time":"2026-10-06T17:40:24.93125555-03:00","Action":"output","Package":"github.com/viralabs-dev/mudarro/test/internal/mudarro","Test":"TestPackageManagerSemverInvalidInitAndScanPreserveArtifacts/selected-script-rejected-before-config","Output":"=== RUN   TestPackageManagerSemverInvalidInitAndScanPreserveArtifacts/selected-script-rejected-before-config\n","OutputType":"frame"}
{"Time":"2026-10-06T17:40:24.932788319-03:00","Action":"output","Package":"github.com/viralabs-dev/mudarro/test/internal/mudarro","Test":"TestPackageManagerSemverInvalidInitAndScanPreserveArtifacts/selected-script-rejected-before-config","Output":"--- PASS: TestPackageManagerSemverInvalidInitAndScanPreserveArtifacts/selected-script-rejected-before-config (0.00s)\n","OutputType":"frame"}
{"Time":"2026-10-06T17:40:24.932796962-03:00","Action":"pass","Package":"github.com/viralabs-dev/mudarro/test/internal/mudarro","Test":"TestPackageManagerSemverInvalidInitAndScanPreserveArtifacts/selected-script-rejected-before-config","Elapsed":0}
{"Time":"2026-10-06T17:40:24.932813524-03:00","Action":"run","Package":"github.com/viralabs-dev/mudarro/test/internal/mudarro","Test":"TestPackageManagerSemverInvalidInitAndScanPreserveArtifacts/new-invalid-field-preserves-generated"}
{"Time":"2026-10-06T17:40:24.932815519-03:00","Action":"output","Package":"github.com/viralabs-dev/mudarro/test/internal/mudarro","Test":"TestPackageManagerSemverInvalidInitAndScanPreserveArtifacts/new-invalid-field-preserves-generated","Output":"=== RUN   TestPackageManagerSemverInvalidInitAndScanPreserveArtifacts/new-invalid-field-preserves-generated\n","OutputType":"frame"}
{"Time":"2026-10-06T17:40:24.937199101-03:00","Action":"output","Package":"github.com/viralabs-dev/mudarro/test/internal/mudarro","Test":"TestPackageManagerSemverInvalidInitAndScanPreserveArtifacts/new-invalid-field-preserves-generated","Output":"--- PASS: TestPackageManagerSemverInvalidInitAndScanPreserveArtifacts/new-invalid-field-preserves-generated (0.00s)\n","OutputType":"frame"}
{"Time":"2026-10-06T17:40:24.937221189-03:00","Action":"pass","Package":"github.com/viralabs-dev/mudarro/test/internal/mudarro","Test":"TestPackageManagerSemverInvalidInitAndScanPreserveArtifacts/new-invalid-field-preserves-generated","Elapsed":0}
{"Time":"2026-10-06T17:40:24.937228294-03:00","Action":"output","Package":"github.com/viralabs-dev/mudarro/test/internal/mudarro","Test":"TestPackageManagerSemverInvalidInitAndScanPreserveArtifacts","Output":"--- PASS: TestPackageManagerSemverInvalidInitAndScanPreserveArtifacts (0.01s)\n","OutputType":"frame"}
{"Time":"2026-10-06T17:40:24.9372301-03:00","Action":"pass","Package":"github.com/viralabs-dev/mudarro/test/internal/mudarro","Test":"TestPackageManagerSemverInvalidInitAndScanPreserveArtifacts","Elapsed":0.01}
{"Time":"2026-10-06T17:40:24.937232382-03:00","Action":"run","Package":"github.com/viralabs-dev/mudarro/test/internal/mudarro","Test":"TestPackageManagerValidationKnownNamesPreserveContracts"}
{"Time":"2026-10-06T17:40:24.937233887-03:00","Action":"output","Package":"github.com/viralabs-dev/mudarro/test/internal/mudarro","Test":"TestPackageManagerValidationKnownNamesPreserveContracts","Output":"=== RUN   TestPackageManagerValidationKnownNamesPreserveContracts\n","OutputType":"frame"}
{"Time":"2026-10-06T17:40:24.937237216-03:00","Action":"run","Package":"github.com/viralabs-dev/mudarro/test/internal/mudarro","Test":"TestPackageManagerValidationKnownNamesPreserveContracts/npm"}
{"Time":"2026-10-06T17:40:24.937238589-03:00","Action":"output","Package":"github.com/viralabs-dev/mudarro/test/internal/mudarro","Test":"TestPackageManagerValidationKnownNamesPreserveContracts/npm","Output":"=== RUN   TestPackageManagerValidationKnownNamesPreserveContracts/npm\n","OutputType":"frame"}
{"Time":"2026-10-06T17:40:24.938204299-03:00","Action":"output","Package":"github.com/viralabs-dev/mudarro/test/internal/mudarro","Test":"TestPackageManagerValidationKnownNamesPreserveContracts/npm","Output":"--- PASS: TestPackageManagerValidationKnownNamesPreserveContracts/npm (0.00s)\n","OutputType":"frame"}
{"Time":"2026-10-06T17:40:24.938212932-03:00","Action":"pass","Package":"github.com/viralabs-dev/mudarro/test/internal/mudarro","Test":"TestPackageManagerValidationKnownNamesPreserveContracts/npm","Elapsed":0}
{"Time":"2026-10-06T17:40:24.938220697-03:00","Action":"run","Package":"github.com/viralabs-dev/mudarro/test/internal/mudarro","Test":"TestPackageManagerValidationKnownNamesPreserveContracts/pnpm"}
{"Time":"2026-10-06T17:40:24.938224292-03:00","Action":"output","Package":"github.com/viralabs-dev/mudarro/test/internal/mudarro","Test":"TestPackageManagerValidationKnownNamesPreserveContracts/pnpm","Output":"=== RUN   TestPackageManagerValidationKnownNamesPreserveContracts/pnpm\n","OutputType":"frame"}
{"Time":"2026-10-06T17:40:24.939157098-03:00","Action":"output","Package":"github.com/viralabs-dev/mudarro/test/internal/mudarro","Test":"TestPackageManagerValidationKnownNamesPreserveContracts/pnpm","Output":"--- PASS: TestPackageManagerValidationKnownNamesPreserveContracts/pnpm (0.00s)\n","OutputType":"frame"}
{"Time":"2026-10-06T17:40:24.939167146-03:00","Action":"pass","Package":"github.com/viralabs-dev/mudarro/test/internal/mudarro","Test":"TestPackageManagerValidationKnownNamesPreserveContracts/pnpm","Elapsed":0}
{"Time":"2026-10-06T17:40:24.939168829-03:00","Action":"run","Package":"github.com/viralabs-dev/mudarro/test/internal/mudarro","Test":"TestPackageManagerValidationKnownNamesPreserveContracts/yarn"}
{"Time":"2026-10-06T17:40:24.939170299-03:00","Action":"output","Package":"github.com/viralabs-dev/mudarro/test/internal/mudarro","Test":"TestPackageManagerValidationKnownNamesPreserveContracts/yarn","Output":"=== RUN   TestPackageManagerValidationKnownNamesPreserveContracts/yarn\n","OutputType":"frame"}
{"Time":"2026-10-06T17:40:24.940025764-03:00","Action":"output","Package":"github.com/viralabs-dev/mudarro/test/internal/mudarro","Test":"TestPackageManagerValidationKnownNamesPreserveContracts/yarn","Output":"--- PASS: TestPackageManagerValidationKnownNamesPreserveContracts/yarn (0.00s)\n","OutputType":"frame"}
{"Time":"2026-10-06T17:40:24.940043313-03:00","Action":"pass","Package":"github.com/viralabs-dev/mudarro/test/internal/mudarro","Test":"TestPackageManagerValidationKnownNamesPreserveContracts/yarn","Elapsed":0}
{"Time":"2026-10-06T17:40:24.940051799-03:00","Action":"run","Package":"github.com/viralabs-dev/mudarro/test/internal/mudarro","Test":"TestPackageManagerValidationKnownNamesPreserveContracts/bun"}
{"Time":"2026-10-06T17:40:24.940053079-03:00","Action":"output","Package":"github.com/viralabs-dev/mudarro/test/internal/mudarro","Test":"TestPackageManagerValidationKnownNamesPreserveContracts/bun","Output":"=== RUN   TestPackageManagerValidationKnownNamesPreserveContracts/bun\n","OutputType":"frame"}
{"Time":"2026-10-06T17:40:24.940912483-03:00","Action":"output","Package":"github.com/viralabs-dev/mudarro/test/internal/mudarro","Test":"TestPackageManagerValidationKnownNamesPreserveContracts/bun","Output":"--- PASS: TestPackageManagerValidationKnownNamesPreserveContracts/bun (0.00s)\n","OutputType":"frame"}
{"Time":"2026-10-06T17:40:24.940930209-03:00","Action":"pass","Package":"github.com/viralabs-dev/mudarro/test/internal/mudarro","Test":"TestPackageManagerValidationKnownNamesPreserveContracts/bun","Elapsed":0}
{"Time":"2026-10-06T17:40:24.940947715-03:00","Action":"output","Package":"github.com/viralabs-dev/mudarro/test/internal/mudarro","Test":"TestPackageManagerValidationKnownNamesPreserveContracts","Output":"--- PASS: TestPackageManagerValidationKnownNamesPreserveContracts (0.00s)\n","OutputType":"frame"}
{"Time":"2026-10-06T17:40:24.940951647-03:00","Action":"pass","Package":"github.com/viralabs-dev/mudarro/test/internal/mudarro","Test":"TestPackageManagerValidationKnownNamesPreserveContracts","Elapsed":0}
{"Time":"2026-10-06T17:40:24.940953056-03:00","Action":"run","Package":"github.com/viralabs-dev/mudarro/test/internal/mudarro","Test":"TestPackageManagerValidationBadNamesDoNotPlanExecution"}
{"Time":"2026-10-06T17:40:24.940954369-03:00","Action":"output","Package":"github.com/viralabs-dev/mudarro/test/internal/mudarro","Test":"TestPackageManagerValidationBadNamesDoNotPlanExecution","Output":"=== RUN   TestPackageManagerValidationBadNamesDoNotPlanExecution\n","OutputType":"frame"}
{"Time":"2026-10-06T17:40:24.94095659-03:00","Action":"run","Package":"github.com/viralabs-dev/mudarro/test/internal/mudarro","Test":"TestPackageManagerValidationBadNamesDoNotPlanExecution/unknown"}
{"Time":"2026-10-06T17:40:24.940958314-03:00","Action":"output","Package":"github.com/viralabs-dev/mudarro/test/internal/mudarro","Test":"TestPackageManagerValidationBadNamesDoNotPlanExecution/unknown","Output":"=== RUN   TestPackageManagerValidationBadNamesDoNotPlanExecution/unknown\n","OutputType":"frame"}
{"Time":"2026-10-06T17:40:24.94207706-03:00","Action":"output","Package":"github.com/viralabs-dev/mudarro/test/internal/mudarro","Test":"TestPackageManagerValidationBadNamesDoNotPlanExecution/unknown","Output":"--- PASS: TestPackageManagerValidationBadNamesDoNotPlanExecution/unknown (0.00s)\n","OutputType":"frame"}
{"Time":"2026-10-06T17:40:24.942089521-03:00","Action":"pass","Package":"github.com/viralabs-dev/mudarro/test/internal/mudarro","Test":"TestPackageManagerValidationBadNamesDoNotPlanExecution/unknown","Elapsed":0}
{"Time":"2026-10-06T17:40:24.942092936-03:00","Action":"run","Package":"github.com/viralabs-dev/mudarro/test/internal/mudarro","Test":"TestPackageManagerValidationBadNamesDoNotPlanExecution/.._manager"}
{"Time":"2026-10-06T17:40:24.942094911-03:00","Action":"output","Package":"github.com/viralabs-dev/mudarro/test/internal/mudarro","Test":"TestPackageManagerValidationBadNamesDoNotPlanExecution/.._manager","Output":"=== RUN   TestPackageManagerValidationBadNamesDoNotPlanExecution/.._manager\n","OutputType":"frame"}
{"Time":"2026-10-06T17:40:24.94306603-03:00","Action":"output","Package":"github.com/viralabs-dev/mudarro/test/internal/mudarro","Test":"TestPackageManagerValidationBadNamesDoNotPlanExecution/.._manager","Output":"--- PASS: TestPackageManagerValidationBadNamesDoNotPlanExecution/.._manager (0.00s)\n","OutputType":"frame"}
{"Time":"2026-10-06T17:40:24.943078473-03:00","Action":"pass","Package":"github.com/viralabs-dev/mudarro/test/internal/mudarro","Test":"TestPackageManagerValidationBadNamesDoNotPlanExecution/.._manager","Elapsed":0}
{"Time":"2026-10-06T17:40:24.943081041-03:00","Action":"run","Package":"github.com/viralabs-dev/mudarro/test/internal/mudarro","Test":"TestPackageManagerValidationBadNamesDoNotPlanExecution/_tmp_manager"}
{"Time":"2026-10-06T17:40:24.943082753-03:00","Action":"output","Package":"github.com/viralabs-dev/mudarro/test/internal/mudarro","Test":"TestPackageManagerValidationBadNamesDoNotPlanExecution/_tmp_manager","Output":"=== RUN   TestPackageManagerValidationBadNamesDoNotPlanExecution/_tmp_manager\n","OutputType":"frame"}
{"Time":"2026-10-06T17:40:24.944158989-03:00","Action":"output","Package":"github.com/viralabs-dev/mudarro/test/internal/mudarro","Test":"TestPackageManagerValidationBadNamesDoNotPlanExecution/_tmp_manager","Output":"--- PASS: TestPackageManagerValidationBadNamesDoNotPlanExecution/_tmp_manager (0.00s)\n","OutputType":"frame"}
{"Time":"2026-10-06T17:40:24.944178198-03:00","Action":"pass","Package":"github.com/viralabs-dev/mudarro/test/internal/mudarro","Test":"TestPackageManagerValidationBadNamesDoNotPlanExecution/_tmp_manager","Elapsed":0}
{"Time":"2026-10-06T17:40:24.944192022-03:00","Action":"run","Package":"github.com/viralabs-dev/mudarro/test/internal/mudarro","Test":"TestPackageManagerValidationBadNamesDoNotPlanExecution/https:__example.invalid_tool"}
{"Time":"2026-10-06T17:40:24.944193595-03:00","Action":"output","Package":"github.com/viralabs-dev/mudarro/test/internal/mudarro","Test":"TestPackageManagerValidationBadNamesDoNotPlanExecution/https:__example.invalid_tool","Output":"=== RUN   TestPackageManagerValidationBadNamesDoNotPlanExecution/https:__example.invalid_tool\n","OutputType":"frame"}
{"Time":"2026-10-06T17:40:24.945173445-03:00","Action":"output","Package":"github.com/viralabs-dev/mudarro/test/internal/mudarro","Test":"TestPackageManagerValidationBadNamesDoNotPlanExecution/https:__example.invalid_tool","Output":"--- PASS: TestPackageManagerValidationBadNamesDoNotPlanExecution/https:__example.invalid_tool (0.00s)\n","OutputType":"frame"}
{"Time":"2026-10-06T17:40:24.945189734-03:00","Action":"pass","Package":"github.com/viralabs-dev/mudarro/test/internal/mudarro","Test":"TestPackageManagerValidationBadNamesDoNotPlanExecution/https:__example.invalid_tool","Elapsed":0}
{"Time":"2026-10-06T17:40:24.945192334-03:00","Action":"run","Package":"github.com/viralabs-dev/mudarro/test/internal/mudarro","Test":"TestPackageManagerValidationBadNamesDoNotPlanExecution/npm_"}
{"Time":"2026-10-06T17:40:24.945194062-03:00","Action":"output","Package":"github.com/viralabs-dev/mudarro/test/internal/mudarro","Test":"TestPackageManagerValidationBadNamesDoNotPlanExecution/npm_","Output":"=== RUN   TestPackageManagerValidationBadNamesDoNotPlanExecution/npm_\n","OutputType":"frame"}
{"Time":"2026-10-06T17:40:24.946127309-03:00","Action":"output","Package":"github.com/viralabs-dev/mudarro/test/internal/mudarro","Test":"TestPackageManagerValidationBadNamesDoNotPlanExecution/npm_","Output":"--- PASS: TestPackageManagerValidationBadNamesDoNotPlanExecution/npm_ (0.00s)\n","OutputType":"frame"}
{"Time":"2026-10-06T17:40:24.946134158-03:00","Action":"pass","Package":"github.com/viralabs-dev/mudarro/test/internal/mudarro","Test":"TestPackageManagerValidationBadNamesDoNotPlanExecution/npm_","Elapsed":0}
{"Time":"2026-10-06T17:40:24.946156168-03:00","Action":"run","Package":"github.com/viralabs-dev/mudarro/test/internal/mudarro","Test":"TestPackageManagerValidationBadNamesDoNotPlanExecution/_npm"}
{"Time":"2026-10-06T17:40:24.946159713-03:00","Action":"output","Package":"github.com/viralabs-dev/mudarro/test/internal/mudarro","Test":"TestPackageManagerValidationBadNamesDoNotPlanExecution/_npm","Output":"=== RUN   TestPackageManagerValidationBadNamesDoNotPlanExecution/_npm\n","OutputType":"frame"}
{"Time":"2026-10-06T17:40:24.947098424-03:00","Action":"output","Package":"github.com/viralabs-dev/mudarro/test/internal/mudarro","Test":"TestPackageManagerValidationBadNamesDoNotPlanExecution/_npm","Output":"--- PASS: TestPackageManagerValidationBadNamesDoNotPlanExecution/_npm (0.00s)\n","OutputType":"frame"}
{"Time":"2026-10-06T17:40:24.947106319-03:00","Action":"pass","Package":"github.com/viralabs-dev/mudarro/test/internal/mudarro","Test":"TestPackageManagerValidationBadNamesDoNotPlanExecution/_npm","Elapsed":0}
{"Time":"2026-10-06T17:40:24.947141474-03:00","Action":"run","Package":"github.com/viralabs-dev/mudarro/test/internal/mudarro","Test":"TestPackageManagerValidationBadNamesDoNotPlanExecution/npm@"}
{"Time":"2026-10-06T17:40:24.947156982-03:00","Action":"output","Package":"github.com/viralabs-dev/mudarro/test/internal/mudarro","Test":"TestPackageManagerValidationBadNamesDoNotPlanExecution/npm@","Output":"=== RUN   TestPackageManagerValidationBadNamesDoNotPlanExecution/npm@\n","OutputType":"frame"}
{"Time":"2026-10-06T17:40:24.948083764-03:00","Action":"output","Package":"github.com/viralabs-dev/mudarro/test/internal/mudarro","Test":"TestPackageManagerValidationBadNamesDoNotPlanExecution/npm@","Output":"--- PASS: TestPackageManagerValidationBadNamesDoNotPlanExecution/npm@ (0.00s)\n","OutputType":"frame"}
{"Time":"2026-10-06T17:40:24.948091975-03:00","Action":"pass","Package":"github.com/viralabs-dev/mudarro/test/internal/mudarro","Test":"TestPackageManagerValidationBadNamesDoNotPlanExecution/npm@","Elapsed":0}
{"Time":"2026-10-06T17:40:24.948106499-03:00","Action":"run","Package":"github.com/viralabs-dev/mudarro/test/internal/mudarro","Test":"TestPackageManagerValidationBadNamesDoNotPlanExecution/@1.2.3"}
{"Time":"2026-10-06T17:40:24.948110002-03:00","Action":"output","Package":"github.com/viralabs-dev/mudarro/test/internal/mudarro","Test":"TestPackageManagerValidationBadNamesDoNotPlanExecution/@1.2.3","Output":"=== RUN   TestPackageManagerValidationBadNamesDoNotPlanExecution/@1.2.3\n","OutputType":"frame"}
{"Time":"2026-10-06T17:40:24.949113304-03:00","Action":"output","Package":"github.com/viralabs-dev/mudarro/test/internal/mudarro","Test":"TestPackageManagerValidationBadNamesDoNotPlanExecution/@1.2.3","Output":"--- PASS: TestPackageManagerValidationBadNamesDoNotPlanExecution/@1.2.3 (0.00s)\n","OutputType":"frame"}
{"Time":"2026-10-06T17:40:24.949124169-03:00","Action":"pass","Package":"github.com/viralabs-dev/mudarro/test/internal/mudarro","Test":"TestPackageManagerValidationBadNamesDoNotPlanExecution/@1.2.3","Elapsed":0}
{"Time":"2026-10-06T17:40:24.949126332-03:00","Action":"run","Package":"github.com/viralabs-dev/mudarro/test/internal/mudarro","Test":"TestPackageManagerValidationBadNamesDoNotPlanExecution/npm_#01"}
{"Time":"2026-10-06T17:40:24.949127862-03:00","Action":"output","Package":"github.com/viralabs-dev/mudarro/test/internal/mudarro","Test":"TestPackageManagerValidationBadNamesDoNotPlanExecution/npm_#01","Output":"=== RUN   TestPackageManagerValidationBadNamesDoNotPlanExecution/npm_#01\n","OutputType":"frame"}
{"Time":"2026-10-06T17:40:24.950095951-03:00","Action":"output","Package":"github.com/viralabs-dev/mudarro/test/internal/mudarro","Test":"TestPackageManagerValidationBadNamesDoNotPlanExecution/npm_#01","Output":"--- PASS: TestPackageManagerValidationBadNamesDoNotPlanExecution/npm_#01 (0.00s)\n","OutputType":"frame"}
{"Time":"2026-10-06T17:40:24.950116927-03:00","Action":"pass","Package":"github.com/viralabs-dev/mudarro/test/internal/mudarro","Test":"TestPackageManagerValidationBadNamesDoNotPlanExecution/npm_#01","Elapsed":0}
{"Time":"2026-10-06T17:40:24.950121182-03:00","Action":"run","Package":"github.com/viralabs-dev/mudarro/test/internal/mudarro","Test":"TestPackageManagerValidationBadNamesDoNotPlanExecution/npm_#02"}
{"Time":"2026-10-06T17:40:24.950122589-03:00","Action":"output","Package":"github.com/viralabs-dev/mudarro/test/internal/mudarro","Test":"TestPackageManagerValidationBadNamesDoNotPlanExecution/npm_#02","Output":"=== RUN   TestPackageManagerValidationBadNamesDoNotPlanExecution/npm_#02\n","OutputType":"frame"}
{"Time":"2026-10-06T17:40:24.951094931-03:00","Action":"output","Package":"github.com/viralabs-dev/mudarro/test/internal/mudarro","Test":"TestPackageManagerValidationBadNamesDoNotPlanExecution/npm_#02","Output":"--- PASS: TestPackageManagerValidationBadNamesDoNotPlanExecution/npm_#02 (0.00s)\n","OutputType":"frame"}
{"Time":"2026-10-06T17:40:24.951111184-03:00","Action":"pass","Package":"github.com/viralabs-dev/mudarro/test/internal/mudarro","Test":"TestPackageManagerValidationBadNamesDoNotPlanExecution/npm_#02","Elapsed":0}
{"Time":"2026-10-06T17:40:24.951115428-03:00","Action":"output","Package":"github.com/viralabs-dev/mudarro/test/internal/mudarro","Test":"TestPackageManagerValidationBadNamesDoNotPlanExecution","Output":"--- PASS: TestPackageManagerValidationBadNamesDoNotPlanExecution (0.01s)\n","OutputType":"frame"}
{"Time":"2026-10-06T17:40:24.951117461-03:00","Action":"pass","Package":"github.com/viralabs-dev/mudarro/test/internal/mudarro","Test":"TestPackageManagerValidationBadNamesDoNotPlanExecution","Elapsed":0.01}
{"Time":"2026-10-06T17:40:24.951120561-03:00","Action":"run","Package":"github.com/viralabs-dev/mudarro/test/internal/mudarro","Test":"TestPackageManagerValidationWrongJSONTypesDiagnosed"}
{"Time":"2026-10-06T17:40:24.951122402-03:00","Action":"output","Package":"github.com/viralabs-dev/mudarro/test/internal/mudarro","Test":"TestPackageManagerValidationWrongJSONTypesDiagnosed","Output":"=== RUN   TestPackageManagerValidationWrongJSONTypesDiagnosed\n","OutputType":"frame"}
{"Time":"2026-10-06T17:40:24.951136742-03:00","Action":"run","Package":"github.com/viralabs-dev/mudarro/test/internal/mudarro","Test":"TestPackageManagerValidationWrongJSONTypesDiagnosed/123"}
{"Time":"2026-10-06T17:40:24.951139007-03:00","Action":"output","Package":"github.com/viralabs-dev/mudarro/test/internal/mudarro","Test":"TestPackageManagerValidationWrongJSONTypesDiagnosed/123","Output":"=== RUN   TestPackageManagerValidationWrongJSONTypesDiagnosed/123\n","OutputType":"frame"}
{"Time":"2026-10-06T17:40:24.951919116-03:00","Action":"output","Package":"github.com/viralabs-dev/mudarro/test/internal/mudarro","Test":"TestPackageManagerValidationWrongJSONTypesDiagnosed/123","Output":"--- PASS: TestPackageManagerValidationWrongJSONTypesDiagnosed/123 (0.00s)\n","OutputType":"frame"}
{"Time":"2026-10-06T17:40:24.951926058-03:00","Action":"pass","Package":"github.com/viralabs-dev/mudarro/test/internal/mudarro","Test":"TestPackageManagerValidationWrongJSONTypesDiagnosed/123","Elapsed":0}
{"Time":"2026-10-06T17:40:24.9519279-03:00","Action":"run","Package":"github.com/viralabs-dev/mudarro/test/internal/mudarro","Test":"TestPackageManagerValidationWrongJSONTypesDiagnosed/true"}
{"Time":"2026-10-06T17:40:24.951929433-03:00","Action":"output","Package":"github.com/viralabs-dev/mudarro/test/internal/mudarro","Test":"TestPackageManagerValidationWrongJSONTypesDiagnosed/true","Output":"=== RUN   TestPackageManagerValidationWrongJSONTypesDiagnosed/true\n","OutputType":"frame"}
{"Time":"2026-10-06T17:40:24.953592848-03:00","Action":"output","Package":"github.com/viralabs-dev/mudarro/test/internal/mudarro","Test":"TestPackageManagerValidationWrongJSONTypesDiagnosed/true","Output":"--- PASS: TestPackageManagerValidationWrongJSONTypesDiagnosed/true (0.00s)\n","OutputType":"frame"}
{"Time":"2026-10-06T17:40:24.953615124-03:00","Action":"pass","Package":"github.com/viralabs-dev/mudarro/test/internal/mudarro","Test":"TestPackageManagerValidationWrongJSONTypesDiagnosed/true","Elapsed":0}
{"Time":"2026-10-06T17:40:24.953642924-03:00","Action":"run","Package":"github.com/viralabs-dev/mudarro/test/internal/mudarro","Test":"TestPackageManagerValidationWrongJSONTypesDiagnosed/[]"}
{"Time":"2026-10-06T17:40:24.953647688-03:00","Action":"output","Package":"github.com/viralabs-dev/mudarro/test/internal/mudarro","Test":"TestPackageManagerValidationWrongJSONTypesDiagnosed/[]","Output":"=== RUN   TestPackageManagerValidationWrongJSONTypesDiagnosed/[]\n","OutputType":"frame"}
{"Time":"2026-10-06T17:40:24.955191566-03:00","Action":"output","Package":"github.com/viralabs-dev/mudarro/test/internal/mudarro","Test":"TestPackageManagerValidationWrongJSONTypesDiagnosed/[]","Output":"--- PASS: TestPackageManagerValidationWrongJSONTypesDiagnosed/[] (0.00s)\n","OutputType":"frame"}
{"Time":"2026-10-06T17:40:24.955219619-03:00","Action":"pass","Package":"github.com/viralabs-dev/mudarro/test/internal/mudarro","Test":"TestPackageManagerValidationWrongJSONTypesDiagnosed/[]","Elapsed":0}
{"Time":"2026-10-06T17:40:24.955239779-03:00","Action":"run","Package":"github.com/viralabs-dev/mudarro/test/internal/mudarro","Test":"TestPackageManagerValidationWrongJSONTypesDiagnosed/{}"}
{"Time":"2026-10-06T17:40:24.955244303-03:00","Action":"output","Package":"github.com/viralabs-dev/mudarro/test/internal/mudarro","Test":"TestPackageManagerValidationWrongJSONTypesDiagnosed/{}","Output":"=== RUN   TestPackageManagerValidationWrongJSONTypesDiagnosed/{}\n","OutputType":"frame"}
{"Time":"2026-10-06T17:40:24.956723055-03:00","Action":"output","Package":"github.com/viralabs-dev/mudarro/test/internal/mudarro","Test":"TestPackageManagerValidationWrongJSONTypesDiagnosed/{}","Output":"--- PASS: TestPackageManagerValidationWrongJSONTypesDiagnosed/{} (0.00s)\n","OutputType":"frame"}
{"Time":"2026-10-06T17:40:24.956737742-03:00","Action":"pass","Package":"github.com/viralabs-dev/mudarro/test/internal/mudarro","Test":"TestPackageManagerValidationWrongJSONTypesDiagnosed/{}","Elapsed":0}
{"Time":"2026-10-06T17:40:24.956783316-03:00","Action":"output","Package":"github.com/viralabs-dev/mudarro/test/internal/mudarro","Test":"TestPackageManagerValidationWrongJSONTypesDiagnosed","Output":"--- PASS: TestPackageManagerValidationWrongJSONTypesDiagnosed (0.01s)\n","OutputType":"frame"}
{"Time":"2026-10-06T17:40:24.9568039-03:00","Action":"pass","Package":"github.com/viralabs-dev/mudarro/test/internal/mudarro","Test":"TestPackageManagerValidationWrongJSONTypesDiagnosed","Elapsed":0.01}
{"Time":"2026-10-06T17:40:24.956821147-03:00","Action":"run","Package":"github.com/viralabs-dev/mudarro/test/internal/mudarro","Test":"TestPackageManagerValidationInitInvalidSelectionPreservesProject"}
{"Time":"2026-10-06T17:40:24.956825708-03:00","Action":"output","Package":"github.com/viralabs-dev/mudarro/test/internal/mudarro","Test":"TestPackageManagerValidationInitInvalidSelectionPreservesProject","Output":"=== RUN   TestPackageManagerValidationInitInvalidSelectionPreservesProject\n","OutputType":"frame"}
{"Time":"2026-10-06T17:40:24.958172393-03:00","Action":"output","Package":"github.com/viralabs-dev/mudarro/test/internal/mudarro","Test":"TestPackageManagerValidationInitInvalidSelectionPreservesProject","Output":"--- PASS: TestPackageManagerValidationInitInvalidSelectionPreservesProject (0.00s)\n","OutputType":"frame"}
{"Time":"2026-10-06T17:40:24.958181367-03:00","Action":"pass","Package":"github.com/viralabs-dev/mudarro/test/internal/mudarro","Test":"TestPackageManagerValidationInitInvalidSelectionPreservesProject","Elapsed":0}
{"Time":"2026-10-06T17:40:24.958183516-03:00","Action":"run","Package":"github.com/viralabs-dev/mudarro/test/internal/mudarro","Test":"TestPackageManagerValidationScanPreservesExistingGeneratedFiles"}
{"Time":"2026-10-06T17:40:24.958185085-03:00","Action":"output","Package":"github.com/viralabs-dev/mudarro/test/internal/mudarro","Test":"TestPackageManagerValidationScanPreservesExistingGeneratedFiles","Output":"=== RUN   TestPackageManagerValidationScanPreservesExistingGeneratedFiles\n","OutputType":"frame"}
{"Time":"2026-10-06T17:40:24.962954696-03:00","Action":"output","Package":"github.com/viralabs-dev/mudarro/test/internal/mudarro","Test":"TestPackageManagerValidationScanPreservesExistingGeneratedFiles","Output":"--- PASS: TestPackageManagerValidationScanPreservesExistingGeneratedFiles (0.00s)\n","OutputType":"frame"}
{"Time":"2026-10-06T17:40:24.962962988-03:00","Action":"pass","Package":"github.com/viralabs-dev/mudarro/test/internal/mudarro","Test":"TestPackageManagerValidationScanPreservesExistingGeneratedFiles","Elapsed":0}
{"Time":"2026-10-06T17:40:24.96296542-03:00","Action":"run","Package":"github.com/viralabs-dev/mudarro/test/internal/mudarro","Test":"TestPackageManagerValidationExplicitConfigurationKeepsCustomCommands"}
{"Time":"2026-10-06T17:40:24.962967202-03:00","Action":"output","Package":"github.com/viralabs-dev/mudarro/test/internal/mudarro","Test":"TestPackageManagerValidationExplicitConfigurationKeepsCustomCommands","Output":"=== RUN   TestPackageManagerValidationExplicitConfigurationKeepsCustomCommands\n","OutputType":"frame"}
{"Time":"2026-10-06T17:40:24.966814225-03:00","Action":"output","Package":"github.com/viralabs-dev/mudarro/test/internal/mudarro","Test":"TestPackageManagerValidationExplicitConfigurationKeepsCustomCommands","Output":"--- PASS: TestPackageManagerValidationExplicitConfigurationKeepsCustomCommands (0.00s)\n","OutputType":"frame"}
{"Time":"2026-10-06T17:40:24.966832749-03:00","Action":"pass","Package":"github.com/viralabs-dev/mudarro/test/internal/mudarro","Test":"TestPackageManagerValidationExplicitConfigurationKeepsCustomCommands","Elapsed":0}
{"Time":"2026-10-06T17:40:24.966840708-03:00","Action":"run","Package":"github.com/viralabs-dev/mudarro/test/internal/mudarro","Test":"TestPipenvSupportDetectionAndDjangoArgv"}
{"Time":"2026-10-06T17:40:24.966844421-03:00","Action":"output","Package":"github.com/viralabs-dev/mudarro/test/internal/mudarro","Test":"TestPipenvSupportDetectionAndDjangoArgv","Output":"=== RUN   TestPipenvSupportDetectionAndDjangoArgv\n","OutputType":"frame"}
{"Time":"2026-10-06T17:40:24.966848662-03:00","Action":"run","Package":"github.com/viralabs-dev/mudarro/test/internal/mudarro","Test":"TestPipenvSupportDetectionAndDjangoArgv/Pipfile"}
{"Time":"2026-10-06T17:40:24.966851575-03:00","Action":"output","Package":"github.com/viralabs-dev/mudarro/test/internal/mudarro","Test":"TestPipenvSupportDetectionAndDjangoArgv/Pipfile","Output":"=== RUN   TestPipenvSupportDetectionAndDjangoArgv/Pipfile\n","OutputType":"frame"}
{"Time":"2026-10-06T17:40:24.967554885-03:00","Action":"output","Package":"github.com/viralabs-dev/mudarro/test/internal/mudarro","Test":"TestPipenvSupportDetectionAndDjangoArgv/Pipfile","Output":"--- PASS: TestPipenvSupportDetectionAndDjangoArgv/Pipfile (0.00s)\n","OutputType":"frame"}
{"Time":"2026-10-06T17:40:24.967567929-03:00","Action":"pass","Package":"github.com/viralabs-dev/mudarro/test/internal/mudarro","Test":"TestPipenvSupportDetectionAndDjangoArgv/Pipfile","Elapsed":0}
{"Time":"2026-10-06T17:40:24.967578353-03:00","Action":"run","Package":"github.com/viralabs-dev/mudarro/test/internal/mudarro","Test":"TestPipenvSupportDetectionAndDjangoArgv/Pipfile+lock"}
{"Time":"2026-10-06T17:40:24.96758234-03:00","Action":"output","Package":"github.com/viralabs-dev/mudarro/test/internal/mudarro","Test":"TestPipenvSupportDetectionAndDjangoArgv/Pipfile+lock","Output":"=== RUN   TestPipenvSupportDetectionAndDjangoArgv/Pipfile+lock\n","OutputType":"frame"}
{"Time":"2026-10-06T17:40:24.968395098-03:00","Action":"output","Package":"github.com/viralabs-dev/mudarro/test/internal/mudarro","Test":"TestPipenvSupportDetectionAndDjangoArgv/Pipfile+lock","Output":"--- PASS: TestPipenvSupportDetectionAndDjangoArgv/Pipfile+lock (0.00s)\n","OutputType":"frame"}
{"Time":"2026-10-06T17:40:24.96840642-03:00","Action":"pass","Package":"github.com/viralabs-dev/mudarro/test/internal/mudarro","Test":"TestPipenvSupportDetectionAndDjangoArgv/Pipfile+lock","Elapsed":0}
{"Time":"2026-10-06T17:40:24.968410258-03:00","Action":"output","Package":"github.com/viralabs-dev/mudarro/test/internal/mudarro","Test":"TestPipenvSupportDetectionAndDjangoArgv","Output":"--- PASS: TestPipenvSupportDetectionAndDjangoArgv (0.00s)\n","OutputType":"frame"}
{"Time":"2026-10-06T17:40:24.968412438-03:00","Action":"pass","Package":"github.com/viralabs-dev/mudarro/test/internal/mudarro","Test":"TestPipenvSupportDetectionAndDjangoArgv","Elapsed":0}
{"Time":"2026-10-06T17:40:24.968415245-03:00","Action":"run","Package":"github.com/viralabs-dev/mudarro/test/internal/mudarro","Test":"TestPipenvSupportMalformedManifestsAreDiagnosed"}
{"Time":"2026-10-06T17:40:24.968416704-03:00","Action":"output","Package":"github.com/viralabs-dev/mudarro/test/internal/mudarro","Test":"TestPipenvSupportMalformedManifestsAreDiagnosed","Output":"=== RUN   TestPipenvSupportMalformedManifestsAreDiagnosed\n","OutputType":"frame"}
{"Time":"2026-10-06T17:40:24.968418522-03:00","Action":"run","Package":"github.com/viralabs-dev/mudarro/test/internal/mudarro","Test":"TestPipenvSupportMalformedManifestsAreDiagnosed/toml"}
{"Time":"2026-10-06T17:40:24.968419985-03:00","Action":"output","Package":"github.com/viralabs-dev/mudarro/test/internal/mudarro","Test":"TestPipenvSupportMalformedManifestsAreDiagnosed/toml","Output":"=== RUN   TestPipenvSupportMalformedManifestsAreDiagnosed/toml\n","OutputType":"frame"}
{"Time":"2026-10-06T17:40:24.968876004-03:00","Action":"output","Package":"github.com/viralabs-dev/mudarro/test/internal/mudarro","Test":"TestPipenvSupportMalformedManifestsAreDiagnosed/toml","Output":"--- PASS: TestPipenvSupportMalformedManifestsAreDiagnosed/toml (0.00s)\n","OutputType":"frame"}
{"Time":"2026-10-06T17:40:24.968885834-03:00","Action":"pass","Package":"github.com/viralabs-dev/mudarro/test/internal/mudarro","Test":"TestPipenvSupportMalformedManifestsAreDiagnosed/toml","Elapsed":0}
{"Time":"2026-10-06T17:40:24.968898049-03:00","Action":"run","Package":"github.com/viralabs-dev/mudarro/test/internal/mudarro","Test":"TestPipenvSupportMalformedManifestsAreDiagnosed/lock-json"}
{"Time":"2026-10-06T17:40:24.968899899-03:00","Action":"output","Package":"github.com/viralabs-dev/mudarro/test/internal/mudarro","Test":"TestPipenvSupportMalformedManifestsAreDiagnosed/lock-json","Output":"=== RUN   TestPipenvSupportMalformedManifestsAreDiagnosed/lock-json\n","OutputType":"frame"}
{"Time":"2026-10-06T17:40:24.969503732-03:00","Action":"output","Package":"github.com/viralabs-dev/mudarro/test/internal/mudarro","Test":"TestPipenvSupportMalformedManifestsAreDiagnosed/lock-json","Output":"--- PASS: TestPipenvSupportMalformedManifestsAreDiagnosed/lock-json (0.00s)\n","OutputType":"frame"}
{"Time":"2026-10-06T17:40:24.969509118-03:00","Action":"pass","Package":"github.com/viralabs-dev/mudarro/test/internal/mudarro","Test":"TestPipenvSupportMalformedManifestsAreDiagnosed/lock-json","Elapsed":0}
{"Time":"2026-10-06T17:40:24.96951155-03:00","Action":"run","Package":"github.com/viralabs-dev/mudarro/test/internal/mudarro","Test":"TestPipenvSupportMalformedManifestsAreDiagnosed/script-value"}
{"Time":"2026-10-06T17:40:24.969513352-03:00","Action":"output","Package":"github.com/viralabs-dev/mudarro/test/internal/mudarro","Test":"TestPipenvSupportMalformedManifestsAreDiagnosed/script-value","Output":"=== RUN   TestPipenvSupportMalformedManifestsAreDiagnosed/script-value\n","OutputType":"frame"}
{"Time":"2026-10-06T17:40:24.970148362-03:00","Action":"output","Package":"github.com/viralabs-dev/mudarro/test/internal/mudarro","Test":"TestPipenvSupportMalformedManifestsAreDiagnosed/script-value","Output":"--- PASS: TestPipenvSupportMalformedManifestsAreDiagnosed/script-value (0.00s)\n","OutputType":"frame"}
{"Time":"2026-10-06T17:40:24.970172356-03:00","Action":"pass","Package":"github.com/viralabs-dev/mudarro/test/internal/mudarro","Test":"TestPipenvSupportMalformedManifestsAreDiagnosed/script-value","Elapsed":0}
{"Time":"2026-10-06T17:40:24.970175326-03:00","Action":"output","Package":"github.com/viralabs-dev/mudarro/test/internal/mudarro","Test":"TestPipenvSupportMalformedManifestsAreDiagnosed","Output":"--- PASS: TestPipenvSupportMalformedManifestsAreDiagnosed (0.00s)\n","OutputType":"frame"}
{"Time":"2026-10-06T17:40:24.970177201-03:00","Action":"pass","Package":"github.com/viralabs-dev/mudarro/test/internal/mudarro","Test":"TestPipenvSupportMalformedManifestsAreDiagnosed","Elapsed":0}
{"Time":"2026-10-06T17:40:24.97017873-03:00","Action":"run","Package":"github.com/viralabs-dev/mudarro/test/internal/mudarro","Test":"TestPipenvSupportManagerConflictsRemainPending"}
{"Time":"2026-10-06T17:40:24.970180091-03:00","Action":"output","Package":"github.com/viralabs-dev/mudarro/test/internal/mudarro","Test":"TestPipenvSupportManagerConflictsRemainPending","Output":"=== RUN   TestPipenvSupportManagerConflictsRemainPending\n","OutputType":"frame"}
{"Time":"2026-10-06T17:40:24.970184655-03:00","Action":"run","Package":"github.com/viralabs-dev/mudarro/test/internal/mudarro","Test":"TestPipenvSupportManagerConflictsRemainPending/uv.lock"}
{"Time":"2026-10-06T17:40:24.97018609-03:00","Action":"output","Package":"github.com/viralabs-dev/mudarro/test/internal/mudarro","Test":"TestPipenvSupportManagerConflictsRemainPending/uv.lock","Output":"=== RUN   TestPipenvSupportManagerConflictsRemainPending/uv.lock\n","OutputType":"frame"}
{"Time":"2026-10-06T17:40:24.9708112-03:00","Action":"output","Package":"github.com/viralabs-dev/mudarro/test/internal/mudarro","Test":"TestPipenvSupportManagerConflictsRemainPending/uv.lock","Output":"--- PASS: TestPipenvSupportManagerConflictsRemainPending/uv.lock (0.00s)\n","OutputType":"frame"}
{"Time":"2026-10-06T17:40:24.97082487-03:00","Action":"pass","Package":"github.com/viralabs-dev/mudarro/test/internal/mudarro","Test":"TestPipenvSupportManagerConflictsRemainPending/uv.lock","Elapsed":0}
{"Time":"2026-10-06T17:40:24.970827736-03:00","Action":"run","Package":"github.com/viralabs-dev/mudarro/test/internal/mudarro","Test":"TestPipenvSupportManagerConflictsRemainPending/poetry.lock"}
{"Time":"2026-10-06T17:40:24.970829296-03:00","Action":"output","Package":"github.com/viralabs-dev/mudarro/test/internal/mudarro","Test":"TestPipenvSupportManagerConflictsRemainPending/poetry.lock","Output":"=== RUN   TestPipenvSupportManagerConflictsRemainPending/poetry.lock\n","OutputType":"frame"}
{"Time":"2026-10-06T17:40:24.971445764-03:00","Action":"output","Package":"github.com/viralabs-dev/mudarro/test/internal/mudarro","Test":"TestPipenvSupportManagerConflictsRemainPending/poetry.lock","Output":"--- PASS: TestPipenvSupportManagerConflictsRemainPending/poetry.lock (0.00s)\n","OutputType":"frame"}
{"Time":"2026-10-06T17:40:24.971459828-03:00","Action":"pass","Package":"github.com/viralabs-dev/mudarro/test/internal/mudarro","Test":"TestPipenvSupportManagerConflictsRemainPending/poetry.lock","Elapsed":0}
{"Time":"2026-10-06T17:40:24.971469394-03:00","Action":"output","Package":"github.com/viralabs-dev/mudarro/test/internal/mudarro","Test":"TestPipenvSupportManagerConflictsRemainPending","Output":"--- PASS: TestPipenvSupportManagerConflictsRemainPending (0.00s)\n","OutputType":"frame"}
{"Time":"2026-10-06T17:40:24.971471537-03:00","Action":"pass","Package":"github.com/viralabs-dev/mudarro/test/internal/mudarro","Test":"TestPipenvSupportManagerConflictsRemainPending","Elapsed":0}
{"Time":"2026-10-06T17:40:24.971473209-03:00","Action":"run","Package":"github.com/viralabs-dev/mudarro/test/internal/mudarro","Test":"TestPipenvSupportOrphanLockIsActionable"}
{"Time":"2026-10-06T17:40:24.971474999-03:00","Action":"output","Package":"github.com/viralabs-dev/mudarro/test/internal/mudarro","Test":"TestPipenvSupportOrphanLockIsActionable","Output":"=== RUN   TestPipenvSupportOrphanLockIsActionable\n","OutputType":"frame"}
{"Time":"2026-10-06T17:40:24.971844797-03:00","Action":"output","Package":"github.com/viralabs-dev/mudarro/test/internal/mudarro","Test":"TestPipenvSupportOrphanLockIsActionable","Output":"--- PASS: TestPipenvSupportOrphanLockIsActionable (0.00s)\n","OutputType":"frame"}
{"Time":"2026-10-06T17:40:24.97186276-03:00","Action":"pass","Package":"github.com/viralabs-dev/mudarro/test/internal/mudarro","Test":"TestPipenvSupportOrphanLockIsActionable","Elapsed":0}
{"Time":"2026-10-06T17:40:24.971866349-03:00","Action":"run","Package":"github.com/viralabs-dev/mudarro/test/internal/mudarro","Test":"TestPipenvSupportScriptSuggestionAndSelectedInit"}
{"Time":"2026-10-06T17:40:24.971868305-03:00","Action":"output","Package":"github.com/viralabs-dev/mudarro/test/internal/mudarro","Test":"TestPipenvSupportScriptSuggestionAndSelectedInit","Output":"=== RUN   TestPipenvSupportScriptSuggestionAndSelectedInit\n","OutputType":"frame"}
{"Time":"2026-10-06T17:40:24.977778267-03:00","Action":"output","Package":"github.com/viralabs-dev/mudarro/test/internal/mudarro","Test":"TestPipenvSupportScriptSuggestionAndSelectedInit","Output":"--- PASS: TestPipenvSupportScriptSuggestionAndSelectedInit (0.01s)\n","OutputType":"frame"}
{"Time":"2026-10-06T17:40:24.977790923-03:00","Action":"pass","Package":"github.com/viralabs-dev/mudarro/test/internal/mudarro","Test":"TestPipenvSupportScriptSuggestionAndSelectedInit","Elapsed":0.01}
{"Time":"2026-10-06T17:40:24.977801937-03:00","Action":"run","Package":"github.com/viralabs-dev/mudarro/test/internal/mudarro","Test":"TestPipenvSupportScriptCollisionsStayExplicit"}
{"Time":"2026-10-06T17:40:24.977803539-03:00","Action":"output","Package":"github.com/viralabs-dev/mudarro/test/internal/mudarro","Test":"TestPipenvSupportScriptCollisionsStayExplicit","Output":"=== RUN   TestPipenvSupportScriptCollisionsStayExplicit\n","OutputType":"frame"}
{"Time":"2026-10-06T17:40:24.978327395-03:00","Action":"output","Package":"github.com/viralabs-dev/mudarro/test/internal/mudarro","Test":"TestPipenvSupportScriptCollisionsStayExplicit","Output":"--- PASS: TestPipenvSupportScriptCollisionsStayExplicit (0.00s)\n","OutputType":"frame"}
{"Time":"2026-10-06T17:40:24.978342244-03:00","Action":"pass","Package":"github.com/viralabs-dev/mudarro/test/internal/mudarro","Test":"TestPipenvSupportScriptCollisionsStayExplicit","Elapsed":0}
{"Time":"2026-10-06T17:40:24.978344017-03:00","Action":"run","Package":"github.com/viralabs-dev/mudarro/test/internal/mudarro","Test":"TestPipenvSupportDatabaseActionsUseOwnedEnvironment"}
{"Time":"2026-10-06T17:40:24.978345404-03:00","Action":"output","Package":"github.com/viralabs-dev/mudarro/test/internal/mudarro","Test":"TestPipenvSupportDatabaseActionsUseOwnedEnvironment","Output":"=== RUN   TestPipenvSupportDatabaseActionsUseOwnedEnvironment\n","OutputType":"frame"}
{"Time":"2026-10-06T17:40:24.978349323-03:00","Action":"run","Package":"github.com/viralabs-dev/mudarro/test/internal/mudarro","Test":"TestPipenvSupportDatabaseActionsUseOwnedEnvironment/django"}
{"Time":"2026-10-06T17:40:24.978350827-03:00","Action":"output","Package":"github.com/viralabs-dev/mudarro/test/internal/mudarro","Test":"TestPipenvSupportDatabaseActionsUseOwnedEnvironment/django","Output":"=== RUN   TestPipenvSupportDatabaseActionsUseOwnedEnvironment/django\n","OutputType":"frame"}
{"Time":"2026-10-06T17:40:24.978945188-03:00","Action":"output","Package":"github.com/viralabs-dev/mudarro/test/internal/mudarro","Test":"TestPipenvSupportDatabaseActionsUseOwnedEnvironment/django","Output":"--- PASS: TestPipenvSupportDatabaseActionsUseOwnedEnvironment/django (0.00s)\n","OutputType":"frame"}
{"Time":"2026-10-06T17:40:24.978957485-03:00","Action":"pass","Package":"github.com/viralabs-dev/mudarro/test/internal/mudarro","Test":"TestPipenvSupportDatabaseActionsUseOwnedEnvironment/django","Elapsed":0}
{"Time":"2026-10-06T17:40:24.978959833-03:00","Action":"run","Package":"github.com/viralabs-dev/mudarro/test/internal/mudarro","Test":"TestPipenvSupportDatabaseActionsUseOwnedEnvironment/alembic"}
{"Time":"2026-10-06T17:40:24.978961259-03:00","Action":"output","Package":"github.com/viralabs-dev/mudarro/test/internal/mudarro","Test":"TestPipenvSupportDatabaseActionsUseOwnedEnvironment/alembic","Output":"=== RUN   TestPipenvSupportDatabaseActionsUseOwnedEnvironment/alembic\n","OutputType":"frame"}
{"Time":"2026-10-06T17:40:24.979587303-03:00","Action":"output","Package":"github.com/viralabs-dev/mudarro/test/internal/mudarro","Test":"TestPipenvSupportDatabaseActionsUseOwnedEnvironment/alembic","Output":"--- PASS: TestPipenvSupportDatabaseActionsUseOwnedEnvironment/alembic (0.00s)\n","OutputType":"frame"}
{"Time":"2026-10-06T17:40:24.979599748-03:00","Action":"pass","Package":"github.com/viralabs-dev/mudarro/test/internal/mudarro","Test":"TestPipenvSupportDatabaseActionsUseOwnedEnvironment/alembic","Elapsed":0}
{"Time":"2026-10-06T17:40:24.979602563-03:00","Action":"output","Package":"github.com/viralabs-dev/mudarro/test/internal/mudarro","Test":"TestPipenvSupportDatabaseActionsUseOwnedEnvironment","Output":"--- PASS: TestPipenvSupportDatabaseActionsUseOwnedEnvironment (0.00s)\n","OutputType":"frame"}
{"Time":"2026-10-06T17:40:24.979604738-03:00","Action":"pass","Package":"github.com/viralabs-dev/mudarro/test/internal/mudarro","Test":"TestPipenvSupportDatabaseActionsUseOwnedEnvironment","Elapsed":0}
{"Time":"2026-10-06T17:40:24.979617658-03:00","Action":"run","Package":"github.com/viralabs-dev/mudarro/test/internal/mudarro","Test":"TestPreviewSecurityFIFOIsNonblocking"}
{"Time":"2026-10-06T17:40:24.979619364-03:00","Action":"output","Package":"github.com/viralabs-dev/mudarro/test/internal/mudarro","Test":"TestPreviewSecurityFIFOIsNonblocking","Output":"=== RUN   TestPreviewSecurityFIFOIsNonblocking\n","OutputType":"frame"}
{"Time":"2026-10-06T17:40:24.980517712-03:00","Action":"output","Package":"github.com/viralabs-dev/mudarro/test/internal/mudarro","Test":"TestPreviewSecurityFIFOIsNonblocking","Output":"--- PASS: TestPreviewSecurityFIFOIsNonblocking (0.00s)\n","OutputType":"frame"}
{"Time":"2026-10-06T17:40:24.980521053-03:00","Action":"pass","Package":"github.com/viralabs-dev/mudarro/test/internal/mudarro","Test":"TestPreviewSecurityFIFOIsNonblocking","Elapsed":0}
{"Time":"2026-10-06T17:40:24.980523403-03:00","Action":"run","Package":"github.com/viralabs-dev/mudarro/test/internal/mudarro","Test":"TestPreviewSecurityRedactsEmbeddedCredentials"}
{"Time":"2026-10-06T17:40:24.980525603-03:00","Action":"output","Package":"github.com/viralabs-dev/mudarro/test/internal/mudarro","Test":"TestPreviewSecurityRedactsEmbeddedCredentials","Output":"=== RUN   TestPreviewSecurityRedactsEmbeddedCredentials\n","OutputType":"frame"}
{"Time":"2026-10-06T17:40:24.980538228-03:00","Action":"run","Package":"github.com/viralabs-dev/mudarro/test/internal/mudarro","Test":"TestPreviewSecurityRedactsEmbeddedCredentials/embedded-uri"}
{"Time":"2026-10-06T17:40:24.98053986-03:00","Action":"output","Package":"github.com/viralabs-dev/mudarro/test/internal/mudarro","Test":"TestPreviewSecurityRedactsEmbeddedCredentials/embedded-uri","Output":"=== RUN   TestPreviewSecurityRedactsEmbeddedCredentials/embedded-uri\n","OutputType":"frame"}
{"Time":"2026-10-06T17:40:24.98135869-03:00","Action":"output","Package":"github.com/viralabs-dev/mudarro/test/internal/mudarro","Test":"TestPreviewSecurityRedactsEmbeddedCredentials/embedded-uri","Output":"--- PASS: TestPreviewSecurityRedactsEmbeddedCredentials/embedded-uri (0.00s)\n","OutputType":"frame"}
{"Time":"2026-10-06T17:40:24.981377065-03:00","Action":"pass","Package":"github.com/viralabs-dev/mudarro/test/internal/mudarro","Test":"TestPreviewSecurityRedactsEmbeddedCredentials/embedded-uri","Elapsed":0}
{"Time":"2026-10-06T17:40:24.981395356-03:00","Action":"run","Package":"github.com/viralabs-dev/mudarro/test/internal/mudarro","Test":"TestPreviewSecurityRedactsEmbeddedCredentials/uri-query"}
{"Time":"2026-10-06T17:40:24.981408297-03:00","Action":"output","Package":"github.com/viralabs-dev/mudarro/test/internal/mudarro","Test":"TestPreviewSecurityRedactsEmbeddedCredentials/uri-query","Output":"=== RUN   TestPreviewSecurityRedactsEmbeddedCredentials/uri-query\n","OutputType":"frame"}
{"Time":"2026-10-06T17:40:24.982152786-03:00","Action":"output","Package":"github.com/viralabs-dev/mudarro/test/internal/mudarro","Test":"TestPreviewSecurityRedactsEmbeddedCredentials/uri-query","Output":"--- PASS: TestPreviewSecurityRedactsEmbeddedCredentials/uri-query (0.00s)\n","OutputType":"frame"}
{"Time":"2026-10-06T17:40:24.982170494-03:00","Action":"pass","Package":"github.com/viralabs-dev/mudarro/test/internal/mudarro","Test":"TestPreviewSecurityRedactsEmbeddedCredentials/uri-query","Elapsed":0}
{"Time":"2026-10-06T17:40:24.982173187-03:00","Action":"run","Package":"github.com/viralabs-dev/mudarro/test/internal/mudarro","Test":"TestPreviewSecurityRedactsEmbeddedCredentials/authorization"}
{"Time":"2026-10-06T17:40:24.982174522-03:00","Action":"output","Package":"github.com/viralabs-dev/mudarro/test/internal/mudarro","Test":"TestPreviewSecurityRedactsEmbeddedCredentials/authorization","Output":"=== RUN   TestPreviewSecurityRedactsEmbeddedCredentials/authorization\n","OutputType":"frame"}
{"Time":"2026-10-06T17:40:24.983125603-03:00","Action":"output","Package":"github.com/viralabs-dev/mudarro/test/internal/mudarro","Test":"TestPreviewSecurityRedactsEmbeddedCredentials/authorization","Output":"--- PASS: TestPreviewSecurityRedactsEmbeddedCredentials/authorization (0.00s)\n","OutputType":"frame"}
{"Time":"2026-10-06T17:40:24.983139838-03:00","Action":"pass","Package":"github.com/viralabs-dev/mudarro/test/internal/mudarro","Test":"TestPreviewSecurityRedactsEmbeddedCredentials/authorization","Elapsed":0}
{"Time":"2026-10-06T17:40:24.983142455-03:00","Action":"run","Package":"github.com/viralabs-dev/mudarro/test/internal/mudarro","Test":"TestPreviewSecurityRedactsEmbeddedCredentials/flags-assignments"}
{"Time":"2026-10-06T17:40:24.983143999-03:00","Action":"output","Package":"github.com/viralabs-dev/mudarro/test/internal/mudarro","Test":"TestPreviewSecurityRedactsEmbeddedCredentials/flags-assignments","Output":"=== RUN   TestPreviewSecurityRedactsEmbeddedCredentials/flags-assignments\n","OutputType":"frame"}
{"Time":"2026-10-06T17:40:24.983950641-03:00","Action":"output","Package":"github.com/viralabs-dev/mudarro/test/internal/mudarro","Test":"TestPreviewSecurityRedactsEmbeddedCredentials/flags-assignments","Output":"--- PASS: TestPreviewSecurityRedactsEmbeddedCredentials/flags-assignments (0.00s)\n","OutputType":"frame"}
{"Time":"2026-10-06T17:40:24.983961884-03:00","Action":"pass","Package":"github.com/viralabs-dev/mudarro/test/internal/mudarro","Test":"TestPreviewSecurityRedactsEmbeddedCredentials/flags-assignments","Elapsed":0}
{"Time":"2026-10-06T17:40:24.983963685-03:00","Action":"run","Package":"github.com/viralabs-dev/mudarro/test/internal/mudarro","Test":"TestPreviewSecurityRedactsEmbeddedCredentials/script-source"}
{"Time":"2026-10-06T17:40:24.983965055-03:00","Action":"output","Package":"github.com/viralabs-dev/mudarro/test/internal/mudarro","Test":"TestPreviewSecurityRedactsEmbeddedCredentials/script-source","Output":"=== RUN   TestPreviewSecurityRedactsEmbeddedCredentials/script-source\n","OutputType":"frame"}
{"Time":"2026-10-06T17:40:24.985086663-03:00","Action":"output","Package":"github.com/viralabs-dev/mudarro/test/internal/mudarro","Test":"TestPreviewSecurityRedactsEmbeddedCredentials/script-source","Output":"--- PASS: TestPreviewSecurityRedactsEmbeddedCredentials/script-source (0.00s)\n","OutputType":"frame"}
{"Time":"2026-10-06T17:40:24.985102008-03:00","Action":"pass","Package":"github.com/viralabs-dev/mudarro/test/internal/mudarro","Test":"TestPreviewSecurityRedactsEmbeddedCredentials/script-source","Elapsed":0}
{"Time":"2026-10-06T17:40:24.985104305-03:00","Action":"output","Package":"github.com/viralabs-dev/mudarro/test/internal/mudarro","Test":"TestPreviewSecurityRedactsEmbeddedCredentials","Output":"--- PASS: TestPreviewSecurityRedactsEmbeddedCredentials (0.00s)\n","OutputType":"frame"}
{"Time":"2026-10-06T17:40:24.985105895-03:00","Action":"pass","Package":"github.com/viralabs-dev/mudarro/test/internal/mudarro","Test":"TestPreviewSecurityRedactsEmbeddedCredentials","Elapsed":0}
{"Time":"2026-10-06T17:40:24.985107172-03:00","Action":"run","Package":"github.com/viralabs-dev/mudarro/test/internal/mudarro","Test":"TestPreviewSecurityNavigationDoesNotExecute"}
{"Time":"2026-10-06T17:40:24.985108382-03:00","Action":"output","Package":"github.com/viralabs-dev/mudarro/test/internal/mudarro","Test":"TestPreviewSecurityNavigationDoesNotExecute","Output":"=== RUN   TestPreviewSecurityNavigationDoesNotExecute\n","OutputType":"frame"}
{"Time":"2026-10-06T17:40:24.986231228-03:00","Action":"output","Package":"github.com/viralabs-dev/mudarro/test/internal/mudarro","Test":"TestPreviewSecurityNavigationDoesNotExecute","Output":"--- PASS: TestPreviewSecurityNavigationDoesNotExecute (0.00s)\n","OutputType":"frame"}
{"Time":"2026-10-06T17:40:24.986246191-03:00","Action":"pass","Package":"github.com/viralabs-dev/mudarro/test/internal/mudarro","Test":"TestPreviewSecurityNavigationDoesNotExecute","Elapsed":0}
{"Time":"2026-10-06T17:40:24.986249688-03:00","Action":"run","Package":"github.com/viralabs-dev/mudarro/test/internal/mudarro","Test":"TestPreviewSecurityTotalSourceBudget"}
{"Time":"2026-10-06T17:40:24.986251481-03:00","Action":"output","Package":"github.com/viralabs-dev/mudarro/test/internal/mudarro","Test":"TestPreviewSecurityTotalSourceBudget","Output":"=== RUN   TestPreviewSecurityTotalSourceBudget\n","OutputType":"frame"}
{"Time":"2026-10-06T17:40:25.017949139-03:00","Action":"output","Package":"github.com/viralabs-dev/mudarro/test/internal/mudarro","Test":"TestPreviewSecurityTotalSourceBudget","Output":"--- PASS: TestPreviewSecurityTotalSourceBudget (0.03s)\n","OutputType":"frame"}
{"Time":"2026-10-06T17:40:25.017973555-03:00","Action":"pass","Package":"github.com/viralabs-dev/mudarro/test/internal/mudarro","Test":"TestPreviewSecurityTotalSourceBudget","Elapsed":0.03}
{"Time":"2026-10-06T17:40:25.017982604-03:00","Action":"run","Package":"github.com/viralabs-dev/mudarro/test/internal/mudarro","Test":"TestPreviewSecurityRejectsSourceSymlinks"}
{"Time":"2026-10-06T17:40:25.017985031-03:00","Action":"output","Package":"github.com/viralabs-dev/mudarro/test/internal/mudarro","Test":"TestPreviewSecurityRejectsSourceSymlinks","Output":"=== RUN   TestPreviewSecurityRejectsSourceSymlinks\n","OutputType":"frame"}
{"Time":"2026-10-06T17:40:25.018847294-03:00","Action":"output","Package":"github.com/viralabs-dev/mudarro/test/internal/mudarro","Test":"TestPreviewSecurityRejectsSourceSymlinks","Output":"--- PASS: TestPreviewSecurityRejectsSourceSymlinks (0.00s)\n","OutputType":"frame"}
{"Time":"2026-10-06T17:40:25.018864168-03:00","Action":"pass","Package":"github.com/viralabs-dev/mudarro/test/internal/mudarro","Test":"TestPreviewSecurityRejectsSourceSymlinks","Elapsed":0}
{"Time":"2026-10-06T17:40:25.018869701-03:00","Action":"run","Package":"github.com/viralabs-dev/mudarro/test/internal/mudarro","Test":"TestPreviewSecuritySourceCannotEmitTerminalControls"}
{"Time":"2026-10-06T17:40:25.01887199-03:00","Action":"output","Package":"github.com/viralabs-dev/mudarro/test/internal/mudarro","Test":"TestPreviewSecuritySourceCannotEmitTerminalControls","Output":"=== RUN   TestPreviewSecuritySourceCannotEmitTerminalControls\n","OutputType":"frame"}
{"Time":"2026-10-06T17:40:25.019776589-03:00","Action":"output","Package":"github.com/viralabs-dev/mudarro/test/internal/mudarro","Test":"TestPreviewSecuritySourceCannotEmitTerminalControls","Output":"--- PASS: TestPreviewSecuritySourceCannotEmitTerminalControls (0.00s)\n","OutputType":"frame"}
{"Time":"2026-10-06T17:40:25.019791083-03:00","Action":"pass","Package":"github.com/viralabs-dev/mudarro/test/internal/mudarro","Test":"TestPreviewSecuritySourceCannotEmitTerminalControls","Elapsed":0}
{"Time":"2026-10-06T17:40:25.01979662-03:00","Action":"run","Package":"github.com/viralabs-dev/mudarro/test/internal/mudarro","Test":"TestMenuUsesExplicitConsumerName"}
{"Time":"2026-10-06T17:40:25.019799452-03:00","Action":"output","Package":"github.com/viralabs-dev/mudarro/test/internal/mudarro","Test":"TestMenuUsesExplicitConsumerName","Output":"=== RUN   TestMenuUsesExplicitConsumerName\n","OutputType":"frame"}
{"Time":"2026-10-06T17:40:25.020829252-03:00","Action":"output","Package":"github.com/viralabs-dev/mudarro/test/internal/mudarro","Test":"TestMenuUsesExplicitConsumerName","Output":"--- PASS: TestMenuUsesExplicitConsumerName (0.00s)\n","OutputType":"frame"}
{"Time":"2026-10-06T17:40:25.020840664-03:00","Action":"pass","Package":"github.com/viralabs-dev/mudarro/test/internal/mudarro","Test":"TestMenuUsesExplicitConsumerName","Elapsed":0}
{"Time":"2026-10-06T17:40:25.020846167-03:00","Action":"run","Package":"github.com/viralabs-dev/mudarro/test/internal/mudarro","Test":"TestRubyExecutableEvidenceNeverEvaluated"}
{"Time":"2026-10-06T17:40:25.020848665-03:00","Action":"output","Package":"github.com/viralabs-dev/mudarro/test/internal/mudarro","Test":"TestRubyExecutableEvidenceNeverEvaluated","Output":"=== RUN   TestRubyExecutableEvidenceNeverEvaluated\n","OutputType":"frame"}
{"Time":"2026-10-06T17:40:25.021314952-03:00","Action":"output","Package":"github.com/viralabs-dev/mudarro/test/internal/mudarro","Test":"TestRubyExecutableEvidenceNeverEvaluated","Output":"--- PASS: TestRubyExecutableEvidenceNeverEvaluated (0.00s)\n","OutputType":"frame"}
{"Time":"2026-10-06T17:40:25.021325002-03:00","Action":"pass","Package":"github.com/viralabs-dev/mudarro/test/internal/mudarro","Test":"TestRubyExecutableEvidenceNeverEvaluated","Elapsed":0}
{"Time":"2026-10-06T17:40:25.021331938-03:00","Action":"run","Package":"github.com/viralabs-dev/mudarro/test/internal/mudarro","Test":"TestRubyEvidenceBoundaries"}
{"Time":"2026-10-06T17:40:25.021334484-03:00","Action":"output","Package":"github.com/viralabs-dev/mudarro/test/internal/mudarro","Test":"TestRubyEvidenceBoundaries","Output":"=== RUN   TestRubyEvidenceBoundaries\n","OutputType":"frame"}
{"Time":"2026-10-06T17:40:25.021342839-03:00","Action":"run","Package":"github.com/viralabs-dev/mudarro/test/internal/mudarro","Test":"TestRubyEvidenceBoundaries/Gemfile"}
{"Time":"2026-10-06T17:40:25.021345943-03:00","Action":"output","Package":"github.com/viralabs-dev/mudarro/test/internal/mudarro","Test":"TestRubyEvidenceBoundaries/Gemfile","Output":"=== RUN   TestRubyEvidenceBoundaries/Gemfile\n","OutputType":"frame"}
{"Time":"2026-10-06T17:40:25.03352874-03:00","Action":"output","Package":"github.com/viralabs-dev/mudarro/test/internal/mudarro","Test":"TestRubyEvidenceBoundaries/Gemfile","Output":"--- PASS: TestRubyEvidenceBoundaries/Gemfile (0.01s)\n","OutputType":"frame"}
{"Time":"2026-10-06T17:40:25.033551985-03:00","Action":"pass","Package":"github.com/viralabs-dev/mudarro/test/internal/mudarro","Test":"TestRubyEvidenceBoundaries/Gemfile","Elapsed":0.01}
{"Time":"2026-10-06T17:40:25.033556065-03:00","Action":"run","Package":"github.com/viralabs-dev/mudarro/test/internal/mudarro","Test":"TestRubyEvidenceBoundaries/sample.gemspec"}
{"Time":"2026-10-06T17:40:25.033557541-03:00","Action":"output","Package":"github.com/viralabs-dev/mudarro/test/internal/mudarro","Test":"TestRubyEvidenceBoundaries/sample.gemspec","Output":"=== RUN   TestRubyEvidenceBoundaries/sample.gemspec\n","OutputType":"frame"}
{"Time":"2026-10-06T17:40:25.042156178-03:00","Action":"output","Package":"github.com/viralabs-dev/mudarro/test/internal/mudarro","Test":"TestRubyEvidenceBoundaries/sample.gemspec","Output":"--- PASS: TestRubyEvidenceBoundaries/sample.gemspec (0.01s)\n","OutputType":"frame"}
{"Time":"2026-10-06T17:40:25.042174418-03:00","Action":"pass","Package":"github.com/viralabs-dev/mudarro/test/internal/mudarro","Test":"TestRubyEvidenceBoundaries/sample.gemspec","Elapsed":0.01}
{"Time":"2026-10-06T17:40:25.042178593-03:00","Action":"run","Package":"github.com/viralabs-dev/mudarro/test/internal/mudarro","Test":"TestRubyEvidenceBoundaries/Gemfile.lock"}
{"Time":"2026-10-06T17:40:25.042180587-03:00","Action":"output","Package":"github.com/viralabs-dev/mudarro/test/internal/mudarro","Test":"TestRubyEvidenceBoundaries/Gemfile.lock","Output":"=== RUN   TestRubyEvidenceBoundaries/Gemfile.lock\n","OutputType":"frame"}
{"Time":"2026-10-06T17:40:25.05169415-03:00","Action":"output","Package":"github.com/viralabs-dev/mudarro/test/internal/mudarro","Test":"TestRubyEvidenceBoundaries/Gemfile.lock","Output":"--- PASS: TestRubyEvidenceBoundaries/Gemfile.lock (0.01s)\n","OutputType":"frame"}
{"Time":"2026-10-06T17:40:25.051719672-03:00","Action":"pass","Package":"github.com/viralabs-dev/mudarro/test/internal/mudarro","Test":"TestRubyEvidenceBoundaries/Gemfile.lock","Elapsed":0.01}
{"Time":"2026-10-06T17:40:25.051976635-03:00","Action":"output","Package":"github.com/viralabs-dev/mudarro/test/internal/mudarro","Test":"TestRubyEvidenceBoundaries","Output":"--- PASS: TestRubyEvidenceBoundaries (0.03s)\n","OutputType":"frame"}
{"Time":"2026-10-06T17:40:25.051986879-03:00","Action":"pass","Package":"github.com/viralabs-dev/mudarro/test/internal/mudarro","Test":"TestRubyEvidenceBoundaries","Elapsed":0.03}
{"Time":"2026-10-06T17:40:25.051991857-03:00","Action":"run","Package":"github.com/viralabs-dev/mudarro/test/internal/mudarro","Test":"TestRubyScanNestedExcludedNoCommands"}
{"Time":"2026-10-06T17:40:25.051994344-03:00","Action":"output","Package":"github.com/viralabs-dev/mudarro/test/internal/mudarro","Test":"TestRubyScanNestedExcludedNoCommands","Output":"=== RUN   TestRubyScanNestedExcludedNoCommands\n","OutputType":"frame"}
{"Time":"2026-10-06T17:40:25.067550941-03:00","Action":"output","Package":"github.com/viralabs-dev/mudarro/test/internal/mudarro","Test":"TestRubyScanNestedExcludedNoCommands","Output":"--- PASS: TestRubyScanNestedExcludedNoCommands (0.02s)\n","OutputType":"frame"}
{"Time":"2026-10-06T17:40:25.067577137-03:00","Action":"pass","Package":"github.com/viralabs-dev/mudarro/test/internal/mudarro","Test":"TestRubyScanNestedExcludedNoCommands","Elapsed":0.02}
{"Time":"2026-10-06T17:40:25.067584559-03:00","Action":"run","Package":"github.com/viralabs-dev/mudarro/test/internal/mudarro","Test":"TestRustCargoPackageLibAndBinsStayOptIn"}
{"Time":"2026-10-06T17:40:25.06758716-03:00","Action":"output","Package":"github.com/viralabs-dev/mudarro/test/internal/mudarro","Test":"TestRustCargoPackageLibAndBinsStayOptIn","Output":"=== RUN   TestRustCargoPackageLibAndBinsStayOptIn\n","OutputType":"frame"}
{"Time":"2026-10-06T17:40:25.067590175-03:00","Action":"run","Package":"github.com/viralabs-dev/mudarro/test/internal/mudarro","Test":"TestRustCargoPackageLibAndBinsStayOptIn/[package]_name='owned'_version='0.1.0'_"}
{"Time":"2026-10-06T17:40:25.067592448-03:00","Action":"output","Package":"github.com/viralabs-dev/mudarro/test/internal/mudarro","Test":"TestRustCargoPackageLibAndBinsStayOptIn/[package]_name='owned'_version='0.1.0'_","Output":"=== RUN   TestRustCargoPackageLibAndBinsStayOptIn/[package]_name='owned'_version='0.1.0'_\n","OutputType":"frame"}
{"Time":"2026-10-06T17:40:25.068526422-03:00","Action":"output","Package":"github.com/viralabs-dev/mudarro/test/internal/mudarro","Test":"TestRustCargoPackageLibAndBinsStayOptIn/[package]_name='owned'_version='0.1.0'_","Output":"--- PASS: TestRustCargoPackageLibAndBinsStayOptIn/[package]_name='owned'_version='0.1.0'_ (0.00s)\n","OutputType":"frame"}
{"Time":"2026-10-06T17:40:25.068529782-03:00","Action":"pass","Package":"github.com/viralabs-dev/mudarro/test/internal/mudarro","Test":"TestRustCargoPackageLibAndBinsStayOptIn/[package]_name='owned'_version='0.1.0'_","Elapsed":0}
{"Time":"2026-10-06T17:40:25.068541199-03:00","Action":"run","Package":"github.com/viralabs-dev/mudarro/test/internal/mudarro","Test":"TestRustCargoPackageLibAndBinsStayOptIn/[package]_name='owned'_[lib]_name='owned'_path='src/lib.rs'_[[bin]]_name='owned'_path='src/main.rs'_[[bin]]_name='other'_path='src/other.rs'_"}
{"Time":"2026-10-06T17:40:25.068544047-03:00","Action":"output","Package":"github.com/viralabs-dev/mudarro/test/internal/mudarro","Test":"TestRustCargoPackageLibAndBinsStayOptIn/[package]_name='owned'_[lib]_name='owned'_path='src/lib.rs'_[[bin]]_name='owned'_path='src/main.rs'_[[bin]]_name='other'_path='src/other.rs'_","Output":"=== RUN   TestRustCargoPackageLibAndBinsStayOptIn/[package]_name='owned'_[lib]_name='owned'_path='src/lib.rs'_[[bin]]_name='owned'_path='src/main.rs'_[[bin]]_name='other'_path='src/other.rs'_\n","OutputType":"frame"}
{"Time":"2026-10-06T17:40:25.069611491-03:00","Action":"output","Package":"github.com/viralabs-dev/mudarro/test/internal/mudarro","Test":"TestRustCargoPackageLibAndBinsStayOptIn/[package]_name='owned'_[lib]_name='owned'_path='src/lib.rs'_[[bin]]_name='owned'_path='src/main.rs'_[[bin]]_name='other'_path='src/other.rs'_","Output":"--- PASS: TestRustCargoPackageLibAndBinsStayOptIn/[package]_name='owned'_[lib]_name='owned'_path='src/lib.rs'_[[bin]]_name='owned'_path='src/main.rs'_[[bin]]_name='other'_path='src/other.rs'_ (0.00s)\n","OutputType":"frame"}
{"Time":"2026-10-06T17:40:25.06962738-03:00","Action":"pass","Package":"github.com/viralabs-dev/mudarro/test/internal/mudarro","Test":"TestRustCargoPackageLibAndBinsStayOptIn/[package]_name='owned'_[lib]_name='owned'_path='src/lib.rs'_[[bin]]_name='owned'_path='src/main.rs'_[[bin]]_name='other'_path='src/other.rs'_","Elapsed":0}
{"Time":"2026-10-06T17:40:25.069660088-03:00","Action":"output","Package":"github.com/viralabs-dev/mudarro/test/internal/mudarro","Test":"TestRustCargoPackageLibAndBinsStayOptIn","Output":"--- PASS: TestRustCargoPackageLibAndBinsStayOptIn (0.00s)\n","OutputType":"frame"}
{"Time":"2026-10-06T17:40:25.069672513-03:00","Action":"pass","Package":"github.com/viralabs-dev/mudarro/test/internal/mudarro","Test":"TestRustCargoPackageLibAndBinsStayOptIn","Elapsed":0}
{"Time":"2026-10-06T17:40:25.069685948-03:00","Action":"run","Package":"github.com/viralabs-dev/mudarro/test/internal/mudarro","Test":"TestRustCargoAbsentMalformedAndOversized"}
{"Time":"2026-10-06T17:40:25.069688375-03:00","Action":"output","Package":"github.com/viralabs-dev/mudarro/test/internal/mudarro","Test":"TestRustCargoAbsentMalformedAndOversized","Output":"=== RUN   TestRustCargoAbsentMalformedAndOversized\n","OutputType":"frame"}
{"Time":"2026-10-06T17:40:25.075366625-03:00","Action":"run","Package":"github.com/viralabs-dev/mudarro/test/internal/mudarro","Test":"TestRustCargoAbsentMalformedAndOversized/syntax"}
{"Time":"2026-10-06T17:40:25.075368967-03:00","Action":"output","Package":"github.com/viralabs-dev/mudarro/test/internal/mudarro","Test":"TestRustCargoAbsentMalformedAndOversized/syntax","Output":"=== RUN   TestRustCargoAbsentMalformedAndOversized/syntax\n","OutputType":"frame"}
{"Time":"2026-10-06T17:40:25.075654504-03:00","Action":"output","Package":"github.com/viralabs-dev/mudarro/test/internal/mudarro","Test":"TestRustCargoAbsentMalformedAndOversized/syntax","Output":"--- PASS: TestRustCargoAbsentMalformedAndOversized/syntax (0.00s)\n","OutputType":"frame"}
{"Time":"2026-10-06T17:40:25.075667676-03:00","Action":"pass","Package":"github.com/viralabs-dev/mudarro/test/internal/mudarro","Test":"TestRustCargoAbsentMalformedAndOversized/syntax","Elapsed":0}
{"Time":"2026-10-06T17:40:25.075678249-03:00","Action":"run","Package":"github.com/viralabs-dev/mudarro/test/internal/mudarro","Test":"TestRustCargoAbsentMalformedAndOversized/empty"}
{"Time":"2026-10-06T17:40:25.075679744-03:00","Action":"output","Package":"github.com/viralabs-dev/mudarro/test/internal/mudarro","Test":"TestRustCargoAbsentMalformedAndOversized/empty","Output":"=== RUN   TestRustCargoAbsentMalformedAndOversized/empty\n","OutputType":"frame"}
{"Time":"2026-10-06T17:40:25.075874921-03:00","Action":"output","Package":"github.com/viralabs-dev/mudarro/test/internal/mudarro","Test":"TestRustCargoAbsentMalformedAndOversized/empty","Output":"--- PASS: TestRustCargoAbsentMalformedAndOversized/empty (0.00s)\n","OutputType":"frame"}
{"Time":"2026-10-06T17:40:25.075884378-03:00","Action":"pass","Package":"github.com/viralabs-dev/mudarro/test/internal/mudarro","Test":"TestRustCargoAbsentMalformedAndOversized/empty","Elapsed":0}
{"Time":"2026-10-06T17:40:25.075895334-03:00","Action":"run","Package":"github.com/viralabs-dev/mudarro/test/internal/mudarro","Test":"TestRustCargoAbsentMalformedAndOversized/missing-name"}
{"Time":"2026-10-06T17:40:25.07589712-03:00","Action":"output","Package":"github.com/viralabs-dev/mudarro/test/internal/mudarro","Test":"TestRustCargoAbsentMalformedAndOversized/missing-name","Output":"=== RUN   TestRustCargoAbsentMalformedAndOversized/missing-name\n","OutputType":"frame"}
{"Time":"2026-10-06T17:40:25.076098022-03:00","Action":"output","Package":"github.com/viralabs-dev/mudarro/test/internal/mudarro","Test":"TestRustCargoAbsentMalformedAndOversized/missing-name","Output":"--- PASS: TestRustCargoAbsentMalformedAndOversized/missing-name (0.00s)\n","OutputType":"frame"}
{"Time":"2026-10-06T17:40:25.076107007-03:00","Action":"pass","Package":"github.com/viralabs-dev/mudarro/test/internal/mudarro","Test":"TestRustCargoAbsentMalformedAndOversized/missing-name","Elapsed":0}
{"Time":"2026-10-06T17:40:25.076116938-03:00","Action":"run","Package":"github.com/viralabs-dev/mudarro/test/internal/mudarro","Test":"TestRustCargoAbsentMalformedAndOversized/wrong-type"}
{"Time":"2026-10-06T17:40:25.076119559-03:00","Action":"output","Package":"github.com/viralabs-dev/mudarro/test/internal/mudarro","Test":"TestRustCargoAbsentMalformedAndOversized/wrong-type","Output":"=== RUN   TestRustCargoAbsentMalformedAndOversized/wrong-type\n","OutputType":"frame"}
{"Time":"2026-10-06T17:40:25.076366728-03:00","Action":"output","Package":"github.com/viralabs-dev/mudarro/test/internal/mudarro","Test":"TestRustCargoAbsentMalformedAndOversized/wrong-type","Output":"--- PASS: TestRustCargoAbsentMalformedAndOversized/wrong-type (0.00s)\n","OutputType":"frame"}
{"Time":"2026-10-06T17:40:25.076376155-03:00","Action":"pass","Package":"github.com/viralabs-dev/mudarro/test/internal/mudarro","Test":"TestRustCargoAbsentMalformedAndOversized/wrong-type","Elapsed":0}
{"Time":"2026-10-06T17:40:25.07638624-03:00","Action":"run","Package":"github.com/viralabs-dev/mudarro/test/internal/mudarro","Test":"TestRustCargoAbsentMalformedAndOversized/duplicate"}
{"Time":"2026-10-06T17:40:25.076387835-03:00","Action":"output","Package":"github.com/viralabs-dev/mudarro/test/internal/mudarro","Test":"TestRustCargoAbsentMalformedAndOversized/duplicate","Output":"=== RUN   TestRustCargoAbsentMalformedAndOversized/duplicate\n","OutputType":"frame"}
{"Time":"2026-10-06T17:40:25.076610413-03:00","Action":"output","Package":"github.com/viralabs-dev/mudarro/test/internal/mudarro","Test":"TestRustCargoAbsentMalformedAndOversized/duplicate","Output":"--- PASS: TestRustCargoAbsentMalformedAndOversized/duplicate (0.00s)\n","OutputType":"frame"}
{"Time":"2026-10-06T17:40:25.076622039-03:00","Action":"pass","Package":"github.com/viralabs-dev/mudarro/test/internal/mudarro","Test":"TestRustCargoAbsentMalformedAndOversized/duplicate","Elapsed":0}
{"Time":"2026-10-06T17:40:25.076645657-03:00","Action":"run","Package":"github.com/viralabs-dev/mudarro/test/internal/mudarro","Test":"TestRustCargoAbsentMalformedAndOversized/oversized"}
{"Time":"2026-10-06T17:40:25.076655713-03:00","Action":"output","Package":"github.com/viralabs-dev/mudarro/test/internal/mudarro","Test":"TestRustCargoAbsentMalformedAndOversized/oversized","Output":"=== RUN   TestRustCargoAbsentMalformedAndOversized/oversized\n","OutputType":"frame"}
{"Time":"2026-10-06T17:40:25.083188681-03:00","Action":"output","Package":"github.com/viralabs-dev/mudarro/test/internal/mudarro","Test":"TestRustCargoAbsentMalformedAndOversized/oversized","Output":"--- PASS: TestRustCargoAbsentMalformedAndOversized/oversized (0.01s)\n","OutputType":"frame"}
{"Time":"2026-10-06T17:40:25.08320273-03:00","Action":"pass","Package":"github.com/viralabs-dev/mudarro/test/internal/mudarro","Test":"TestRustCargoAbsentMalformedAndOversized/oversized","Elapsed":0.01}
{"Time":"2026-10-06T17:40:25.083277921-03:00","Action":"output","Package":"github.com/viralabs-dev/mudarro/test/internal/mudarro","Test":"TestRustCargoAbsentMalformedAndOversized","Output":"--- PASS: TestRustCargoAbsentMalformedAndOversized (0.01s)\n","OutputType":"frame"}
{"Time":"2026-10-06T17:40:25.08328355-03:00","Action":"pass","Package":"github.com/viralabs-dev/mudarro/test/internal/mudarro","Test":"TestRustCargoAbsentMalformedAndOversized","Elapsed":0.01}
{"Time":"2026-10-06T17:40:25.083299725-03:00","Action":"run","Package":"github.com/viralabs-dev/mudarro/test/internal/mudarro","Test":"TestRustCargoWorkspaceExplicitOwnershipAndDefaults"}
{"Time":"2026-10-06T17:40:25.083301643-03:00","Action":"output","Package":"github.com/viralabs-dev/mudarro/test/internal/mudarro","Test":"TestRustCargoWorkspaceExplicitOwnershipAndDefaults","Output":"=== RUN   TestRustCargoWorkspaceExplicitOwnershipAndDefaults\n","OutputType":"frame"}
{"Time":"2026-10-06T17:40:25.085533818-03:00","Action":"output","Package":"github.com/viralabs-dev/mudarro/test/internal/mudarro","Test":"TestRustCargoWorkspaceExplicitOwnershipAndDefaults","Output":"--- PASS: TestRustCargoWorkspaceExplicitOwnershipAndDefaults (0.00s)\n","OutputType":"frame"}
{"Time":"2026-10-06T17:40:25.085544626-03:00","Action":"pass","Package":"github.com/viralabs-dev/mudarro/test/internal/mudarro","Test":"TestRustCargoWorkspaceExplicitOwnershipAndDefaults","Elapsed":0}
{"Time":"2026-10-06T17:40:25.085547358-03:00","Action":"run","Package":"github.com/viralabs-dev/mudarro/test/internal/mudarro","Test":"TestRustCargoWorkspaceInvalidMembersStayUnresolved"}
{"Time":"2026-10-06T17:40:25.085548928-03:00","Action":"output","Package":"github.com/viralabs-dev/mudarro/test/internal/mudarro","Test":"TestRustCargoWorkspaceInvalidMembersStayUnresolved","Output":"=== RUN   TestRustCargoWorkspaceInvalidMembersStayUnresolved\n","OutputType":"frame"}
{"Time":"2026-10-06T17:40:25.085552019-03:00","Action":"run","Package":"github.com/viralabs-dev/mudarro/test/internal/mudarro","Test":"TestRustCargoWorkspaceInvalidMembersStayUnresolved/missing"}
{"Time":"2026-10-06T17:40:25.08555354-03:00","Action":"output","Package":"github.com/viralabs-dev/mudarro/test/internal/mudarro","Test":"TestRustCargoWorkspaceInvalidMembersStayUnresolved/missing","Output":"=== RUN   TestRustCargoWorkspaceInvalidMembersStayUnresolved/missing\n","OutputType":"frame"}
{"Time":"2026-10-06T17:40:25.086494164-03:00","Action":"output","Package":"github.com/viralabs-dev/mudarro/test/internal/mudarro","Test":"TestRustCargoWorkspaceInvalidMembersStayUnresolved/missing","Output":"--- PASS: TestRustCargoWorkspaceInvalidMembersStayUnresolved/missing (0.00s)\n","OutputType":"frame"}
{"Time":"2026-10-06T17:40:25.086503667-03:00","Action":"pass","Package":"github.com/viralabs-dev/mudarro/test/internal/mudarro","Test":"TestRustCargoWorkspaceInvalidMembersStayUnresolved/missing","Elapsed":0}
{"Time":"2026-10-06T17:40:25.086506263-03:00","Action":"run","Package":"github.com/viralabs-dev/mudarro/test/internal/mudarro","Test":"TestRustCargoWorkspaceInvalidMembersStayUnresolved/outside"}
{"Time":"2026-10-06T17:40:25.086507968-03:00","Action":"output","Package":"github.com/viralabs-dev/mudarro/test/internal/mudarro","Test":"TestRustCargoWorkspaceInvalidMembersStayUnresolved/outside","Output":"=== RUN   TestRustCargoWorkspaceInvalidMembersStayUnresolved/outside\n","OutputType":"frame"}
{"Time":"2026-10-06T17:40:25.087321243-03:00","Action":"output","Package":"github.com/viralabs-dev/mudarro/test/internal/mudarro","Test":"TestRustCargoWorkspaceInvalidMembersStayUnresolved/outside","Output":"--- PASS: TestRustCargoWorkspaceInvalidMembersStayUnresolved/outside (0.00s)\n","OutputType":"frame"}
{"Time":"2026-10-06T17:40:25.087336279-03:00","Action":"pass","Package":"github.com/viralabs-dev/mudarro/test/internal/mudarro","Test":"TestRustCargoWorkspaceInvalidMembersStayUnresolved/outside","Elapsed":0}
{"Time":"2026-10-06T17:40:25.087338567-03:00","Action":"run","Package":"github.com/viralabs-dev/mudarro/test/internal/mudarro","Test":"TestRustCargoWorkspaceInvalidMembersStayUnresolved/glob"}
{"Time":"2026-10-06T17:40:25.087340183-03:00","Action":"output","Package":"github.com/viralabs-dev/mudarro/test/internal/mudarro","Test":"TestRustCargoWorkspaceInvalidMembersStayUnresolved/glob","Output":"=== RUN   TestRustCargoWorkspaceInvalidMembersStayUnresolved/glob\n","OutputType":"frame"}
{"Time":"2026-10-06T17:40:25.088198176-03:00","Action":"output","Package":"github.com/viralabs-dev/mudarro/test/internal/mudarro","Test":"TestRustCargoWorkspaceInvalidMembersStayUnresolved/glob","Output":"--- PASS: TestRustCargoWorkspaceInvalidMembersStayUnresolved/glob (0.00s)\n","OutputType":"frame"}
{"Time":"2026-10-06T17:40:25.088214112-03:00","Action":"pass","Package":"github.com/viralabs-dev/mudarro/test/internal/mudarro","Test":"TestRustCargoWorkspaceInvalidMembersStayUnresolved/glob","Elapsed":0}
{"Time":"2026-10-06T17:40:25.08821585-03:00","Action":"run","Package":"github.com/viralabs-dev/mudarro/test/internal/mudarro","Test":"TestRustCargoWorkspaceInvalidMembersStayUnresolved/not-package"}
{"Time":"2026-10-06T17:40:25.088217326-03:00","Action":"output","Package":"github.com/viralabs-dev/mudarro/test/internal/mudarro","Test":"TestRustCargoWorkspaceInvalidMembersStayUnresolved/not-package","Output":"=== RUN   TestRustCargoWorkspaceInvalidMembersStayUnresolved/not-package\n","OutputType":"frame"}
{"Time":"2026-10-06T17:40:25.08909581-03:00","Action":"output","Package":"github.com/viralabs-dev/mudarro/test/internal/mudarro","Test":"TestRustCargoWorkspaceInvalidMembersStayUnresolved/not-package","Output":"--- PASS: TestRustCargoWorkspaceInvalidMembersStayUnresolved/not-package (0.00s)\n","OutputType":"frame"}
{"Time":"2026-10-06T17:40:25.089111963-03:00","Action":"pass","Package":"github.com/viralabs-dev/mudarro/test/internal/mudarro","Test":"TestRustCargoWorkspaceInvalidMembersStayUnresolved/not-package","Elapsed":0}
{"Time":"2026-10-06T17:40:25.089127412-03:00","Action":"run","Package":"github.com/viralabs-dev/mudarro/test/internal/mudarro","Test":"TestRustCargoWorkspaceInvalidMembersStayUnresolved/duplicate"}
{"Time":"2026-10-06T17:40:25.089129382-03:00","Action":"output","Package":"github.com/viralabs-dev/mudarro/test/internal/mudarro","Test":"TestRustCargoWorkspaceInvalidMembersStayUnresolved/duplicate","Output":"=== RUN   TestRustCargoWorkspaceInvalidMembersStayUnresolved/duplicate\n","OutputType":"frame"}
{"Time":"2026-10-06T17:40:25.090083455-03:00","Action":"output","Package":"github.com/viralabs-dev/mudarro/test/internal/mudarro","Test":"TestRustCargoWorkspaceInvalidMembersStayUnresolved/duplicate","Output":"--- PASS: TestRustCargoWorkspaceInvalidMembersStayUnresolved/duplicate (0.00s)\n","OutputType":"frame"}
{"Time":"2026-10-06T17:40:25.090095864-03:00","Action":"pass","Package":"github.com/viralabs-dev/mudarro/test/internal/mudarro","Test":"TestRustCargoWorkspaceInvalidMembersStayUnresolved/duplicate","Elapsed":0}
{"Time":"2026-10-06T17:40:25.090099096-03:00","Action":"run","Package":"github.com/viralabs-dev/mudarro/test/internal/mudarro","Test":"TestRustCargoWorkspaceInvalidMembersStayUnresolved/default-nonmember"}
{"Time":"2026-10-06T17:40:25.09010077-03:00","Action":"output","Package":"github.com/viralabs-dev/mudarro/test/internal/mudarro","Test":"TestRustCargoWorkspaceInvalidMembersStayUnresolved/default-nonmember","Output":"=== RUN   TestRustCargoWorkspaceInvalidMembersStayUnresolved/default-nonmember\n","OutputType":"frame"}
{"Time":"2026-10-06T17:40:25.091036121-03:00","Action":"output","Package":"github.com/viralabs-dev/mudarro/test/internal/mudarro","Test":"TestRustCargoWorkspaceInvalidMembersStayUnresolved/default-nonmember","Output":"--- PASS: TestRustCargoWorkspaceInvalidMembersStayUnresolved/default-nonmember (0.00s)\n","OutputType":"frame"}
{"Time":"2026-10-06T17:40:25.091052351-03:00","Action":"pass","Package":"github.com/viralabs-dev/mudarro/test/internal/mudarro","Test":"TestRustCargoWorkspaceInvalidMembersStayUnresolved/default-nonmember","Elapsed":0}
{"Time":"2026-10-06T17:40:25.091054232-03:00","Action":"run","Package":"github.com/viralabs-dev/mudarro/test/internal/mudarro","Test":"TestRustCargoWorkspaceInvalidMembersStayUnresolved/excluded-dir"}
{"Time":"2026-10-06T17:40:25.091055649-03:00","Action":"output","Package":"github.com/viralabs-dev/mudarro/test/internal/mudarro","Test":"TestRustCargoWorkspaceInvalidMembersStayUnresolved/excluded-dir","Output":"=== RUN   TestRustCargoWorkspaceInvalidMembersStayUnresolved/excluded-dir\n","OutputType":"frame"}
{"Time":"2026-10-06T17:40:25.091827821-03:00","Action":"output","Package":"github.com/viralabs-dev/mudarro/test/internal/mudarro","Test":"TestRustCargoWorkspaceInvalidMembersStayUnresolved/excluded-dir","Output":"--- PASS: TestRustCargoWorkspaceInvalidMembersStayUnresolved/excluded-dir (0.00s)\n","OutputType":"frame"}
{"Time":"2026-10-06T17:40:25.091842604-03:00","Action":"pass","Package":"github.com/viralabs-dev/mudarro/test/internal/mudarro","Test":"TestRustCargoWorkspaceInvalidMembersStayUnresolved/excluded-dir","Elapsed":0}
{"Time":"2026-10-06T17:40:25.091853592-03:00","Action":"run","Package":"github.com/viralabs-dev/mudarro/test/internal/mudarro","Test":"TestRustCargoWorkspaceInvalidMembersStayUnresolved/excluded-file"}
{"Time":"2026-10-06T17:40:25.091855554-03:00","Action":"output","Package":"github.com/viralabs-dev/mudarro/test/internal/mudarro","Test":"TestRustCargoWorkspaceInvalidMembersStayUnresolved/excluded-file","Output":"=== RUN   TestRustCargoWorkspaceInvalidMembersStayUnresolved/excluded-file\n","OutputType":"frame"}
{"Time":"2026-10-06T17:40:25.092837289-03:00","Action":"output","Package":"github.com/viralabs-dev/mudarro/test/internal/mudarro","Test":"TestRustCargoWorkspaceInvalidMembersStayUnresolved/excluded-file","Output":"--- PASS: TestRustCargoWorkspaceInvalidMembersStayUnresolved/excluded-file (0.00s)\n","OutputType":"frame"}
{"Time":"2026-10-06T17:40:25.092848724-03:00","Action":"pass","Package":"github.com/viralabs-dev/mudarro/test/internal/mudarro","Test":"TestRustCargoWorkspaceInvalidMembersStayUnresolved/excluded-file","Elapsed":0}
{"Time":"2026-10-06T17:40:25.092850823-03:00","Action":"run","Package":"github.com/viralabs-dev/mudarro/test/internal/mudarro","Test":"TestRustCargoWorkspaceInvalidMembersStayUnresolved/target-artifacts"}
{"Time":"2026-10-06T17:40:25.092852206-03:00","Action":"output","Package":"github.com/viralabs-dev/mudarro/test/internal/mudarro","Test":"TestRustCargoWorkspaceInvalidMembersStayUnresolved/target-artifacts","Output":"=== RUN   TestRustCargoWorkspaceInvalidMembersStayUnresolved/target-artifacts\n","OutputType":"frame"}
{"Time":"2026-10-06T17:40:25.093651053-03:00","Action":"output","Package":"github.com/viralabs-dev/mudarro/test/internal/mudarro","Test":"TestRustCargoWorkspaceInvalidMembersStayUnresolved/target-artifacts","Output":"--- PASS: TestRustCargoWorkspaceInvalidMembersStayUnresolved/target-artifacts (0.00s)\n","OutputType":"frame"}
{"Time":"2026-10-06T17:40:25.093661735-03:00","Action":"pass","Package":"github.com/viralabs-dev/mudarro/test/internal/mudarro","Test":"TestRustCargoWorkspaceInvalidMembersStayUnresolved/target-artifacts","Elapsed":0}
{"Time":"2026-10-06T17:40:25.093673688-03:00","Action":"run","Package":"github.com/viralabs-dev/mudarro/test/internal/mudarro","Test":"TestRustCargoWorkspaceInvalidMembersStayUnresolved/same-package-name"}
{"Time":"2026-10-06T17:40:25.093675253-03:00","Action":"output","Package":"github.com/viralabs-dev/mudarro/test/internal/mudarro","Test":"TestRustCargoWorkspaceInvalidMembersStayUnresolved/same-package-name","Output":"=== RUN   TestRustCargoWorkspaceInvalidMembersStayUnresolved/same-package-name\n","OutputType":"frame"}
{"Time":"2026-10-06T17:40:25.094621354-03:00","Action":"output","Package":"github.com/viralabs-dev/mudarro/test/internal/mudarro","Test":"TestRustCargoWorkspaceInvalidMembersStayUnresolved/same-package-name","Output":"--- PASS: TestRustCargoWorkspaceInvalidMembersStayUnresolved/same-package-name (0.00s)\n","OutputType":"frame"}
{"Time":"2026-10-06T17:40:25.09463217-03:00","Action":"pass","Package":"github.com/viralabs-dev/mudarro/test/internal/mudarro","Test":"TestRustCargoWorkspaceInvalidMembersStayUnresolved/same-package-name","Elapsed":0}
{"Time":"2026-10-06T17:40:25.094651256-03:00","Action":"output","Package":"github.com/viralabs-dev/mudarro/test/internal/mudarro","Test":"TestRustCargoWorkspaceInvalidMembersStayUnresolved","Output":"--- PASS: TestRustCargoWorkspaceInvalidMembersStayUnresolved (0.01s)\n","OutputType":"frame"}
{"Time":"2026-10-06T17:40:25.094658591-03:00","Action":"pass","Package":"github.com/viralabs-dev/mudarro/test/internal/mudarro","Test":"TestRustCargoWorkspaceInvalidMembersStayUnresolved","Elapsed":0.01}
{"Time":"2026-10-06T17:40:25.094669086-03:00","Action":"run","Package":"github.com/viralabs-dev/mudarro/test/internal/mudarro","Test":"TestRustCargoManifestAndTargetSymlinksAndExclusions"}
{"Time":"2026-10-06T17:40:25.094670558-03:00","Action":"output","Package":"github.com/viralabs-dev/mudarro/test/internal/mudarro","Test":"TestRustCargoManifestAndTargetSymlinksAndExclusions","Output":"=== RUN   TestRustCargoManifestAndTargetSymlinksAndExclusions\n","OutputType":"frame"}
{"Time":"2026-10-06T17:40:25.095128632-03:00","Action":"output","Package":"github.com/viralabs-dev/mudarro/test/internal/mudarro","Test":"TestRustCargoManifestAndTargetSymlinksAndExclusions","Output":"--- PASS: TestRustCargoManifestAndTargetSymlinksAndExclusions (0.00s)\n","OutputType":"frame"}
{"Time":"2026-10-06T17:40:25.095142949-03:00","Action":"pass","Package":"github.com/viralabs-dev/mudarro/test/internal/mudarro","Test":"TestRustCargoManifestAndTargetSymlinksAndExclusions","Elapsed":0}
{"Time":"2026-10-06T17:40:25.095144477-03:00","Action":"run","Package":"github.com/viralabs-dev/mudarro/test/internal/mudarro","Test":"TestRustCargoDuplicateAndOutsideExplicitTargets"}
{"Time":"2026-10-06T17:40:25.095145781-03:00","Action":"output","Package":"github.com/viralabs-dev/mudarro/test/internal/mudarro","Test":"TestRustCargoDuplicateAndOutsideExplicitTargets","Output":"=== RUN   TestRustCargoDuplicateAndOutsideExplicitTargets\n","OutputType":"frame"}
{"Time":"2026-10-06T17:40:25.095614693-03:00","Action":"output","Package":"github.com/viralabs-dev/mudarro/test/internal/mudarro","Test":"TestRustCargoDuplicateAndOutsideExplicitTargets","Output":"--- PASS: TestRustCargoDuplicateAndOutsideExplicitTargets (0.00s)\n","OutputType":"frame"}
{"Time":"2026-10-06T17:40:25.095624462-03:00","Action":"pass","Package":"github.com/viralabs-dev/mudarro/test/internal/mudarro","Test":"TestRustCargoDuplicateAndOutsideExplicitTargets","Elapsed":0}
{"Time":"2026-10-06T17:40:25.095634344-03:00","Action":"run","Package":"github.com/viralabs-dev/mudarro/test/internal/mudarro","Test":"TestRustCargoScanOfflineSelectionGenerateAndManualPreservation"}
{"Time":"2026-10-06T17:40:25.095635833-03:00","Action":"output","Package":"github.com/viralabs-dev/mudarro/test/internal/mudarro","Test":"TestRustCargoScanOfflineSelectionGenerateAndManualPreservation","Output":"=== RUN   TestRustCargoScanOfflineSelectionGenerateAndManualPreservation\n","OutputType":"frame"}
{"Time":"2026-10-06T17:40:25.103490238-03:00","Action":"output","Package":"github.com/viralabs-dev/mudarro/test/internal/mudarro","Test":"TestRustCargoScanOfflineSelectionGenerateAndManualPreservation","Output":"--- PASS: TestRustCargoScanOfflineSelectionGenerateAndManualPreservation (0.01s)\n","OutputType":"frame"}
{"Time":"2026-10-06T17:40:25.103495615-03:00","Action":"pass","Package":"github.com/viralabs-dev/mudarro/test/internal/mudarro","Test":"TestRustCargoScanOfflineSelectionGenerateAndManualPreservation","Elapsed":0.01}
{"Time":"2026-10-06T17:40:25.103499705-03:00","Action":"run","Package":"github.com/viralabs-dev/mudarro/test/internal/mudarro","Test":"TestRustCargoExclusionsPrecedeWorkspaceReads"}
{"Time":"2026-10-06T17:40:25.103501168-03:00","Action":"output","Package":"github.com/viralabs-dev/mudarro/test/internal/mudarro","Test":"TestRustCargoExclusionsPrecedeWorkspaceReads","Output":"=== RUN   TestRustCargoExclusionsPrecedeWorkspaceReads\n","OutputType":"frame"}
{"Time":"2026-10-06T17:40:25.103542367-03:00","Action":"run","Package":"github.com/viralabs-dev/mudarro/test/internal/mudarro","Test":"TestRustCargoExclusionsPrecedeWorkspaceReads/excluded-invalid-ancestor"}
{"Time":"2026-10-06T17:40:25.103556217-03:00","Action":"output","Package":"github.com/viralabs-dev/mudarro/test/internal/mudarro","Test":"TestRustCargoExclusionsPrecedeWorkspaceReads/excluded-invalid-ancestor","Output":"=== RUN   TestRustCargoExclusionsPrecedeWorkspaceReads/excluded-invalid-ancestor\n","OutputType":"frame"}
{"Time":"2026-10-06T17:40:25.103899625-03:00","Action":"output","Package":"github.com/viralabs-dev/mudarro/test/internal/mudarro","Test":"TestRustCargoExclusionsPrecedeWorkspaceReads/excluded-invalid-ancestor","Output":"--- PASS: TestRustCargoExclusionsPrecedeWorkspaceReads/excluded-invalid-ancestor (0.00s)\n","OutputType":"frame"}
{"Time":"2026-10-06T17:40:25.103910394-03:00","Action":"pass","Package":"github.com/viralabs-dev/mudarro/test/internal/mudarro","Test":"TestRustCargoExclusionsPrecedeWorkspaceReads/excluded-invalid-ancestor","Elapsed":0}
{"Time":"2026-10-06T17:40:25.103922307-03:00","Action":"run","Package":"github.com/viralabs-dev/mudarro/test/internal/mudarro","Test":"TestRustCargoExclusionsPrecedeWorkspaceReads/declared-excluded-oversize"}
{"Time":"2026-10-06T17:40:25.103924587-03:00","Action":"output","Package":"github.com/viralabs-dev/mudarro/test/internal/mudarro","Test":"TestRustCargoExclusionsPrecedeWorkspaceReads/declared-excluded-oversize","Output":"=== RUN   TestRustCargoExclusionsPrecedeWorkspaceReads/declared-excluded-oversize\n","OutputType":"frame"}
{"Time":"2026-10-06T17:40:25.11886992-03:00","Action":"output","Package":"github.com/viralabs-dev/mudarro/test/internal/mudarro","Test":"TestRustCargoExclusionsPrecedeWorkspaceReads/declared-excluded-oversize","Output":"--- PASS: TestRustCargoExclusionsPrecedeWorkspaceReads/declared-excluded-oversize (0.01s)\n","OutputType":"frame"}
{"Time":"2026-10-06T17:40:25.118894404-03:00","Action":"pass","Package":"github.com/viralabs-dev/mudarro/test/internal/mudarro","Test":"TestRustCargoExclusionsPrecedeWorkspaceReads/declared-excluded-oversize","Elapsed":0.01}
{"Time":"2026-10-06T17:40:25.118902429-03:00","Action":"run","Package":"github.com/viralabs-dev/mudarro/test/internal/mudarro","Test":"TestRustCargoExclusionsPrecedeWorkspaceReads/member-symlink"}
{"Time":"2026-10-06T17:40:25.118904519-03:00","Action":"output","Package":"github.com/viralabs-dev/mudarro/test/internal/mudarro","Test":"TestRustCargoExclusionsPrecedeWorkspaceReads/member-symlink","Output":"=== RUN   TestRustCargoExclusionsPrecedeWorkspaceReads/member-symlink\n","OutputType":"frame"}
{"Time":"2026-10-06T17:40:25.119332201-03:00","Action":"output","Package":"github.com/viralabs-dev/mudarro/test/internal/mudarro","Test":"TestRustCargoExclusionsPrecedeWorkspaceReads/member-symlink","Output":"--- PASS: TestRustCargoExclusionsPrecedeWorkspaceReads/member-symlink (0.00s)\n","OutputType":"frame"}
{"Time":"2026-10-06T17:40:25.119344622-03:00","Action":"pass","Package":"github.com/viralabs-dev/mudarro/test/internal/mudarro","Test":"TestRustCargoExclusionsPrecedeWorkspaceReads/member-symlink","Elapsed":0}
{"Time":"2026-10-06T17:40:25.119348984-03:00","Action":"output","Package":"github.com/viralabs-dev/mudarro/test/internal/mudarro","Test":"TestRustCargoExclusionsPrecedeWorkspaceReads","Output":"--- PASS: TestRustCargoExclusionsPrecedeWorkspaceReads (0.02s)\n","OutputType":"frame"}
{"Time":"2026-10-06T17:40:25.11935193-03:00","Action":"pass","Package":"github.com/viralabs-dev/mudarro/test/internal/mudarro","Test":"TestRustCargoExclusionsPrecedeWorkspaceReads","Elapsed":0.02}
{"Time":"2026-10-06T17:40:25.119365048-03:00","Action":"run","Package":"github.com/viralabs-dev/mudarro/test/internal/mudarro","Test":"TestRustCargoVirtualWorkspaceAndAppMemberIDsAllowSelection"}
{"Time":"2026-10-06T17:40:25.119366954-03:00","Action":"output","Package":"github.com/viralabs-dev/mudarro/test/internal/mudarro","Test":"TestRustCargoVirtualWorkspaceAndAppMemberIDsAllowSelection","Output":"=== RUN   TestRustCargoVirtualWorkspaceAndAppMemberIDsAllowSelection\n","OutputType":"frame"}
{"Time":"2026-10-06T17:40:25.123214047-03:00","Action":"output","Package":"github.com/viralabs-dev/mudarro/test/internal/mudarro","Test":"TestRustCargoVirtualWorkspaceAndAppMemberIDsAllowSelection","Output":"--- PASS: TestRustCargoVirtualWorkspaceAndAppMemberIDsAllowSelection (0.00s)\n","OutputType":"frame"}
{"Time":"2026-10-06T17:40:25.12322189-03:00","Action":"pass","Package":"github.com/viralabs-dev/mudarro/test/internal/mudarro","Test":"TestRustCargoVirtualWorkspaceAndAppMemberIDsAllowSelection","Elapsed":0}
{"Time":"2026-10-06T17:40:25.123224289-03:00","Action":"run","Package":"github.com/viralabs-dev/mudarro/test/internal/mudarro","Test":"TestRustCargoExplicitPackageWorkspaceRemainsUnresolvedWithoutRead"}
{"Time":"2026-10-06T17:40:25.123227004-03:00","Action":"output","Package":"github.com/viralabs-dev/mudarro/test/internal/mudarro","Test":"TestRustCargoExplicitPackageWorkspaceRemainsUnresolvedWithoutRead","Output":"=== RUN   TestRustCargoExplicitPackageWorkspaceRemainsUnresolvedWithoutRead\n","OutputType":"frame"}
{"Time":"2026-10-06T17:40:25.123231153-03:00","Action":"run","Package":"github.com/viralabs-dev/mudarro/test/internal/mudarro","Test":"TestRustCargoExplicitPackageWorkspaceRemainsUnresolvedWithoutRead/outside"}
{"Time":"2026-10-06T17:40:25.123232947-03:00","Action":"output","Package":"github.com/viralabs-dev/mudarro/test/internal/mudarro","Test":"TestRustCargoExplicitPackageWorkspaceRemainsUnresolvedWithoutRead/outside","Output":"=== RUN   TestRustCargoExplicitPackageWorkspaceRemainsUnresolvedWithoutRead/outside\n","OutputType":"frame"}
{"Time":"2026-10-06T17:40:25.155804925-03:00","Action":"output","Package":"github.com/viralabs-dev/mudarro/test/internal/mudarro","Test":"TestRustCargoExplicitPackageWorkspaceRemainsUnresolvedWithoutRead/outside","Output":"--- PASS: TestRustCargoExplicitPackageWorkspaceRemainsUnresolvedWithoutRead/outside (0.03s)\n","OutputType":"frame"}
{"Time":"2026-10-06T17:40:25.155831261-03:00","Action":"pass","Package":"github.com/viralabs-dev/mudarro/test/internal/mudarro","Test":"TestRustCargoExplicitPackageWorkspaceRemainsUnresolvedWithoutRead/outside","Elapsed":0.03}
{"Time":"2026-10-06T17:40:25.155837687-03:00","Action":"run","Package":"github.com/viralabs-dev/mudarro/test/internal/mudarro","Test":"TestRustCargoExplicitPackageWorkspaceRemainsUnresolvedWithoutRead/contained"}
{"Time":"2026-10-06T17:40:25.155840628-03:00","Action":"output","Package":"github.com/viralabs-dev/mudarro/test/internal/mudarro","Test":"TestRustCargoExplicitPackageWorkspaceRemainsUnresolvedWithoutRead/contained","Output":"=== RUN   TestRustCargoExplicitPackageWorkspaceRemainsUnresolvedWithoutRead/contained\n","OutputType":"frame"}
{"Time":"2026-10-06T17:40:25.184325979-03:00","Action":"output","Package":"github.com/viralabs-dev/mudarro/test/internal/mudarro","Test":"TestRustCargoExplicitPackageWorkspaceRemainsUnresolvedWithoutRead/contained","Output":"--- PASS: TestRustCargoExplicitPackageWorkspaceRemainsUnresolvedWithoutRead/contained (0.03s)\n","OutputType":"frame"}
{"Time":"2026-10-06T17:40:25.184347612-03:00","Action":"pass","Package":"github.com/viralabs-dev/mudarro/test/internal/mudarro","Test":"TestRustCargoExplicitPackageWorkspaceRemainsUnresolvedWithoutRead/contained","Elapsed":0.03}
{"Time":"2026-10-06T17:40:25.184356231-03:00","Action":"run","Package":"github.com/viralabs-dev/mudarro/test/internal/mudarro","Test":"TestRustCargoExplicitPackageWorkspaceRemainsUnresolvedWithoutRead/excluded"}
{"Time":"2026-10-06T17:40:25.184358481-03:00","Action":"output","Package":"github.com/viralabs-dev/mudarro/test/internal/mudarro","Test":"TestRustCargoExplicitPackageWorkspaceRemainsUnresolvedWithoutRead/excluded","Output":"=== RUN   TestRustCargoExplicitPackageWorkspaceRemainsUnresolvedWithoutRead/excluded\n","OutputType":"frame"}
{"Time":"2026-10-06T17:40:25.210120993-03:00","Action":"output","Package":"github.com/viralabs-dev/mudarro/test/internal/mudarro","Test":"TestRustCargoExplicitPackageWorkspaceRemainsUnresolvedWithoutRead/excluded","Output":"--- PASS: TestRustCargoExplicitPackageWorkspaceRemainsUnresolvedWithoutRead/excluded (0.03s)\n","OutputType":"frame"}
{"Time":"2026-10-06T17:40:25.210146422-03:00","Action":"pass","Package":"github.com/viralabs-dev/mudarro/test/internal/mudarro","Test":"TestRustCargoExplicitPackageWorkspaceRemainsUnresolvedWithoutRead/excluded","Elapsed":0.03}
{"Time":"2026-10-06T17:40:25.210151978-03:00","Action":"run","Package":"github.com/viralabs-dev/mudarro/test/internal/mudarro","Test":"TestRustCargoExplicitPackageWorkspaceRemainsUnresolvedWithoutRead/symlink"}
{"Time":"2026-10-06T17:40:25.210154336-03:00","Action":"output","Package":"github.com/viralabs-dev/mudarro/test/internal/mudarro","Test":"TestRustCargoExplicitPackageWorkspaceRemainsUnresolvedWithoutRead/symlink","Output":"=== RUN   TestRustCargoExplicitPackageWorkspaceRemainsUnresolvedWithoutRead/symlink\n","OutputType":"frame"}
{"Time":"2026-10-06T17:40:25.24060089-03:00","Action":"output","Package":"github.com/viralabs-dev/mudarro/test/internal/mudarro","Test":"TestRustCargoExplicitPackageWorkspaceRemainsUnresolvedWithoutRead/symlink","Output":"--- PASS: TestRustCargoExplicitPackageWorkspaceRemainsUnresolvedWithoutRead/symlink (0.03s)\n","OutputType":"frame"}
{"Time":"2026-10-06T17:40:25.240633256-03:00","Action":"pass","Package":"github.com/viralabs-dev/mudarro/test/internal/mudarro","Test":"TestRustCargoExplicitPackageWorkspaceRemainsUnresolvedWithoutRead/symlink","Elapsed":0.03}
{"Time":"2026-10-06T17:40:25.240641134-03:00","Action":"output","Package":"github.com/viralabs-dev/mudarro/test/internal/mudarro","Test":"TestRustCargoExplicitPackageWorkspaceRemainsUnresolvedWithoutRead","Output":"--- PASS: TestRustCargoExplicitPackageWorkspaceRemainsUnresolvedWithoutRead (0.12s)\n","OutputType":"frame"}
{"Time":"2026-10-06T17:40:25.24064568-03:00","Action":"pass","Package":"github.com/viralabs-dev/mudarro/test/internal/mudarro","Test":"TestRustCargoExplicitPackageWorkspaceRemainsUnresolvedWithoutRead","Elapsed":0.12}
{"Time":"2026-10-06T17:40:25.240675225-03:00","Action":"run","Package":"github.com/viralabs-dev/mudarro/test/internal/mudarro","Test":"TestScriptNormalizationCollisionRequiresExplicitCommand"}
{"Time":"2026-10-06T17:40:25.240680262-03:00","Action":"output","Package":"github.com/viralabs-dev/mudarro/test/internal/mudarro","Test":"TestScriptNormalizationCollisionRequiresExplicitCommand","Output":"=== RUN   TestScriptNormalizationCollisionRequiresExplicitCommand\n","OutputType":"frame"}
{"Time":"2026-10-06T17:40:25.243194756-03:00","Action":"output","Package":"github.com/viralabs-dev/mudarro/test/internal/mudarro","Test":"TestScriptNormalizationCollisionRequiresExplicitCommand","Output":"--- PASS: TestScriptNormalizationCollisionRequiresExplicitCommand (0.00s)\n","OutputType":"frame"}
{"Time":"2026-10-06T17:40:25.243216445-03:00","Action":"pass","Package":"github.com/viralabs-dev/mudarro/test/internal/mudarro","Test":"TestScriptNormalizationCollisionRequiresExplicitCommand","Elapsed":0}
{"Time":"2026-10-06T17:40:25.243247483-03:00","Action":"run","Package":"github.com/viralabs-dev/mudarro/test/internal/mudarro","Test":"TestDockerfileOwnershipUsesExecutor"}
{"Time":"2026-10-06T17:40:25.243251627-03:00","Action":"output","Package":"github.com/viralabs-dev/mudarro/test/internal/mudarro","Test":"TestDockerfileOwnershipUsesExecutor","Output":"=== RUN   TestDockerfileOwnershipUsesExecutor\n","OutputType":"frame"}
{"Time":"2026-10-06T17:40:25.243285903-03:00","Action":"run","Package":"github.com/viralabs-dev/mudarro/test/internal/mudarro","Test":"TestDockerfileOwnershipUsesExecutor/docker/owned"}
{"Time":"2026-10-06T17:40:25.243289329-03:00","Action":"output","Package":"github.com/viralabs-dev/mudarro/test/internal/mudarro","Test":"TestDockerfileOwnershipUsesExecutor/docker/owned","Output":"=== RUN   TestDockerfileOwnershipUsesExecutor/docker/owned\n","OutputType":"frame"}
{"Time":"2026-10-06T17:40:25.243848029-03:00","Action":"output","Package":"github.com/viralabs-dev/mudarro/test/internal/mudarro","Test":"TestDockerfileOwnershipUsesExecutor/docker/owned","Output":"--- PASS: TestDockerfileOwnershipUsesExecutor/docker/owned (0.00s)\n","OutputType":"frame"}
{"Time":"2026-10-06T17:40:25.243865548-03:00","Action":"pass","Package":"github.com/viralabs-dev/mudarro/test/internal/mudarro","Test":"TestDockerfileOwnershipUsesExecutor/docker/owned","Elapsed":0}
{"Time":"2026-10-06T17:40:25.243869472-03:00","Action":"run","Package":"github.com/viralabs-dev/mudarro/test/internal/mudarro","Test":"TestDockerfileOwnershipUsesExecutor/docker/foreign"}
{"Time":"2026-10-06T17:40:25.243871941-03:00","Action":"output","Package":"github.com/viralabs-dev/mudarro/test/internal/mudarro","Test":"TestDockerfileOwnershipUsesExecutor/docker/foreign","Output":"=== RUN   TestDockerfileOwnershipUsesExecutor/docker/foreign\n","OutputType":"frame"}
{"Time":"2026-10-06T17:40:25.244314379-03:00","Action":"output","Package":"github.com/viralabs-dev/mudarro/test/internal/mudarro","Test":"TestDockerfileOwnershipUsesExecutor/docker/foreign","Output":"--- PASS: TestDockerfileOwnershipUsesExecutor/docker/foreign (0.00s)\n","OutputType":"frame"}
{"Time":"2026-10-06T17:40:25.244318272-03:00","Action":"pass","Package":"github.com/viralabs-dev/mudarro/test/internal/mudarro","Test":"TestDockerfileOwnershipUsesExecutor/docker/foreign","Elapsed":0}
{"Time":"2026-10-06T17:40:25.244331882-03:00","Action":"run","Package":"github.com/viralabs-dev/mudarro/test/internal/mudarro","Test":"TestDockerfileOwnershipUsesExecutor/docker/absent"}
{"Time":"2026-10-06T17:40:25.244335083-03:00","Action":"output","Package":"github.com/viralabs-dev/mudarro/test/internal/mudarro","Test":"TestDockerfileOwnershipUsesExecutor/docker/absent","Output":"=== RUN   TestDockerfileOwnershipUsesExecutor/docker/absent\n","OutputType":"frame"}
{"Time":"2026-10-06T17:40:25.244708515-03:00","Action":"output","Package":"github.com/viralabs-dev/mudarro/test/internal/mudarro","Test":"TestDockerfileOwnershipUsesExecutor/docker/absent","Output":"--- PASS: TestDockerfileOwnershipUsesExecutor/docker/absent (0.00s)\n","OutputType":"frame"}
{"Time":"2026-10-06T17:40:25.244722354-03:00","Action":"pass","Package":"github.com/viralabs-dev/mudarro/test/internal/mudarro","Test":"TestDockerfileOwnershipUsesExecutor/docker/absent","Elapsed":0}
{"Time":"2026-10-06T17:40:25.244725664-03:00","Action":"run","Package":"github.com/viralabs-dev/mudarro/test/internal/mudarro","Test":"TestDockerfileOwnershipUsesExecutor/podman/owned"}
{"Time":"2026-10-06T17:40:25.244727883-03:00","Action":"output","Package":"github.com/viralabs-dev/mudarro/test/internal/mudarro","Test":"TestDockerfileOwnershipUsesExecutor/podman/owned","Output":"=== RUN   TestDockerfileOwnershipUsesExecutor/podman/owned\n","OutputType":"frame"}
{"Time":"2026-10-06T17:40:25.245087193-03:00","Action":"output","Package":"github.com/viralabs-dev/mudarro/test/internal/mudarro","Test":"TestDockerfileOwnershipUsesExecutor/podman/owned","Output":"--- PASS: TestDockerfileOwnershipUsesExecutor/podman/owned (0.00s)\n","OutputType":"frame"}
{"Time":"2026-10-06T17:40:25.245102902-03:00","Action":"pass","Package":"github.com/viralabs-dev/mudarro/test/internal/mudarro","Test":"TestDockerfileOwnershipUsesExecutor/podman/owned","Elapsed":0}
{"Time":"2026-10-06T17:40:25.245106355-03:00","Action":"run","Package":"github.com/viralabs-dev/mudarro/test/internal/mudarro","Test":"TestDockerfileOwnershipUsesExecutor/podman/foreign"}
{"Time":"2026-10-06T17:40:25.245108653-03:00","Action":"output","Package":"github.com/viralabs-dev/mudarro/test/internal/mudarro","Test":"TestDockerfileOwnershipUsesExecutor/podman/foreign","Output":"=== RUN   TestDockerfileOwnershipUsesExecutor/podman/foreign\n","OutputType":"frame"}
{"Time":"2026-10-06T17:40:25.245407483-03:00","Action":"output","Package":"github.com/viralabs-dev/mudarro/test/internal/mudarro","Test":"TestDockerfileOwnershipUsesExecutor/podman/foreign","Output":"--- PASS: TestDockerfileOwnershipUsesExecutor/podman/foreign (0.00s)\n","OutputType":"frame"}
{"Time":"2026-10-06T17:40:25.24542216-03:00","Action":"pass","Package":"github.com/viralabs-dev/mudarro/test/internal/mudarro","Test":"TestDockerfileOwnershipUsesExecutor/podman/foreign","Elapsed":0}
{"Time":"2026-10-06T17:40:25.245440571-03:00","Action":"run","Package":"github.com/viralabs-dev/mudarro/test/internal/mudarro","Test":"TestDockerfileOwnershipUsesExecutor/podman/absent"}
{"Time":"2026-10-06T17:40:25.245453922-03:00","Action":"output","Package":"github.com/viralabs-dev/mudarro/test/internal/mudarro","Test":"TestDockerfileOwnershipUsesExecutor/podman/absent","Output":"=== RUN   TestDockerfileOwnershipUsesExecutor/podman/absent\n","OutputType":"frame"}
{"Time":"2026-10-06T17:40:25.24576418-03:00","Action":"output","Package":"github.com/viralabs-dev/mudarro/test/internal/mudarro","Test":"TestDockerfileOwnershipUsesExecutor/podman/absent","Output":"--- PASS: TestDockerfileOwnershipUsesExecutor/podman/absent (0.00s)\n","OutputType":"frame"}
{"Time":"2026-10-06T17:40:25.245778636-03:00","Action":"pass","Package":"github.com/viralabs-dev/mudarro/test/internal/mudarro","Test":"TestDockerfileOwnershipUsesExecutor/podman/absent","Elapsed":0}
{"Time":"2026-10-06T17:40:25.245824444-03:00","Action":"output","Package":"github.com/viralabs-dev/mudarro/test/internal/mudarro","Test":"TestDockerfileOwnershipUsesExecutor","Output":"--- PASS: TestDockerfileOwnershipUsesExecutor (0.00s)\n","OutputType":"frame"}
{"Time":"2026-10-06T17:40:25.245829247-03:00","Action":"pass","Package":"github.com/viralabs-dev/mudarro/test/internal/mudarro","Test":"TestDockerfileOwnershipUsesExecutor","Elapsed":0}
{"Time":"2026-10-06T17:40:25.245849936-03:00","Action":"run","Package":"github.com/viralabs-dev/mudarro/test/internal/mudarro","Test":"TestOSExecutorRejectsEmptyCommand"}
{"Time":"2026-10-06T17:40:25.245853812-03:00","Action":"output","Package":"github.com/viralabs-dev/mudarro/test/internal/mudarro","Test":"TestOSExecutorRejectsEmptyCommand","Output":"=== RUN   TestOSExecutorRejectsEmptyCommand\n","OutputType":"frame"}
{"Time":"2026-10-06T17:40:25.246336947-03:00","Action":"output","Package":"github.com/viralabs-dev/mudarro/test/internal/mudarro","Test":"TestOSExecutorRejectsEmptyCommand","Output":"--- PASS: TestOSExecutorRejectsEmptyCommand (0.00s)\n","OutputType":"frame"}
{"Time":"2026-10-06T17:40:25.246356763-03:00","Action":"pass","Package":"github.com/viralabs-dev/mudarro/test/internal/mudarro","Test":"TestOSExecutorRejectsEmptyCommand","Elapsed":0}
{"Time":"2026-10-06T17:40:25.246360908-03:00","Action":"run","Package":"github.com/viralabs-dev/mudarro/test/internal/mudarro","Test":"TestSupervisorIdentityRejectsInvalidStateAndPreservesOwnedProcess"}
{"Time":"2026-10-06T17:40:25.246363831-03:00","Action":"output","Package":"github.com/viralabs-dev/mudarro/test/internal/mudarro","Test":"TestSupervisorIdentityRejectsInvalidStateAndPreservesOwnedProcess","Output":"=== RUN   TestSupervisorIdentityRejectsInvalidStateAndPreservesOwnedProcess\n","OutputType":"frame"}
{"Time":"2026-10-06T17:40:25.657201425-03:00","Action":"run","Package":"github.com/viralabs-dev/mudarro/test/internal/mudarro","Test":"TestSupervisorIdentityRejectsInvalidStateAndPreservesOwnedProcess/pid-zero"}
{"Time":"2026-10-06T17:40:25.657241353-03:00","Action":"output","Package":"github.com/viralabs-dev/mudarro/test/internal/mudarro","Test":"TestSupervisorIdentityRejectsInvalidStateAndPreservesOwnedProcess/pid-zero","Output":"=== RUN   TestSupervisorIdentityRejectsInvalidStateAndPreservesOwnedProcess/pid-zero\n","OutputType":"frame"}
{"Time":"2026-10-06T17:40:25.697203788-03:00","Action":"output","Package":"github.com/viralabs-dev/mudarro/test/internal/mudarro","Test":"TestSupervisorIdentityRejectsInvalidStateAndPreservesOwnedProcess/pid-zero","Output":"--- PASS: TestSupervisorIdentityRejectsInvalidStateAndPreservesOwnedProcess/pid-zero (0.04s)\n","OutputType":"frame"}
{"Time":"2026-10-06T17:40:25.697232354-03:00","Action":"pass","Package":"github.com/viralabs-dev/mudarro/test/internal/mudarro","Test":"TestSupervisorIdentityRejectsInvalidStateAndPreservesOwnedProcess/pid-zero","Elapsed":0.04}
{"Time":"2026-10-06T17:40:25.697244698-03:00","Action":"run","Package":"github.com/viralabs-dev/mudarro/test/internal/mudarro","Test":"TestSupervisorIdentityRejectsInvalidStateAndPreservesOwnedProcess/pid-one"}
{"Time":"2026-10-06T17:40:25.697248253-03:00","Action":"output","Package":"github.com/viralabs-dev/mudarro/test/internal/mudarro","Test":"TestSupervisorIdentityRejectsInvalidStateAndPreservesOwnedProcess/pid-one","Output":"=== RUN   TestSupervisorIdentityRejectsInvalidStateAndPreservesOwnedProcess/pid-one\n","OutputType":"frame"}
{"Time":"2026-10-06T17:40:25.734197932-03:00","Action":"output","Package":"github.com/viralabs-dev/mudarro/test/internal/mudarro","Test":"TestSupervisorIdentityRejectsInvalidStateAndPreservesOwnedProcess/pid-one","Output":"--- PASS: TestSupervisorIdentityRejectsInvalidStateAndPreservesOwnedProcess/pid-one (0.04s)\n","OutputType":"frame"}
{"Time":"2026-10-06T17:40:25.734221883-03:00","Action":"pass","Package":"github.com/viralabs-dev/mudarro/test/internal/mudarro","Test":"TestSupervisorIdentityRejectsInvalidStateAndPreservesOwnedProcess/pid-one","Elapsed":0.04}
{"Time":"2026-10-06T17:40:25.734229264-03:00","Action":"run","Package":"github.com/viralabs-dev/mudarro/test/internal/mudarro","Test":"TestSupervisorIdentityRejectsInvalidStateAndPreservesOwnedProcess/pid-negative"}
{"Time":"2026-10-06T17:40:25.734231193-03:00","Action":"output","Package":"github.com/viralabs-dev/mudarro/test/internal/mudarro","Test":"TestSupervisorIdentityRejectsInvalidStateAndPreservesOwnedProcess/pid-negative","Output":"=== RUN   TestSupervisorIdentityRejectsInvalidStateAndPreservesOwnedProcess/pid-negative\n","OutputType":"frame"}
{"Time":"2026-10-06T17:40:25.772926596-03:00","Action":"output","Package":"github.com/viralabs-dev/mudarro/test/internal/mudarro","Test":"TestSupervisorIdentityRejectsInvalidStateAndPreservesOwnedProcess/pid-negative","Output":"--- PASS: TestSupervisorIdentityRejectsInvalidStateAndPreservesOwnedProcess/pid-negative (0.04s)\n","OutputType":"frame"}
{"Time":"2026-10-06T17:40:25.772950924-03:00","Action":"pass","Package":"github.com/viralabs-dev/mudarro/test/internal/mudarro","Test":"TestSupervisorIdentityRejectsInvalidStateAndPreservesOwnedProcess/pid-negative","Elapsed":0.04}
{"Time":"2026-10-06T17:40:25.772958688-03:00","Action":"run","Package":"github.com/viralabs-dev/mudarro/test/internal/mudarro","Test":"TestSupervisorIdentityRejectsInvalidStateAndPreservesOwnedProcess/empty-token"}
{"Time":"2026-10-06T17:40:25.772961202-03:00","Action":"output","Package":"github.com/viralabs-dev/mudarro/test/internal/mudarro","Test":"TestSupervisorIdentityRejectsInvalidStateAndPreservesOwnedProcess/empty-token","Output":"=== RUN   TestSupervisorIdentityRejectsInvalidStateAndPreservesOwnedProcess/empty-token\n","OutputType":"frame"}
{"Time":"2026-10-06T17:40:25.801169577-03:00","Action":"output","Package":"github.com/viralabs-dev/mudarro/test/internal/mudarro","Test":"TestSupervisorIdentityRejectsInvalidStateAndPreservesOwnedProcess/empty-token","Output":"--- PASS: TestSupervisorIdentityRejectsInvalidStateAndPreservesOwnedProcess/empty-token (0.03s)\n","OutputType":"frame"}
{"Time":"2026-10-06T17:40:25.80119507-03:00","Action":"pass","Package":"github.com/viralabs-dev/mudarro/test/internal/mudarro","Test":"TestSupervisorIdentityRejectsInvalidStateAndPreservesOwnedProcess/empty-token","Elapsed":0.03}
{"Time":"2026-10-06T17:40:25.801203086-03:00","Action":"run","Package":"github.com/viralabs-dev/mudarro/test/internal/mudarro","Test":"TestSupervisorIdentityRejectsInvalidStateAndPreservesOwnedProcess/short-token"}
{"Time":"2026-10-06T17:40:25.801207046-03:00","Action":"output","Package":"github.com/viralabs-dev/mudarro/test/internal/mudarro","Test":"TestSupervisorIdentityRejectsInvalidStateAndPreservesOwnedProcess/short-token","Output":"=== RUN   TestSupervisorIdentityRejectsInvalidStateAndPreservesOwnedProcess/short-token\n","OutputType":"frame"}
{"Time":"2026-10-06T17:40:25.836069849-03:00","Action":"output","Package":"github.com/viralabs-dev/mudarro/test/internal/mudarro","Test":"TestSupervisorIdentityRejectsInvalidStateAndPreservesOwnedProcess/short-token","Output":"--- PASS: TestSupervisorIdentityRejectsInvalidStateAndPreservesOwnedProcess/short-token (0.03s)\n","OutputType":"frame"}
{"Time":"2026-10-06T17:40:25.836102506-03:00","Action":"pass","Package":"github.com/viralabs-dev/mudarro/test/internal/mudarro","Test":"TestSupervisorIdentityRejectsInvalidStateAndPreservesOwnedProcess/short-token","Elapsed":0.03}
{"Time":"2026-10-06T17:40:25.836111887-03:00","Action":"run","Package":"github.com/viralabs-dev/mudarro/test/internal/mudarro","Test":"TestSupervisorIdentityRejectsInvalidStateAndPreservesOwnedProcess/wrong-token"}
{"Time":"2026-10-06T17:40:25.836115839-03:00","Action":"output","Package":"github.com/viralabs-dev/mudarro/test/internal/mudarro","Test":"TestSupervisorIdentityRejectsInvalidStateAndPreservesOwnedProcess/wrong-token","Output":"=== RUN   TestSupervisorIdentityRejectsInvalidStateAndPreservesOwnedProcess/wrong-token\n","OutputType":"frame"}
{"Time":"2026-10-06T17:40:25.876310121-03:00","Action":"output","Package":"github.com/viralabs-dev/mudarro/test/internal/mudarro","Test":"TestSupervisorIdentityRejectsInvalidStateAndPreservesOwnedProcess/wrong-token","Output":"--- PASS: TestSupervisorIdentityRejectsInvalidStateAndPreservesOwnedProcess/wrong-token (0.04s)\n","OutputType":"frame"}
{"Time":"2026-10-06T17:40:25.876347786-03:00","Action":"pass","Package":"github.com/viralabs-dev/mudarro/test/internal/mudarro","Test":"TestSupervisorIdentityRejectsInvalidStateAndPreservesOwnedProcess/wrong-token","Elapsed":0.04}
{"Time":"2026-10-06T17:40:25.876392328-03:00","Action":"run","Package":"github.com/viralabs-dev/mudarro/test/internal/mudarro","Test":"TestSupervisorIdentityRejectsInvalidStateAndPreservesOwnedProcess/foreign-root-metadata"}
{"Time":"2026-10-06T17:40:25.876401085-03:00","Action":"output","Package":"github.com/viralabs-dev/mudarro/test/internal/mudarro","Test":"TestSupervisorIdentityRejectsInvalidStateAndPreservesOwnedProcess/foreign-root-metadata","Output":"=== RUN   TestSupervisorIdentityRejectsInvalidStateAndPreservesOwnedProcess/foreign-root-metadata\n","OutputType":"frame"}
{"Time":"2026-10-06T17:40:25.915293144-03:00","Action":"output","Package":"github.com/viralabs-dev/mudarro/test/internal/mudarro","Test":"TestSupervisorIdentityRejectsInvalidStateAndPreservesOwnedProcess/foreign-root-metadata","Output":"--- PASS: TestSupervisorIdentityRejectsInvalidStateAndPreservesOwnedProcess/foreign-root-metadata (0.04s)\n","OutputType":"frame"}
{"Time":"2026-10-06T17:40:25.915317015-03:00","Action":"pass","Package":"github.com/viralabs-dev/mudarro/test/internal/mudarro","Test":"TestSupervisorIdentityRejectsInvalidStateAndPreservesOwnedProcess/foreign-root-metadata","Elapsed":0.04}
{"Time":"2026-10-06T17:40:25.91532299-03:00","Action":"run","Package":"github.com/viralabs-dev/mudarro/test/internal/mudarro","Test":"TestSupervisorIdentityRejectsInvalidStateAndPreservesOwnedProcess/foreign-service-metadata"}
{"Time":"2026-10-06T17:40:25.915324921-03:00","Action":"output","Package":"github.com/viralabs-dev/mudarro/test/internal/mudarro","Test":"TestSupervisorIdentityRejectsInvalidStateAndPreservesOwnedProcess/foreign-service-metadata","Output":"=== RUN   TestSupervisorIdentityRejectsInvalidStateAndPreservesOwnedProcess/foreign-service-metadata\n","OutputType":"frame"}
{"Time":"2026-10-06T17:40:25.953687974-03:00","Action":"output","Package":"github.com/viralabs-dev/mudarro/test/internal/mudarro","Test":"TestSupervisorIdentityRejectsInvalidStateAndPreservesOwnedProcess/foreign-service-metadata","Output":"--- PASS: TestSupervisorIdentityRejectsInvalidStateAndPreservesOwnedProcess/foreign-service-metadata (0.04s)\n","OutputType":"frame"}
{"Time":"2026-10-06T17:40:25.95370455-03:00","Action":"pass","Package":"github.com/viralabs-dev/mudarro/test/internal/mudarro","Test":"TestSupervisorIdentityRejectsInvalidStateAndPreservesOwnedProcess/foreign-service-metadata","Elapsed":0.04}
{"Time":"2026-10-06T17:40:26.011869267-03:00","Action":"output","Package":"github.com/viralabs-dev/mudarro/test/internal/mudarro","Test":"TestSupervisorIdentityRejectsInvalidStateAndPreservesOwnedProcess","Output":"--- PASS: TestSupervisorIdentityRejectsInvalidStateAndPreservesOwnedProcess (0.77s)\n","OutputType":"frame"}
{"Time":"2026-10-06T17:40:26.011906855-03:00","Action":"pass","Package":"github.com/viralabs-dev/mudarro/test/internal/mudarro","Test":"TestSupervisorIdentityRejectsInvalidStateAndPreservesOwnedProcess","Elapsed":0.77}
{"Time":"2026-10-06T17:40:26.011929917-03:00","Action":"run","Package":"github.com/viralabs-dev/mudarro/test/internal/mudarro","Test":"TestSupervisorIdentityCorruptJSONMustNotAuthorizeSignals"}
{"Time":"2026-10-06T17:40:26.011935396-03:00","Action":"output","Package":"github.com/viralabs-dev/mudarro/test/internal/mudarro","Test":"TestSupervisorIdentityCorruptJSONMustNotAuthorizeSignals","Output":"=== RUN   TestSupervisorIdentityCorruptJSONMustNotAuthorizeSignals\n","OutputType":"frame"}
{"Time":"2026-10-06T17:40:26.565064647-03:00","Action":"output","Package":"github.com/viralabs-dev/mudarro/test/internal/mudarro","Test":"TestSupervisorIdentityCorruptJSONMustNotAuthorizeSignals","Output":"--- PASS: TestSupervisorIdentityCorruptJSONMustNotAuthorizeSignals (0.55s)\n","OutputType":"frame"}
{"Time":"2026-10-06T17:40:26.565124732-03:00","Action":"pass","Package":"github.com/viralabs-dev/mudarro/test/internal/mudarro","Test":"TestSupervisorIdentityCorruptJSONMustNotAuthorizeSignals","Elapsed":0.55}
{"Time":"2026-10-06T17:40:26.565142659-03:00","Action":"run","Package":"github.com/viralabs-dev/mudarro/test/internal/mudarro","Test":"TestSupervisorIdentityDoesNotAdoptAnotherProjectSupervisor"}
{"Time":"2026-10-06T17:40:26.565148447-03:00","Action":"output","Package":"github.com/viralabs-dev/mudarro/test/internal/mudarro","Test":"TestSupervisorIdentityDoesNotAdoptAnotherProjectSupervisor","Output":"=== RUN   TestSupervisorIdentityDoesNotAdoptAnotherProjectSupervisor\n","OutputType":"frame"}
{"Time":"2026-10-06T17:40:27.301756591-03:00","Action":"output","Package":"github.com/viralabs-dev/mudarro/test/internal/mudarro","Test":"TestSupervisorIdentityDoesNotAdoptAnotherProjectSupervisor","Output":"--- PASS: TestSupervisorIdentityDoesNotAdoptAnotherProjectSupervisor (0.74s)\n","OutputType":"frame"}
{"Time":"2026-10-06T17:40:27.301778114-03:00","Action":"pass","Package":"github.com/viralabs-dev/mudarro/test/internal/mudarro","Test":"TestSupervisorIdentityDoesNotAdoptAnotherProjectSupervisor","Elapsed":0.74}
{"Time":"2026-10-06T17:40:27.30178293-03:00","Action":"run","Package":"github.com/viralabs-dev/mudarro/test/internal/mudarro","Test":"TestSupervisorIdentityStalePIDAndUnrelatedOwnedPID"}
{"Time":"2026-10-06T17:40:27.301784783-03:00","Action":"output","Package":"github.com/viralabs-dev/mudarro/test/internal/mudarro","Test":"TestSupervisorIdentityStalePIDAndUnrelatedOwnedPID","Output":"=== RUN   TestSupervisorIdentityStalePIDAndUnrelatedOwnedPID\n","OutputType":"frame"}
{"Time":"2026-10-06T17:40:27.537857891-03:00","Action":"output","Package":"github.com/viralabs-dev/mudarro/test/internal/mudarro","Test":"TestSupervisorIdentityStalePIDAndUnrelatedOwnedPID","Output":"--- PASS: TestSupervisorIdentityStalePIDAndUnrelatedOwnedPID (0.24s)\n","OutputType":"frame"}
{"Time":"2026-10-06T17:40:27.537885941-03:00","Action":"pass","Package":"github.com/viralabs-dev/mudarro/test/internal/mudarro","Test":"TestSupervisorIdentityStalePIDAndUnrelatedOwnedPID","Elapsed":0.24}
{"Time":"2026-10-06T17:40:27.537892975-03:00","Action":"run","Package":"github.com/viralabs-dev/mudarro/test/internal/mudarro","Test":"TestSupervisorIdentityConcurrentUpAndRestart"}
{"Time":"2026-10-06T17:40:27.537895926-03:00","Action":"output","Package":"github.com/viralabs-dev/mudarro/test/internal/mudarro","Test":"TestSupervisorIdentityConcurrentUpAndRestart","Output":"=== RUN   TestSupervisorIdentityConcurrentUpAndRestart\n","OutputType":"frame"}
{"Time":"2026-10-06T17:40:28.24589084-03:00","Action":"output","Package":"github.com/viralabs-dev/mudarro/test/internal/mudarro","Test":"TestSupervisorIdentityConcurrentUpAndRestart","Output":"--- PASS: TestSupervisorIdentityConcurrentUpAndRestart (0.71s)\n","OutputType":"frame"}
{"Time":"2026-10-06T17:40:28.245956625-03:00","Action":"pass","Package":"github.com/viralabs-dev/mudarro/test/internal/mudarro","Test":"TestSupervisorIdentityConcurrentUpAndRestart","Elapsed":0.71}
{"Time":"2026-10-06T17:40:28.246037209-03:00","Action":"run","Package":"github.com/viralabs-dev/mudarro/test/internal/mudarro","Test":"TestSupervisorIdentityStartupFailureAndSupervisorSignal"}
{"Time":"2026-10-06T17:40:28.246052711-03:00","Action":"output","Package":"github.com/viralabs-dev/mudarro/test/internal/mudarro","Test":"TestSupervisorIdentityStartupFailureAndSupervisorSignal","Output":"=== RUN   TestSupervisorIdentityStartupFailureAndSupervisorSignal\n","OutputType":"frame"}
{"Time":"2026-10-06T17:40:28.88995321-03:00","Action":"output","Package":"github.com/viralabs-dev/mudarro/test/internal/mudarro","Test":"TestSupervisorIdentityStartupFailureAndSupervisorSignal","Output":"--- PASS: TestSupervisorIdentityStartupFailureAndSupervisorSignal (0.64s)\n","OutputType":"frame"}
{"Time":"2026-10-06T17:40:28.889973076-03:00","Action":"pass","Package":"github.com/viralabs-dev/mudarro/test/internal/mudarro","Test":"TestSupervisorIdentityStartupFailureAndSupervisorSignal","Elapsed":0.64}
{"Time":"2026-10-06T17:40:28.889977619-03:00","Action":"run","Package":"github.com/viralabs-dev/mudarro/test/internal/mudarro","Test":"TestSupervisorIdentityRejectsForeignExecutableAndEmbeddedMarker"}
{"Time":"2026-10-06T17:40:28.889979147-03:00","Action":"output","Package":"github.com/viralabs-dev/mudarro/test/internal/mudarro","Test":"TestSupervisorIdentityRejectsForeignExecutableAndEmbeddedMarker","Output":"=== RUN   TestSupervisorIdentityRejectsForeignExecutableAndEmbeddedMarker\n","OutputType":"frame"}
{"Time":"2026-10-06T17:40:29.267464312-03:00","Action":"output","Package":"github.com/viralabs-dev/mudarro/test/internal/mudarro","Test":"TestSupervisorIdentityRejectsForeignExecutableAndEmbeddedMarker","Output":"--- PASS: TestSupervisorIdentityRejectsForeignExecutableAndEmbeddedMarker (0.38s)\n","OutputType":"frame"}
{"Time":"2026-10-06T17:40:29.267543345-03:00","Action":"pass","Package":"github.com/viralabs-dev/mudarro/test/internal/mudarro","Test":"TestSupervisorIdentityRejectsForeignExecutableAndEmbeddedMarker","Elapsed":0.38}
{"Time":"2026-10-06T17:40:29.267559501-03:00","Action":"run","Package":"github.com/viralabs-dev/mudarro/test/internal/mudarro","Test":"TestSupervisorIdentityRootAndSelectedConfigWithSpaces"}
{"Time":"2026-10-06T17:40:29.267565625-03:00","Action":"output","Package":"github.com/viralabs-dev/mudarro/test/internal/mudarro","Test":"TestSupervisorIdentityRootAndSelectedConfigWithSpaces","Output":"=== RUN   TestSupervisorIdentityRootAndSelectedConfigWithSpaces\n","OutputType":"frame"}
{"Time":"2026-10-06T17:40:29.79416774-03:00","Action":"output","Package":"github.com/viralabs-dev/mudarro/test/internal/mudarro","Test":"TestSupervisorIdentityRootAndSelectedConfigWithSpaces","Output":"--- PASS: TestSupervisorIdentityRootAndSelectedConfigWithSpaces (0.53s)\n","OutputType":"frame"}
{"Time":"2026-10-06T17:40:29.794193526-03:00","Action":"pass","Package":"github.com/viralabs-dev/mudarro/test/internal/mudarro","Test":"TestSupervisorIdentityRootAndSelectedConfigWithSpaces","Elapsed":0.53}
{"Time":"2026-10-06T17:40:29.794200522-03:00","Action":"run","Package":"github.com/viralabs-dev/mudarro/test/internal/mudarro","Test":"TestSupervisorIdentityLinuxRejectsSpoofedArgvZero"}
{"Time":"2026-10-06T17:40:29.794203139-03:00","Action":"output","Package":"github.com/viralabs-dev/mudarro/test/internal/mudarro","Test":"TestSupervisorIdentityLinuxRejectsSpoofedArgvZero","Output":"=== RUN   TestSupervisorIdentityLinuxRejectsSpoofedArgvZero\n","OutputType":"frame"}
{"Time":"2026-10-06T17:40:30.312522732-03:00","Action":"output","Package":"github.com/viralabs-dev/mudarro/test/internal/mudarro","Test":"TestSupervisorIdentityLinuxRejectsSpoofedArgvZero","Output":"--- PASS: TestSupervisorIdentityLinuxRejectsSpoofedArgvZero (0.52s)\n","OutputType":"frame"}
{"Time":"2026-10-06T17:40:30.312602085-03:00","Action":"pass","Package":"github.com/viralabs-dev/mudarro/test/internal/mudarro","Test":"TestSupervisorIdentityLinuxRejectsSpoofedArgvZero","Elapsed":0.52}
{"Time":"2026-10-06T17:40:30.312621024-03:00","Action":"run","Package":"github.com/viralabs-dev/mudarro/test/internal/mudarro","Test":"TestSupportGenerationPipelineByManager"}
{"Time":"2026-10-06T17:40:30.312629121-03:00","Action":"output","Package":"github.com/viralabs-dev/mudarro/test/internal/mudarro","Test":"TestSupportGenerationPipelineByManager","Output":"=== RUN   TestSupportGenerationPipelineByManager\n","OutputType":"frame"}
{"Time":"2026-10-06T17:40:30.312687763-03:00","Action":"run","Package":"github.com/viralabs-dev/mudarro/test/internal/mudarro","Test":"TestSupportGenerationPipelineByManager/npm"}
{"Time":"2026-10-06T17:40:30.312693751-03:00","Action":"output","Package":"github.com/viralabs-dev/mudarro/test/internal/mudarro","Test":"TestSupportGenerationPipelineByManager/npm","Output":"=== RUN   TestSupportGenerationPipelineByManager/npm\n","OutputType":"frame"}
{"Time":"2026-10-06T17:40:30.332821028-03:00","Action":"output","Package":"github.com/viralabs-dev/mudarro/test/internal/mudarro","Test":"TestSupportGenerationPipelineByManager/npm","Output":"--- PASS: TestSupportGenerationPipelineByManager/npm (0.02s)\n","OutputType":"frame"}
{"Time":"2026-10-06T17:40:30.332859316-03:00","Action":"pass","Package":"github.com/viralabs-dev/mudarro/test/internal/mudarro","Test":"TestSupportGenerationPipelineByManager/npm","Elapsed":0.02}
{"Time":"2026-10-06T17:40:30.332864022-03:00","Action":"run","Package":"github.com/viralabs-dev/mudarro/test/internal/mudarro","Test":"TestSupportGenerationPipelineByManager/pnpm"}
{"Time":"2026-10-06T17:40:30.332866361-03:00","Action":"output","Package":"github.com/viralabs-dev/mudarro/test/internal/mudarro","Test":"TestSupportGenerationPipelineByManager/pnpm","Output":"=== RUN   TestSupportGenerationPipelineByManager/pnpm\n","OutputType":"frame"}
{"Time":"2026-10-06T17:40:30.342506129-03:00","Action":"output","Package":"github.com/viralabs-dev/mudarro/test/internal/mudarro","Test":"TestSupportGenerationPipelineByManager/pnpm","Output":"--- PASS: TestSupportGenerationPipelineByManager/pnpm (0.01s)\n","OutputType":"frame"}
{"Time":"2026-10-06T17:40:30.342519158-03:00","Action":"pass","Package":"github.com/viralabs-dev/mudarro/test/internal/mudarro","Test":"TestSupportGenerationPipelineByManager/pnpm","Elapsed":0.01}
{"Time":"2026-10-06T17:40:30.342521078-03:00","Action":"run","Package":"github.com/viralabs-dev/mudarro/test/internal/mudarro","Test":"TestSupportGenerationPipelineByManager/yarn"}
{"Time":"2026-10-06T17:40:30.342522387-03:00","Action":"output","Package":"github.com/viralabs-dev/mudarro/test/internal/mudarro","Test":"TestSupportGenerationPipelineByManager/yarn","Output":"=== RUN   TestSupportGenerationPipelineByManager/yarn\n","OutputType":"frame"}
{"Time":"2026-10-06T17:40:30.350853837-03:00","Action":"output","Package":"github.com/viralabs-dev/mudarro/test/internal/mudarro","Test":"TestSupportGenerationPipelineByManager/yarn","Output":"--- PASS: TestSupportGenerationPipelineByManager/yarn (0.01s)\n","OutputType":"frame"}
{"Time":"2026-10-06T17:40:30.350856936-03:00","Action":"pass","Package":"github.com/viralabs-dev/mudarro/test/internal/mudarro","Test":"TestSupportGenerationPipelineByManager/yarn","Elapsed":0.01}
{"Time":"2026-10-06T17:40:30.350859243-03:00","Action":"run","Package":"github.com/viralabs-dev/mudarro/test/internal/mudarro","Test":"TestSupportGenerationPipelineByManager/pip"}
{"Time":"2026-10-06T17:40:30.350860538-03:00","Action":"output","Package":"github.com/viralabs-dev/mudarro/test/internal/mudarro","Test":"TestSupportGenerationPipelineByManager/pip","Output":"=== RUN   TestSupportGenerationPipelineByManager/pip\n","OutputType":"frame"}
{"Time":"2026-10-06T17:40:30.362648692-03:00","Action":"output","Package":"github.com/viralabs-dev/mudarro/test/internal/mudarro","Test":"TestSupportGenerationPipelineByManager/pip","Output":"--- PASS: TestSupportGenerationPipelineByManager/pip (0.01s)\n","OutputType":"frame"}
{"Time":"2026-10-06T17:40:30.362665012-03:00","Action":"pass","Package":"github.com/viralabs-dev/mudarro/test/internal/mudarro","Test":"TestSupportGenerationPipelineByManager/pip","Elapsed":0.01}
{"Time":"2026-10-06T17:40:30.362672435-03:00","Action":"run","Package":"github.com/viralabs-dev/mudarro/test/internal/mudarro","Test":"TestSupportGenerationPipelineByManager/uv"}
{"Time":"2026-10-06T17:40:30.362673994-03:00","Action":"output","Package":"github.com/viralabs-dev/mudarro/test/internal/mudarro","Test":"TestSupportGenerationPipelineByManager/uv","Output":"=== RUN   TestSupportGenerationPipelineByManager/uv\n","OutputType":"frame"}
{"Time":"2026-10-06T17:40:30.373860803-03:00","Action":"output","Package":"github.com/viralabs-dev/mudarro/test/internal/mudarro","Test":"TestSupportGenerationPipelineByManager/uv","Output":"--- PASS: TestSupportGenerationPipelineByManager/uv (0.01s)\n","OutputType":"frame"}
{"Time":"2026-10-06T17:40:30.373876871-03:00","Action":"pass","Package":"github.com/viralabs-dev/mudarro/test/internal/mudarro","Test":"TestSupportGenerationPipelineByManager/uv","Elapsed":0.01}
{"Time":"2026-10-06T17:40:30.373880703-03:00","Action":"run","Package":"github.com/viralabs-dev/mudarro/test/internal/mudarro","Test":"TestSupportGenerationPipelineByManager/poetry"}
{"Time":"2026-10-06T17:40:30.373882445-03:00","Action":"output","Package":"github.com/viralabs-dev/mudarro/test/internal/mudarro","Test":"TestSupportGenerationPipelineByManager/poetry","Output":"=== RUN   TestSupportGenerationPipelineByManager/poetry\n","OutputType":"frame"}
{"Time":"2026-10-06T17:40:30.38449185-03:00","Action":"output","Package":"github.com/viralabs-dev/mudarro/test/internal/mudarro","Test":"TestSupportGenerationPipelineByManager/poetry","Output":"--- PASS: TestSupportGenerationPipelineByManager/poetry (0.01s)\n","OutputType":"frame"}
{"Time":"2026-10-06T17:40:30.384508619-03:00","Action":"pass","Package":"github.com/viralabs-dev/mudarro/test/internal/mudarro","Test":"TestSupportGenerationPipelineByManager/poetry","Elapsed":0.01}
{"Time":"2026-10-06T17:40:30.384520436-03:00","Action":"run","Package":"github.com/viralabs-dev/mudarro/test/internal/mudarro","Test":"TestSupportGenerationPipelineByManager/go"}
{"Time":"2026-10-06T17:40:30.384522324-03:00","Action":"output","Package":"github.com/viralabs-dev/mudarro/test/internal/mudarro","Test":"TestSupportGenerationPipelineByManager/go","Output":"=== RUN   TestSupportGenerationPipelineByManager/go\n","OutputType":"frame"}
{"Time":"2026-10-06T17:40:30.396220697-03:00","Action":"output","Package":"github.com/viralabs-dev/mudarro/test/internal/mudarro","Test":"TestSupportGenerationPipelineByManager/go","Output":"--- PASS: TestSupportGenerationPipelineByManager/go (0.01s)\n","OutputType":"frame"}
{"Time":"2026-10-06T17:40:30.396236299-03:00","Action":"pass","Package":"github.com/viralabs-dev/mudarro/test/internal/mudarro","Test":"TestSupportGenerationPipelineByManager/go","Elapsed":0.01}
{"Time":"2026-10-06T17:40:30.396240246-03:00","Action":"output","Package":"github.com/viralabs-dev/mudarro/test/internal/mudarro","Test":"TestSupportGenerationPipelineByManager","Output":"--- PASS: TestSupportGenerationPipelineByManager (0.08s)\n","OutputType":"frame"}
{"Time":"2026-10-06T17:40:30.396242606-03:00","Action":"pass","Package":"github.com/viralabs-dev/mudarro/test/internal/mudarro","Test":"TestSupportGenerationPipelineByManager","Elapsed":0.08}
{"Time":"2026-10-06T17:40:30.396246073-03:00","Action":"run","Package":"github.com/viralabs-dev/mudarro/test/internal/mudarro","Test":"TestSupportJavascriptManagers"}
{"Time":"2026-10-06T17:40:30.396247888-03:00","Action":"output","Package":"github.com/viralabs-dev/mudarro/test/internal/mudarro","Test":"TestSupportJavascriptManagers","Output":"=== RUN   TestSupportJavascriptManagers\n","OutputType":"frame"}
{"Time":"2026-10-06T17:40:30.396253518-03:00","Action":"run","Package":"github.com/viralabs-dev/mudarro/test/internal/mudarro","Test":"TestSupportJavascriptManagers/default"}
{"Time":"2026-10-06T17:40:30.396255076-03:00","Action":"output","Package":"github.com/viralabs-dev/mudarro/test/internal/mudarro","Test":"TestSupportJavascriptManagers/default","Output":"=== RUN   TestSupportJavascriptManagers/default\n","OutputType":"frame"}
{"Time":"2026-10-06T17:40:30.396955861-03:00","Action":"output","Package":"github.com/viralabs-dev/mudarro/test/internal/mudarro","Test":"TestSupportJavascriptManagers/default","Output":"--- PASS: TestSupportJavascriptManagers/default (0.00s)\n","OutputType":"frame"}
{"Time":"2026-10-06T17:40:30.396968365-03:00","Action":"pass","Package":"github.com/viralabs-dev/mudarro/test/internal/mudarro","Test":"TestSupportJavascriptManagers/default","Elapsed":0}
{"Time":"2026-10-06T17:40:30.396970271-03:00","Action":"run","Package":"github.com/viralabs-dev/mudarro/test/internal/mudarro","Test":"TestSupportJavascriptManagers/npm"}
{"Time":"2026-10-06T17:40:30.396971764-03:00","Action":"output","Package":"github.com/viralabs-dev/mudarro/test/internal/mudarro","Test":"TestSupportJavascriptManagers/npm","Output":"=== RUN   TestSupportJavascriptManagers/npm\n","OutputType":"frame"}
{"Time":"2026-10-06T17:40:30.397581641-03:00","Action":"output","Package":"github.com/viralabs-dev/mudarro/test/internal/mudarro","Test":"TestSupportJavascriptManagers/npm","Output":"--- PASS: TestSupportJavascriptManagers/npm (0.00s)\n","OutputType":"frame"}
{"Time":"2026-10-06T17:40:30.397593037-03:00","Action":"pass","Package":"github.com/viralabs-dev/mudarro/test/internal/mudarro","Test":"TestSupportJavascriptManagers/npm","Elapsed":0}
{"Time":"2026-10-06T17:40:30.397603842-03:00","Action":"run","Package":"github.com/viralabs-dev/mudarro/test/internal/mudarro","Test":"TestSupportJavascriptManagers/yarn"}
{"Time":"2026-10-06T17:40:30.397605669-03:00","Action":"output","Package":"github.com/viralabs-dev/mudarro/test/internal/mudarro","Test":"TestSupportJavascriptManagers/yarn","Output":"=== RUN   TestSupportJavascriptManagers/yarn\n","OutputType":"frame"}
{"Time":"2026-10-06T17:40:30.398269576-03:00","Action":"output","Package":"github.com/viralabs-dev/mudarro/test/internal/mudarro","Test":"TestSupportJavascriptManagers/yarn","Output":"--- PASS: TestSupportJavascriptManagers/yarn (0.00s)\n","OutputType":"frame"}
{"Time":"2026-10-06T17:40:30.398284041-03:00","Action":"pass","Package":"github.com/viralabs-dev/mudarro/test/internal/mudarro","Test":"TestSupportJavascriptManagers/yarn","Elapsed":0}
{"Time":"2026-10-06T17:40:30.398286214-03:00","Action":"run","Package":"github.com/viralabs-dev/mudarro/test/internal/mudarro","Test":"TestSupportJavascriptManagers/pnpm-ts"}
{"Time":"2026-10-06T17:40:30.39828772-03:00","Action":"output","Package":"github.com/viralabs-dev/mudarro/test/internal/mudarro","Test":"TestSupportJavascriptManagers/pnpm-ts","Output":"=== RUN   TestSupportJavascriptManagers/pnpm-ts\n","OutputType":"frame"}
{"Time":"2026-10-06T17:40:30.39896069-03:00","Action":"output","Package":"github.com/viralabs-dev/mudarro/test/internal/mudarro","Test":"TestSupportJavascriptManagers/pnpm-ts","Output":"--- PASS: TestSupportJavascriptManagers/pnpm-ts (0.00s)\n","OutputType":"frame"}
{"Time":"2026-10-06T17:40:30.398980496-03:00","Action":"pass","Package":"github.com/viralabs-dev/mudarro/test/internal/mudarro","Test":"TestSupportJavascriptManagers/pnpm-ts","Elapsed":0}
{"Time":"2026-10-06T17:40:30.39898284-03:00","Action":"run","Package":"github.com/viralabs-dev/mudarro/test/internal/mudarro","Test":"TestSupportJavascriptManagers/explicit-wins"}
{"Time":"2026-10-06T17:40:30.39898816-03:00","Action":"output","Package":"github.com/viralabs-dev/mudarro/test/internal/mudarro","Test":"TestSupportJavascriptManagers/explicit-wins","Output":"=== RUN   TestSupportJavascriptManagers/explicit-wins\n","OutputType":"frame"}
{"Time":"2026-10-06T17:40:30.399663854-03:00","Action":"output","Package":"github.com/viralabs-dev/mudarro/test/internal/mudarro","Test":"TestSupportJavascriptManagers/explicit-wins","Output":"--- PASS: TestSupportJavascriptManagers/explicit-wins (0.00s)\n","OutputType":"frame"}
{"Time":"2026-10-06T17:40:30.39967654-03:00","Action":"pass","Package":"github.com/viralabs-dev/mudarro/test/internal/mudarro","Test":"TestSupportJavascriptManagers/explicit-wins","Elapsed":0}
{"Time":"2026-10-06T17:40:30.39969079-03:00","Action":"output","Package":"github.com/viralabs-dev/mudarro/test/internal/mudarro","Test":"TestSupportJavascriptManagers","Output":"--- PASS: TestSupportJavascriptManagers (0.00s)\n","OutputType":"frame"}
{"Time":"2026-10-06T17:40:30.399699716-03:00","Action":"pass","Package":"github.com/viralabs-dev/mudarro/test/internal/mudarro","Test":"TestSupportJavascriptManagers","Elapsed":0}
{"Time":"2026-10-06T17:40:30.399711296-03:00","Action":"run","Package":"github.com/viralabs-dev/mudarro/test/internal/mudarro","Test":"TestSupportPythonManagers"}
{"Time":"2026-10-06T17:40:30.39971384-03:00","Action":"output","Package":"github.com/viralabs-dev/mudarro/test/internal/mudarro","Test":"TestSupportPythonManagers","Output":"=== RUN   TestSupportPythonManagers\n","OutputType":"frame"}
{"Time":"2026-10-06T17:40:30.399728074-03:00","Action":"run","Package":"github.com/viralabs-dev/mudarro/test/internal/mudarro","Test":"TestSupportPythonManagers/pip"}
{"Time":"2026-10-06T17:40:30.399729821-03:00","Action":"output","Package":"github.com/viralabs-dev/mudarro/test/internal/mudarro","Test":"TestSupportPythonManagers/pip","Output":"=== RUN   TestSupportPythonManagers/pip\n","OutputType":"frame"}
{"Time":"2026-10-06T17:40:30.400139242-03:00","Action":"output","Package":"github.com/viralabs-dev/mudarro/test/internal/mudarro","Test":"TestSupportPythonManagers/pip","Output":"--- PASS: TestSupportPythonManagers/pip (0.00s)\n","OutputType":"frame"}
{"Time":"2026-10-06T17:40:30.400148769-03:00","Action":"pass","Package":"github.com/viralabs-dev/mudarro/test/internal/mudarro","Test":"TestSupportPythonManagers/pip","Elapsed":0}
{"Time":"2026-10-06T17:40:30.400158756-03:00","Action":"run","Package":"github.com/viralabs-dev/mudarro/test/internal/mudarro","Test":"TestSupportPythonManagers/uv"}
{"Time":"2026-10-06T17:40:30.400160319-03:00","Action":"output","Package":"github.com/viralabs-dev/mudarro/test/internal/mudarro","Test":"TestSupportPythonManagers/uv","Output":"=== RUN   TestSupportPythonManagers/uv\n","OutputType":"frame"}
{"Time":"2026-10-06T17:40:30.400580726-03:00","Action":"output","Package":"github.com/viralabs-dev/mudarro/test/internal/mudarro","Test":"TestSupportPythonManagers/uv","Output":"--- PASS: TestSupportPythonManagers/uv (0.00s)\n","OutputType":"frame"}
{"Time":"2026-10-06T17:40:30.400592853-03:00","Action":"pass","Package":"github.com/viralabs-dev/mudarro/test/internal/mudarro","Test":"TestSupportPythonManagers/uv","Elapsed":0}
{"Time":"2026-10-06T17:40:30.400607455-03:00","Action":"run","Package":"github.com/viralabs-dev/mudarro/test/internal/mudarro","Test":"TestSupportPythonManagers/poetry"}
{"Time":"2026-10-06T17:40:30.400609034-03:00","Action":"output","Package":"github.com/viralabs-dev/mudarro/test/internal/mudarro","Test":"TestSupportPythonManagers/poetry","Output":"=== RUN   TestSupportPythonManagers/poetry\n","OutputType":"frame"}
{"Time":"2026-10-06T17:40:30.401035656-03:00","Action":"output","Package":"github.com/viralabs-dev/mudarro/test/internal/mudarro","Test":"TestSupportPythonManagers/poetry","Output":"--- PASS: TestSupportPythonManagers/poetry (0.00s)\n","OutputType":"frame"}
{"Time":"2026-10-06T17:40:30.401046938-03:00","Action":"pass","Package":"github.com/viralabs-dev/mudarro/test/internal/mudarro","Test":"TestSupportPythonManagers/poetry","Elapsed":0}
{"Time":"2026-10-06T17:40:30.401058115-03:00","Action":"run","Package":"github.com/viralabs-dev/mudarro/test/internal/mudarro","Test":"TestSupportPythonManagers/ambiguous-locks"}
{"Time":"2026-10-06T17:40:30.401059731-03:00","Action":"output","Package":"github.com/viralabs-dev/mudarro/test/internal/mudarro","Test":"TestSupportPythonManagers/ambiguous-locks","Output":"=== RUN   TestSupportPythonManagers/ambiguous-locks\n","OutputType":"frame"}
{"Time":"2026-10-06T17:40:30.401484842-03:00","Action":"output","Package":"github.com/viralabs-dev/mudarro/test/internal/mudarro","Test":"TestSupportPythonManagers/ambiguous-locks","Output":"--- PASS: TestSupportPythonManagers/ambiguous-locks (0.00s)\n","OutputType":"frame"}
{"Time":"2026-10-06T17:40:30.401496396-03:00","Action":"pass","Package":"github.com/viralabs-dev/mudarro/test/internal/mudarro","Test":"TestSupportPythonManagers/ambiguous-locks","Elapsed":0}
{"Time":"2026-10-06T17:40:30.401524544-03:00","Action":"output","Package":"github.com/viralabs-dev/mudarro/test/internal/mudarro","Test":"TestSupportPythonManagers","Output":"--- PASS: TestSupportPythonManagers (0.00s)\n","OutputType":"frame"}
{"Time":"2026-10-06T17:40:30.401532678-03:00","Action":"pass","Package":"github.com/viralabs-dev/mudarro/test/internal/mudarro","Test":"TestSupportPythonManagers","Elapsed":0}
{"Time":"2026-10-06T17:40:30.401543312-03:00","Action":"run","Package":"github.com/viralabs-dev/mudarro/test/internal/mudarro","Test":"TestSupportGoWorkspaceBoundaries"}
{"Time":"2026-10-06T17:40:30.401545147-03:00","Action":"output","Package":"github.com/viralabs-dev/mudarro/test/internal/mudarro","Test":"TestSupportGoWorkspaceBoundaries","Output":"=== RUN   TestSupportGoWorkspaceBoundaries\n","OutputType":"frame"}
{"Time":"2026-10-06T17:40:30.403546378-03:00","Action":"output","Package":"github.com/viralabs-dev/mudarro/test/internal/mudarro","Test":"TestSupportGoWorkspaceBoundaries","Output":"--- PASS: TestSupportGoWorkspaceBoundaries (0.00s)\n","OutputType":"frame"}
{"Time":"2026-10-06T17:40:30.403549526-03:00","Action":"pass","Package":"github.com/viralabs-dev/mudarro/test/internal/mudarro","Test":"TestSupportGoWorkspaceBoundaries","Elapsed":0}
{"Time":"2026-10-06T17:40:30.403562248-03:00","Action":"run","Package":"github.com/viralabs-dev/mudarro/test/internal/mudarro","Test":"TestSupportAmbiguousDatabaseAndInfrastructure"}
{"Time":"2026-10-06T17:40:30.403564191-03:00","Action":"output","Package":"github.com/viralabs-dev/mudarro/test/internal/mudarro","Test":"TestSupportAmbiguousDatabaseAndInfrastructure","Output":"=== RUN   TestSupportAmbiguousDatabaseAndInfrastructure\n","OutputType":"frame"}
{"Time":"2026-10-06T17:40:30.40447158-03:00","Action":"output","Package":"github.com/viralabs-dev/mudarro/test/internal/mudarro","Test":"TestSupportAmbiguousDatabaseAndInfrastructure","Output":"--- PASS: TestSupportAmbiguousDatabaseAndInfrastructure (0.00s)\n","OutputType":"frame"}
{"Time":"2026-10-06T17:40:30.404488385-03:00","Action":"pass","Package":"github.com/viralabs-dev/mudarro/test/internal/mudarro","Test":"TestSupportAmbiguousDatabaseAndInfrastructure","Elapsed":0}
{"Time":"2026-10-06T17:40:30.404491155-03:00","Action":"run","Package":"github.com/viralabs-dev/mudarro/test/internal/mudarro","Test":"TestSupportCLIRunDryMatrix"}
{"Time":"2026-10-06T17:40:30.404493134-03:00","Action":"output","Package":"github.com/viralabs-dev/mudarro/test/internal/mudarro","Test":"TestSupportCLIRunDryMatrix","Output":"=== RUN   TestSupportCLIRunDryMatrix\n","OutputType":"frame"}
{"Time":"2026-10-06T17:40:30.404510059-03:00","Action":"run","Package":"github.com/viralabs-dev/mudarro/test/internal/mudarro","Test":"TestSupportCLIRunDryMatrix/prisma"}
{"Time":"2026-10-06T17:40:30.404512188-03:00","Action":"output","Package":"github.com/viralabs-dev/mudarro/test/internal/mudarro","Test":"TestSupportCLIRunDryMatrix/prisma","Output":"=== RUN   TestSupportCLIRunDryMatrix/prisma\n","OutputType":"frame"}
{"Time":"2026-10-06T17:40:30.408828734-03:00","Action":"output","Package":"github.com/viralabs-dev/mudarro/test/internal/mudarro","Test":"TestSupportCLIRunDryMatrix/prisma","Output":"--- PASS: TestSupportCLIRunDryMatrix/prisma (0.00s)\n","OutputType":"frame"}
{"Time":"2026-10-06T17:40:30.408842942-03:00","Action":"pass","Package":"github.com/viralabs-dev/mudarro/test/internal/mudarro","Test":"TestSupportCLIRunDryMatrix/prisma","Elapsed":0}
{"Time":"2026-10-06T17:40:30.408856521-03:00","Action":"run","Package":"github.com/viralabs-dev/mudarro/test/internal/mudarro","Test":"TestSupportCLIRunDryMatrix/django"}
{"Time":"2026-10-06T17:40:30.408858514-03:00","Action":"output","Package":"github.com/viralabs-dev/mudarro/test/internal/mudarro","Test":"TestSupportCLIRunDryMatrix/django","Output":"=== RUN   TestSupportCLIRunDryMatrix/django\n","OutputType":"frame"}
{"Time":"2026-10-06T17:40:30.412116006-03:00","Action":"output","Package":"github.com/viralabs-dev/mudarro/test/internal/mudarro","Test":"TestSupportCLIRunDryMatrix/django","Output":"--- PASS: TestSupportCLIRunDryMatrix/django (0.00s)\n","OutputType":"frame"}
{"Time":"2026-10-06T17:40:30.412131636-03:00","Action":"pass","Package":"github.com/viralabs-dev/mudarro/test/internal/mudarro","Test":"TestSupportCLIRunDryMatrix/django","Elapsed":0}
{"Time":"2026-10-06T17:40:30.412133314-03:00","Action":"run","Package":"github.com/viralabs-dev/mudarro/test/internal/mudarro","Test":"TestSupportCLIRunDryMatrix/alembic"}
{"Time":"2026-10-06T17:40:30.412134842-03:00","Action":"output","Package":"github.com/viralabs-dev/mudarro/test/internal/mudarro","Test":"TestSupportCLIRunDryMatrix/alembic","Output":"=== RUN   TestSupportCLIRunDryMatrix/alembic\n","OutputType":"frame"}
{"Time":"2026-10-06T17:40:30.414565413-03:00","Action":"output","Package":"github.com/viralabs-dev/mudarro/test/internal/mudarro","Test":"TestSupportCLIRunDryMatrix/alembic","Output":"--- PASS: TestSupportCLIRunDryMatrix/alembic (0.00s)\n","OutputType":"frame"}
{"Time":"2026-10-06T17:40:30.414578648-03:00","Action":"pass","Package":"github.com/viralabs-dev/mudarro/test/internal/mudarro","Test":"TestSupportCLIRunDryMatrix/alembic","Elapsed":0}
{"Time":"2026-10-06T17:40:30.414580275-03:00","Action":"run","Package":"github.com/viralabs-dev/mudarro/test/internal/mudarro","Test":"TestSupportCLIRunDryMatrix/goose"}
{"Time":"2026-10-06T17:40:30.414581563-03:00","Action":"output","Package":"github.com/viralabs-dev/mudarro/test/internal/mudarro","Test":"TestSupportCLIRunDryMatrix/goose","Output":"=== RUN   TestSupportCLIRunDryMatrix/goose\n","OutputType":"frame"}
{"Time":"2026-10-06T17:40:30.41767803-03:00","Action":"output","Package":"github.com/viralabs-dev/mudarro/test/internal/mudarro","Test":"TestSupportCLIRunDryMatrix/goose","Output":"--- PASS: TestSupportCLIRunDryMatrix/goose (0.00s)\n","OutputType":"frame"}
{"Time":"2026-10-06T17:40:30.417692932-03:00","Action":"pass","Package":"github.com/viralabs-dev/mudarro/test/internal/mudarro","Test":"TestSupportCLIRunDryMatrix/goose","Elapsed":0}
{"Time":"2026-10-06T17:40:30.417695606-03:00","Action":"output","Package":"github.com/viralabs-dev/mudarro/test/internal/mudarro","Test":"TestSupportCLIRunDryMatrix","Output":"--- PASS: TestSupportCLIRunDryMatrix (0.01s)\n","OutputType":"frame"}
{"Time":"2026-10-06T17:40:30.417697257-03:00","Action":"pass","Package":"github.com/viralabs-dev/mudarro/test/internal/mudarro","Test":"TestSupportCLIRunDryMatrix","Elapsed":0.01}
{"Time":"2026-10-06T17:40:30.417699718-03:00","Action":"run","Package":"github.com/viralabs-dev/mudarro/test/internal/mudarro","Test":"TestSupportScanJSONDeterministicAndReadOnly"}
{"Time":"2026-10-06T17:40:30.41770101-03:00","Action":"output","Package":"github.com/viralabs-dev/mudarro/test/internal/mudarro","Test":"TestSupportScanJSONDeterministicAndReadOnly","Output":"=== RUN   TestSupportScanJSONDeterministicAndReadOnly\n","OutputType":"frame"}
{"Time":"2026-10-06T17:40:30.419613179-03:00","Action":"output","Package":"github.com/viralabs-dev/mudarro/test/internal/mudarro","Test":"TestSupportScanJSONDeterministicAndReadOnly","Output":"--- PASS: TestSupportScanJSONDeterministicAndReadOnly (0.00s)\n","OutputType":"frame"}
{"Time":"2026-10-06T17:40:30.419625885-03:00","Action":"pass","Package":"github.com/viralabs-dev/mudarro/test/internal/mudarro","Test":"TestSupportScanJSONDeterministicAndReadOnly","Elapsed":0}
{"Time":"2026-10-06T17:40:30.419627419-03:00","Action":"run","Package":"github.com/viralabs-dev/mudarro/test/internal/mudarro","Test":"TestSupportOversizedManifestWarning"}
{"Time":"2026-10-06T17:40:30.419628843-03:00","Action":"output","Package":"github.com/viralabs-dev/mudarro/test/internal/mudarro","Test":"TestSupportOversizedManifestWarning","Output":"=== RUN   TestSupportOversizedManifestWarning\n","OutputType":"frame"}
{"Time":"2026-10-06T17:40:30.435291634-03:00","Action":"output","Package":"github.com/viralabs-dev/mudarro/test/internal/mudarro","Test":"TestSupportOversizedManifestWarning","Output":"--- PASS: TestSupportOversizedManifestWarning (0.02s)\n","OutputType":"frame"}
{"Time":"2026-10-06T17:40:30.435312454-03:00","Action":"pass","Package":"github.com/viralabs-dev/mudarro/test/internal/mudarro","Test":"TestSupportOversizedManifestWarning","Elapsed":0.02}
{"Time":"2026-10-06T17:40:30.435316526-03:00","Action":"run","Package":"github.com/viralabs-dev/mudarro/test/internal/mudarro","Test":"TestPlainMenuHasNoANSIEscapes"}
{"Time":"2026-10-06T17:40:30.435318275-03:00","Action":"output","Package":"github.com/viralabs-dev/mudarro/test/internal/mudarro","Test":"TestPlainMenuHasNoANSIEscapes","Output":"=== RUN   TestPlainMenuHasNoANSIEscapes\n","OutputType":"frame"}
{"Time":"2026-10-06T17:40:30.436758598-03:00","Action":"output","Package":"github.com/viralabs-dev/mudarro/test/internal/mudarro","Test":"TestPlainMenuHasNoANSIEscapes","Output":"--- PASS: TestPlainMenuHasNoANSIEscapes (0.00s)\n","OutputType":"frame"}
{"Time":"2026-10-06T17:40:30.436770105-03:00","Action":"pass","Package":"github.com/viralabs-dev/mudarro/test/internal/mudarro","Test":"TestPlainMenuHasNoANSIEscapes","Elapsed":0}
{"Time":"2026-10-06T17:40:30.436782125-03:00","Action":"run","Package":"github.com/viralabs-dev/mudarro/test/internal/mudarro","Test":"TestUICLIInitJSONPreservesExistingAndGenerateIdempotent"}
{"Time":"2026-10-06T17:40:30.436786294-03:00","Action":"output","Package":"github.com/viralabs-dev/mudarro/test/internal/mudarro","Test":"TestUICLIInitJSONPreservesExistingAndGenerateIdempotent","Output":"=== RUN   TestUICLIInitJSONPreservesExistingAndGenerateIdempotent\n","OutputType":"frame"}
{"Time":"2026-10-06T17:40:30.442952904-03:00","Action":"output","Package":"github.com/viralabs-dev/mudarro/test/internal/mudarro","Test":"TestUICLIInitJSONPreservesExistingAndGenerateIdempotent","Output":"--- PASS: TestUICLIInitJSONPreservesExistingAndGenerateIdempotent (0.01s)\n","OutputType":"frame"}
{"Time":"2026-10-06T17:40:30.442972865-03:00","Action":"pass","Package":"github.com/viralabs-dev/mudarro/test/internal/mudarro","Test":"TestUICLIInitJSONPreservesExistingAndGenerateIdempotent","Elapsed":0.01}
{"Time":"2026-10-06T17:40:30.442980082-03:00","Action":"run","Package":"github.com/viralabs-dev/mudarro/test/internal/mudarro","Test":"TestUICLISelectedConfigWrapperWithSpaces"}
{"Time":"2026-10-06T17:40:30.442983922-03:00","Action":"output","Package":"github.com/viralabs-dev/mudarro/test/internal/mudarro","Test":"TestUICLISelectedConfigWrapperWithSpaces","Output":"=== RUN   TestUICLISelectedConfigWrapperWithSpaces\n","OutputType":"frame"}
{"Time":"2026-10-06T17:40:30.463859792-03:00","Action":"output","Package":"github.com/viralabs-dev/mudarro/test/internal/mudarro","Test":"TestUICLISelectedConfigWrapperWithSpaces","Output":"--- PASS: TestUICLISelectedConfigWrapperWithSpaces (0.02s)\n","OutputType":"frame"}
{"Time":"2026-10-06T17:40:30.463875617-03:00","Action":"pass","Package":"github.com/viralabs-dev/mudarro/test/internal/mudarro","Test":"TestUICLISelectedConfigWrapperWithSpaces","Elapsed":0.02}
{"Time":"2026-10-06T17:40:30.463939711-03:00","Action":"run","Package":"github.com/viralabs-dev/mudarro/test/internal/mudarro","Test":"TestUICLIAmbiguousConfigNeedsSelection"}
{"Time":"2026-10-06T17:40:30.463945035-03:00","Action":"output","Package":"github.com/viralabs-dev/mudarro/test/internal/mudarro","Test":"TestUICLIAmbiguousConfigNeedsSelection","Output":"=== RUN   TestUICLIAmbiguousConfigNeedsSelection\n","OutputType":"frame"}
{"Time":"2026-10-06T17:40:30.466488013-03:00","Action":"output","Package":"github.com/viralabs-dev/mudarro/test/internal/mudarro","Test":"TestUICLIAmbiguousConfigNeedsSelection","Output":"--- PASS: TestUICLIAmbiguousConfigNeedsSelection (0.00s)\n","OutputType":"frame"}
{"Time":"2026-10-06T17:40:30.466495748-03:00","Action":"pass","Package":"github.com/viralabs-dev/mudarro/test/internal/mudarro","Test":"TestUICLIAmbiguousConfigNeedsSelection","Elapsed":0}
{"Time":"2026-10-06T17:40:30.46651483-03:00","Action":"run","Package":"github.com/viralabs-dev/mudarro/test/internal/mudarro","Test":"TestUICLILocaleOverrideDoesNotWriteConfig"}
{"Time":"2026-10-06T17:40:30.46651829-03:00","Action":"output","Package":"github.com/viralabs-dev/mudarro/test/internal/mudarro","Test":"TestUICLILocaleOverrideDoesNotWriteConfig","Output":"=== RUN   TestUICLILocaleOverrideDoesNotWriteConfig\n","OutputType":"frame"}
{"Time":"2026-10-06T17:40:30.471127485-03:00","Action":"output","Package":"github.com/viralabs-dev/mudarro/test/internal/mudarro","Test":"TestUICLILocaleOverrideDoesNotWriteConfig","Output":"--- PASS: TestUICLILocaleOverrideDoesNotWriteConfig (0.00s)\n","OutputType":"frame"}
{"Time":"2026-10-06T17:40:30.471137961-03:00","Action":"pass","Package":"github.com/viralabs-dev/mudarro/test/internal/mudarro","Test":"TestUICLILocaleOverrideDoesNotWriteConfig","Elapsed":0}
{"Time":"2026-10-06T17:40:30.471142653-03:00","Action":"run","Package":"github.com/viralabs-dev/mudarro/test/internal/mudarro","Test":"TestUICLIPreviewDisabledHasNoPreviewHint"}
{"Time":"2026-10-06T17:40:30.471145319-03:00","Action":"output","Package":"github.com/viralabs-dev/mudarro/test/internal/mudarro","Test":"TestUICLIPreviewDisabledHasNoPreviewHint","Output":"=== RUN   TestUICLIPreviewDisabledHasNoPreviewHint\n","OutputType":"frame"}
{"Time":"2026-10-06T17:40:30.473711645-03:00","Action":"output","Package":"github.com/viralabs-dev/mudarro/test/internal/mudarro","Test":"TestUICLIPreviewDisabledHasNoPreviewHint","Output":"--- PASS: TestUICLIPreviewDisabledHasNoPreviewHint (0.00s)\n","OutputType":"frame"}
{"Time":"2026-10-06T17:40:30.473729051-03:00","Action":"pass","Package":"github.com/viralabs-dev/mudarro/test/internal/mudarro","Test":"TestUICLIPreviewDisabledHasNoPreviewHint","Elapsed":0}
{"Time":"2026-10-06T17:40:30.473732619-03:00","Action":"output","Package":"github.com/viralabs-dev/mudarro/test/internal/mudarro","Output":"PASS\n","OutputType":"frame"}
{"Time":"2026-10-06T17:40:30.484936899-03:00","Action":"output","Package":"github.com/viralabs-dev/mudarro/test/internal/mudarro","Output":"coverage: 74.5% of statements in ./internal/mudarro/...\n"}
{"Time":"2026-10-06T17:40:31.5204321-03:00","Action":"output","Package":"github.com/viralabs-dev/mudarro/test/internal/mudarro","Output":"ok  \tgithub.com/viralabs-dev/mudarro/test/internal/mudarro\t28.885s\tcoverage: 74.5% of statements in ./internal/mudarro/...\n"}
{"Time":"2026-10-06T17:40:31.520468589-03:00","Action":"pass","Package":"github.com/viralabs-dev/mudarro/test/internal/mudarro","Elapsed":28.894}
