mode: atomic
github.com/viralabs-dev/mudarro/internal/mudarro/projectfs/path.go:12.2,12.38 1 0
github.com/viralabs-dev/mudarro/internal/mudarro/projectfs/path.go:13.3,14.1 1 0
github.com/viralabs-dev/mudarro/internal/mudarro/projectfs/path.go:15.2,16.80 2 0
github.com/viralabs-dev/mudarro/internal/mudarro/projectfs/path.go:17.3,18.1 1 0
github.com/viralabs-dev/mudarro/internal/mudarro/projectfs/path.go:19.2,20.72 2 0
github.com/viralabs-dev/mudarro/internal/mudarro/projectfs/path.go:21.3,23.50 3 0
github.com/viralabs-dev/mudarro/internal/mudarro/projectfs/path.go:24.4,25.1 1 0
github.com/viralabs-dev/mudarro/internal/mudarro/projectfs/path.go:26.3,26.40 1 0
github.com/viralabs-dev/mudarro/internal/mudarro/projectfs/path.go:27.4,28.1 1 0
github.com/viralabs-dev/mudarro/internal/mudarro/projectfs/path.go:30.2,30.40 1 0
github.com/viralabs-dev/mudarro/internal/mudarro/projectfs/path.go:34.2,35.14 2 0
github.com/viralabs-dev/mudarro/internal/mudarro/projectfs/path.go:36.3,37.1 1 0
github.com/viralabs-dev/mudarro/internal/mudarro/projectfs/path.go:38.2,39.14 2 0
github.com/viralabs-dev/mudarro/internal/mudarro/projectfs/path.go:40.3,41.1 1 0
github.com/viralabs-dev/mudarro/internal/mudarro/projectfs/path.go:42.2,42.23 1 0
github.com/viralabs-dev/mudarro/internal/mudarro/projectfs/path.go:43.3,44.1 1 0
github.com/viralabs-dev/mudarro/internal/mudarro/projectfs/path.go:45.2,45.23 1 0
github.com/viralabs-dev/mudarro/internal/mudarro/terminal/banner.go:10.34,10.63 1 0
github.com/viralabs-dev/mudarro/internal/mudarro/terminal/banner.go:13.2,15.28 3 0
github.com/viralabs-dev/mudarro/internal/mudarro/terminal/banner.go:16.3,16.30 1 0
github.com/viralabs-dev/mudarro/internal/mudarro/terminal/banner.go:17.4,18.1 1 0
github.com/viralabs-dev/mudarro/internal/mudarro/terminal/banner.go:20.2,22.17 3 0
github.com/viralabs-dev/mudarro/internal/mudarro/terminal/banner.go:23.3,24.1 1 0
github.com/viralabs-dev/mudarro/internal/mudarro/terminal/banner.go:25.2,25.18 1 0
github.com/viralabs-dev/mudarro/internal/mudarro/terminal/banner.go:26.3,27.1 1 0
github.com/viralabs-dev/mudarro/internal/mudarro/terminal/banner.go:28.2,28.57 1 0
github.com/viralabs-dev/mudarro/internal/mudarro/terminal/banner.go:29.3,30.25 2 0
github.com/viralabs-dev/mudarro/internal/mudarro/terminal/banner.go:31.4,32.1 1 0
github.com/viralabs-dev/mudarro/internal/mudarro/terminal/banner.go:33.3,33.32 1 0
github.com/viralabs-dev/mudarro/internal/mudarro/terminal/banner.go:34.4,34.41 1 0
github.com/viralabs-dev/mudarro/internal/mudarro/terminal/banner.go:35.5,36.12 2 0
github.com/viralabs-dev/mudarro/internal/mudarro/terminal/banner.go:37.6,38.1 1 0
github.com/viralabs-dev/mudarro/internal/mudarro/terminal/banner.go:39.5,40.23 2 0
github.com/viralabs-dev/mudarro/internal/mudarro/terminal/banner.go:42.4,42.23 1 0
github.com/viralabs-dev/mudarro/internal/mudarro/terminal/banner.go:45.2,46.21 2 0
github.com/viralabs-dev/mudarro/internal/mudarro/terminal/menu_view.go:20.2,21.13 2 0
github.com/viralabs-dev/mudarro/internal/mudarro/terminal/menu_view.go:22.3,23.47 2 0
github.com/viralabs-dev/mudarro/internal/mudarro/terminal/menu_view.go:24.4,25.1 1 0
github.com/viralabs-dev/mudarro/internal/mudarro/terminal/menu_view.go:26.3,30.32 5 0
github.com/viralabs-dev/mudarro/internal/mudarro/terminal/menu_view.go:31.9,31.23 1 0
github.com/viralabs-dev/mudarro/internal/mudarro/terminal/menu_view.go:32.3,33.1 1 0
github.com/viralabs-dev/mudarro/internal/mudarro/terminal/menu_view.go:34.2,36.31 3 0
github.com/viralabs-dev/mudarro/internal/mudarro/terminal/menu_view.go:37.3,38.1 1 0
github.com/viralabs-dev/mudarro/internal/mudarro/terminal/menu_view.go:39.2,40.13 2 0
github.com/viralabs-dev/mudarro/internal/mudarro/terminal/menu_view.go:42.3,43.22 2 0
github.com/viralabs-dev/mudarro/internal/mudarro/terminal/menu_view.go:44.4,45.1 1 0
github.com/viralabs-dev/mudarro/internal/mudarro/terminal/menu_view.go:46.3,47.19 2 0
github.com/viralabs-dev/mudarro/internal/mudarro/terminal/menu_view.go:48.4,49.1 1 0
github.com/viralabs-dev/mudarro/internal/mudarro/terminal/menu_view.go:50.4,51.1 1 0
github.com/viralabs-dev/mudarro/internal/mudarro/terminal/menu_view.go:53.2,53.6 1 0
github.com/viralabs-dev/mudarro/internal/mudarro/terminal/menu_view.go:54.3,56.17 3 0
github.com/viralabs-dev/mudarro/internal/mudarro/terminal/menu_view.go:57.4,58.1 1 0
github.com/viralabs-dev/mudarro/internal/mudarro/terminal/menu_view.go:59.3,60.35 2 0
github.com/viralabs-dev/mudarro/internal/mudarro/terminal/menu_view.go:61.4,62.1 1 0
github.com/viralabs-dev/mudarro/internal/mudarro/terminal/menu_view.go:63.3,64.47 2 0
github.com/viralabs-dev/mudarro/internal/mudarro/terminal/menu_view.go:65.4,66.1 1 0
github.com/viralabs-dev/mudarro/internal/mudarro/terminal/menu_view.go:67.3,67.108 1 0
github.com/viralabs-dev/mudarro/internal/mudarro/terminal/menu_view.go:74.2,74.60 1 0
github.com/viralabs-dev/mudarro/internal/mudarro/terminal/menu_view.go:75.3,76.1 1 0
github.com/viralabs-dev/mudarro/internal/mudarro/terminal/menu_view.go:77.2,78.122 1 0
github.com/viralabs-dev/mudarro/internal/mudarro/terminal/menu_view.go:79.3,80.1 1 0
github.com/viralabs-dev/mudarro/internal/mudarro/terminal/menu_view.go:81.2,81.10 1 0
github.com/viralabs-dev/mudarro/internal/mudarro/terminal/menu_view.go:84.2,84.39 1 0
github.com/viralabs-dev/mudarro/internal/mudarro/terminal/menu_view.go:85.3,85.56 1 0
github.com/viralabs-dev/mudarro/internal/mudarro/terminal/menu_view.go:86.4,87.1 1 0
github.com/viralabs-dev/mudarro/internal/mudarro/terminal/menu_view.go:88.3,88.11 1 0
github.com/viralabs-dev/mudarro/internal/mudarro/terminal/menu_view.go:92.2,93.15 2 0
github.com/viralabs-dev/mudarro/internal/mudarro/terminal/menu_view.go:94.3,95.1 1 0
github.com/viralabs-dev/mudarro/internal/mudarro/terminal/menu_view.go:96.2,97.25 2 0
github.com/viralabs-dev/mudarro/internal/mudarro/terminal/menu_view.go:98.3,99.1 1 0
github.com/viralabs-dev/mudarro/internal/mudarro/terminal/menu_view.go:100.2,100.20 1 0
github.com/viralabs-dev/mudarro/internal/mudarro/terminal/menu_view.go:101.3,102.1 1 0
github.com/viralabs-dev/mudarro/internal/mudarro/terminal/menu_view.go:103.2,105.25 3 0
github.com/viralabs-dev/mudarro/internal/mudarro/terminal/menu_view.go:106.3,107.24 2 0
github.com/viralabs-dev/mudarro/internal/mudarro/terminal/menu_view.go:108.4,108.9 1 0
github.com/viralabs-dev/mudarro/internal/mudarro/terminal/menu_view.go:110.3,111.13 2 0
github.com/viralabs-dev/mudarro/internal/mudarro/terminal/menu_view.go:113.2,113.27 1 0
github.com/viralabs-dev/mudarro/internal/mudarro/terminal/menu_view.go:127.2,129.1 3 0
github.com/viralabs-dev/mudarro/internal/mudarro/terminal/menu_view.go:130.2,130.30 3 0
github.com/viralabs-dev/mudarro/internal/mudarro/terminal/menu_view.go:130.32,130.113 1 0
github.com/viralabs-dev/mudarro/internal/mudarro/terminal/menu_view.go:131.2,131.28 1 0
github.com/viralabs-dev/mudarro/internal/mudarro/terminal/menu_view.go:132.3,132.30 1 0
github.com/viralabs-dev/mudarro/internal/mudarro/terminal/menu_view.go:133.4,134.1 1 0
github.com/viralabs-dev/mudarro/internal/mudarro/terminal/menu_view.go:136.2,137.34 2 0
github.com/viralabs-dev/mudarro/internal/mudarro/terminal/menu_view.go:138.3,139.1 1 0
github.com/viralabs-dev/mudarro/internal/mudarro/terminal/menu_view.go:140.2,141.13 2 0
github.com/viralabs-dev/mudarro/internal/mudarro/terminal/menu_view.go:142.3,143.1 1 0
github.com/viralabs-dev/mudarro/internal/mudarro/terminal/menu_view.go:144.2,144.24 1 0
github.com/viralabs-dev/mudarro/internal/mudarro/terminal/menu_view.go:145.3,146.1 1 0
github.com/viralabs-dev/mudarro/internal/mudarro/terminal/menu_view.go:147.2,149.24 3 0
github.com/viralabs-dev/mudarro/internal/mudarro/terminal/menu_view.go:150.3,151.1 1 0
github.com/viralabs-dev/mudarro/internal/mudarro/terminal/menu_view.go:152.2,152.28 1 0
github.com/viralabs-dev/mudarro/internal/mudarro/terminal/menu_view.go:153.3,154.10 2 0
github.com/viralabs-dev/mudarro/internal/mudarro/terminal/menu_view.go:155.4,156.15 2 0
github.com/viralabs-dev/mudarro/internal/mudarro/terminal/menu_view.go:157.5,158.1 1 0
github.com/viralabs-dev/mudarro/internal/mudarro/terminal/menu_view.go:159.4,160.113 2 0
github.com/viralabs-dev/mudarro/internal/mudarro/terminal/menu_view.go:162.3,162.47 1 0
github.com/viralabs-dev/mudarro/internal/mudarro/terminal/menu_view.go:163.4,163.26 1 0
github.com/viralabs-dev/mudarro/internal/mudarro/terminal/menu_view.go:164.5,164.17 1 0
github.com/viralabs-dev/mudarro/internal/mudarro/terminal/menu_view.go:165.6,166.1 1 0
github.com/viralabs-dev/mudarro/internal/mudarro/terminal/menu_view.go:170.2,171.25 2 0
github.com/viralabs-dev/mudarro/internal/mudarro/terminal/menu_view.go:172.3,174.32 3 0
github.com/viralabs-dev/mudarro/internal/mudarro/terminal/menu_view.go:175.4,175.42 1 0
github.com/viralabs-dev/mudarro/internal/mudarro/terminal/menu_view.go:176.5,177.1 1 0
github.com/viralabs-dev/mudarro/internal/mudarro/terminal/menu_view.go:177.11,177.64 1 0
github.com/viralabs-dev/mudarro/internal/mudarro/terminal/menu_view.go:178.5,179.1 1 0
github.com/viralabs-dev/mudarro/internal/mudarro/terminal/menu_view.go:180.5,181.1 1 0
github.com/viralabs-dev/mudarro/internal/mudarro/terminal/menu_view.go:183.3,183.63 1 0
github.com/viralabs-dev/mudarro/internal/mudarro/terminal/menu_view.go:185.2,185.14 1 0
github.com/viralabs-dev/mudarro/internal/mudarro/terminal/menu_view.go:190.2,191.1 1 0
github.com/viralabs-dev/mudarro/internal/mudarro/terminal/menu_view.go:192.45,192.66 1 0
github.com/viralabs-dev/mudarro/internal/mudarro/terminal/menu_view.go:193.45,193.61 1 0
github.com/viralabs-dev/mudarro/internal/mudarro/terminal/terminal_style.go:20.2,22.33 3 0
github.com/viralabs-dev/mudarro/internal/mudarro/terminal/terminal_style.go:23.3,24.1 1 0
github.com/viralabs-dev/mudarro/internal/mudarro/terminal/terminal_style.go:25.2,28.45 4 0
github.com/viralabs-dev/mudarro/internal/mudarro/terminal/terminal_style.go:29.3,30.1 1 0
github.com/viralabs-dev/mudarro/internal/mudarro/terminal/terminal_style.go:31.2,31.190 1 0
github.com/viralabs-dev/mudarro/internal/mudarro/terminal/terminal_style.go:34.2,34.14 1 0
github.com/viralabs-dev/mudarro/internal/mudarro/terminal/terminal_style.go:35.3,36.1 1 0
github.com/viralabs-dev/mudarro/internal/mudarro/terminal/terminal_style.go:37.2,37.48 1 0
github.com/viralabs-dev/mudarro/internal/mudarro/terminal/terminal_style.go:39.46,39.76 1 0
github.com/viralabs-dev/mudarro/internal/mudarro/terminal/terminal_style.go:40.46,40.74 1 0
github.com/viralabs-dev/mudarro/internal/mudarro/terminal/terminal_style.go:42.2,43.12 2 0
github.com/viralabs-dev/mudarro/internal/mudarro/terminal/terminal_style.go:44.3,45.1 1 0
github.com/viralabs-dev/mudarro/internal/mudarro/terminal/terminal_style.go:46.2,46.28 1 0
github.com/viralabs-dev/mudarro/internal/mudarro/terminal/terminal_style.go:49.2,50.16 2 0
github.com/viralabs-dev/mudarro/internal/mudarro/terminal/terminal_style.go:51.3,52.1 1 0
github.com/viralabs-dev/mudarro/internal/mudarro/terminal/terminal_style.go:53.2,53.50 1 0
github.com/viralabs-dev/mudarro/internal/mudarro/terminal/terminal_style.go:57.2,58.1 1 0
github.com/viralabs-dev/mudarro/internal/mudarro/terminal/terminal_style.go:60.34,60.50 1 0
github.com/viralabs-dev/mudarro/internal/mudarro/terminal/terminal_unix.go:13.2,15.16 3 0
github.com/viralabs-dev/mudarro/internal/mudarro/terminal/terminal_unix.go:16.3,17.1 1 0
github.com/viralabs-dev/mudarro/internal/mudarro/terminal/terminal_unix.go:18.2,19.31 2 0
github.com/viralabs-dev/mudarro/internal/mudarro/terminal/terminal_unix.go:20.3,21.1 1 0
github.com/viralabs-dev/mudarro/internal/mudarro/terminal/terminal_unix.go:22.2,23.33 2 0
github.com/viralabs-dev/mudarro/internal/mudarro/terminal/terminal_unix.go:24.3,25.1 1 0
github.com/viralabs-dev/mudarro/internal/mudarro/terminal/terminal_unix.go:26.2,26.28 1 0
github.com/viralabs-dev/mudarro/internal/mudarro/terminal/terminal_unix.go:29.48,29.101 2 0
github.com/viralabs-dev/mudarro/internal/mudarro/executor/os.go:12.2,12.37 1 0
github.com/viralabs-dev/mudarro/internal/mudarro/executor/os.go:13.3,14.1 1 0
github.com/viralabs-dev/mudarro/internal/mudarro/executor/os.go:15.2,20.16 6 0
github.com/viralabs-dev/mudarro/internal/mudarro/executor/os.go:23.2,23.37 1 0
github.com/viralabs-dev/mudarro/internal/mudarro/executor/os.go:24.3,25.1 1 0
github.com/viralabs-dev/mudarro/internal/mudarro/executor/os.go:26.2,28.19 3 0
github.com/viralabs-dev/mudarro/internal/mudarro/adapters/database_adapters.go:6.2,7.1 3 0
github.com/viralabs-dev/mudarro/internal/mudarro/adapters/database_adapters.go:8.2,9.1 3 0
github.com/viralabs-dev/mudarro/internal/mudarro/adapters/database_adapters.go:10.2,10.19 3 0
github.com/viralabs-dev/mudarro/internal/mudarro/adapters/database_adapters.go:11.3,11.30 1 0
github.com/viralabs-dev/mudarro/internal/mudarro/adapters/database_adapters.go:12.4,13.1 1 0
github.com/viralabs-dev/mudarro/internal/mudarro/adapters/database_adapters.go:15.2,15.10 1 0
github.com/viralabs-dev/mudarro/internal/mudarro/adapters/database_adapters.go:18.2,19.1 2 0
github.com/viralabs-dev/mudarro/internal/mudarro/adapters/database_adapters.go:20.2,23.266 2 0
github.com/viralabs-dev/mudarro/internal/mudarro/adapters/database_adapters.go:24.3,25.1 1 0
github.com/viralabs-dev/mudarro/internal/mudarro/adapters/database_adapters.go:27.2,27.19 1 0
github.com/viralabs-dev/mudarro/internal/mudarro/adapters/database_adapters.go:28.3,28.30 1 0
github.com/viralabs-dev/mudarro/internal/mudarro/adapters/database_adapters.go:29.4,30.1 1 0
github.com/viralabs-dev/mudarro/internal/mudarro/adapters/database_adapters.go:32.2,32.10 1 0
github.com/viralabs-dev/mudarro/internal/mudarro/adapters/database_adapters.go:35.2,36.1 3 0
github.com/viralabs-dev/mudarro/internal/mudarro/adapters/database_adapters.go:37.2,38.1 3 0
github.com/viralabs-dev/mudarro/internal/mudarro/adapters/database_adapters.go:39.2,39.19 3 0
github.com/viralabs-dev/mudarro/internal/mudarro/adapters/database_adapters.go:40.3,40.30 1 0
github.com/viralabs-dev/mudarro/internal/mudarro/adapters/database_adapters.go:41.4,42.1 1 0
github.com/viralabs-dev/mudarro/internal/mudarro/adapters/database_adapters.go:44.2,44.10 1 0
github.com/viralabs-dev/mudarro/internal/mudarro/adapters/database_adapters.go:47.2,49.1 4 0
github.com/viralabs-dev/mudarro/internal/mudarro/adapters/database_adapters.go:50.2,51.24 4 0
github.com/viralabs-dev/mudarro/internal/mudarro/adapters/database_adapters.go:52.3,53.1 1 0
github.com/viralabs-dev/mudarro/internal/mudarro/adapters/database_adapters.go:54.2,55.15 2 0
github.com/viralabs-dev/mudarro/internal/mudarro/adapters/database_adapters.go:56.3,57.1 1 0
github.com/viralabs-dev/mudarro/internal/mudarro/adapters/database_adapters.go:58.2,59.24 2 0
github.com/viralabs-dev/mudarro/internal/mudarro/adapters/database_adapters.go:60.3,61.16 2 0
github.com/viralabs-dev/mudarro/internal/mudarro/adapters/database_adapters.go:62.4,63.1 1 0
github.com/viralabs-dev/mudarro/internal/mudarro/adapters/database_adapters.go:65.2,66.1 2 0
github.com/viralabs-dev/mudarro/internal/mudarro/adapters/database_adapters.go:67.2,67.19 2 0
github.com/viralabs-dev/mudarro/internal/mudarro/adapters/database_adapters.go:68.3,68.30 1 0
github.com/viralabs-dev/mudarro/internal/mudarro/adapters/database_adapters.go:69.4,70.1 1 0
github.com/viralabs-dev/mudarro/internal/mudarro/adapters/database_adapters.go:72.2,72.10 1 0
github.com/viralabs-dev/mudarro/internal/mudarro/adapters/database_setup.go:7.2,8.25 2 0
github.com/viralabs-dev/mudarro/internal/mudarro/adapters/database_setup.go:10.3,10.20 1 0
github.com/viralabs-dev/mudarro/internal/mudarro/adapters/database_setup.go:12.4,12.86 1 0
github.com/viralabs-dev/mudarro/internal/mudarro/adapters/database_setup.go:14.4,14.86 1 0
github.com/viralabs-dev/mudarro/internal/mudarro/adapters/database_setup.go:16.4,16.97 1 0
github.com/viralabs-dev/mudarro/internal/mudarro/adapters/database_setup.go:19.3,20.35 2 0
github.com/viralabs-dev/mudarro/internal/mudarro/adapters/database_setup.go:21.4,22.1 1 0
github.com/viralabs-dev/mudarro/internal/mudarro/adapters/database_setup.go:23.3,23.38 1 0
github.com/viralabs-dev/mudarro/internal/mudarro/adapters/database_setup.go:24.4,25.1 1 0
github.com/viralabs-dev/mudarro/internal/mudarro/adapters/database_setup.go:26.3,27.24 2 0
github.com/viralabs-dev/mudarro/internal/mudarro/adapters/database_setup.go:28.4,29.1 1 0
github.com/viralabs-dev/mudarro/internal/mudarro/adapters/database_setup.go:30.3,30.28 1 0
github.com/viralabs-dev/mudarro/internal/mudarro/adapters/database_setup.go:31.4,32.1 1 0
github.com/viralabs-dev/mudarro/internal/mudarro/adapters/database_setup.go:33.3,33.64 1 0
github.com/viralabs-dev/mudarro/internal/mudarro/adapters/database_setup.go:35.3,35.98 1 0
github.com/viralabs-dev/mudarro/internal/mudarro/adapters/database_setup.go:37.2,38.56 2 0
github.com/viralabs-dev/mudarro/internal/mudarro/adapters/database_setup.go:39.3,40.1 1 0
github.com/viralabs-dev/mudarro/internal/mudarro/adapters/database_setup.go:41.2,41.27 1 0
github.com/viralabs-dev/mudarro/internal/mudarro/adapters/database_setup.go:42.3,43.1 1 0
github.com/viralabs-dev/mudarro/internal/mudarro/adapters/database_setup.go:44.2,44.96 1 0
github.com/viralabs-dev/mudarro/internal/mudarro/adapters/database_setup.go:45.3,45.72 1 0
github.com/viralabs-dev/mudarro/internal/mudarro/adapters/database_setup.go:46.4,49.1 3 0
github.com/viralabs-dev/mudarro/internal/mudarro/adapters/database_setup.go:51.2,51.10 1 0
github.com/viralabs-dev/mudarro/internal/mudarro/adapters/helpers.go:14.2,16.13 3 0
github.com/viralabs-dev/mudarro/internal/mudarro/adapters/helpers.go:17.3,18.1 1 0
github.com/viralabs-dev/mudarro/internal/mudarro/adapters/helpers.go:19.2,19.23 1 0
github.com/viralabs-dev/mudarro/internal/mudarro/adapters/helpers.go:22.2,23.1 1 0
github.com/viralabs-dev/mudarro/internal/mudarro/adapters/helpers.go:24.56,24.104 1 0
github.com/viralabs-dev/mudarro/internal/mudarro/adapters/helpers.go:28.53,28.75 1 0
github.com/viralabs-dev/mudarro/internal/mudarro/adapters/helpers.go:29.53,29.125 2 0
github.com/viralabs-dev/mudarro/internal/mudarro/adapters/helpers.go:30.53,30.101 1 0
github.com/viralabs-dev/mudarro/internal/mudarro/adapters/helpers.go:32.2,33.1 1 0
github.com/viralabs-dev/mudarro/internal/mudarro/adapters/helpers.go:35.2,36.1 1 0
github.com/viralabs-dev/mudarro/internal/mudarro/adapters/infrastructure_adapters.go:8.2,9.72 2 0
github.com/viralabs-dev/mudarro/internal/mudarro/adapters/infrastructure_adapters.go:10.3,11.109 2 0
github.com/viralabs-dev/mudarro/internal/mudarro/adapters/infrastructure_adapters.go:12.4,13.1 1 0
github.com/viralabs-dev/mudarro/internal/mudarro/adapters/infrastructure_adapters.go:14.3,14.19 1 0
github.com/viralabs-dev/mudarro/internal/mudarro/adapters/infrastructure_adapters.go:16.2,16.10 1 0
github.com/viralabs-dev/mudarro/internal/mudarro/adapters/infrastructure_adapters.go:19.2,22.25 4 0
github.com/viralabs-dev/mudarro/internal/mudarro/adapters/infrastructure_adapters.go:23.3,23.19 1 0
github.com/viralabs-dev/mudarro/internal/mudarro/adapters/infrastructure_adapters.go:24.4,25.1 1 0
github.com/viralabs-dev/mudarro/internal/mudarro/adapters/infrastructure_adapters.go:26.3,27.25 2 0
github.com/viralabs-dev/mudarro/internal/mudarro/adapters/infrastructure_adapters.go:30.4,31.1 1 0
github.com/viralabs-dev/mudarro/internal/mudarro/adapters/infrastructure_adapters.go:32.3,35.206 1 0
github.com/viralabs-dev/mudarro/internal/mudarro/adapters/infrastructure_adapters.go:36.4,38.1 2 0
github.com/viralabs-dev/mudarro/internal/mudarro/adapters/infrastructure_adapters.go:39.9,39.35 1 0
github.com/viralabs-dev/mudarro/internal/mudarro/adapters/infrastructure_adapters.go:40.3,40.20 1 0
github.com/viralabs-dev/mudarro/internal/mudarro/adapters/infrastructure_adapters.go:41.4,42.1 1 0
github.com/viralabs-dev/mudarro/internal/mudarro/adapters/infrastructure_adapters.go:43.3,44.17 2 0
github.com/viralabs-dev/mudarro/internal/mudarro/adapters/infrastructure_adapters.go:45.4,46.1 1 0
github.com/viralabs-dev/mudarro/internal/mudarro/adapters/infrastructure_adapters.go:47.3,49.17 3 0
github.com/viralabs-dev/mudarro/internal/mudarro/adapters/infrastructure_adapters.go:50.4,51.1 1 0
github.com/viralabs-dev/mudarro/internal/mudarro/adapters/infrastructure_adapters.go:52.3,54.128 3 0
github.com/viralabs-dev/mudarro/internal/mudarro/adapters/infrastructure_adapters.go:55.4,56.1 1 0
github.com/viralabs-dev/mudarro/internal/mudarro/adapters/infrastructure_adapters.go:58.3,59.1 1 0
github.com/viralabs-dev/mudarro/internal/mudarro/adapters/infrastructure_adapters.go:60.2,60.10 1 0
github.com/viralabs-dev/mudarro/internal/mudarro/adapters/infrastructure_adapters.go:63.2,64.58 2 0
github.com/viralabs-dev/mudarro/internal/mudarro/adapters/infrastructure_adapters.go:65.3,66.1 1 0
github.com/viralabs-dev/mudarro/internal/mudarro/adapters/infrastructure_adapters.go:67.2,69.22 3 0
github.com/viralabs-dev/mudarro/internal/mudarro/adapters/infrastructure_adapters.go:70.3,71.1 3 0
github.com/viralabs-dev/mudarro/internal/mudarro/adapters/infrastructure_adapters.go:72.3,74.1 3 0
github.com/viralabs-dev/mudarro/internal/mudarro/adapters/infrastructure_adapters.go:74.9,74.59 1 0
github.com/viralabs-dev/mudarro/internal/mudarro/adapters/infrastructure_adapters.go:75.3,76.28 2 0
github.com/viralabs-dev/mudarro/internal/mudarro/adapters/infrastructure_adapters.go:77.4,78.1 1 0
github.com/viralabs-dev/mudarro/internal/mudarro/adapters/infrastructure_adapters.go:79.3,80.1 3 0
github.com/viralabs-dev/mudarro/internal/mudarro/adapters/infrastructure_adapters.go:81.3,82.90 3 0
github.com/viralabs-dev/mudarro/internal/mudarro/adapters/infrastructure_adapters.go:84.3,85.1 1 0
github.com/viralabs-dev/mudarro/internal/mudarro/adapters/infrastructure_adapters.go:86.2,87.10 2 0
github.com/viralabs-dev/mudarro/internal/mudarro/adapters/language_adapters.go:18.2,18.24 1 0
github.com/viralabs-dev/mudarro/internal/mudarro/adapters/language_adapters.go:19.3,20.1 1 0
github.com/viralabs-dev/mudarro/internal/mudarro/adapters/language_adapters.go:21.2,22.14 2 0
github.com/viralabs-dev/mudarro/internal/mudarro/adapters/language_adapters.go:23.3,24.1 1 0
github.com/viralabs-dev/mudarro/internal/mudarro/adapters/language_adapters.go:25.2,31.1 2 0
github.com/viralabs-dev/mudarro/internal/mudarro/adapters/language_adapters.go:32.2,32.41 2 0
github.com/viralabs-dev/mudarro/internal/mudarro/adapters/language_adapters.go:33.3,34.1 1 0
github.com/viralabs-dev/mudarro/internal/mudarro/adapters/language_adapters.go:35.2,36.103 2 0
github.com/viralabs-dev/mudarro/internal/mudarro/adapters/language_adapters.go:37.3,38.1 1 0
github.com/viralabs-dev/mudarro/internal/mudarro/adapters/language_adapters.go:39.2,40.125 2 0
github.com/viralabs-dev/mudarro/internal/mudarro/adapters/language_adapters.go:41.3,41.13 1 0
github.com/viralabs-dev/mudarro/internal/mudarro/adapters/language_adapters.go:42.4,43.1 1 0
github.com/viralabs-dev/mudarro/internal/mudarro/adapters/language_adapters.go:45.2,45.28 1 0
github.com/viralabs-dev/mudarro/internal/mudarro/adapters/language_adapters.go:46.3,47.1 1 0
github.com/viralabs-dev/mudarro/internal/mudarro/adapters/language_adapters.go:47.9,47.31 1 0
github.com/viralabs-dev/mudarro/internal/mudarro/adapters/language_adapters.go:48.3,49.1 1 0
github.com/viralabs-dev/mudarro/internal/mudarro/adapters/language_adapters.go:49.9,49.31 1 0
github.com/viralabs-dev/mudarro/internal/mudarro/adapters/language_adapters.go:50.3,51.1 1 0
github.com/viralabs-dev/mudarro/internal/mudarro/adapters/language_adapters.go:52.2,52.49 1 0
github.com/viralabs-dev/mudarro/internal/mudarro/adapters/language_adapters.go:53.3,54.1 1 0
github.com/viralabs-dev/mudarro/internal/mudarro/adapters/language_adapters.go:55.2,55.72 1 0
github.com/viralabs-dev/mudarro/internal/mudarro/adapters/language_adapters.go:56.3,56.60 1 0
github.com/viralabs-dev/mudarro/internal/mudarro/adapters/language_adapters.go:57.4,58.9 2 0
github.com/viralabs-dev/mudarro/internal/mudarro/adapters/language_adapters.go:61.2,63.27 3 0
github.com/viralabs-dev/mudarro/internal/mudarro/adapters/language_adapters.go:64.3,65.1 1 0
github.com/viralabs-dev/mudarro/internal/mudarro/adapters/language_adapters.go:66.2,68.25 3 0
github.com/viralabs-dev/mudarro/internal/mudarro/adapters/language_adapters.go:69.3,71.1 2 0
github.com/viralabs-dev/mudarro/internal/mudarro/adapters/language_adapters.go:72.2,73.25 2 0
github.com/viralabs-dev/mudarro/internal/mudarro/adapters/language_adapters.go:74.3,75.36 2 0
github.com/viralabs-dev/mudarro/internal/mudarro/adapters/language_adapters.go:76.4,76.12 1 0
github.com/viralabs-dev/mudarro/internal/mudarro/adapters/language_adapters.go:78.3,78.27 1 0
github.com/viralabs-dev/mudarro/internal/mudarro/adapters/language_adapters.go:79.4,79.23 1 0
github.com/viralabs-dev/mudarro/internal/mudarro/adapters/language_adapters.go:80.5,82.1 2 0
github.com/viralabs-dev/mudarro/internal/mudarro/adapters/language_adapters.go:83.4,83.12 1 0
github.com/viralabs-dev/mudarro/internal/mudarro/adapters/language_adapters.go:85.3,86.99 2 0
github.com/viralabs-dev/mudarro/internal/mudarro/adapters/language_adapters.go:87.4,88.1 1 0
github.com/viralabs-dev/mudarro/internal/mudarro/adapters/language_adapters.go:89.3,89.49 1 0
github.com/viralabs-dev/mudarro/internal/mudarro/adapters/language_adapters.go:90.4,91.1 1 0
github.com/viralabs-dev/mudarro/internal/mudarro/adapters/language_adapters.go:92.3,94.44 3 0
github.com/viralabs-dev/mudarro/internal/mudarro/adapters/language_adapters.go:95.4,96.1 1 0
github.com/viralabs-dev/mudarro/internal/mudarro/adapters/language_adapters.go:98.2,98.21 1 0
github.com/viralabs-dev/mudarro/internal/mudarro/adapters/language_adapters.go:99.3,100.1 1 0
github.com/viralabs-dev/mudarro/internal/mudarro/adapters/language_adapters.go:101.2,101.39 1 0
github.com/viralabs-dev/mudarro/internal/mudarro/adapters/language_adapters.go:102.3,102.37 1 0
github.com/viralabs-dev/mudarro/internal/mudarro/adapters/language_adapters.go:103.4,104.1 1 0
github.com/viralabs-dev/mudarro/internal/mudarro/adapters/language_adapters.go:105.4,106.1 1 0
github.com/viralabs-dev/mudarro/internal/mudarro/adapters/language_adapters.go:108.2,108.28 1 0
github.com/viralabs-dev/mudarro/internal/mudarro/adapters/language_adapters.go:111.2,111.88 1 0
github.com/viralabs-dev/mudarro/internal/mudarro/adapters/language_adapters.go:112.3,113.1 1 0
github.com/viralabs-dev/mudarro/internal/mudarro/adapters/language_adapters.go:114.2,117.38 4 0
github.com/viralabs-dev/mudarro/internal/mudarro/adapters/language_adapters.go:118.3,120.1 2 0
github.com/viralabs-dev/mudarro/internal/mudarro/adapters/language_adapters.go:120.9,120.25 1 0
github.com/viralabs-dev/mudarro/internal/mudarro/adapters/language_adapters.go:121.3,122.1 1 0
github.com/viralabs-dev/mudarro/internal/mudarro/adapters/language_adapters.go:122.9,122.29 1 0
github.com/viralabs-dev/mudarro/internal/mudarro/adapters/language_adapters.go:123.3,124.1 1 0
github.com/viralabs-dev/mudarro/internal/mudarro/adapters/language_adapters.go:125.2,125.25 1 0
github.com/viralabs-dev/mudarro/internal/mudarro/adapters/language_adapters.go:126.3,127.15 2 0
github.com/viralabs-dev/mudarro/internal/mudarro/adapters/language_adapters.go:128.4,129.1 1 0
github.com/viralabs-dev/mudarro/internal/mudarro/adapters/language_adapters.go:130.3,139.1 2 0
github.com/viralabs-dev/mudarro/internal/mudarro/adapters/language_adapters.go:142.3,142.42 2 0
github.com/viralabs-dev/mudarro/internal/mudarro/adapters/language_adapters.go:143.4,144.1 1 0
github.com/viralabs-dev/mudarro/internal/mudarro/adapters/language_adapters.go:145.3,145.36 1 0
github.com/viralabs-dev/mudarro/internal/mudarro/adapters/language_adapters.go:146.4,147.1 1 0
github.com/viralabs-dev/mudarro/internal/mudarro/adapters/language_adapters.go:148.3,148.40 1 0
github.com/viralabs-dev/mudarro/internal/mudarro/adapters/language_adapters.go:149.4,150.1 1 0
github.com/viralabs-dev/mudarro/internal/mudarro/adapters/language_adapters.go:152.2,152.19 1 0
github.com/viralabs-dev/mudarro/internal/mudarro/adapters/language_adapters.go:154.3,154.60 1 0
github.com/viralabs-dev/mudarro/internal/mudarro/adapters/language_adapters.go:156.3,156.67 1 0
github.com/viralabs-dev/mudarro/internal/mudarro/adapters/language_adapters.go:158.3,159.28 2 0
github.com/viralabs-dev/mudarro/internal/mudarro/adapters/language_adapters.go:160.4,161.1 1 0
github.com/viralabs-dev/mudarro/internal/mudarro/adapters/language_adapters.go:162.4,163.1 1 0
github.com/viralabs-dev/mudarro/internal/mudarro/adapters/language_adapters.go:165.2,165.20 1 0
github.com/viralabs-dev/mudarro/internal/mudarro/adapters/language_adapters.go:166.3,169.1 3 0
github.com/viralabs-dev/mudarro/internal/mudarro/adapters/language_adapters.go:170.3,171.1 1 0
github.com/viralabs-dev/mudarro/internal/mudarro/adapters/language_adapters.go:172.2,172.28 1 0
github.com/viralabs-dev/mudarro/internal/mudarro/adapters/language_adapters.go:175.2,176.21 2 0
github.com/viralabs-dev/mudarro/internal/mudarro/adapters/language_adapters.go:177.3,178.1 1 0
github.com/viralabs-dev/mudarro/internal/mudarro/adapters/language_adapters.go:179.2,179.25 1 0
github.com/viralabs-dev/mudarro/internal/mudarro/adapters/language_adapters.go:180.3,181.1 1 0
github.com/viralabs-dev/mudarro/internal/mudarro/adapters/language_adapters.go:182.2,182.32 1 0
github.com/viralabs-dev/mudarro/internal/mudarro/adapters/language_adapters.go:185.2,185.18 1 0
github.com/viralabs-dev/mudarro/internal/mudarro/adapters/language_adapters.go:186.3,187.1 1 0
github.com/viralabs-dev/mudarro/internal/mudarro/adapters/language_adapters.go:188.2,195.78 8 0
github.com/viralabs-dev/mudarro/internal/mudarro/adapters/language_adapters.go:196.3,196.15 1 0
github.com/viralabs-dev/mudarro/internal/mudarro/adapters/language_adapters.go:197.4,198.1 1 0
github.com/viralabs-dev/mudarro/internal/mudarro/adapters/language_adapters.go:199.3,201.32 3 0
github.com/viralabs-dev/mudarro/internal/mudarro/adapters/language_adapters.go:202.4,203.113 2 0
github.com/viralabs-dev/mudarro/internal/mudarro/adapters/language_adapters.go:204.5,204.18 1 0
github.com/viralabs-dev/mudarro/internal/mudarro/adapters/language_adapters.go:205.6,206.1 1 0
github.com/viralabs-dev/mudarro/internal/mudarro/adapters/language_adapters.go:207.5,207.15 1 0
github.com/viralabs-dev/mudarro/internal/mudarro/adapters/language_adapters.go:210.3,210.16 1 0
github.com/viralabs-dev/mudarro/internal/mudarro/adapters/language_adapters.go:211.4,211.82 1 0
github.com/viralabs-dev/mudarro/internal/mudarro/adapters/language_adapters.go:212.5,213.1 1 0
github.com/viralabs-dev/mudarro/internal/mudarro/adapters/language_adapters.go:214.4,214.14 1 0
github.com/viralabs-dev/mudarro/internal/mudarro/adapters/language_adapters.go:216.3,216.109 1 0
github.com/viralabs-dev/mudarro/internal/mudarro/adapters/language_adapters.go:217.4,218.1 1 0
github.com/viralabs-dev/mudarro/internal/mudarro/adapters/language_adapters.go:219.3,220.40 2 0
github.com/viralabs-dev/mudarro/internal/mudarro/adapters/language_adapters.go:221.4,222.1 1 0
github.com/viralabs-dev/mudarro/internal/mudarro/adapters/language_adapters.go:223.3,223.13 1 0
github.com/viralabs-dev/mudarro/internal/mudarro/adapters/language_adapters.go:225.2,225.14 1 0
github.com/viralabs-dev/mudarro/internal/mudarro/adapters/language_adapters.go:226.3,227.1 1 0
github.com/viralabs-dev/mudarro/internal/mudarro/adapters/language_adapters.go:228.2,228.23 1 0
github.com/viralabs-dev/mudarro/internal/mudarro/adapters/language_adapters.go:229.3,229.26 1 0
github.com/viralabs-dev/mudarro/internal/mudarro/adapters/language_adapters.go:230.4,231.1 1 0
github.com/viralabs-dev/mudarro/internal/mudarro/adapters/language_adapters.go:233.3,234.1 1 0
github.com/viralabs-dev/mudarro/internal/mudarro/adapters/language_adapters.go:235.2,235.20 1 0
github.com/viralabs-dev/mudarro/internal/mudarro/actions.go:23.2,24.1 1 0
github.com/viralabs-dev/mudarro/internal/mudarro/actions.go:26.2,27.70 2 0
github.com/viralabs-dev/mudarro/internal/mudarro/actions.go:28.3,29.1 1 0
github.com/viralabs-dev/mudarro/internal/mudarro/actions.go:29.9,29.46 1 0
github.com/viralabs-dev/mudarro/internal/mudarro/actions.go:30.3,31.1 1 0
github.com/viralabs-dev/mudarro/internal/mudarro/actions.go:32.2,32.27 1 0
github.com/viralabs-dev/mudarro/internal/mudarro/actions.go:33.3,33.69 1 0
github.com/viralabs-dev/mudarro/internal/mudarro/actions.go:34.4,35.1 1 0
github.com/viralabs-dev/mudarro/internal/mudarro/actions.go:35.10,35.66 1 0
github.com/viralabs-dev/mudarro/internal/mudarro/actions.go:36.4,37.1 1 0
github.com/viralabs-dev/mudarro/internal/mudarro/actions.go:38.4,39.1 1 0
github.com/viralabs-dev/mudarro/internal/mudarro/actions.go:41.2,43.22 3 0
github.com/viralabs-dev/mudarro/internal/mudarro/actions.go:44.3,45.1 1 0
github.com/viralabs-dev/mudarro/internal/mudarro/actions.go:46.2,46.31 1 0
github.com/viralabs-dev/mudarro/internal/mudarro/actions.go:47.3,48.14 2 0
github.com/viralabs-dev/mudarro/internal/mudarro/actions.go:49.4,50.1 1 0
github.com/viralabs-dev/mudarro/internal/mudarro/actions.go:51.3,51.22 1 0
github.com/viralabs-dev/mudarro/internal/mudarro/actions.go:52.4,53.1 1 0
github.com/viralabs-dev/mudarro/internal/mudarro/actions.go:54.3,54.52 1 0
github.com/viralabs-dev/mudarro/internal/mudarro/actions.go:56.2,57.27 2 0
github.com/viralabs-dev/mudarro/internal/mudarro/actions.go:58.3,59.1 1 0
github.com/viralabs-dev/mudarro/internal/mudarro/actions.go:60.2,60.36 1 0
github.com/viralabs-dev/mudarro/internal/mudarro/actions.go:61.3,61.31 1 0
github.com/viralabs-dev/mudarro/internal/mudarro/actions.go:62.4,63.1 1 0
github.com/viralabs-dev/mudarro/internal/mudarro/actions.go:64.3,64.33 1 0
github.com/viralabs-dev/mudarro/internal/mudarro/actions.go:66.2,66.10 1 0
github.com/viralabs-dev/mudarro/internal/mudarro/actions.go:69.2,70.25 2 0
github.com/viralabs-dev/mudarro/internal/mudarro/actions.go:71.3,71.36 1 0
github.com/viralabs-dev/mudarro/internal/mudarro/actions.go:72.4,72.37 1 0
github.com/viralabs-dev/mudarro/internal/mudarro/actions.go:73.5,74.1 1 0
github.com/viralabs-dev/mudarro/internal/mudarro/actions.go:75.4,75.45 1 0
github.com/viralabs-dev/mudarro/internal/mudarro/actions.go:77.3,78.42 2 0
github.com/viralabs-dev/mudarro/internal/mudarro/actions.go:79.4,80.26 2 0
github.com/viralabs-dev/mudarro/internal/mudarro/actions.go:81.5,82.1 1 0
github.com/viralabs-dev/mudarro/internal/mudarro/actions.go:83.4,83.16 1 0
github.com/viralabs-dev/mudarro/internal/mudarro/actions.go:85.3,85.20 1 0
github.com/viralabs-dev/mudarro/internal/mudarro/actions.go:86.4,87.1 1 0
github.com/viralabs-dev/mudarro/internal/mudarro/actions.go:88.3,88.13 1 0
github.com/viralabs-dev/mudarro/internal/mudarro/actions.go:90.2,90.17 1 0
github.com/viralabs-dev/mudarro/internal/mudarro/actions.go:93.2,94.1 1 0
github.com/viralabs-dev/mudarro/internal/mudarro/actions.go:97.2,98.1 1 0
github.com/viralabs-dev/mudarro/internal/mudarro/cli.go:24.2,25.33 2 0
github.com/viralabs-dev/mudarro/internal/mudarro/cli.go:26.3,27.12 2 0
github.com/viralabs-dev/mudarro/internal/mudarro/cli.go:29.4,29.17 1 0
github.com/viralabs-dev/mudarro/internal/mudarro/cli.go:31.4,31.16 1 0
github.com/viralabs-dev/mudarro/internal/mudarro/cli.go:33.4,33.16 1 0
github.com/viralabs-dev/mudarro/internal/mudarro/cli.go:35.4,35.24 1 0
github.com/viralabs-dev/mudarro/internal/mudarro/cli.go:37.4,37.24 1 0
github.com/viralabs-dev/mudarro/internal/mudarro/cli.go:38.5,39.1 1 0
github.com/viralabs-dev/mudarro/internal/mudarro/cli.go:40.4,41.13 2 0
github.com/viralabs-dev/mudarro/internal/mudarro/cli.go:43.5,43.21 1 0
github.com/viralabs-dev/mudarro/internal/mudarro/cli.go:45.5,45.21 1 0
github.com/viralabs-dev/mudarro/internal/mudarro/cli.go:47.5,47.30 1 0
github.com/viralabs-dev/mudarro/internal/mudarro/cli.go:49.5,49.43 1 0
github.com/viralabs-dev/mudarro/internal/mudarro/cli.go:52.4,52.33 1 0
github.com/viralabs-dev/mudarro/internal/mudarro/cli.go:53.5,54.1 1 0
github.com/viralabs-dev/mudarro/internal/mudarro/cli.go:55.4,55.28 1 0
github.com/viralabs-dev/mudarro/internal/mudarro/cli.go:58.2,59.14 2 0
github.com/viralabs-dev/mudarro/internal/mudarro/cli.go:60.3,61.1 1 0
github.com/viralabs-dev/mudarro/internal/mudarro/cli.go:62.2,63.13 2 0
github.com/viralabs-dev/mudarro/internal/mudarro/cli.go:66.2,66.20 1 0
github.com/viralabs-dev/mudarro/internal/mudarro/cli.go:67.3,68.1 1 0
github.com/viralabs-dev/mudarro/internal/mudarro/cli.go:69.2,69.30 1 0
github.com/viralabs-dev/mudarro/internal/mudarro/cli.go:70.3,71.1 1 0
github.com/viralabs-dev/mudarro/internal/mudarro/cli.go:72.2,72.52 1 0
github.com/viralabs-dev/mudarro/internal/mudarro/cli.go:73.3,75.1 2 0
github.com/viralabs-dev/mudarro/internal/mudarro/cli.go:76.2,76.46 1 0
github.com/viralabs-dev/mudarro/internal/mudarro/cli.go:77.3,79.1 2 0
github.com/viralabs-dev/mudarro/internal/mudarro/cli.go:80.2,81.14 2 0
github.com/viralabs-dev/mudarro/internal/mudarro/cli.go:82.3,83.1 1 0
github.com/viralabs-dev/mudarro/internal/mudarro/cli.go:84.2,84.17 1 0
github.com/viralabs-dev/mudarro/internal/mudarro/cli.go:86.3,86.73 1 0
github.com/viralabs-dev/mudarro/internal/mudarro/cli.go:87.4,88.16 2 0
github.com/viralabs-dev/mudarro/internal/mudarro/cli.go:89.5,90.1 1 0
github.com/viralabs-dev/mudarro/internal/mudarro/cli.go:91.4,91.47 1 0
github.com/viralabs-dev/mudarro/internal/mudarro/cli.go:93.3,94.15 2 0
github.com/viralabs-dev/mudarro/internal/mudarro/cli.go:95.4,96.1 1 0
github.com/viralabs-dev/mudarro/internal/mudarro/cli.go:97.3,97.19 1 0
github.com/viralabs-dev/mudarro/internal/mudarro/cli.go:98.4,99.1 1 0
github.com/viralabs-dev/mudarro/internal/mudarro/cli.go:100.3,100.24 1 0
github.com/viralabs-dev/mudarro/internal/mudarro/cli.go:101.4,101.14 1 0
github.com/viralabs-dev/mudarro/internal/mudarro/cli.go:102.5,105.1 3 0
github.com/viralabs-dev/mudarro/internal/mudarro/cli.go:106.4,107.14 2 0
github.com/viralabs-dev/mudarro/internal/mudarro/cli.go:109.3,109.52 1 0
github.com/viralabs-dev/mudarro/internal/mudarro/cli.go:110.4,111.1 1 0
github.com/viralabs-dev/mudarro/internal/mudarro/cli.go:112.3,113.57 2 0
github.com/viralabs-dev/mudarro/internal/mudarro/cli.go:114.4,114.15 1 0
github.com/viralabs-dev/mudarro/internal/mudarro/cli.go:115.5,116.1 1 0
github.com/viralabs-dev/mudarro/internal/mudarro/cli.go:118.3,120.41 3 0
github.com/viralabs-dev/mudarro/internal/mudarro/cli.go:121.4,124.21 4 0
github.com/viralabs-dev/mudarro/internal/mudarro/cli.go:125.5,127.19 3 0
github.com/viralabs-dev/mudarro/internal/mudarro/cli.go:128.6,129.1 1 0
github.com/viralabs-dev/mudarro/internal/mudarro/cli.go:130.5,130.62 1 0
github.com/viralabs-dev/mudarro/internal/mudarro/cli.go:132.4,132.15 1 0
github.com/viralabs-dev/mudarro/internal/mudarro/cli.go:133.5,133.43 1 0
github.com/viralabs-dev/mudarro/internal/mudarro/cli.go:134.6,134.52 1 0
github.com/viralabs-dev/mudarro/internal/mudarro/cli.go:135.7,135.63 1 0
github.com/viralabs-dev/mudarro/internal/mudarro/cli.go:136.8,137.1 1 0
github.com/viralabs-dev/mudarro/internal/mudarro/cli.go:138.7,138.63 1 0
github.com/viralabs-dev/mudarro/internal/mudarro/cli.go:143.3,143.29 1 0
github.com/viralabs-dev/mudarro/internal/mudarro/cli.go:144.4,144.23 1 0
github.com/viralabs-dev/mudarro/internal/mudarro/cli.go:145.5,146.1 1 0
github.com/viralabs-dev/mudarro/internal/mudarro/cli.go:148.3,148.85 1 0
github.com/viralabs-dev/mudarro/internal/mudarro/cli.go:149.4,150.1 1 0
github.com/viralabs-dev/mudarro/internal/mudarro/cli.go:151.3,153.13 3 0
github.com/viralabs-dev/mudarro/internal/mudarro/cli.go:155.3,156.15 2 0
github.com/viralabs-dev/mudarro/internal/mudarro/cli.go:157.4,158.1 1 0
github.com/viralabs-dev/mudarro/internal/mudarro/cli.go:159.3,159.18 1 0
github.com/viralabs-dev/mudarro/internal/mudarro/cli.go:161.4,161.42 1 0
github.com/viralabs-dev/mudarro/internal/mudarro/cli.go:163.4,163.35 1 0
github.com/viralabs-dev/mudarro/internal/mudarro/cli.go:165.4,165.33 1 0
github.com/viralabs-dev/mudarro/internal/mudarro/cli.go:167.4,167.23 1 0
github.com/viralabs-dev/mudarro/internal/mudarro/cli.go:168.5,169.1 1 0
github.com/viralabs-dev/mudarro/internal/mudarro/cli.go:170.4,171.16 2 0
github.com/viralabs-dev/mudarro/internal/mudarro/cli.go:172.5,173.1 1 0
github.com/viralabs-dev/mudarro/internal/mudarro/cli.go:174.4,174.81 1 0
github.com/viralabs-dev/mudarro/internal/mudarro/cli.go:177.2,177.56 1 0
github.com/viralabs-dev/mudarro/internal/mudarro/cli.go:180.2,181.38 2 0
github.com/viralabs-dev/mudarro/internal/mudarro/cli.go:182.3,183.31 2 0
github.com/viralabs-dev/mudarro/internal/mudarro/cli.go:184.4,185.1 1 0
github.com/viralabs-dev/mudarro/internal/mudarro/cli.go:187.2,187.35 1 0
github.com/viralabs-dev/mudarro/internal/mudarro/cli.go:188.3,189.1 1 0
github.com/viralabs-dev/mudarro/internal/mudarro/cli.go:190.2,190.37 1 0
github.com/viralabs-dev/mudarro/internal/mudarro/cli.go:191.3,192.1 1 0
github.com/viralabs-dev/mudarro/internal/mudarro/cli.go:195.2,197.21 3 0
github.com/viralabs-dev/mudarro/internal/mudarro/cli.go:198.3,199.1 1 0
github.com/viralabs-dev/mudarro/internal/mudarro/cli.go:200.3,200.27 1 0
github.com/viralabs-dev/mudarro/internal/mudarro/cli.go:201.4,202.1 1 0
github.com/viralabs-dev/mudarro/internal/mudarro/cli.go:203.3,203.40 1 0
github.com/viralabs-dev/mudarro/internal/mudarro/cli.go:205.2,205.31 1 0
github.com/viralabs-dev/mudarro/internal/mudarro/cli.go:206.3,206.22 1 0
github.com/viralabs-dev/mudarro/internal/mudarro/cli.go:207.4,207.33 1 0
github.com/viralabs-dev/mudarro/internal/mudarro/cli.go:208.5,208.23 1 0
github.com/viralabs-dev/mudarro/internal/mudarro/cli.go:209.6,210.1 1 0
github.com/viralabs-dev/mudarro/internal/mudarro/cli.go:214.2,214.71 1 0
github.com/viralabs-dev/mudarro/internal/mudarro/cli.go:217.2,220.6 4 0
github.com/viralabs-dev/mudarro/internal/mudarro/cli.go:221.3,222.32 2 0
github.com/viralabs-dev/mudarro/internal/mudarro/cli.go:223.4,224.1 1 0
github.com/viralabs-dev/mudarro/internal/mudarro/cli.go:225.3,227.28 3 0
github.com/viralabs-dev/mudarro/internal/mudarro/cli.go:228.4,229.1 1 0
github.com/viralabs-dev/mudarro/internal/mudarro/cli.go:230.3,230.15 1 0
github.com/viralabs-dev/mudarro/internal/mudarro/cli.go:231.4,232.1 1 0
github.com/viralabs-dev/mudarro/internal/mudarro/cli.go:233.3,235.7 3 0
github.com/viralabs-dev/mudarro/internal/mudarro/cli.go:236.4,239.30 4 0
github.com/viralabs-dev/mudarro/internal/mudarro/cli.go:240.5,240.39 1 0
github.com/viralabs-dev/mudarro/internal/mudarro/cli.go:241.6,242.1 1 0
github.com/viralabs-dev/mudarro/internal/mudarro/cli.go:243.5,243.51 1 0
github.com/viralabs-dev/mudarro/internal/mudarro/cli.go:245.4,247.19 3 0
github.com/viralabs-dev/mudarro/internal/mudarro/cli.go:248.5,249.1 1 0
github.com/viralabs-dev/mudarro/internal/mudarro/cli.go:250.4,250.16 1 0
github.com/viralabs-dev/mudarro/internal/mudarro/cli.go:251.5,252.1 1 0
github.com/viralabs-dev/mudarro/internal/mudarro/cli.go:253.4,253.14 1 0
github.com/viralabs-dev/mudarro/internal/mudarro/cli.go:254.5,254.10 1 0
github.com/viralabs-dev/mudarro/internal/mudarro/cli.go:256.4,257.8 2 0
github.com/viralabs-dev/mudarro/internal/mudarro/cli.go:258.5,260.28 3 0
github.com/viralabs-dev/mudarro/internal/mudarro/cli.go:261.6,262.25 2 0
github.com/viralabs-dev/mudarro/internal/mudarro/cli.go:263.7,264.1 1 0
github.com/viralabs-dev/mudarro/internal/mudarro/cli.go:265.6,265.36 1 0
github.com/viralabs-dev/mudarro/internal/mudarro/cli.go:267.5,268.20 2 0
github.com/viralabs-dev/mudarro/internal/mudarro/cli.go:269.6,270.1 1 0
github.com/viralabs-dev/mudarro/internal/mudarro/cli.go:271.5,271.17 1 0
github.com/viralabs-dev/mudarro/internal/mudarro/cli.go:272.6,273.1 1 0
github.com/viralabs-dev/mudarro/internal/mudarro/cli.go:274.5,274.15 1 0
github.com/viralabs-dev/mudarro/internal/mudarro/cli.go:275.6,275.11 1 0
github.com/viralabs-dev/mudarro/internal/mudarro/cli.go:277.5,279.70 3 0
github.com/viralabs-dev/mudarro/internal/mudarro/cli.go:280.6,282.18 3 0
github.com/viralabs-dev/mudarro/internal/mudarro/cli.go:283.7,284.1 1 0
github.com/viralabs-dev/mudarro/internal/mudarro/cli.go:285.6,285.36 1 0
github.com/viralabs-dev/mudarro/internal/mudarro/cli.go:287.5,287.81 1 0
github.com/viralabs-dev/mudarro/internal/mudarro/cli.go:288.6,289.1 1 0
github.com/viralabs-dev/mudarro/internal/mudarro/cli.go:290.5,290.25 1 0
github.com/viralabs-dev/mudarro/internal/mudarro/cli.go:291.6,292.55 2 0
github.com/viralabs-dev/mudarro/internal/mudarro/cli.go:293.7,294.1 1 0
github.com/viralabs-dev/mudarro/internal/mudarro/cli.go:301.2,302.31 2 0
github.com/viralabs-dev/mudarro/internal/mudarro/cli.go:303.3,305.32 3 0
github.com/viralabs-dev/mudarro/internal/mudarro/cli.go:306.4,306.23 1 0
github.com/viralabs-dev/mudarro/internal/mudarro/cli.go:307.5,309.13 3 0
github.com/viralabs-dev/mudarro/internal/mudarro/cli.go:311.4,312.29 2 0
github.com/viralabs-dev/mudarro/internal/mudarro/cli.go:313.5,314.1 1 0
github.com/viralabs-dev/mudarro/internal/mudarro/cli.go:315.4,315.31 1 0
github.com/viralabs-dev/mudarro/internal/mudarro/cli.go:316.5,317.1 1 0
github.com/viralabs-dev/mudarro/internal/mudarro/cli.go:318.4,318.46 1 0
github.com/viralabs-dev/mudarro/internal/mudarro/cli.go:319.5,320.1 1 0
github.com/viralabs-dev/mudarro/internal/mudarro/cli.go:321.4,321.44 1 0
github.com/viralabs-dev/mudarro/internal/mudarro/cli.go:322.5,323.1 1 0
github.com/viralabs-dev/mudarro/internal/mudarro/cli.go:324.4,324.31 1 0
github.com/viralabs-dev/mudarro/internal/mudarro/cli.go:325.5,325.19 1 0
github.com/viralabs-dev/mudarro/internal/mudarro/cli.go:326.6,326.14 1 0
github.com/viralabs-dev/mudarro/internal/mudarro/cli.go:328.5,330.36 3 0
github.com/viralabs-dev/mudarro/internal/mudarro/cli.go:331.6,333.18 3 0
github.com/viralabs-dev/mudarro/internal/mudarro/cli.go:334.7,336.58 3 0
github.com/viralabs-dev/mudarro/internal/mudarro/cli.go:337.8,338.1 1 0
github.com/viralabs-dev/mudarro/internal/mudarro/cli.go:341.6,342.1 1 0
github.com/viralabs-dev/mudarro/internal/mudarro/cli.go:343.5,343.17 1 0
github.com/viralabs-dev/mudarro/internal/mudarro/cli.go:344.6,346.1 2 0
github.com/viralabs-dev/mudarro/internal/mudarro/cli.go:347.6,348.1 1 0
github.com/viralabs-dev/mudarro/internal/mudarro/cli.go:351.3,351.117 1 0
github.com/viralabs-dev/mudarro/internal/mudarro/cli.go:352.4,354.28 3 0
github.com/viralabs-dev/mudarro/internal/mudarro/cli.go:355.5,357.1 2 0
github.com/viralabs-dev/mudarro/internal/mudarro/cli.go:358.4,360.34 3 0
github.com/viralabs-dev/mudarro/internal/mudarro/cli.go:361.5,363.1 2 0
github.com/viralabs-dev/mudarro/internal/mudarro/cli.go:366.2,366.18 1 0
github.com/viralabs-dev/mudarro/internal/mudarro/cli.go:367.3,368.1 1 0
github.com/viralabs-dev/mudarro/internal/mudarro/cli.go:369.2,370.12 2 0
github.com/viralabs-dev/mudarro/internal/mudarro/config.go:26.51,26.89 1 0
github.com/viralabs-dev/mudarro/internal/mudarro/config.go:29.2,31.16 3 0
github.com/viralabs-dev/mudarro/internal/mudarro/config.go:32.3,33.1 1 0
github.com/viralabs-dev/mudarro/internal/mudarro/config.go:34.2,35.16 2 0
github.com/viralabs-dev/mudarro/internal/mudarro/config.go:36.3,37.1 1 0
github.com/viralabs-dev/mudarro/internal/mudarro/config.go:38.2,41.36 4 0
github.com/viralabs-dev/mudarro/internal/mudarro/config.go:42.3,43.1 1 0
github.com/viralabs-dev/mudarro/internal/mudarro/config.go:44.2,45.43 2 0
github.com/viralabs-dev/mudarro/internal/mudarro/config.go:46.3,47.1 1 0
github.com/viralabs-dev/mudarro/internal/mudarro/config.go:48.2,48.28 1 0
github.com/viralabs-dev/mudarro/internal/mudarro/config.go:51.2,51.20 1 0
github.com/viralabs-dev/mudarro/internal/mudarro/config.go:52.3,53.1 1 0
github.com/viralabs-dev/mudarro/internal/mudarro/config.go:54.2,54.37 1 0
github.com/viralabs-dev/mudarro/internal/mudarro/config.go:55.3,56.1 1 0
github.com/viralabs-dev/mudarro/internal/mudarro/config.go:57.2,58.31 2 0
github.com/viralabs-dev/mudarro/internal/mudarro/config.go:59.3,59.50 1 0
github.com/viralabs-dev/mudarro/internal/mudarro/config.go:60.4,61.1 1 0
github.com/viralabs-dev/mudarro/internal/mudarro/config.go:62.3,64.15 3 0
github.com/viralabs-dev/mudarro/internal/mudarro/config.go:65.4,66.1 1 0
github.com/viralabs-dev/mudarro/internal/mudarro/config.go:67.3,68.30 2 0
github.com/viralabs-dev/mudarro/internal/mudarro/config.go:69.4,70.1 1 0
github.com/viralabs-dev/mudarro/internal/mudarro/config.go:71.3,71.70 1 0
github.com/viralabs-dev/mudarro/internal/mudarro/config.go:72.4,72.15 1 0
github.com/viralabs-dev/mudarro/internal/mudarro/config.go:73.5,73.66 1 0
github.com/viralabs-dev/mudarro/internal/mudarro/config.go:74.6,75.1 1 0
github.com/viralabs-dev/mudarro/internal/mudarro/config.go:78.3,78.65 1 0
github.com/viralabs-dev/mudarro/internal/mudarro/config.go:79.4,80.1 1 0
github.com/viralabs-dev/mudarro/internal/mudarro/config.go:81.3,81.34 1 0
github.com/viralabs-dev/mudarro/internal/mudarro/config.go:82.4,82.34 1 0
github.com/viralabs-dev/mudarro/internal/mudarro/config.go:83.5,84.1 1 0
github.com/viralabs-dev/mudarro/internal/mudarro/config.go:85.4,85.48 1 0
github.com/viralabs-dev/mudarro/internal/mudarro/config.go:86.5,87.1 1 0
github.com/viralabs-dev/mudarro/internal/mudarro/config.go:88.4,88.65 1 0
github.com/viralabs-dev/mudarro/internal/mudarro/config.go:89.5,90.1 1 0
github.com/viralabs-dev/mudarro/internal/mudarro/config.go:92.3,92.112 1 0
github.com/viralabs-dev/mudarro/internal/mudarro/config.go:93.4,94.1 1 0
github.com/viralabs-dev/mudarro/internal/mudarro/config.go:96.2,96.12 1 0
github.com/viralabs-dev/mudarro/internal/mudarro/config.go:99.2,100.14 2 0
github.com/viralabs-dev/mudarro/internal/mudarro/config.go:101.3,102.1 1 0
github.com/viralabs-dev/mudarro/internal/mudarro/config.go:103.2,104.14 2 0
github.com/viralabs-dev/mudarro/internal/mudarro/config.go:105.3,106.1 1 0
github.com/viralabs-dev/mudarro/internal/mudarro/config.go:107.2,109.10 3 0
github.com/viralabs-dev/mudarro/internal/mudarro/config.go:111.36,111.79 2 0
github.com/viralabs-dev/mudarro/internal/mudarro/config.go:112.36,112.94 1 0
github.com/viralabs-dev/mudarro/internal/mudarro/executor.go:15.2,15.23 1 0
github.com/viralabs-dev/mudarro/internal/mudarro/executor.go:16.3,17.1 1 0
github.com/viralabs-dev/mudarro/internal/mudarro/executor.go:18.2,18.22 1 0
github.com/viralabs-dev/mudarro/internal/mudarro/generate.go:22.32,22.76 1 0
github.com/viralabs-dev/mudarro/internal/mudarro/generate.go:24.2,24.37 1 0
github.com/viralabs-dev/mudarro/internal/mudarro/generate.go:25.3,26.1 1 0
github.com/viralabs-dev/mudarro/internal/mudarro/generate.go:27.2,28.57 2 0
github.com/viralabs-dev/mudarro/internal/mudarro/generate.go:29.3,30.31 2 0
github.com/viralabs-dev/mudarro/internal/mudarro/generate.go:31.4,32.1 1 0
github.com/viralabs-dev/mudarro/internal/mudarro/generate.go:33.3,34.13 2 0
github.com/viralabs-dev/mudarro/internal/mudarro/generate.go:36.2,37.51 2 0
github.com/viralabs-dev/mudarro/internal/mudarro/generate.go:38.3,39.1 1 0
github.com/viralabs-dev/mudarro/internal/mudarro/generate.go:40.2,40.31 1 0
github.com/viralabs-dev/mudarro/internal/mudarro/generate.go:41.3,41.32 1 0
github.com/viralabs-dev/mudarro/internal/mudarro/generate.go:42.4,44.41 3 0
github.com/viralabs-dev/mudarro/internal/mudarro/generate.go:45.5,46.1 1 0
github.com/viralabs-dev/mudarro/internal/mudarro/generate.go:48.3,49.15 2 0
github.com/viralabs-dev/mudarro/internal/mudarro/generate.go:50.4,51.1 1 0
github.com/viralabs-dev/mudarro/internal/mudarro/generate.go:52.3,52.30 1 0
github.com/viralabs-dev/mudarro/internal/mudarro/generate.go:53.4,53.75 1 0
github.com/viralabs-dev/mudarro/internal/mudarro/generate.go:54.5,55.1 1 0
github.com/viralabs-dev/mudarro/internal/mudarro/generate.go:58.2,59.14 2 0
github.com/viralabs-dev/mudarro/internal/mudarro/generate.go:60.3,61.1 1 0
github.com/viralabs-dev/mudarro/internal/mudarro/generate.go:62.2,63.49 2 0
github.com/viralabs-dev/mudarro/internal/mudarro/generate.go:64.3,64.44 1 0
github.com/viralabs-dev/mudarro/internal/mudarro/generate.go:65.4,66.1 1 0
github.com/viralabs-dev/mudarro/internal/mudarro/generate.go:67.9,67.30 1 0
github.com/viralabs-dev/mudarro/internal/mudarro/generate.go:68.3,69.1 1 0
github.com/viralabs-dev/mudarro/internal/mudarro/generate.go:70.2,71.30 2 0
github.com/viralabs-dev/mudarro/internal/mudarro/generate.go:72.3,73.1 1 0
github.com/viralabs-dev/mudarro/internal/mudarro/generate.go:74.2,75.23 2 0
github.com/viralabs-dev/mudarro/internal/mudarro/generate.go:76.3,77.1 1 0
github.com/viralabs-dev/mudarro/internal/mudarro/generate.go:78.2,80.1 3 0
github.com/viralabs-dev/mudarro/internal/mudarro/generate.go:81.2,81.26 3 0
github.com/viralabs-dev/mudarro/internal/mudarro/generate.go:82.3,83.15 2 0
github.com/viralabs-dev/mudarro/internal/mudarro/generate.go:84.4,85.1 1 0
github.com/viralabs-dev/mudarro/internal/mudarro/generate.go:86.3,88.15 3 0
github.com/viralabs-dev/mudarro/internal/mudarro/generate.go:89.4,89.39 1 0
github.com/viralabs-dev/mudarro/internal/mudarro/generate.go:90.5,90.23 1 0
github.com/viralabs-dev/mudarro/internal/mudarro/generate.go:91.6,92.1 1 0
github.com/viralabs-dev/mudarro/internal/mudarro/generate.go:93.5,94.36 2 0
github.com/viralabs-dev/mudarro/internal/mudarro/generate.go:95.6,95.14 1 0
github.com/viralabs-dev/mudarro/internal/mudarro/generate.go:98.5,99.13 2 0
github.com/viralabs-dev/mudarro/internal/mudarro/generate.go:101.10,101.31 1 0
github.com/viralabs-dev/mudarro/internal/mudarro/generate.go:102.4,103.1 1 0
github.com/viralabs-dev/mudarro/internal/mudarro/generate.go:104.4,105.1 1 0
github.com/viralabs-dev/mudarro/internal/mudarro/generate.go:106.3,106.29 1 0
github.com/viralabs-dev/mudarro/internal/mudarro/generate.go:108.2,108.27 1 0
github.com/viralabs-dev/mudarro/internal/mudarro/generate.go:109.3,110.10 2 0
github.com/viralabs-dev/mudarro/internal/mudarro/generate.go:111.4,111.12 1 0
github.com/viralabs-dev/mudarro/internal/mudarro/generate.go:113.3,114.69 2 0
github.com/viralabs-dev/mudarro/internal/mudarro/generate.go:115.4,116.1 1 0
github.com/viralabs-dev/mudarro/internal/mudarro/generate.go:118.2,118.9 1 0
github.com/viralabs-dev/mudarro/internal/mudarro/generate.go:119.3,120.1 1 0
github.com/viralabs-dev/mudarro/internal/mudarro/generate.go:121.2,122.57 2 0
github.com/viralabs-dev/mudarro/internal/mudarro/generate.go:125.2,125.58 1 0
github.com/viralabs-dev/mudarro/internal/mudarro/generate.go:126.3,127.1 1 0
github.com/viralabs-dev/mudarro/internal/mudarro/generate.go:128.2,129.14 2 0
github.com/viralabs-dev/mudarro/internal/mudarro/generate.go:130.3,131.1 1 0
github.com/viralabs-dev/mudarro/internal/mudarro/generate.go:132.2,133.33 2 0
github.com/viralabs-dev/mudarro/internal/mudarro/generate.go:134.3,136.1 2 0
github.com/viralabs-dev/mudarro/internal/mudarro/generate.go:137.2,137.33 1 0
github.com/viralabs-dev/mudarro/internal/mudarro/generate.go:138.3,140.1 2 0
github.com/viralabs-dev/mudarro/internal/mudarro/generate.go:141.2,141.29 1 0
github.com/viralabs-dev/mudarro/internal/mudarro/generate.go:142.3,143.1 1 0
github.com/viralabs-dev/mudarro/internal/mudarro/generate.go:144.2,144.34 1 0
github.com/viralabs-dev/mudarro/internal/mudarro/kubernetes_runner.go:10.2,13.14 4 0
github.com/viralabs-dev/mudarro/internal/mudarro/kubernetes_runner.go:14.3,15.1 1 0
github.com/viralabs-dev/mudarro/internal/mudarro/kubernetes_runner.go:16.2,17.27 2 0
github.com/viralabs-dev/mudarro/internal/mudarro/kubernetes_runner.go:18.3,19.1 1 0
github.com/viralabs-dev/mudarro/internal/mudarro/kubernetes_runner.go:20.2,21.22 2 0
github.com/viralabs-dev/mudarro/internal/mudarro/kubernetes_runner.go:22.3,23.1 1 0
github.com/viralabs-dev/mudarro/internal/mudarro/kubernetes_runner.go:24.2,24.11 1 0
github.com/viralabs-dev/mudarro/internal/mudarro/kubernetes_runner.go:25.3,27.1 2 0
github.com/viralabs-dev/mudarro/internal/mudarro/kubernetes_runner.go:28.2,29.14 2 0
github.com/viralabs-dev/mudarro/internal/mudarro/kubernetes_runner.go:30.3,31.1 1 0
github.com/viralabs-dev/mudarro/internal/mudarro/kubernetes_runner.go:32.2,38.1 2 0
github.com/viralabs-dev/mudarro/internal/mudarro/kubernetes_runner.go:40.2,40.46 2 0
github.com/viralabs-dev/mudarro/internal/mudarro/kubernetes_runner.go:41.3,42.1 1 0
github.com/viralabs-dev/mudarro/internal/mudarro/kubernetes_runner.go:43.2,43.48 1 0
github.com/viralabs-dev/mudarro/internal/mudarro/kubernetes_runner.go:44.3,48.1 1 0
github.com/viralabs-dev/mudarro/internal/mudarro/kubernetes_runner.go:49.2,50.36 2 0
github.com/viralabs-dev/mudarro/internal/mudarro/kubernetes_runner.go:51.3,52.75 2 0
github.com/viralabs-dev/mudarro/internal/mudarro/kubernetes_runner.go:53.4,53.12 1 0
github.com/viralabs-dev/mudarro/internal/mudarro/kubernetes_runner.go:55.3,57.13 3 0
github.com/viralabs-dev/mudarro/internal/mudarro/kubernetes_runner.go:59.4,59.27 1 0
github.com/viralabs-dev/mudarro/internal/mudarro/kubernetes_runner.go:60.5,61.1 1 0
github.com/viralabs-dev/mudarro/internal/mudarro/kubernetes_runner.go:62.4,62.81 1 0
github.com/viralabs-dev/mudarro/internal/mudarro/kubernetes_runner.go:64.4,64.78 1 0
github.com/viralabs-dev/mudarro/internal/mudarro/kubernetes_runner.go:66.4,66.103 1 0
github.com/viralabs-dev/mudarro/internal/mudarro/kubernetes_runner.go:68.3,68.41 1 0
github.com/viralabs-dev/mudarro/internal/mudarro/kubernetes_runner.go:69.4,70.1 1 0
github.com/viralabs-dev/mudarro/internal/mudarro/kubernetes_runner.go:71.3,71.10 1 0
github.com/viralabs-dev/mudarro/internal/mudarro/kubernetes_runner.go:73.2,73.16 1 0
github.com/viralabs-dev/mudarro/internal/mudarro/kubernetes_runner.go:74.3,75.1 1 0
github.com/viralabs-dev/mudarro/internal/mudarro/kubernetes_runner.go:76.2,76.12 1 0
github.com/viralabs-dev/mudarro/internal/mudarro/local_runner.go:27.2,27.39 1 0
github.com/viralabs-dev/mudarro/internal/mudarro/local_runner.go:28.3,29.1 1 0
github.com/viralabs-dev/mudarro/internal/mudarro/local_runner.go:30.2,31.14 2 0
github.com/viralabs-dev/mudarro/internal/mudarro/local_runner.go:32.3,33.1 1 0
github.com/viralabs-dev/mudarro/internal/mudarro/local_runner.go:34.2,35.27 2 0
github.com/viralabs-dev/mudarro/internal/mudarro/local_runner.go:36.3,36.83 1 0
github.com/viralabs-dev/mudarro/internal/mudarro/local_runner.go:37.4,38.1 1 0
github.com/viralabs-dev/mudarro/internal/mudarro/local_runner.go:40.2,40.14 1 0
github.com/viralabs-dev/mudarro/internal/mudarro/local_runner.go:43.2,47.1 4 0
github.com/viralabs-dev/mudarro/internal/mudarro/local_runner.go:49.2,50.14 2 0
github.com/viralabs-dev/mudarro/internal/mudarro/local_runner.go:51.3,52.1 1 0
github.com/viralabs-dev/mudarro/internal/mudarro/local_runner.go:53.2,53.11 1 0
github.com/viralabs-dev/mudarro/internal/mudarro/local_runner.go:54.3,56.1 2 0
github.com/viralabs-dev/mudarro/internal/mudarro/local_runner.go:57.2,57.43 1 0
github.com/viralabs-dev/mudarro/internal/mudarro/local_runner.go:58.3,59.1 1 0
github.com/viralabs-dev/mudarro/internal/mudarro/local_runner.go:60.2,61.14 2 0
github.com/viralabs-dev/mudarro/internal/mudarro/local_runner.go:62.3,63.1 1 0
github.com/viralabs-dev/mudarro/internal/mudarro/local_runner.go:64.2,65.14 2 0
github.com/viralabs-dev/mudarro/internal/mudarro/local_runner.go:66.3,67.1 1 0
github.com/viralabs-dev/mudarro/internal/mudarro/local_runner.go:68.2,69.66 2 0
github.com/viralabs-dev/mudarro/internal/mudarro/local_runner.go:70.3,71.1 1 0
github.com/viralabs-dev/mudarro/internal/mudarro/local_runner.go:72.2,73.60 2 0
github.com/viralabs-dev/mudarro/internal/mudarro/local_runner.go:74.3,74.84 1 0
github.com/viralabs-dev/mudarro/internal/mudarro/local_runner.go:75.4,76.1 1 0
github.com/viralabs-dev/mudarro/internal/mudarro/local_runner.go:78.2,81.12 4 0
github.com/viralabs-dev/mudarro/internal/mudarro/local_runner.go:83.3,83.12 1 0
github.com/viralabs-dev/mudarro/internal/mudarro/local_runner.go:84.4,85.1 1 0
github.com/viralabs-dev/mudarro/internal/mudarro/local_runner.go:86.4,87.1 1 0
github.com/viralabs-dev/mudarro/internal/mudarro/local_runner.go:88.3,88.13 1 0
github.com/viralabs-dev/mudarro/internal/mudarro/local_runner.go:90.3,91.15 2 0
github.com/viralabs-dev/mudarro/internal/mudarro/local_runner.go:92.4,93.1 1 0
github.com/viralabs-dev/mudarro/internal/mudarro/local_runner.go:94.3,96.11 3 0
github.com/viralabs-dev/mudarro/internal/mudarro/local_runner.go:98.3,98.12 1 0
github.com/viralabs-dev/mudarro/internal/mudarro/local_runner.go:99.4,99.60 1 0
github.com/viralabs-dev/mudarro/internal/mudarro/local_runner.go:100.5,101.1 1 0
github.com/viralabs-dev/mudarro/internal/mudarro/local_runner.go:102.4,102.44 1 0
github.com/viralabs-dev/mudarro/internal/mudarro/local_runner.go:103.5,104.1 1 0
github.com/viralabs-dev/mudarro/internal/mudarro/local_runner.go:105.4,105.19 1 0
github.com/viralabs-dev/mudarro/internal/mudarro/local_runner.go:106.5,107.1 1 0
github.com/viralabs-dev/mudarro/internal/mudarro/local_runner.go:109.3,109.19 1 0
github.com/viralabs-dev/mudarro/internal/mudarro/local_runner.go:110.4,112.1 2 0
github.com/viralabs-dev/mudarro/internal/mudarro/local_runner.go:114.3,114.12 1 0
github.com/viralabs-dev/mudarro/internal/mudarro/local_runner.go:115.4,117.1 2 0
github.com/viralabs-dev/mudarro/internal/mudarro/local_runner.go:119.3,119.61 1 0
github.com/viralabs-dev/mudarro/internal/mudarro/local_runner.go:121.2,122.14 2 0
github.com/viralabs-dev/mudarro/internal/mudarro/local_runner.go:123.3,124.1 1 0
github.com/viralabs-dev/mudarro/internal/mudarro/local_runner.go:125.2,126.39 2 0
github.com/viralabs-dev/mudarro/internal/mudarro/local_runner.go:127.3,128.1 1 0
github.com/viralabs-dev/mudarro/internal/mudarro/local_runner.go:129.2,131.14 3 0
github.com/viralabs-dev/mudarro/internal/mudarro/local_runner.go:132.3,133.1 1 0
github.com/viralabs-dev/mudarro/internal/mudarro/local_runner.go:134.2,139.33 6 0
github.com/viralabs-dev/mudarro/internal/mudarro/local_runner.go:140.3,141.1 1 0
github.com/viralabs-dev/mudarro/internal/mudarro/local_runner.go:142.2,144.46 3 0
github.com/viralabs-dev/mudarro/internal/mudarro/local_runner.go:145.3,147.1 2 0
github.com/viralabs-dev/mudarro/internal/mudarro/local_runner.go:148.2,150.18 3 0
github.com/viralabs-dev/mudarro/internal/mudarro/local_runner.go:151.3,152.1 1 0
github.com/viralabs-dev/mudarro/internal/mudarro/local_runner.go:153.2,154.12 2 0
github.com/viralabs-dev/mudarro/internal/mudarro/local_runner.go:157.2,157.20 1 0
github.com/viralabs-dev/mudarro/internal/mudarro/local_runner.go:158.3,159.1 1 0
github.com/viralabs-dev/mudarro/internal/mudarro/local_runner.go:160.2,162.14 3 0
github.com/viralabs-dev/mudarro/internal/mudarro/local_runner.go:163.3,164.1 1 0
github.com/viralabs-dev/mudarro/internal/mudarro/local_runner.go:165.2,167.31 3 0
github.com/viralabs-dev/mudarro/internal/mudarro/local_runner.go:168.3,168.17 1 0
github.com/viralabs-dev/mudarro/internal/mudarro/local_runner.go:169.4,171.1 2 0
github.com/viralabs-dev/mudarro/internal/mudarro/local_runner.go:173.2,173.12 1 0
github.com/viralabs-dev/mudarro/internal/mudarro/local_runner.go:174.3,175.1 1 0
github.com/viralabs-dev/mudarro/internal/mudarro/local_runner.go:176.2,177.9 2 0
github.com/viralabs-dev/mudarro/internal/mudarro/local_runner.go:178.3,179.1 1 0
github.com/viralabs-dev/mudarro/internal/mudarro/local_runner.go:180.2,181.14 2 0
github.com/viralabs-dev/mudarro/internal/mudarro/local_runner.go:182.3,183.1 1 0
github.com/viralabs-dev/mudarro/internal/mudarro/local_runner.go:184.2,184.19 1 0
github.com/viralabs-dev/mudarro/internal/mudarro/local_runner.go:185.3,186.1 1 0
github.com/viralabs-dev/mudarro/internal/mudarro/local_runner.go:187.2,187.17 1 0
github.com/viralabs-dev/mudarro/internal/mudarro/local_runner.go:188.3,189.1 1 0
github.com/viralabs-dev/mudarro/internal/mudarro/local_runner.go:190.2,191.14 2 0
github.com/viralabs-dev/mudarro/internal/mudarro/local_runner.go:192.3,193.1 1 0
github.com/viralabs-dev/mudarro/internal/mudarro/local_runner.go:194.2,201.33 8 0
github.com/viralabs-dev/mudarro/internal/mudarro/local_runner.go:202.3,203.1 1 0
github.com/viralabs-dev/mudarro/internal/mudarro/local_runner.go:204.2,205.12 2 0
github.com/viralabs-dev/mudarro/internal/mudarro/local_runner.go:205.14,205.36 1 0
github.com/viralabs-dev/mudarro/internal/mudarro/local_runner.go:206.2,206.9 1 0
github.com/viralabs-dev/mudarro/internal/mudarro/local_runner.go:208.3,208.11 1 0
github.com/viralabs-dev/mudarro/internal/mudarro/local_runner.go:210.3,211.10 2 0
github.com/viralabs-dev/mudarro/internal/mudarro/local_runner.go:213.4,213.12 1 0
github.com/viralabs-dev/mudarro/internal/mudarro/local_runner.go:215.4,216.17 2 0
github.com/viralabs-dev/mudarro/internal/mudarro/runner.go:19.2,19.21 1 0
github.com/viralabs-dev/mudarro/internal/mudarro/runner.go:20.3,21.1 1 0
github.com/viralabs-dev/mudarro/internal/mudarro/runner.go:22.2,22.37 1 0
github.com/viralabs-dev/mudarro/internal/mudarro/runner.go:23.3,26.54 4 0
github.com/viralabs-dev/mudarro/internal/mudarro/runner.go:27.4,28.1 1 0
github.com/viralabs-dev/mudarro/internal/mudarro/runner.go:30.2,30.44 1 0
github.com/viralabs-dev/mudarro/internal/mudarro/runner.go:31.3,32.1 1 0
github.com/viralabs-dev/mudarro/internal/mudarro/runner.go:33.2,33.42 1 0
github.com/viralabs-dev/mudarro/internal/mudarro/runner.go:34.3,35.1 1 0
github.com/viralabs-dev/mudarro/internal/mudarro/runner.go:36.2,36.32 1 0
github.com/viralabs-dev/mudarro/internal/mudarro/runner.go:37.3,38.1 1 0
github.com/viralabs-dev/mudarro/internal/mudarro/runner.go:39.2,39.11 1 0
github.com/viralabs-dev/mudarro/internal/mudarro/runner.go:40.3,42.1 2 0
github.com/viralabs-dev/mudarro/internal/mudarro/runner.go:43.2,44.14 2 0
github.com/viralabs-dev/mudarro/internal/mudarro/runner.go:45.3,46.1 1 0
github.com/viralabs-dev/mudarro/internal/mudarro/runner.go:47.2,47.27 1 0
github.com/viralabs-dev/mudarro/internal/mudarro/runner.go:48.3,49.1 1 0
github.com/viralabs-dev/mudarro/internal/mudarro/runner.go:50.2,50.20 1 0
github.com/viralabs-dev/mudarro/internal/mudarro/runner.go:51.3,52.1 1 0
github.com/viralabs-dev/mudarro/internal/mudarro/runner.go:53.2,54.14 2 0
github.com/viralabs-dev/mudarro/internal/mudarro/runner.go:55.3,56.1 1 0
github.com/viralabs-dev/mudarro/internal/mudarro/runner.go:57.2,58.22 2 0
github.com/viralabs-dev/mudarro/internal/mudarro/runner.go:59.3,60.1 1 0
github.com/viralabs-dev/mudarro/internal/mudarro/runner.go:62.2,62.182 1 0
github.com/viralabs-dev/mudarro/internal/mudarro/runner.go:63.3,66.60 4 0
github.com/viralabs-dev/mudarro/internal/mudarro/runner.go:67.4,67.58 1 0
github.com/viralabs-dev/mudarro/internal/mudarro/runner.go:68.5,69.1 1 0
github.com/viralabs-dev/mudarro/internal/mudarro/runner.go:70.4,70.22 1 0
github.com/viralabs-dev/mudarro/internal/mudarro/runner.go:71.5,72.1 1 0
github.com/viralabs-dev/mudarro/internal/mudarro/runner.go:75.2,75.29 1 0
github.com/viralabs-dev/mudarro/internal/mudarro/runner.go:78.2,79.1 1 0
github.com/viralabs-dev/mudarro/internal/mudarro/scan.go:31.53,31.101 1 0
github.com/viralabs-dev/mudarro/internal/mudarro/scan.go:32.53,32.95 1 0
github.com/viralabs-dev/mudarro/internal/mudarro/scan.go:33.53,33.125 2 0
github.com/viralabs-dev/mudarro/internal/mudarro/scan.go:36.2,38.78 3 0
github.com/viralabs-dev/mudarro/internal/mudarro/scan.go:39.3,39.15 1 0
github.com/viralabs-dev/mudarro/internal/mudarro/scan.go:40.4,41.1 1 0
github.com/viralabs-dev/mudarro/internal/mudarro/scan.go:42.3,43.32 2 0
github.com/viralabs-dev/mudarro/internal/mudarro/scan.go:44.4,45.105 2 0
github.com/viralabs-dev/mudarro/internal/mudarro/scan.go:46.5,46.18 1 0
github.com/viralabs-dev/mudarro/internal/mudarro/scan.go:47.6,48.1 1 0
github.com/viralabs-dev/mudarro/internal/mudarro/scan.go:49.5,49.15 1 0
github.com/viralabs-dev/mudarro/internal/mudarro/scan.go:52.3,52.16 1 0
github.com/viralabs-dev/mudarro/internal/mudarro/scan.go:53.4,53.57 1 0
github.com/viralabs-dev/mudarro/internal/mudarro/scan.go:54.5,55.1 1 0
github.com/viralabs-dev/mudarro/internal/mudarro/scan.go:56.4,56.14 1 0
github.com/viralabs-dev/mudarro/internal/mudarro/scan.go:58.3,58.35 1 0
github.com/viralabs-dev/mudarro/internal/mudarro/scan.go:59.4,60.1 1 0
github.com/viralabs-dev/mudarro/internal/mudarro/scan.go:61.3,62.23 2 0
github.com/viralabs-dev/mudarro/internal/mudarro/scan.go:63.4,64.1 1 0
github.com/viralabs-dev/mudarro/internal/mudarro/scan.go:65.3,66.13 2 0
github.com/viralabs-dev/mudarro/internal/mudarro/scan.go:68.2,68.14 1 0
github.com/viralabs-dev/mudarro/internal/mudarro/scan.go:69.3,70.1 1 0
github.com/viralabs-dev/mudarro/internal/mudarro/scan.go:71.2,72.22 2 0
github.com/viralabs-dev/mudarro/internal/mudarro/scan.go:73.3,74.1 1 0
github.com/viralabs-dev/mudarro/internal/mudarro/scan.go:75.2,76.28 2 0
github.com/viralabs-dev/mudarro/internal/mudarro/scan.go:77.3,78.19 2 0
github.com/viralabs-dev/mudarro/internal/mudarro/scan.go:79.4,80.1 1 0
github.com/viralabs-dev/mudarro/internal/mudarro/scan.go:81.3,81.38 1 0
github.com/viralabs-dev/mudarro/internal/mudarro/scan.go:82.4,83.16 2 0
github.com/viralabs-dev/mudarro/internal/mudarro/scan.go:84.5,85.13 2 0
github.com/viralabs-dev/mudarro/internal/mudarro/scan.go:87.4,87.16 1 0
github.com/viralabs-dev/mudarro/internal/mudarro/scan.go:88.5,88.13 1 0
github.com/viralabs-dev/mudarro/internal/mudarro/scan.go:90.4,94.35 5 0
github.com/viralabs-dev/mudarro/internal/mudarro/scan.go:95.5,97.1 2 0
github.com/viralabs-dev/mudarro/internal/mudarro/scan.go:98.4,98.39 1 0
github.com/viralabs-dev/mudarro/internal/mudarro/scan.go:99.5,101.53 3 0
github.com/viralabs-dev/mudarro/internal/mudarro/scan.go:102.6,103.1 1 0
github.com/viralabs-dev/mudarro/internal/mudarro/scan.go:107.2,107.33 1 0
github.com/viralabs-dev/mudarro/internal/mudarro/scan.go:108.3,112.1 4 0
github.com/viralabs-dev/mudarro/internal/mudarro/scan.go:113.2,113.28 1 0
github.com/viralabs-dev/mudarro/internal/mudarro/scan.go:114.3,114.31 1 0
github.com/viralabs-dev/mudarro/internal/mudarro/scan.go:115.4,115.61 1 0
github.com/viralabs-dev/mudarro/internal/mudarro/scan.go:116.5,116.13 1 0
github.com/viralabs-dev/mudarro/internal/mudarro/scan.go:118.4,118.25 1 0
github.com/viralabs-dev/mudarro/internal/mudarro/scan.go:119.5,119.13 1 0
github.com/viralabs-dev/mudarro/internal/mudarro/scan.go:121.4,123.40 3 0
github.com/viralabs-dev/mudarro/internal/mudarro/scan.go:124.5,124.97 1 0
github.com/viralabs-dev/mudarro/internal/mudarro/scan.go:125.6,125.27 1 0
github.com/viralabs-dev/mudarro/internal/mudarro/scan.go:126.7,128.1 2 0
github.com/viralabs-dev/mudarro/internal/mudarro/scan.go:131.4,133.26 3 0
github.com/viralabs-dev/mudarro/internal/mudarro/scan.go:134.5,135.17 2 0
github.com/viralabs-dev/mudarro/internal/mudarro/scan.go:136.6,137.14 2 0
github.com/viralabs-dev/mudarro/internal/mudarro/scan.go:139.5,140.63 2 0
github.com/viralabs-dev/mudarro/internal/mudarro/scan.go:141.6,142.1 1 0
github.com/viralabs-dev/mudarro/internal/mudarro/scan.go:144.5,145.34 2 0
github.com/viralabs-dev/mudarro/internal/mudarro/scan.go:146.6,147.1 1 0
github.com/viralabs-dev/mudarro/internal/mudarro/scan.go:151.2,151.48 1 0
github.com/viralabs-dev/mudarro/internal/mudarro/scan.go:152.3,153.1 1 0
github.com/viralabs-dev/mudarro/internal/mudarro/scan.go:154.2,154.15 1 0
github.com/viralabs-dev/mudarro/internal/mudarro/scan.go:158.2,159.105 2 0
github.com/viralabs-dev/mudarro/internal/mudarro/scan.go:160.3,160.44 1 0
github.com/viralabs-dev/mudarro/internal/mudarro/scan.go:161.4,163.1 2 0
github.com/viralabs-dev/mudarro/internal/mudarro/scan.go:165.2,165.78 1 0
github.com/viralabs-dev/mudarro/internal/mudarro/scan.go:166.3,167.1 1 0
github.com/viralabs-dev/mudarro/internal/mudarro/scan.go:168.2,168.50 1 0
github.com/viralabs-dev/mudarro/internal/mudarro/scan.go:169.3,169.44 1 0
github.com/viralabs-dev/mudarro/internal/mudarro/scan.go:170.4,171.1 1 0
github.com/viralabs-dev/mudarro/internal/mudarro/scan.go:173.2,173.54 1 0
github.com/viralabs-dev/mudarro/internal/mudarro/scan.go:174.3,175.1 1 0
github.com/viralabs-dev/mudarro/internal/mudarro/scan.go:176.2,176.72 1 0
github.com/viralabs-dev/mudarro/internal/mudarro/scan.go:177.3,177.44 1 0
github.com/viralabs-dev/mudarro/internal/mudarro/scan.go:178.4,179.9 2 0
github.com/viralabs-dev/mudarro/internal/mudarro/scan.go:182.2,182.26 1 0
github.com/viralabs-dev/mudarro/internal/mudarro/scan.go:183.3,184.1 1 0
github.com/viralabs-dev/mudarro/internal/mudarro/scan.go:184.9,184.33 1 0
github.com/viralabs-dev/mudarro/internal/mudarro/scan.go:185.3,186.41 2 0
github.com/viralabs-dev/mudarro/internal/mudarro/scan.go:187.4,189.1 2 0
github.com/viralabs-dev/mudarro/internal/mudarro/scan.go:191.3,192.32 2 0
github.com/viralabs-dev/mudarro/internal/mudarro/scan.go:193.4,194.1 1 0
github.com/viralabs-dev/mudarro/internal/mudarro/scan.go:196.2,196.43 1 0
github.com/viralabs-dev/mudarro/internal/mudarro/scan.go:197.3,198.1 1 0
github.com/viralabs-dev/mudarro/internal/mudarro/scan.go:201.2,202.64 2 0
github.com/viralabs-dev/mudarro/internal/mudarro/scan.go:203.3,205.50 3 0
github.com/viralabs-dev/mudarro/internal/mudarro/scan.go:206.4,207.1 1 0
github.com/viralabs-dev/mudarro/internal/mudarro/scan.go:208.3,208.46 1 0
github.com/viralabs-dev/mudarro/internal/mudarro/scan.go:209.4,210.1 1 0
github.com/viralabs-dev/mudarro/internal/mudarro/scan.go:212.2,212.29 1 0
github.com/viralabs-dev/mudarro/internal/mudarro/scan.go:213.3,214.1 1 0
github.com/viralabs-dev/mudarro/internal/mudarro/scan.go:215.2,215.55 1 0
github.com/viralabs-dev/mudarro/internal/mudarro/scan.go:216.3,217.1 1 0
github.com/viralabs-dev/mudarro/internal/mudarro/scan.go:218.2,218.92 1 0
github.com/viralabs-dev/mudarro/internal/mudarro/scan.go:219.3,219.27 1 0
github.com/viralabs-dev/mudarro/internal/mudarro/scan.go:220.4,222.60 3 0
github.com/viralabs-dev/mudarro/internal/mudarro/scan.go:223.5,224.10 2 0
github.com/viralabs-dev/mudarro/internal/mudarro/scan.go:228.2,228.25 1 0
github.com/viralabs-dev/mudarro/internal/mudarro/scan.go:229.3,231.1 2 0
github.com/viralabs-dev/mudarro/internal/mudarro/scan.go:232.2,232.26 1 0
github.com/viralabs-dev/mudarro/internal/mudarro/scan.go:233.3,235.28 3 0
github.com/viralabs-dev/mudarro/internal/mudarro/scan.go:236.4,237.1 1 0
github.com/viralabs-dev/mudarro/internal/mudarro/sqlite_runner.go:10.2,11.16 2 0
github.com/viralabs-dev/mudarro/internal/mudarro/sqlite_runner.go:12.3,13.1 1 0
github.com/viralabs-dev/mudarro/internal/mudarro/sqlite_runner.go:14.2,15.16 2 0
github.com/viralabs-dev/mudarro/internal/mudarro/sqlite_runner.go:16.3,17.1 1 0
github.com/viralabs-dev/mudarro/internal/mudarro/sqlite_runner.go:18.2,18.11 1 0
github.com/viralabs-dev/mudarro/internal/mudarro/sqlite_runner.go:19.3,21.1 2 0
github.com/viralabs-dev/mudarro/internal/mudarro/sqlite_runner.go:22.2,22.61 1 0
github.com/viralabs-dev/mudarro/internal/mudarro/sqlite_runner.go:23.3,24.1 1 0
github.com/viralabs-dev/mudarro/internal/mudarro/sqlite_runner.go:25.2,26.21 2 0
github.com/viralabs-dev/mudarro/internal/mudarro/sqlite_runner.go:27.3,29.1 2 0
github.com/viralabs-dev/mudarro/internal/mudarro/sqlite_runner.go:30.2,30.16 1 0
github.com/viralabs-dev/mudarro/internal/mudarro/sqlite_runner.go:31.3,32.1 1 0
github.com/viralabs-dev/mudarro/internal/mudarro/sqlite_runner.go:33.2,33.18 1 0
github.com/viralabs-dev/mudarro/internal/mudarro/templates.go:11.2,12.27 2 0
github.com/viralabs-dev/mudarro/internal/mudarro/templates.go:12.29,12.72 1 0
github.com/viralabs-dev/mudarro/internal/mudarro/templates.go:13.2,14.16 2 0
github.com/viralabs-dev/mudarro/internal/mudarro/templates.go:15.3,15.73 1 0
github.com/viralabs-dev/mudarro/internal/mudarro/templates.go:16.4,17.1 1 0
github.com/viralabs-dev/mudarro/internal/mudarro/templates.go:18.3,19.10 2 0
github.com/viralabs-dev/mudarro/internal/mudarro/templates.go:20.4,21.1 1 0
github.com/viralabs-dev/mudarro/internal/mudarro/templates.go:22.3,23.21 2 0
github.com/viralabs-dev/mudarro/internal/mudarro/templates.go:25.4,25.21 1 0
github.com/viralabs-dev/mudarro/internal/mudarro/templates.go:27.5,27.89 1 0
github.com/viralabs-dev/mudarro/internal/mudarro/templates.go:29.5,29.124 1 0
github.com/viralabs-dev/mudarro/internal/mudarro/templates.go:31.5,31.71 1 0
github.com/viralabs-dev/mudarro/internal/mudarro/templates.go:34.4,35.21 2 0
github.com/viralabs-dev/mudarro/internal/mudarro/templates.go:37.5,39.38 3 0
github.com/viralabs-dev/mudarro/internal/mudarro/templates.go:40.6,41.1 1 0
github.com/viralabs-dev/mudarro/internal/mudarro/templates.go:42.5,42.59 1 0
github.com/viralabs-dev/mudarro/internal/mudarro/templates.go:44.5,44.67 1 0
github.com/viralabs-dev/mudarro/internal/mudarro/templates.go:46.5,46.78 1 0
github.com/viralabs-dev/mudarro/internal/mudarro/templates.go:48.5,48.60 1 0
github.com/viralabs-dev/mudarro/internal/mudarro/templates.go:51.4,51.91 1 0
github.com/viralabs-dev/mudarro/internal/mudarro/templates.go:53.4,53.88 1 0
github.com/viralabs-dev/mudarro/internal/mudarro/templates.go:55.3,56.24 2 0
github.com/viralabs-dev/mudarro/internal/mudarro/templates.go:57.4,58.1 1 0
github.com/viralabs-dev/mudarro/internal/mudarro/templates.go:59.3,61.45 3 0
github.com/viralabs-dev/mudarro/internal/mudarro/templates.go:62.4,63.1 1 0
github.com/viralabs-dev/mudarro/internal/mudarro/templates.go:64.3,66.72 3 0
github.com/viralabs-dev/mudarro/internal/mudarro/templates.go:67.4,67.20 1 0
github.com/viralabs-dev/mudarro/internal/mudarro/templates.go:68.5,69.1 1 0
github.com/viralabs-dev/mudarro/internal/mudarro/templates.go:70.4,71.18 2 0
github.com/viralabs-dev/mudarro/internal/mudarro/templates.go:72.5,73.1 1 0
github.com/viralabs-dev/mudarro/internal/mudarro/templates.go:74.4,76.44 3 0
github.com/viralabs-dev/mudarro/internal/mudarro/templates.go:77.5,80.18 4 0
github.com/viralabs-dev/mudarro/internal/mudarro/templates.go:81.6,82.1 1 0
github.com/viralabs-dev/mudarro/internal/mudarro/templates.go:83.5,83.105 1 0
github.com/viralabs-dev/mudarro/internal/mudarro/templates.go:85.4,86.26 2 0
github.com/viralabs-dev/mudarro/internal/mudarro/templates.go:88.3,88.29 1 0
github.com/viralabs-dev/mudarro/internal/mudarro/templates.go:89.4,89.54 1 0
github.com/viralabs-dev/mudarro/internal/mudarro/templates.go:90.5,91.1 1 0
github.com/viralabs-dev/mudarro/internal/mudarro/templates.go:92.4,92.92 1 0
github.com/viralabs-dev/mudarro/internal/mudarro/templates.go:93.5,94.1 1 0
github.com/viralabs-dev/mudarro/internal/mudarro/templates.go:95.4,97.44 3 0
github.com/viralabs-dev/mudarro/internal/mudarro/templates.go:98.5,99.18 2 0
github.com/viralabs-dev/mudarro/internal/mudarro/templates.go:100.6,101.1 1 0
github.com/viralabs-dev/mudarro/internal/mudarro/templates.go:102.5,102.164 1 0
github.com/viralabs-dev/mudarro/internal/mudarro/templates.go:104.4,111.44 8 0
github.com/viralabs-dev/mudarro/internal/mudarro/templates.go:112.5,115.1 3 0
github.com/viralabs-dev/mudarro/internal/mudarro/templates.go:116.4,116.29 1 0
github.com/viralabs-dev/mudarro/internal/mudarro/templates.go:117.5,119.1 2 0
github.com/viralabs-dev/mudarro/internal/mudarro/templates.go:122.2,122.16 1 0
github.com/viralabs-dev/mudarro/internal/mudarro/templates.go:123.3,123.50 1 0
github.com/viralabs-dev/mudarro/internal/mudarro/templates.go:124.4,125.1 1 0
github.com/viralabs-dev/mudarro/internal/mudarro/templates.go:126.3,126.51 1 0
github.com/viralabs-dev/mudarro/internal/mudarro/templates.go:127.4,128.1 1 0
github.com/viralabs-dev/mudarro/internal/mudarro/templates.go:129.3,129.19 1 0
github.com/viralabs-dev/mudarro/internal/mudarro/templates.go:130.4,131.1 1 0
github.com/viralabs-dev/mudarro/internal/mudarro/templates.go:132.3,133.16 2 0
github.com/viralabs-dev/mudarro/internal/mudarro/templates.go:134.4,135.1 1 0
github.com/viralabs-dev/mudarro/internal/mudarro/templates.go:136.3,137.17 2 0
github.com/viralabs-dev/mudarro/internal/mudarro/templates.go:139.4,141.116 3 0
github.com/viralabs-dev/mudarro/internal/mudarro/templates.go:143.4,147.110 5 0
github.com/viralabs-dev/mudarro/internal/mudarro/templates.go:149.4,151.241 3 0
github.com/viralabs-dev/mudarro/internal/mudarro/templates.go:153.4,154.149 2 0
github.com/viralabs-dev/mudarro/internal/mudarro/templates.go:156.4,156.70 1 0
github.com/viralabs-dev/mudarro/internal/mudarro/templates.go:159.2,159.19 1 0
github.com/viralabs-dev/mudarro/internal/mudarro/templates.go:162.2,162.24 1 0
github.com/viralabs-dev/mudarro/internal/mudarro/templates.go:163.3,164.14 2 0
github.com/viralabs-dev/mudarro/internal/mudarro/templates.go:165.4,166.1 1 0
github.com/viralabs-dev/mudarro/internal/mudarro/templates.go:167.3,167.170 1 0
github.com/viralabs-dev/mudarro/internal/mudarro/templates.go:169.2,169.333 1 0
github.com/viralabs-dev/mudarro/internal/mudarro/templates.go:173.2,231.1 1 0
github.com/viralabs-dev/mudarro/internal/mudarro/actions.go:23.2,24.1 1 0
github.com/viralabs-dev/mudarro/internal/mudarro/actions.go:26.2,27.70 2 0
github.com/viralabs-dev/mudarro/internal/mudarro/actions.go:28.3,29.1 1 0
github.com/viralabs-dev/mudarro/internal/mudarro/actions.go:29.9,29.46 1 0
github.com/viralabs-dev/mudarro/internal/mudarro/actions.go:30.3,31.1 1 0
github.com/viralabs-dev/mudarro/internal/mudarro/actions.go:32.2,32.27 1 0
github.com/viralabs-dev/mudarro/internal/mudarro/actions.go:33.3,33.69 1 0
github.com/viralabs-dev/mudarro/internal/mudarro/actions.go:34.4,35.1 1 0
github.com/viralabs-dev/mudarro/internal/mudarro/actions.go:35.10,35.66 1 0
github.com/viralabs-dev/mudarro/internal/mudarro/actions.go:36.4,37.1 1 0
github.com/viralabs-dev/mudarro/internal/mudarro/actions.go:38.4,39.1 1 0
github.com/viralabs-dev/mudarro/internal/mudarro/actions.go:41.2,43.22 3 0
github.com/viralabs-dev/mudarro/internal/mudarro/actions.go:44.3,45.1 1 0
github.com/viralabs-dev/mudarro/internal/mudarro/actions.go:46.2,46.31 1 0
github.com/viralabs-dev/mudarro/internal/mudarro/actions.go:47.3,48.14 2 0
github.com/viralabs-dev/mudarro/internal/mudarro/actions.go:49.4,50.1 1 0
github.com/viralabs-dev/mudarro/internal/mudarro/actions.go:51.3,51.22 1 0
github.com/viralabs-dev/mudarro/internal/mudarro/actions.go:52.4,53.1 1 0
github.com/viralabs-dev/mudarro/internal/mudarro/actions.go:54.3,54.52 1 0
github.com/viralabs-dev/mudarro/internal/mudarro/actions.go:56.2,57.27 2 0
github.com/viralabs-dev/mudarro/internal/mudarro/actions.go:58.3,59.1 1 0
github.com/viralabs-dev/mudarro/internal/mudarro/actions.go:60.2,60.36 1 0
github.com/viralabs-dev/mudarro/internal/mudarro/actions.go:61.3,61.31 1 0
github.com/viralabs-dev/mudarro/internal/mudarro/actions.go:62.4,63.1 1 0
github.com/viralabs-dev/mudarro/internal/mudarro/actions.go:64.3,64.33 1 0
github.com/viralabs-dev/mudarro/internal/mudarro/actions.go:66.2,66.10 1 0
github.com/viralabs-dev/mudarro/internal/mudarro/actions.go:69.2,70.25 2 0
github.com/viralabs-dev/mudarro/internal/mudarro/actions.go:71.3,71.36 1 0
github.com/viralabs-dev/mudarro/internal/mudarro/actions.go:72.4,72.37 1 0
github.com/viralabs-dev/mudarro/internal/mudarro/actions.go:73.5,74.1 1 0
github.com/viralabs-dev/mudarro/internal/mudarro/actions.go:75.4,75.45 1 0
github.com/viralabs-dev/mudarro/internal/mudarro/actions.go:77.3,78.42 2 0
github.com/viralabs-dev/mudarro/internal/mudarro/actions.go:79.4,80.26 2 0
github.com/viralabs-dev/mudarro/internal/mudarro/actions.go:81.5,82.1 1 0
github.com/viralabs-dev/mudarro/internal/mudarro/actions.go:83.4,83.16 1 0
github.com/viralabs-dev/mudarro/internal/mudarro/actions.go:85.3,85.20 1 0
github.com/viralabs-dev/mudarro/internal/mudarro/actions.go:86.4,87.1 1 0
github.com/viralabs-dev/mudarro/internal/mudarro/actions.go:88.3,88.13 1 0
github.com/viralabs-dev/mudarro/internal/mudarro/actions.go:90.2,90.17 1 0
github.com/viralabs-dev/mudarro/internal/mudarro/actions.go:93.2,94.1 1 0
github.com/viralabs-dev/mudarro/internal/mudarro/actions.go:97.2,98.1 1 0
github.com/viralabs-dev/mudarro/internal/mudarro/cli.go:24.2,25.33 2 0
github.com/viralabs-dev/mudarro/internal/mudarro/cli.go:26.3,27.12 2 0
github.com/viralabs-dev/mudarro/internal/mudarro/cli.go:29.4,29.17 1 0
github.com/viralabs-dev/mudarro/internal/mudarro/cli.go:31.4,31.16 1 0
github.com/viralabs-dev/mudarro/internal/mudarro/cli.go:33.4,33.16 1 0
github.com/viralabs-dev/mudarro/internal/mudarro/cli.go:35.4,35.24 1 0
github.com/viralabs-dev/mudarro/internal/mudarro/cli.go:37.4,37.24 1 0
github.com/viralabs-dev/mudarro/internal/mudarro/cli.go:38.5,39.1 1 0
github.com/viralabs-dev/mudarro/internal/mudarro/cli.go:40.4,41.13 2 0
github.com/viralabs-dev/mudarro/internal/mudarro/cli.go:43.5,43.21 1 0
github.com/viralabs-dev/mudarro/internal/mudarro/cli.go:45.5,45.21 1 0
github.com/viralabs-dev/mudarro/internal/mudarro/cli.go:47.5,47.30 1 0
github.com/viralabs-dev/mudarro/internal/mudarro/cli.go:49.5,49.43 1 0
github.com/viralabs-dev/mudarro/internal/mudarro/cli.go:52.4,52.33 1 0
github.com/viralabs-dev/mudarro/internal/mudarro/cli.go:53.5,54.1 1 0
github.com/viralabs-dev/mudarro/internal/mudarro/cli.go:55.4,55.28 1 0
github.com/viralabs-dev/mudarro/internal/mudarro/cli.go:58.2,59.14 2 0
github.com/viralabs-dev/mudarro/internal/mudarro/cli.go:60.3,61.1 1 0
github.com/viralabs-dev/mudarro/internal/mudarro/cli.go:62.2,63.13 2 0
github.com/viralabs-dev/mudarro/internal/mudarro/cli.go:66.2,66.20 1 0
github.com/viralabs-dev/mudarro/internal/mudarro/cli.go:67.3,68.1 1 0
github.com/viralabs-dev/mudarro/internal/mudarro/cli.go:69.2,69.30 1 0
github.com/viralabs-dev/mudarro/internal/mudarro/cli.go:70.3,71.1 1 0
github.com/viralabs-dev/mudarro/internal/mudarro/cli.go:72.2,72.52 1 0
github.com/viralabs-dev/mudarro/internal/mudarro/cli.go:73.3,75.1 2 0
github.com/viralabs-dev/mudarro/internal/mudarro/cli.go:76.2,76.46 1 0
github.com/viralabs-dev/mudarro/internal/mudarro/cli.go:77.3,79.1 2 0
github.com/viralabs-dev/mudarro/internal/mudarro/cli.go:80.2,81.14 2 0
github.com/viralabs-dev/mudarro/internal/mudarro/cli.go:82.3,83.1 1 0
github.com/viralabs-dev/mudarro/internal/mudarro/cli.go:84.2,84.17 1 0
github.com/viralabs-dev/mudarro/internal/mudarro/cli.go:86.3,86.73 1 0
github.com/viralabs-dev/mudarro/internal/mudarro/cli.go:87.4,88.16 2 0
github.com/viralabs-dev/mudarro/internal/mudarro/cli.go:89.5,90.1 1 0
github.com/viralabs-dev/mudarro/internal/mudarro/cli.go:91.4,91.47 1 0
github.com/viralabs-dev/mudarro/internal/mudarro/cli.go:93.3,94.15 2 0
github.com/viralabs-dev/mudarro/internal/mudarro/cli.go:95.4,96.1 1 0
github.com/viralabs-dev/mudarro/internal/mudarro/cli.go:97.3,97.19 1 0
github.com/viralabs-dev/mudarro/internal/mudarro/cli.go:98.4,99.1 1 0
github.com/viralabs-dev/mudarro/internal/mudarro/cli.go:100.3,100.24 1 0
github.com/viralabs-dev/mudarro/internal/mudarro/cli.go:101.4,101.14 1 0
github.com/viralabs-dev/mudarro/internal/mudarro/cli.go:102.5,105.1 3 0
github.com/viralabs-dev/mudarro/internal/mudarro/cli.go:106.4,107.14 2 0
github.com/viralabs-dev/mudarro/internal/mudarro/cli.go:109.3,109.52 1 0
github.com/viralabs-dev/mudarro/internal/mudarro/cli.go:110.4,111.1 1 0
github.com/viralabs-dev/mudarro/internal/mudarro/cli.go:112.3,113.57 2 0
github.com/viralabs-dev/mudarro/internal/mudarro/cli.go:114.4,114.15 1 0
github.com/viralabs-dev/mudarro/internal/mudarro/cli.go:115.5,116.1 1 0
github.com/viralabs-dev/mudarro/internal/mudarro/cli.go:118.3,120.41 3 0
github.com/viralabs-dev/mudarro/internal/mudarro/cli.go:121.4,124.21 4 0
github.com/viralabs-dev/mudarro/internal/mudarro/cli.go:125.5,127.19 3 0
github.com/viralabs-dev/mudarro/internal/mudarro/cli.go:128.6,129.1 1 0
github.com/viralabs-dev/mudarro/internal/mudarro/cli.go:130.5,130.62 1 0
github.com/viralabs-dev/mudarro/internal/mudarro/cli.go:132.4,132.15 1 0
github.com/viralabs-dev/mudarro/internal/mudarro/cli.go:133.5,133.43 1 0
github.com/viralabs-dev/mudarro/internal/mudarro/cli.go:134.6,134.52 1 0
github.com/viralabs-dev/mudarro/internal/mudarro/cli.go:135.7,135.63 1 0
github.com/viralabs-dev/mudarro/internal/mudarro/cli.go:136.8,137.1 1 0
github.com/viralabs-dev/mudarro/internal/mudarro/cli.go:138.7,138.63 1 0
github.com/viralabs-dev/mudarro/internal/mudarro/cli.go:143.3,143.29 1 0
github.com/viralabs-dev/mudarro/internal/mudarro/cli.go:144.4,144.23 1 0
github.com/viralabs-dev/mudarro/internal/mudarro/cli.go:145.5,146.1 1 0
github.com/viralabs-dev/mudarro/internal/mudarro/cli.go:148.3,148.85 1 0
github.com/viralabs-dev/mudarro/internal/mudarro/cli.go:149.4,150.1 1 0
github.com/viralabs-dev/mudarro/internal/mudarro/cli.go:151.3,153.13 3 0
github.com/viralabs-dev/mudarro/internal/mudarro/cli.go:155.3,156.15 2 0
github.com/viralabs-dev/mudarro/internal/mudarro/cli.go:157.4,158.1 1 0
github.com/viralabs-dev/mudarro/internal/mudarro/cli.go:159.3,159.18 1 0
github.com/viralabs-dev/mudarro/internal/mudarro/cli.go:161.4,161.42 1 0
github.com/viralabs-dev/mudarro/internal/mudarro/cli.go:163.4,163.35 1 0
github.com/viralabs-dev/mudarro/internal/mudarro/cli.go:165.4,165.33 1 0
github.com/viralabs-dev/mudarro/internal/mudarro/cli.go:167.4,167.23 1 0
github.com/viralabs-dev/mudarro/internal/mudarro/cli.go:168.5,169.1 1 0
github.com/viralabs-dev/mudarro/internal/mudarro/cli.go:170.4,171.16 2 0
github.com/viralabs-dev/mudarro/internal/mudarro/cli.go:172.5,173.1 1 0
github.com/viralabs-dev/mudarro/internal/mudarro/cli.go:174.4,174.81 1 0
github.com/viralabs-dev/mudarro/internal/mudarro/cli.go:177.2,177.56 1 0
github.com/viralabs-dev/mudarro/internal/mudarro/cli.go:180.2,181.38 2 0
github.com/viralabs-dev/mudarro/internal/mudarro/cli.go:182.3,183.31 2 0
github.com/viralabs-dev/mudarro/internal/mudarro/cli.go:184.4,185.1 1 0
github.com/viralabs-dev/mudarro/internal/mudarro/cli.go:187.2,187.35 1 0
github.com/viralabs-dev/mudarro/internal/mudarro/cli.go:188.3,189.1 1 0
github.com/viralabs-dev/mudarro/internal/mudarro/cli.go:190.2,190.37 1 0
github.com/viralabs-dev/mudarro/internal/mudarro/cli.go:191.3,192.1 1 0
github.com/viralabs-dev/mudarro/internal/mudarro/cli.go:195.2,197.21 3 0
github.com/viralabs-dev/mudarro/internal/mudarro/cli.go:198.3,199.1 1 0
github.com/viralabs-dev/mudarro/internal/mudarro/cli.go:200.3,200.27 1 0
github.com/viralabs-dev/mudarro/internal/mudarro/cli.go:201.4,202.1 1 0
github.com/viralabs-dev/mudarro/internal/mudarro/cli.go:203.3,203.40 1 0
github.com/viralabs-dev/mudarro/internal/mudarro/cli.go:205.2,205.31 1 0
github.com/viralabs-dev/mudarro/internal/mudarro/cli.go:206.3,206.22 1 0
github.com/viralabs-dev/mudarro/internal/mudarro/cli.go:207.4,207.33 1 0
github.com/viralabs-dev/mudarro/internal/mudarro/cli.go:208.5,208.23 1 0
github.com/viralabs-dev/mudarro/internal/mudarro/cli.go:209.6,210.1 1 0
github.com/viralabs-dev/mudarro/internal/mudarro/cli.go:214.2,214.71 1 0
github.com/viralabs-dev/mudarro/internal/mudarro/cli.go:217.2,220.6 4 0
github.com/viralabs-dev/mudarro/internal/mudarro/cli.go:221.3,222.32 2 0
github.com/viralabs-dev/mudarro/internal/mudarro/cli.go:223.4,224.1 1 0
github.com/viralabs-dev/mudarro/internal/mudarro/cli.go:225.3,227.28 3 0
github.com/viralabs-dev/mudarro/internal/mudarro/cli.go:228.4,229.1 1 0
github.com/viralabs-dev/mudarro/internal/mudarro/cli.go:230.3,230.15 1 0
github.com/viralabs-dev/mudarro/internal/mudarro/cli.go:231.4,232.1 1 0
github.com/viralabs-dev/mudarro/internal/mudarro/cli.go:233.3,235.7 3 0
github.com/viralabs-dev/mudarro/internal/mudarro/cli.go:236.4,239.30 4 0
github.com/viralabs-dev/mudarro/internal/mudarro/cli.go:240.5,240.39 1 0
github.com/viralabs-dev/mudarro/internal/mudarro/cli.go:241.6,242.1 1 0
github.com/viralabs-dev/mudarro/internal/mudarro/cli.go:243.5,243.51 1 0
github.com/viralabs-dev/mudarro/internal/mudarro/cli.go:245.4,247.19 3 0
github.com/viralabs-dev/mudarro/internal/mudarro/cli.go:248.5,249.1 1 0
github.com/viralabs-dev/mudarro/internal/mudarro/cli.go:250.4,250.16 1 0
github.com/viralabs-dev/mudarro/internal/mudarro/cli.go:251.5,252.1 1 0
github.com/viralabs-dev/mudarro/internal/mudarro/cli.go:253.4,253.14 1 0
github.com/viralabs-dev/mudarro/internal/mudarro/cli.go:254.5,254.10 1 0
github.com/viralabs-dev/mudarro/internal/mudarro/cli.go:256.4,257.8 2 0
github.com/viralabs-dev/mudarro/internal/mudarro/cli.go:258.5,260.28 3 0
github.com/viralabs-dev/mudarro/internal/mudarro/cli.go:261.6,262.25 2 0
github.com/viralabs-dev/mudarro/internal/mudarro/cli.go:263.7,264.1 1 0
github.com/viralabs-dev/mudarro/internal/mudarro/cli.go:265.6,265.36 1 0
github.com/viralabs-dev/mudarro/internal/mudarro/cli.go:267.5,268.20 2 0
github.com/viralabs-dev/mudarro/internal/mudarro/cli.go:269.6,270.1 1 0
github.com/viralabs-dev/mudarro/internal/mudarro/cli.go:271.5,271.17 1 0
github.com/viralabs-dev/mudarro/internal/mudarro/cli.go:272.6,273.1 1 0
github.com/viralabs-dev/mudarro/internal/mudarro/cli.go:274.5,274.15 1 0
github.com/viralabs-dev/mudarro/internal/mudarro/cli.go:275.6,275.11 1 0
github.com/viralabs-dev/mudarro/internal/mudarro/cli.go:277.5,279.70 3 0
github.com/viralabs-dev/mudarro/internal/mudarro/cli.go:280.6,282.18 3 0
github.com/viralabs-dev/mudarro/internal/mudarro/cli.go:283.7,284.1 1 0
github.com/viralabs-dev/mudarro/internal/mudarro/cli.go:285.6,285.36 1 0
github.com/viralabs-dev/mudarro/internal/mudarro/cli.go:287.5,287.81 1 0
github.com/viralabs-dev/mudarro/internal/mudarro/cli.go:288.6,289.1 1 0
github.com/viralabs-dev/mudarro/internal/mudarro/cli.go:290.5,290.25 1 0
github.com/viralabs-dev/mudarro/internal/mudarro/cli.go:291.6,292.55 2 0
github.com/viralabs-dev/mudarro/internal/mudarro/cli.go:293.7,294.1 1 0
github.com/viralabs-dev/mudarro/internal/mudarro/cli.go:301.2,302.31 2 0
github.com/viralabs-dev/mudarro/internal/mudarro/cli.go:303.3,305.32 3 0
github.com/viralabs-dev/mudarro/internal/mudarro/cli.go:306.4,306.23 1 0
github.com/viralabs-dev/mudarro/internal/mudarro/cli.go:307.5,309.13 3 0
github.com/viralabs-dev/mudarro/internal/mudarro/cli.go:311.4,312.29 2 0
github.com/viralabs-dev/mudarro/internal/mudarro/cli.go:313.5,314.1 1 0
github.com/viralabs-dev/mudarro/internal/mudarro/cli.go:315.4,315.31 1 0
github.com/viralabs-dev/mudarro/internal/mudarro/cli.go:316.5,317.1 1 0
github.com/viralabs-dev/mudarro/internal/mudarro/cli.go:318.4,318.46 1 0
github.com/viralabs-dev/mudarro/internal/mudarro/cli.go:319.5,320.1 1 0
github.com/viralabs-dev/mudarro/internal/mudarro/cli.go:321.4,321.44 1 0
github.com/viralabs-dev/mudarro/internal/mudarro/cli.go:322.5,323.1 1 0
github.com/viralabs-dev/mudarro/internal/mudarro/cli.go:324.4,324.31 1 0
github.com/viralabs-dev/mudarro/internal/mudarro/cli.go:325.5,325.19 1 0
github.com/viralabs-dev/mudarro/internal/mudarro/cli.go:326.6,326.14 1 0
github.com/viralabs-dev/mudarro/internal/mudarro/cli.go:328.5,330.36 3 0
github.com/viralabs-dev/mudarro/internal/mudarro/cli.go:331.6,333.18 3 0
github.com/viralabs-dev/mudarro/internal/mudarro/cli.go:334.7,336.58 3 0
github.com/viralabs-dev/mudarro/internal/mudarro/cli.go:337.8,338.1 1 0
github.com/viralabs-dev/mudarro/internal/mudarro/cli.go:341.6,342.1 1 0
github.com/viralabs-dev/mudarro/internal/mudarro/cli.go:343.5,343.17 1 0
github.com/viralabs-dev/mudarro/internal/mudarro/cli.go:344.6,346.1 2 0
github.com/viralabs-dev/mudarro/internal/mudarro/cli.go:347.6,348.1 1 0
github.com/viralabs-dev/mudarro/internal/mudarro/cli.go:351.3,351.117 1 0
github.com/viralabs-dev/mudarro/internal/mudarro/cli.go:352.4,354.28 3 0
github.com/viralabs-dev/mudarro/internal/mudarro/cli.go:355.5,357.1 2 0
github.com/viralabs-dev/mudarro/internal/mudarro/cli.go:358.4,360.34 3 0
github.com/viralabs-dev/mudarro/internal/mudarro/cli.go:361.5,363.1 2 0
github.com/viralabs-dev/mudarro/internal/mudarro/cli.go:366.2,366.18 1 0
github.com/viralabs-dev/mudarro/internal/mudarro/cli.go:367.3,368.1 1 0
github.com/viralabs-dev/mudarro/internal/mudarro/cli.go:369.2,370.12 2 0
github.com/viralabs-dev/mudarro/internal/mudarro/config.go:26.51,26.89 1 0
github.com/viralabs-dev/mudarro/internal/mudarro/config.go:29.2,31.16 3 0
github.com/viralabs-dev/mudarro/internal/mudarro/config.go:32.3,33.1 1 0
github.com/viralabs-dev/mudarro/internal/mudarro/config.go:34.2,35.16 2 0
github.com/viralabs-dev/mudarro/internal/mudarro/config.go:36.3,37.1 1 0
github.com/viralabs-dev/mudarro/internal/mudarro/config.go:38.2,41.36 4 0
github.com/viralabs-dev/mudarro/internal/mudarro/config.go:42.3,43.1 1 0
github.com/viralabs-dev/mudarro/internal/mudarro/config.go:44.2,45.43 2 0
github.com/viralabs-dev/mudarro/internal/mudarro/config.go:46.3,47.1 1 0
github.com/viralabs-dev/mudarro/internal/mudarro/config.go:48.2,48.28 1 0
github.com/viralabs-dev/mudarro/internal/mudarro/config.go:51.2,51.20 1 0
github.com/viralabs-dev/mudarro/internal/mudarro/config.go:52.3,53.1 1 0
github.com/viralabs-dev/mudarro/internal/mudarro/config.go:54.2,54.37 1 0
github.com/viralabs-dev/mudarro/internal/mudarro/config.go:55.3,56.1 1 0
github.com/viralabs-dev/mudarro/internal/mudarro/config.go:57.2,58.31 2 0
github.com/viralabs-dev/mudarro/internal/mudarro/config.go:59.3,59.50 1 0
github.com/viralabs-dev/mudarro/internal/mudarro/config.go:60.4,61.1 1 0
github.com/viralabs-dev/mudarro/internal/mudarro/config.go:62.3,64.15 3 0
github.com/viralabs-dev/mudarro/internal/mudarro/config.go:65.4,66.1 1 0
github.com/viralabs-dev/mudarro/internal/mudarro/config.go:67.3,68.30 2 0
github.com/viralabs-dev/mudarro/internal/mudarro/config.go:69.4,70.1 1 0
github.com/viralabs-dev/mudarro/internal/mudarro/config.go:71.3,71.70 1 0
github.com/viralabs-dev/mudarro/internal/mudarro/config.go:72.4,72.15 1 0
github.com/viralabs-dev/mudarro/internal/mudarro/config.go:73.5,73.66 1 0
github.com/viralabs-dev/mudarro/internal/mudarro/config.go:74.6,75.1 1 0
github.com/viralabs-dev/mudarro/internal/mudarro/config.go:78.3,78.65 1 0
github.com/viralabs-dev/mudarro/internal/mudarro/config.go:79.4,80.1 1 0
github.com/viralabs-dev/mudarro/internal/mudarro/config.go:81.3,81.34 1 0
github.com/viralabs-dev/mudarro/internal/mudarro/config.go:82.4,82.34 1 0
github.com/viralabs-dev/mudarro/internal/mudarro/config.go:83.5,84.1 1 0
github.com/viralabs-dev/mudarro/internal/mudarro/config.go:85.4,85.48 1 0
github.com/viralabs-dev/mudarro/internal/mudarro/config.go:86.5,87.1 1 0
github.com/viralabs-dev/mudarro/internal/mudarro/config.go:88.4,88.65 1 0
github.com/viralabs-dev/mudarro/internal/mudarro/config.go:89.5,90.1 1 0
github.com/viralabs-dev/mudarro/internal/mudarro/config.go:92.3,92.112 1 0
github.com/viralabs-dev/mudarro/internal/mudarro/config.go:93.4,94.1 1 0
github.com/viralabs-dev/mudarro/internal/mudarro/config.go:96.2,96.12 1 0
github.com/viralabs-dev/mudarro/internal/mudarro/config.go:99.2,100.14 2 0
github.com/viralabs-dev/mudarro/internal/mudarro/config.go:101.3,102.1 1 0
github.com/viralabs-dev/mudarro/internal/mudarro/config.go:103.2,104.14 2 0
github.com/viralabs-dev/mudarro/internal/mudarro/config.go:105.3,106.1 1 0
github.com/viralabs-dev/mudarro/internal/mudarro/config.go:107.2,109.10 3 0
github.com/viralabs-dev/mudarro/internal/mudarro/config.go:111.36,111.79 2 0
github.com/viralabs-dev/mudarro/internal/mudarro/config.go:112.36,112.94 1 0
github.com/viralabs-dev/mudarro/internal/mudarro/executor.go:15.2,15.23 1 0
github.com/viralabs-dev/mudarro/internal/mudarro/executor.go:16.3,17.1 1 0
github.com/viralabs-dev/mudarro/internal/mudarro/executor.go:18.2,18.22 1 0
github.com/viralabs-dev/mudarro/internal/mudarro/generate.go:22.32,22.76 1 0
github.com/viralabs-dev/mudarro/internal/mudarro/generate.go:24.2,24.37 1 0
github.com/viralabs-dev/mudarro/internal/mudarro/generate.go:25.3,26.1 1 0
github.com/viralabs-dev/mudarro/internal/mudarro/generate.go:27.2,28.57 2 0
github.com/viralabs-dev/mudarro/internal/mudarro/generate.go:29.3,30.31 2 0
github.com/viralabs-dev/mudarro/internal/mudarro/generate.go:31.4,32.1 1 0
github.com/viralabs-dev/mudarro/internal/mudarro/generate.go:33.3,34.13 2 0
github.com/viralabs-dev/mudarro/internal/mudarro/generate.go:36.2,37.51 2 0
github.com/viralabs-dev/mudarro/internal/mudarro/generate.go:38.3,39.1 1 0
github.com/viralabs-dev/mudarro/internal/mudarro/generate.go:40.2,40.31 1 0
github.com/viralabs-dev/mudarro/internal/mudarro/generate.go:41.3,41.32 1 0
github.com/viralabs-dev/mudarro/internal/mudarro/generate.go:42.4,44.41 3 0
github.com/viralabs-dev/mudarro/internal/mudarro/generate.go:45.5,46.1 1 0
github.com/viralabs-dev/mudarro/internal/mudarro/generate.go:48.3,49.15 2 0
github.com/viralabs-dev/mudarro/internal/mudarro/generate.go:50.4,51.1 1 0
github.com/viralabs-dev/mudarro/internal/mudarro/generate.go:52.3,52.30 1 0
github.com/viralabs-dev/mudarro/internal/mudarro/generate.go:53.4,53.75 1 0
github.com/viralabs-dev/mudarro/internal/mudarro/generate.go:54.5,55.1 1 0
github.com/viralabs-dev/mudarro/internal/mudarro/generate.go:58.2,59.14 2 0
github.com/viralabs-dev/mudarro/internal/mudarro/generate.go:60.3,61.1 1 0
github.com/viralabs-dev/mudarro/internal/mudarro/generate.go:62.2,63.49 2 0
github.com/viralabs-dev/mudarro/internal/mudarro/generate.go:64.3,64.44 1 0
github.com/viralabs-dev/mudarro/internal/mudarro/generate.go:65.4,66.1 1 0
github.com/viralabs-dev/mudarro/internal/mudarro/generate.go:67.9,67.30 1 0
github.com/viralabs-dev/mudarro/internal/mudarro/generate.go:68.3,69.1 1 0
github.com/viralabs-dev/mudarro/internal/mudarro/generate.go:70.2,71.30 2 0
github.com/viralabs-dev/mudarro/internal/mudarro/generate.go:72.3,73.1 1 0
github.com/viralabs-dev/mudarro/internal/mudarro/generate.go:74.2,75.23 2 0
github.com/viralabs-dev/mudarro/internal/mudarro/generate.go:76.3,77.1 1 0
github.com/viralabs-dev/mudarro/internal/mudarro/generate.go:78.2,80.1 3 0
github.com/viralabs-dev/mudarro/internal/mudarro/generate.go:81.2,81.26 3 0
github.com/viralabs-dev/mudarro/internal/mudarro/generate.go:82.3,83.15 2 0
github.com/viralabs-dev/mudarro/internal/mudarro/generate.go:84.4,85.1 1 0
github.com/viralabs-dev/mudarro/internal/mudarro/generate.go:86.3,88.15 3 0
github.com/viralabs-dev/mudarro/internal/mudarro/generate.go:89.4,89.39 1 0
github.com/viralabs-dev/mudarro/internal/mudarro/generate.go:90.5,90.23 1 0
github.com/viralabs-dev/mudarro/internal/mudarro/generate.go:91.6,92.1 1 0
github.com/viralabs-dev/mudarro/internal/mudarro/generate.go:93.5,94.36 2 0
github.com/viralabs-dev/mudarro/internal/mudarro/generate.go:95.6,95.14 1 0
github.com/viralabs-dev/mudarro/internal/mudarro/generate.go:98.5,99.13 2 0
github.com/viralabs-dev/mudarro/internal/mudarro/generate.go:101.10,101.31 1 0
github.com/viralabs-dev/mudarro/internal/mudarro/generate.go:102.4,103.1 1 0
github.com/viralabs-dev/mudarro/internal/mudarro/generate.go:104.4,105.1 1 0
github.com/viralabs-dev/mudarro/internal/mudarro/generate.go:106.3,106.29 1 0
github.com/viralabs-dev/mudarro/internal/mudarro/generate.go:108.2,108.27 1 0
github.com/viralabs-dev/mudarro/internal/mudarro/generate.go:109.3,110.10 2 0
github.com/viralabs-dev/mudarro/internal/mudarro/generate.go:111.4,111.12 1 0
github.com/viralabs-dev/mudarro/internal/mudarro/generate.go:113.3,114.69 2 0
github.com/viralabs-dev/mudarro/internal/mudarro/generate.go:115.4,116.1 1 0
github.com/viralabs-dev/mudarro/internal/mudarro/generate.go:118.2,118.9 1 0
github.com/viralabs-dev/mudarro/internal/mudarro/generate.go:119.3,120.1 1 0
github.com/viralabs-dev/mudarro/internal/mudarro/generate.go:121.2,122.57 2 0
github.com/viralabs-dev/mudarro/internal/mudarro/generate.go:125.2,125.58 1 0
github.com/viralabs-dev/mudarro/internal/mudarro/generate.go:126.3,127.1 1 0
github.com/viralabs-dev/mudarro/internal/mudarro/generate.go:128.2,129.14 2 0
github.com/viralabs-dev/mudarro/internal/mudarro/generate.go:130.3,131.1 1 0
github.com/viralabs-dev/mudarro/internal/mudarro/generate.go:132.2,133.33 2 0
github.com/viralabs-dev/mudarro/internal/mudarro/generate.go:134.3,136.1 2 0
github.com/viralabs-dev/mudarro/internal/mudarro/generate.go:137.2,137.33 1 0
github.com/viralabs-dev/mudarro/internal/mudarro/generate.go:138.3,140.1 2 0
github.com/viralabs-dev/mudarro/internal/mudarro/generate.go:141.2,141.29 1 0
github.com/viralabs-dev/mudarro/internal/mudarro/generate.go:142.3,143.1 1 0
github.com/viralabs-dev/mudarro/internal/mudarro/generate.go:144.2,144.34 1 0
github.com/viralabs-dev/mudarro/internal/mudarro/kubernetes_runner.go:10.2,13.14 4 0
github.com/viralabs-dev/mudarro/internal/mudarro/kubernetes_runner.go:14.3,15.1 1 0
github.com/viralabs-dev/mudarro/internal/mudarro/kubernetes_runner.go:16.2,17.27 2 0
github.com/viralabs-dev/mudarro/internal/mudarro/kubernetes_runner.go:18.3,19.1 1 0
github.com/viralabs-dev/mudarro/internal/mudarro/kubernetes_runner.go:20.2,21.22 2 0
github.com/viralabs-dev/mudarro/internal/mudarro/kubernetes_runner.go:22.3,23.1 1 0
github.com/viralabs-dev/mudarro/internal/mudarro/kubernetes_runner.go:24.2,24.11 1 0
github.com/viralabs-dev/mudarro/internal/mudarro/kubernetes_runner.go:25.3,27.1 2 0
github.com/viralabs-dev/mudarro/internal/mudarro/kubernetes_runner.go:28.2,29.14 2 0
github.com/viralabs-dev/mudarro/internal/mudarro/kubernetes_runner.go:30.3,31.1 1 0
github.com/viralabs-dev/mudarro/internal/mudarro/kubernetes_runner.go:32.2,38.1 2 0
github.com/viralabs-dev/mudarro/internal/mudarro/kubernetes_runner.go:40.2,40.46 2 0
github.com/viralabs-dev/mudarro/internal/mudarro/kubernetes_runner.go:41.3,42.1 1 0
github.com/viralabs-dev/mudarro/internal/mudarro/kubernetes_runner.go:43.2,43.48 1 0
github.com/viralabs-dev/mudarro/internal/mudarro/kubernetes_runner.go:44.3,48.1 1 0
github.com/viralabs-dev/mudarro/internal/mudarro/kubernetes_runner.go:49.2,50.36 2 0
github.com/viralabs-dev/mudarro/internal/mudarro/kubernetes_runner.go:51.3,52.75 2 0
github.com/viralabs-dev/mudarro/internal/mudarro/kubernetes_runner.go:53.4,53.12 1 0
github.com/viralabs-dev/mudarro/internal/mudarro/kubernetes_runner.go:55.3,57.13 3 0
github.com/viralabs-dev/mudarro/internal/mudarro/kubernetes_runner.go:59.4,59.27 1 0
github.com/viralabs-dev/mudarro/internal/mudarro/kubernetes_runner.go:60.5,61.1 1 0
github.com/viralabs-dev/mudarro/internal/mudarro/kubernetes_runner.go:62.4,62.81 1 0
github.com/viralabs-dev/mudarro/internal/mudarro/kubernetes_runner.go:64.4,64.78 1 0
github.com/viralabs-dev/mudarro/internal/mudarro/kubernetes_runner.go:66.4,66.103 1 0
github.com/viralabs-dev/mudarro/internal/mudarro/kubernetes_runner.go:68.3,68.41 1 0
github.com/viralabs-dev/mudarro/internal/mudarro/kubernetes_runner.go:69.4,70.1 1 0
github.com/viralabs-dev/mudarro/internal/mudarro/kubernetes_runner.go:71.3,71.10 1 0
github.com/viralabs-dev/mudarro/internal/mudarro/kubernetes_runner.go:73.2,73.16 1 0
github.com/viralabs-dev/mudarro/internal/mudarro/kubernetes_runner.go:74.3,75.1 1 0
github.com/viralabs-dev/mudarro/internal/mudarro/kubernetes_runner.go:76.2,76.12 1 0
github.com/viralabs-dev/mudarro/internal/mudarro/local_runner.go:27.2,27.39 1 0
github.com/viralabs-dev/mudarro/internal/mudarro/local_runner.go:28.3,29.1 1 0
github.com/viralabs-dev/mudarro/internal/mudarro/local_runner.go:30.2,31.14 2 0
github.com/viralabs-dev/mudarro/internal/mudarro/local_runner.go:32.3,33.1 1 0
github.com/viralabs-dev/mudarro/internal/mudarro/local_runner.go:34.2,35.27 2 0
github.com/viralabs-dev/mudarro/internal/mudarro/local_runner.go:36.3,36.83 1 0
github.com/viralabs-dev/mudarro/internal/mudarro/local_runner.go:37.4,38.1 1 0
github.com/viralabs-dev/mudarro/internal/mudarro/local_runner.go:40.2,40.14 1 0
github.com/viralabs-dev/mudarro/internal/mudarro/local_runner.go:43.2,47.1 4 0
github.com/viralabs-dev/mudarro/internal/mudarro/local_runner.go:49.2,50.14 2 0
github.com/viralabs-dev/mudarro/internal/mudarro/local_runner.go:51.3,52.1 1 0
github.com/viralabs-dev/mudarro/internal/mudarro/local_runner.go:53.2,53.11 1 0
github.com/viralabs-dev/mudarro/internal/mudarro/local_runner.go:54.3,56.1 2 0
github.com/viralabs-dev/mudarro/internal/mudarro/local_runner.go:57.2,57.43 1 0
github.com/viralabs-dev/mudarro/internal/mudarro/local_runner.go:58.3,59.1 1 0
github.com/viralabs-dev/mudarro/internal/mudarro/local_runner.go:60.2,61.14 2 0
github.com/viralabs-dev/mudarro/internal/mudarro/local_runner.go:62.3,63.1 1 0
github.com/viralabs-dev/mudarro/internal/mudarro/local_runner.go:64.2,65.14 2 0
github.com/viralabs-dev/mudarro/internal/mudarro/local_runner.go:66.3,67.1 1 0
github.com/viralabs-dev/mudarro/internal/mudarro/local_runner.go:68.2,69.66 2 0
github.com/viralabs-dev/mudarro/internal/mudarro/local_runner.go:70.3,71.1 1 0
github.com/viralabs-dev/mudarro/internal/mudarro/local_runner.go:72.2,73.60 2 0
github.com/viralabs-dev/mudarro/internal/mudarro/local_runner.go:74.3,74.84 1 0
github.com/viralabs-dev/mudarro/internal/mudarro/local_runner.go:75.4,76.1 1 0
github.com/viralabs-dev/mudarro/internal/mudarro/local_runner.go:78.2,81.12 4 0
github.com/viralabs-dev/mudarro/internal/mudarro/local_runner.go:83.3,83.12 1 0
github.com/viralabs-dev/mudarro/internal/mudarro/local_runner.go:84.4,85.1 1 0
github.com/viralabs-dev/mudarro/internal/mudarro/local_runner.go:86.4,87.1 1 0
github.com/viralabs-dev/mudarro/internal/mudarro/local_runner.go:88.3,88.13 1 0
github.com/viralabs-dev/mudarro/internal/mudarro/local_runner.go:90.3,91.15 2 0
github.com/viralabs-dev/mudarro/internal/mudarro/local_runner.go:92.4,93.1 1 0
github.com/viralabs-dev/mudarro/internal/mudarro/local_runner.go:94.3,96.11 3 0
github.com/viralabs-dev/mudarro/internal/mudarro/local_runner.go:98.3,98.12 1 0
github.com/viralabs-dev/mudarro/internal/mudarro/local_runner.go:99.4,99.60 1 0
github.com/viralabs-dev/mudarro/internal/mudarro/local_runner.go:100.5,101.1 1 0
github.com/viralabs-dev/mudarro/internal/mudarro/local_runner.go:102.4,102.44 1 0
github.com/viralabs-dev/mudarro/internal/mudarro/local_runner.go:103.5,104.1 1 0
github.com/viralabs-dev/mudarro/internal/mudarro/local_runner.go:105.4,105.19 1 0
github.com/viralabs-dev/mudarro/internal/mudarro/local_runner.go:106.5,107.1 1 0
github.com/viralabs-dev/mudarro/internal/mudarro/local_runner.go:109.3,109.19 1 0
github.com/viralabs-dev/mudarro/internal/mudarro/local_runner.go:110.4,112.1 2 0
github.com/viralabs-dev/mudarro/internal/mudarro/local_runner.go:114.3,114.12 1 0
github.com/viralabs-dev/mudarro/internal/mudarro/local_runner.go:115.4,117.1 2 0
github.com/viralabs-dev/mudarro/internal/mudarro/local_runner.go:119.3,119.61 1 0
github.com/viralabs-dev/mudarro/internal/mudarro/local_runner.go:121.2,122.14 2 0
github.com/viralabs-dev/mudarro/internal/mudarro/local_runner.go:123.3,124.1 1 0
github.com/viralabs-dev/mudarro/internal/mudarro/local_runner.go:125.2,126.39 2 0
github.com/viralabs-dev/mudarro/internal/mudarro/local_runner.go:127.3,128.1 1 0
github.com/viralabs-dev/mudarro/internal/mudarro/local_runner.go:129.2,131.14 3 0
github.com/viralabs-dev/mudarro/internal/mudarro/local_runner.go:132.3,133.1 1 0
github.com/viralabs-dev/mudarro/internal/mudarro/local_runner.go:134.2,139.33 6 0
github.com/viralabs-dev/mudarro/internal/mudarro/local_runner.go:140.3,141.1 1 0
github.com/viralabs-dev/mudarro/internal/mudarro/local_runner.go:142.2,144.46 3 0
github.com/viralabs-dev/mudarro/internal/mudarro/local_runner.go:145.3,147.1 2 0
github.com/viralabs-dev/mudarro/internal/mudarro/local_runner.go:148.2,150.18 3 0
github.com/viralabs-dev/mudarro/internal/mudarro/local_runner.go:151.3,152.1 1 0
github.com/viralabs-dev/mudarro/internal/mudarro/local_runner.go:153.2,154.12 2 0
github.com/viralabs-dev/mudarro/internal/mudarro/local_runner.go:157.2,157.20 1 0
github.com/viralabs-dev/mudarro/internal/mudarro/local_runner.go:158.3,159.1 1 0
github.com/viralabs-dev/mudarro/internal/mudarro/local_runner.go:160.2,162.14 3 0
github.com/viralabs-dev/mudarro/internal/mudarro/local_runner.go:163.3,164.1 1 0
github.com/viralabs-dev/mudarro/internal/mudarro/local_runner.go:165.2,167.31 3 0
github.com/viralabs-dev/mudarro/internal/mudarro/local_runner.go:168.3,168.17 1 0
github.com/viralabs-dev/mudarro/internal/mudarro/local_runner.go:169.4,171.1 2 0
github.com/viralabs-dev/mudarro/internal/mudarro/local_runner.go:173.2,173.12 1 0
github.com/viralabs-dev/mudarro/internal/mudarro/local_runner.go:174.3,175.1 1 0
github.com/viralabs-dev/mudarro/internal/mudarro/local_runner.go:176.2,177.9 2 0
github.com/viralabs-dev/mudarro/internal/mudarro/local_runner.go:178.3,179.1 1 0
github.com/viralabs-dev/mudarro/internal/mudarro/local_runner.go:180.2,181.14 2 0
github.com/viralabs-dev/mudarro/internal/mudarro/local_runner.go:182.3,183.1 1 0
github.com/viralabs-dev/mudarro/internal/mudarro/local_runner.go:184.2,184.19 1 0
github.com/viralabs-dev/mudarro/internal/mudarro/local_runner.go:185.3,186.1 1 0
github.com/viralabs-dev/mudarro/internal/mudarro/local_runner.go:187.2,187.17 1 0
github.com/viralabs-dev/mudarro/internal/mudarro/local_runner.go:188.3,189.1 1 0
github.com/viralabs-dev/mudarro/internal/mudarro/local_runner.go:190.2,191.14 2 0
github.com/viralabs-dev/mudarro/internal/mudarro/local_runner.go:192.3,193.1 1 0
github.com/viralabs-dev/mudarro/internal/mudarro/local_runner.go:194.2,201.33 8 0
github.com/viralabs-dev/mudarro/internal/mudarro/local_runner.go:202.3,203.1 1 0
github.com/viralabs-dev/mudarro/internal/mudarro/local_runner.go:204.2,205.12 2 0
github.com/viralabs-dev/mudarro/internal/mudarro/local_runner.go:205.14,205.36 1 0
github.com/viralabs-dev/mudarro/internal/mudarro/local_runner.go:206.2,206.9 1 0
github.com/viralabs-dev/mudarro/internal/mudarro/local_runner.go:208.3,208.11 1 0
github.com/viralabs-dev/mudarro/internal/mudarro/local_runner.go:210.3,211.10 2 0
github.com/viralabs-dev/mudarro/internal/mudarro/local_runner.go:213.4,213.12 1 0
github.com/viralabs-dev/mudarro/internal/mudarro/local_runner.go:215.4,216.17 2 0
github.com/viralabs-dev/mudarro/internal/mudarro/runner.go:19.2,19.21 1 0
github.com/viralabs-dev/mudarro/internal/mudarro/runner.go:20.3,21.1 1 0
github.com/viralabs-dev/mudarro/internal/mudarro/runner.go:22.2,22.37 1 0
github.com/viralabs-dev/mudarro/internal/mudarro/runner.go:23.3,26.54 4 0
github.com/viralabs-dev/mudarro/internal/mudarro/runner.go:27.4,28.1 1 0
github.com/viralabs-dev/mudarro/internal/mudarro/runner.go:30.2,30.44 1 0
github.com/viralabs-dev/mudarro/internal/mudarro/runner.go:31.3,32.1 1 0
github.com/viralabs-dev/mudarro/internal/mudarro/runner.go:33.2,33.42 1 0
github.com/viralabs-dev/mudarro/internal/mudarro/runner.go:34.3,35.1 1 0
github.com/viralabs-dev/mudarro/internal/mudarro/runner.go:36.2,36.32 1 0
github.com/viralabs-dev/mudarro/internal/mudarro/runner.go:37.3,38.1 1 0
github.com/viralabs-dev/mudarro/internal/mudarro/runner.go:39.2,39.11 1 0
github.com/viralabs-dev/mudarro/internal/mudarro/runner.go:40.3,42.1 2 0
github.com/viralabs-dev/mudarro/internal/mudarro/runner.go:43.2,44.14 2 0
github.com/viralabs-dev/mudarro/internal/mudarro/runner.go:45.3,46.1 1 0
github.com/viralabs-dev/mudarro/internal/mudarro/runner.go:47.2,47.27 1 0
github.com/viralabs-dev/mudarro/internal/mudarro/runner.go:48.3,49.1 1 0
github.com/viralabs-dev/mudarro/internal/mudarro/runner.go:50.2,50.20 1 0
github.com/viralabs-dev/mudarro/internal/mudarro/runner.go:51.3,52.1 1 0
github.com/viralabs-dev/mudarro/internal/mudarro/runner.go:53.2,54.14 2 0
github.com/viralabs-dev/mudarro/internal/mudarro/runner.go:55.3,56.1 1 0
github.com/viralabs-dev/mudarro/internal/mudarro/runner.go:57.2,58.22 2 0
github.com/viralabs-dev/mudarro/internal/mudarro/runner.go:59.3,60.1 1 0
github.com/viralabs-dev/mudarro/internal/mudarro/runner.go:62.2,62.182 1 0
github.com/viralabs-dev/mudarro/internal/mudarro/runner.go:63.3,66.60 4 0
github.com/viralabs-dev/mudarro/internal/mudarro/runner.go:67.4,67.58 1 0
github.com/viralabs-dev/mudarro/internal/mudarro/runner.go:68.5,69.1 1 0
github.com/viralabs-dev/mudarro/internal/mudarro/runner.go:70.4,70.22 1 0
github.com/viralabs-dev/mudarro/internal/mudarro/runner.go:71.5,72.1 1 0
github.com/viralabs-dev/mudarro/internal/mudarro/runner.go:75.2,75.29 1 0
github.com/viralabs-dev/mudarro/internal/mudarro/runner.go:78.2,79.1 1 0
github.com/viralabs-dev/mudarro/internal/mudarro/scan.go:31.53,31.101 1 0
github.com/viralabs-dev/mudarro/internal/mudarro/scan.go:32.53,32.95 1 0
github.com/viralabs-dev/mudarro/internal/mudarro/scan.go:33.53,33.125 2 0
github.com/viralabs-dev/mudarro/internal/mudarro/scan.go:36.2,38.78 3 0
github.com/viralabs-dev/mudarro/internal/mudarro/scan.go:39.3,39.15 1 0
github.com/viralabs-dev/mudarro/internal/mudarro/scan.go:40.4,41.1 1 0
github.com/viralabs-dev/mudarro/internal/mudarro/scan.go:42.3,43.32 2 0
github.com/viralabs-dev/mudarro/internal/mudarro/scan.go:44.4,45.105 2 0
github.com/viralabs-dev/mudarro/internal/mudarro/scan.go:46.5,46.18 1 0
github.com/viralabs-dev/mudarro/internal/mudarro/scan.go:47.6,48.1 1 0
github.com/viralabs-dev/mudarro/internal/mudarro/scan.go:49.5,49.15 1 0
github.com/viralabs-dev/mudarro/internal/mudarro/scan.go:52.3,52.16 1 0
github.com/viralabs-dev/mudarro/internal/mudarro/scan.go:53.4,53.57 1 0
github.com/viralabs-dev/mudarro/internal/mudarro/scan.go:54.5,55.1 1 0
github.com/viralabs-dev/mudarro/internal/mudarro/scan.go:56.4,56.14 1 0
github.com/viralabs-dev/mudarro/internal/mudarro/scan.go:58.3,58.35 1 0
github.com/viralabs-dev/mudarro/internal/mudarro/scan.go:59.4,60.1 1 0
github.com/viralabs-dev/mudarro/internal/mudarro/scan.go:61.3,62.23 2 0
github.com/viralabs-dev/mudarro/internal/mudarro/scan.go:63.4,64.1 1 0
github.com/viralabs-dev/mudarro/internal/mudarro/scan.go:65.3,66.13 2 0
github.com/viralabs-dev/mudarro/internal/mudarro/scan.go:68.2,68.14 1 0
github.com/viralabs-dev/mudarro/internal/mudarro/scan.go:69.3,70.1 1 0
github.com/viralabs-dev/mudarro/internal/mudarro/scan.go:71.2,72.22 2 0
github.com/viralabs-dev/mudarro/internal/mudarro/scan.go:73.3,74.1 1 0
github.com/viralabs-dev/mudarro/internal/mudarro/scan.go:75.2,76.28 2 0
github.com/viralabs-dev/mudarro/internal/mudarro/scan.go:77.3,78.19 2 0
github.com/viralabs-dev/mudarro/internal/mudarro/scan.go:79.4,80.1 1 0
github.com/viralabs-dev/mudarro/internal/mudarro/scan.go:81.3,81.38 1 0
github.com/viralabs-dev/mudarro/internal/mudarro/scan.go:82.4,83.16 2 0
github.com/viralabs-dev/mudarro/internal/mudarro/scan.go:84.5,85.13 2 0
github.com/viralabs-dev/mudarro/internal/mudarro/scan.go:87.4,87.16 1 0
github.com/viralabs-dev/mudarro/internal/mudarro/scan.go:88.5,88.13 1 0
github.com/viralabs-dev/mudarro/internal/mudarro/scan.go:90.4,94.35 5 0
github.com/viralabs-dev/mudarro/internal/mudarro/scan.go:95.5,97.1 2 0
github.com/viralabs-dev/mudarro/internal/mudarro/scan.go:98.4,98.39 1 0
github.com/viralabs-dev/mudarro/internal/mudarro/scan.go:99.5,101.53 3 0
github.com/viralabs-dev/mudarro/internal/mudarro/scan.go:102.6,103.1 1 0
github.com/viralabs-dev/mudarro/internal/mudarro/scan.go:107.2,107.33 1 0
github.com/viralabs-dev/mudarro/internal/mudarro/scan.go:108.3,112.1 4 0
github.com/viralabs-dev/mudarro/internal/mudarro/scan.go:113.2,113.28 1 0
github.com/viralabs-dev/mudarro/internal/mudarro/scan.go:114.3,114.31 1 0
github.com/viralabs-dev/mudarro/internal/mudarro/scan.go:115.4,115.61 1 0
github.com/viralabs-dev/mudarro/internal/mudarro/scan.go:116.5,116.13 1 0
github.com/viralabs-dev/mudarro/internal/mudarro/scan.go:118.4,118.25 1 0
github.com/viralabs-dev/mudarro/internal/mudarro/scan.go:119.5,119.13 1 0
github.com/viralabs-dev/mudarro/internal/mudarro/scan.go:121.4,123.40 3 0
github.com/viralabs-dev/mudarro/internal/mudarro/scan.go:124.5,124.97 1 0
github.com/viralabs-dev/mudarro/internal/mudarro/scan.go:125.6,125.27 1 0
github.com/viralabs-dev/mudarro/internal/mudarro/scan.go:126.7,128.1 2 0
github.com/viralabs-dev/mudarro/internal/mudarro/scan.go:131.4,133.26 3 0
github.com/viralabs-dev/mudarro/internal/mudarro/scan.go:134.5,135.17 2 0
github.com/viralabs-dev/mudarro/internal/mudarro/scan.go:136.6,137.14 2 0
github.com/viralabs-dev/mudarro/internal/mudarro/scan.go:139.5,140.63 2 0
github.com/viralabs-dev/mudarro/internal/mudarro/scan.go:141.6,142.1 1 0
github.com/viralabs-dev/mudarro/internal/mudarro/scan.go:144.5,145.34 2 0
github.com/viralabs-dev/mudarro/internal/mudarro/scan.go:146.6,147.1 1 0
github.com/viralabs-dev/mudarro/internal/mudarro/scan.go:151.2,151.48 1 0
github.com/viralabs-dev/mudarro/internal/mudarro/scan.go:152.3,153.1 1 0
github.com/viralabs-dev/mudarro/internal/mudarro/scan.go:154.2,154.15 1 0
github.com/viralabs-dev/mudarro/internal/mudarro/scan.go:158.2,159.105 2 0
github.com/viralabs-dev/mudarro/internal/mudarro/scan.go:160.3,160.44 1 0
github.com/viralabs-dev/mudarro/internal/mudarro/scan.go:161.4,163.1 2 0
github.com/viralabs-dev/mudarro/internal/mudarro/scan.go:165.2,165.78 1 0
github.com/viralabs-dev/mudarro/internal/mudarro/scan.go:166.3,167.1 1 0
github.com/viralabs-dev/mudarro/internal/mudarro/scan.go:168.2,168.50 1 0
github.com/viralabs-dev/mudarro/internal/mudarro/scan.go:169.3,169.44 1 0
github.com/viralabs-dev/mudarro/internal/mudarro/scan.go:170.4,171.1 1 0
github.com/viralabs-dev/mudarro/internal/mudarro/scan.go:173.2,173.54 1 0
github.com/viralabs-dev/mudarro/internal/mudarro/scan.go:174.3,175.1 1 0
github.com/viralabs-dev/mudarro/internal/mudarro/scan.go:176.2,176.72 1 0
github.com/viralabs-dev/mudarro/internal/mudarro/scan.go:177.3,177.44 1 0
github.com/viralabs-dev/mudarro/internal/mudarro/scan.go:178.4,179.9 2 0
github.com/viralabs-dev/mudarro/internal/mudarro/scan.go:182.2,182.26 1 0
github.com/viralabs-dev/mudarro/internal/mudarro/scan.go:183.3,184.1 1 0
github.com/viralabs-dev/mudarro/internal/mudarro/scan.go:184.9,184.33 1 0
github.com/viralabs-dev/mudarro/internal/mudarro/scan.go:185.3,186.41 2 0
github.com/viralabs-dev/mudarro/internal/mudarro/scan.go:187.4,189.1 2 0
github.com/viralabs-dev/mudarro/internal/mudarro/scan.go:191.3,192.32 2 0
github.com/viralabs-dev/mudarro/internal/mudarro/scan.go:193.4,194.1 1 0
github.com/viralabs-dev/mudarro/internal/mudarro/scan.go:196.2,196.43 1 0
github.com/viralabs-dev/mudarro/internal/mudarro/scan.go:197.3,198.1 1 0
github.com/viralabs-dev/mudarro/internal/mudarro/scan.go:201.2,202.64 2 0
github.com/viralabs-dev/mudarro/internal/mudarro/scan.go:203.3,205.50 3 0
github.com/viralabs-dev/mudarro/internal/mudarro/scan.go:206.4,207.1 1 0
github.com/viralabs-dev/mudarro/internal/mudarro/scan.go:208.3,208.46 1 0
github.com/viralabs-dev/mudarro/internal/mudarro/scan.go:209.4,210.1 1 0
github.com/viralabs-dev/mudarro/internal/mudarro/scan.go:212.2,212.29 1 0
github.com/viralabs-dev/mudarro/internal/mudarro/scan.go:213.3,214.1 1 0
github.com/viralabs-dev/mudarro/internal/mudarro/scan.go:215.2,215.55 1 0
github.com/viralabs-dev/mudarro/internal/mudarro/scan.go:216.3,217.1 1 0
github.com/viralabs-dev/mudarro/internal/mudarro/scan.go:218.2,218.92 1 0
github.com/viralabs-dev/mudarro/internal/mudarro/scan.go:219.3,219.27 1 0
github.com/viralabs-dev/mudarro/internal/mudarro/scan.go:220.4,222.60 3 0
github.com/viralabs-dev/mudarro/internal/mudarro/scan.go:223.5,224.10 2 0
github.com/viralabs-dev/mudarro/internal/mudarro/scan.go:228.2,228.25 1 0
github.com/viralabs-dev/mudarro/internal/mudarro/scan.go:229.3,231.1 2 0
github.com/viralabs-dev/mudarro/internal/mudarro/scan.go:232.2,232.26 1 0
github.com/viralabs-dev/mudarro/internal/mudarro/scan.go:233.3,235.28 3 0
github.com/viralabs-dev/mudarro/internal/mudarro/scan.go:236.4,237.1 1 0
github.com/viralabs-dev/mudarro/internal/mudarro/sqlite_runner.go:10.2,11.16 2 0
github.com/viralabs-dev/mudarro/internal/mudarro/sqlite_runner.go:12.3,13.1 1 0
github.com/viralabs-dev/mudarro/internal/mudarro/sqlite_runner.go:14.2,15.16 2 0
github.com/viralabs-dev/mudarro/internal/mudarro/sqlite_runner.go:16.3,17.1 1 0
github.com/viralabs-dev/mudarro/internal/mudarro/sqlite_runner.go:18.2,18.11 1 0
github.com/viralabs-dev/mudarro/internal/mudarro/sqlite_runner.go:19.3,21.1 2 0
github.com/viralabs-dev/mudarro/internal/mudarro/sqlite_runner.go:22.2,22.61 1 0
github.com/viralabs-dev/mudarro/internal/mudarro/sqlite_runner.go:23.3,24.1 1 0
github.com/viralabs-dev/mudarro/internal/mudarro/sqlite_runner.go:25.2,26.21 2 0
github.com/viralabs-dev/mudarro/internal/mudarro/sqlite_runner.go:27.3,29.1 2 0
github.com/viralabs-dev/mudarro/internal/mudarro/sqlite_runner.go:30.2,30.16 1 0
github.com/viralabs-dev/mudarro/internal/mudarro/sqlite_runner.go:31.3,32.1 1 0
github.com/viralabs-dev/mudarro/internal/mudarro/sqlite_runner.go:33.2,33.18 1 0
github.com/viralabs-dev/mudarro/internal/mudarro/templates.go:11.2,12.27 2 0
github.com/viralabs-dev/mudarro/internal/mudarro/templates.go:12.29,12.72 1 0
github.com/viralabs-dev/mudarro/internal/mudarro/templates.go:13.2,14.16 2 0
github.com/viralabs-dev/mudarro/internal/mudarro/templates.go:15.3,15.73 1 0
github.com/viralabs-dev/mudarro/internal/mudarro/templates.go:16.4,17.1 1 0
github.com/viralabs-dev/mudarro/internal/mudarro/templates.go:18.3,19.10 2 0
github.com/viralabs-dev/mudarro/internal/mudarro/templates.go:20.4,21.1 1 0
github.com/viralabs-dev/mudarro/internal/mudarro/templates.go:22.3,23.21 2 0
github.com/viralabs-dev/mudarro/internal/mudarro/templates.go:25.4,25.21 1 0
github.com/viralabs-dev/mudarro/internal/mudarro/templates.go:27.5,27.89 1 0
github.com/viralabs-dev/mudarro/internal/mudarro/templates.go:29.5,29.124 1 0
github.com/viralabs-dev/mudarro/internal/mudarro/templates.go:31.5,31.71 1 0
github.com/viralabs-dev/mudarro/internal/mudarro/templates.go:34.4,35.21 2 0
github.com/viralabs-dev/mudarro/internal/mudarro/templates.go:37.5,39.38 3 0
github.com/viralabs-dev/mudarro/internal/mudarro/templates.go:40.6,41.1 1 0
github.com/viralabs-dev/mudarro/internal/mudarro/templates.go:42.5,42.59 1 0
github.com/viralabs-dev/mudarro/internal/mudarro/templates.go:44.5,44.67 1 0
github.com/viralabs-dev/mudarro/internal/mudarro/templates.go:46.5,46.78 1 0
github.com/viralabs-dev/mudarro/internal/mudarro/templates.go:48.5,48.60 1 0
github.com/viralabs-dev/mudarro/internal/mudarro/templates.go:51.4,51.91 1 0
github.com/viralabs-dev/mudarro/internal/mudarro/templates.go:53.4,53.88 1 0
github.com/viralabs-dev/mudarro/internal/mudarro/templates.go:55.3,56.24 2 0
github.com/viralabs-dev/mudarro/internal/mudarro/templates.go:57.4,58.1 1 0
github.com/viralabs-dev/mudarro/internal/mudarro/templates.go:59.3,61.45 3 0
github.com/viralabs-dev/mudarro/internal/mudarro/templates.go:62.4,63.1 1 0
github.com/viralabs-dev/mudarro/internal/mudarro/templates.go:64.3,66.72 3 0
github.com/viralabs-dev/mudarro/internal/mudarro/templates.go:67.4,67.20 1 0
github.com/viralabs-dev/mudarro/internal/mudarro/templates.go:68.5,69.1 1 0
github.com/viralabs-dev/mudarro/internal/mudarro/templates.go:70.4,71.18 2 0
github.com/viralabs-dev/mudarro/internal/mudarro/templates.go:72.5,73.1 1 0
github.com/viralabs-dev/mudarro/internal/mudarro/templates.go:74.4,76.44 3 0
github.com/viralabs-dev/mudarro/internal/mudarro/templates.go:77.5,80.18 4 0
github.com/viralabs-dev/mudarro/internal/mudarro/templates.go:81.6,82.1 1 0
github.com/viralabs-dev/mudarro/internal/mudarro/templates.go:83.5,83.105 1 0
github.com/viralabs-dev/mudarro/internal/mudarro/templates.go:85.4,86.26 2 0
github.com/viralabs-dev/mudarro/internal/mudarro/templates.go:88.3,88.29 1 0
github.com/viralabs-dev/mudarro/internal/mudarro/templates.go:89.4,89.54 1 0
github.com/viralabs-dev/mudarro/internal/mudarro/templates.go:90.5,91.1 1 0
github.com/viralabs-dev/mudarro/internal/mudarro/templates.go:92.4,92.92 1 0
github.com/viralabs-dev/mudarro/internal/mudarro/templates.go:93.5,94.1 1 0
github.com/viralabs-dev/mudarro/internal/mudarro/templates.go:95.4,97.44 3 0
github.com/viralabs-dev/mudarro/internal/mudarro/templates.go:98.5,99.18 2 0
github.com/viralabs-dev/mudarro/internal/mudarro/templates.go:100.6,101.1 1 0
github.com/viralabs-dev/mudarro/internal/mudarro/templates.go:102.5,102.164 1 0
github.com/viralabs-dev/mudarro/internal/mudarro/templates.go:104.4,111.44 8 0
github.com/viralabs-dev/mudarro/internal/mudarro/templates.go:112.5,115.1 3 0
github.com/viralabs-dev/mudarro/internal/mudarro/templates.go:116.4,116.29 1 0
github.com/viralabs-dev/mudarro/internal/mudarro/templates.go:117.5,119.1 2 0
github.com/viralabs-dev/mudarro/internal/mudarro/templates.go:122.2,122.16 1 0
github.com/viralabs-dev/mudarro/internal/mudarro/templates.go:123.3,123.50 1 0
github.com/viralabs-dev/mudarro/internal/mudarro/templates.go:124.4,125.1 1 0
github.com/viralabs-dev/mudarro/internal/mudarro/templates.go:126.3,126.51 1 0
github.com/viralabs-dev/mudarro/internal/mudarro/templates.go:127.4,128.1 1 0
github.com/viralabs-dev/mudarro/internal/mudarro/templates.go:129.3,129.19 1 0
github.com/viralabs-dev/mudarro/internal/mudarro/templates.go:130.4,131.1 1 0
github.com/viralabs-dev/mudarro/internal/mudarro/templates.go:132.3,133.16 2 0
github.com/viralabs-dev/mudarro/internal/mudarro/templates.go:134.4,135.1 1 0
github.com/viralabs-dev/mudarro/internal/mudarro/templates.go:136.3,137.17 2 0
github.com/viralabs-dev/mudarro/internal/mudarro/templates.go:139.4,141.116 3 0
github.com/viralabs-dev/mudarro/internal/mudarro/templates.go:143.4,147.110 5 0
github.com/viralabs-dev/mudarro/internal/mudarro/templates.go:149.4,151.241 3 0
github.com/viralabs-dev/mudarro/internal/mudarro/templates.go:153.4,154.149 2 0
github.com/viralabs-dev/mudarro/internal/mudarro/templates.go:156.4,156.70 1 0
github.com/viralabs-dev/mudarro/internal/mudarro/templates.go:159.2,159.19 1 0
github.com/viralabs-dev/mudarro/internal/mudarro/templates.go:162.2,162.24 1 0
github.com/viralabs-dev/mudarro/internal/mudarro/templates.go:163.3,164.14 2 0
github.com/viralabs-dev/mudarro/internal/mudarro/templates.go:165.4,166.1 1 0
github.com/viralabs-dev/mudarro/internal/mudarro/templates.go:167.3,167.170 1 0
github.com/viralabs-dev/mudarro/internal/mudarro/templates.go:169.2,169.333 1 0
github.com/viralabs-dev/mudarro/internal/mudarro/templates.go:173.2,231.1 1 0
github.com/viralabs-dev/mudarro/internal/mudarro/adapters/database_adapters.go:6.2,7.1 3 0
github.com/viralabs-dev/mudarro/internal/mudarro/adapters/database_adapters.go:8.2,9.1 3 0
github.com/viralabs-dev/mudarro/internal/mudarro/adapters/database_adapters.go:10.2,10.19 3 0
github.com/viralabs-dev/mudarro/internal/mudarro/adapters/database_adapters.go:11.3,11.30 1 0
github.com/viralabs-dev/mudarro/internal/mudarro/adapters/database_adapters.go:12.4,13.1 1 0
github.com/viralabs-dev/mudarro/internal/mudarro/adapters/database_adapters.go:15.2,15.10 1 0
github.com/viralabs-dev/mudarro/internal/mudarro/adapters/database_adapters.go:18.2,19.1 2 0
github.com/viralabs-dev/mudarro/internal/mudarro/adapters/database_adapters.go:20.2,23.266 2 0
github.com/viralabs-dev/mudarro/internal/mudarro/adapters/database_adapters.go:24.3,25.1 1 0
github.com/viralabs-dev/mudarro/internal/mudarro/adapters/database_adapters.go:27.2,27.19 1 0
github.com/viralabs-dev/mudarro/internal/mudarro/adapters/database_adapters.go:28.3,28.30 1 0
github.com/viralabs-dev/mudarro/internal/mudarro/adapters/database_adapters.go:29.4,30.1 1 0
github.com/viralabs-dev/mudarro/internal/mudarro/adapters/database_adapters.go:32.2,32.10 1 0
github.com/viralabs-dev/mudarro/internal/mudarro/adapters/database_adapters.go:35.2,36.1 3 0
github.com/viralabs-dev/mudarro/internal/mudarro/adapters/database_adapters.go:37.2,38.1 3 0
github.com/viralabs-dev/mudarro/internal/mudarro/adapters/database_adapters.go:39.2,39.19 3 0
github.com/viralabs-dev/mudarro/internal/mudarro/adapters/database_adapters.go:40.3,40.30 1 0
github.com/viralabs-dev/mudarro/internal/mudarro/adapters/database_adapters.go:41.4,42.1 1 0
github.com/viralabs-dev/mudarro/internal/mudarro/adapters/database_adapters.go:44.2,44.10 1 0
github.com/viralabs-dev/mudarro/internal/mudarro/adapters/database_adapters.go:47.2,49.1 4 0
github.com/viralabs-dev/mudarro/internal/mudarro/adapters/database_adapters.go:50.2,51.24 4 0
github.com/viralabs-dev/mudarro/internal/mudarro/adapters/database_adapters.go:52.3,53.1 1 0
github.com/viralabs-dev/mudarro/internal/mudarro/adapters/database_adapters.go:54.2,55.15 2 0
github.com/viralabs-dev/mudarro/internal/mudarro/adapters/database_adapters.go:56.3,57.1 1 0
github.com/viralabs-dev/mudarro/internal/mudarro/adapters/database_adapters.go:58.2,59.24 2 0
github.com/viralabs-dev/mudarro/internal/mudarro/adapters/database_adapters.go:60.3,61.16 2 0
github.com/viralabs-dev/mudarro/internal/mudarro/adapters/database_adapters.go:62.4,63.1 1 0
github.com/viralabs-dev/mudarro/internal/mudarro/adapters/database_adapters.go:65.2,66.1 2 0
github.com/viralabs-dev/mudarro/internal/mudarro/adapters/database_adapters.go:67.2,67.19 2 0
github.com/viralabs-dev/mudarro/internal/mudarro/adapters/database_adapters.go:68.3,68.30 1 0
github.com/viralabs-dev/mudarro/internal/mudarro/adapters/database_adapters.go:69.4,70.1 1 0
github.com/viralabs-dev/mudarro/internal/mudarro/adapters/database_adapters.go:72.2,72.10 1 0
github.com/viralabs-dev/mudarro/internal/mudarro/adapters/database_setup.go:7.2,8.25 2 0
github.com/viralabs-dev/mudarro/internal/mudarro/adapters/database_setup.go:10.3,10.20 1 0
github.com/viralabs-dev/mudarro/internal/mudarro/adapters/database_setup.go:12.4,12.86 1 0
github.com/viralabs-dev/mudarro/internal/mudarro/adapters/database_setup.go:14.4,14.86 1 0
github.com/viralabs-dev/mudarro/internal/mudarro/adapters/database_setup.go:16.4,16.97 1 0
github.com/viralabs-dev/mudarro/internal/mudarro/adapters/database_setup.go:19.3,20.35 2 0
github.com/viralabs-dev/mudarro/internal/mudarro/adapters/database_setup.go:21.4,22.1 1 0
github.com/viralabs-dev/mudarro/internal/mudarro/adapters/database_setup.go:23.3,23.38 1 0
github.com/viralabs-dev/mudarro/internal/mudarro/adapters/database_setup.go:24.4,25.1 1 0
github.com/viralabs-dev/mudarro/internal/mudarro/adapters/database_setup.go:26.3,27.24 2 0
github.com/viralabs-dev/mudarro/internal/mudarro/adapters/database_setup.go:28.4,29.1 1 0
github.com/viralabs-dev/mudarro/internal/mudarro/adapters/database_setup.go:30.3,30.28 1 0
github.com/viralabs-dev/mudarro/internal/mudarro/adapters/database_setup.go:31.4,32.1 1 0
github.com/viralabs-dev/mudarro/internal/mudarro/adapters/database_setup.go:33.3,33.64 1 0
github.com/viralabs-dev/mudarro/internal/mudarro/adapters/database_setup.go:35.3,35.98 1 0
github.com/viralabs-dev/mudarro/internal/mudarro/adapters/database_setup.go:37.2,38.56 2 0
github.com/viralabs-dev/mudarro/internal/mudarro/adapters/database_setup.go:39.3,40.1 1 0
github.com/viralabs-dev/mudarro/internal/mudarro/adapters/database_setup.go:41.2,41.27 1 0
github.com/viralabs-dev/mudarro/internal/mudarro/adapters/database_setup.go:42.3,43.1 1 0
github.com/viralabs-dev/mudarro/internal/mudarro/adapters/database_setup.go:44.2,44.96 1 0
github.com/viralabs-dev/mudarro/internal/mudarro/adapters/database_setup.go:45.3,45.72 1 0
github.com/viralabs-dev/mudarro/internal/mudarro/adapters/database_setup.go:46.4,49.1 3 0
github.com/viralabs-dev/mudarro/internal/mudarro/adapters/database_setup.go:51.2,51.10 1 0
github.com/viralabs-dev/mudarro/internal/mudarro/adapters/helpers.go:14.2,16.13 3 0
github.com/viralabs-dev/mudarro/internal/mudarro/adapters/helpers.go:17.3,18.1 1 0
github.com/viralabs-dev/mudarro/internal/mudarro/adapters/helpers.go:19.2,19.23 1 0
github.com/viralabs-dev/mudarro/internal/mudarro/adapters/helpers.go:22.2,23.1 1 0
github.com/viralabs-dev/mudarro/internal/mudarro/adapters/helpers.go:24.56,24.104 1 0
github.com/viralabs-dev/mudarro/internal/mudarro/adapters/helpers.go:28.53,28.75 1 0
github.com/viralabs-dev/mudarro/internal/mudarro/adapters/helpers.go:29.53,29.125 2 0
github.com/viralabs-dev/mudarro/internal/mudarro/adapters/helpers.go:30.53,30.101 1 0
github.com/viralabs-dev/mudarro/internal/mudarro/adapters/helpers.go:32.2,33.1 1 0
github.com/viralabs-dev/mudarro/internal/mudarro/adapters/helpers.go:35.2,36.1 1 0
github.com/viralabs-dev/mudarro/internal/mudarro/adapters/infrastructure_adapters.go:8.2,9.72 2 0
github.com/viralabs-dev/mudarro/internal/mudarro/adapters/infrastructure_adapters.go:10.3,11.109 2 0
github.com/viralabs-dev/mudarro/internal/mudarro/adapters/infrastructure_adapters.go:12.4,13.1 1 0
github.com/viralabs-dev/mudarro/internal/mudarro/adapters/infrastructure_adapters.go:14.3,14.19 1 0
github.com/viralabs-dev/mudarro/internal/mudarro/adapters/infrastructure_adapters.go:16.2,16.10 1 0
github.com/viralabs-dev/mudarro/internal/mudarro/adapters/infrastructure_adapters.go:19.2,22.25 4 0
github.com/viralabs-dev/mudarro/internal/mudarro/adapters/infrastructure_adapters.go:23.3,23.19 1 0
github.com/viralabs-dev/mudarro/internal/mudarro/adapters/infrastructure_adapters.go:24.4,25.1 1 0
github.com/viralabs-dev/mudarro/internal/mudarro/adapters/infrastructure_adapters.go:26.3,27.25 2 0
github.com/viralabs-dev/mudarro/internal/mudarro/adapters/infrastructure_adapters.go:30.4,31.1 1 0
github.com/viralabs-dev/mudarro/internal/mudarro/adapters/infrastructure_adapters.go:32.3,35.206 1 0
github.com/viralabs-dev/mudarro/internal/mudarro/adapters/infrastructure_adapters.go:36.4,38.1 2 0
github.com/viralabs-dev/mudarro/internal/mudarro/adapters/infrastructure_adapters.go:39.9,39.35 1 0
github.com/viralabs-dev/mudarro/internal/mudarro/adapters/infrastructure_adapters.go:40.3,40.20 1 0
github.com/viralabs-dev/mudarro/internal/mudarro/adapters/infrastructure_adapters.go:41.4,42.1 1 0
github.com/viralabs-dev/mudarro/internal/mudarro/adapters/infrastructure_adapters.go:43.3,44.17 2 0
github.com/viralabs-dev/mudarro/internal/mudarro/adapters/infrastructure_adapters.go:45.4,46.1 1 0
github.com/viralabs-dev/mudarro/internal/mudarro/adapters/infrastructure_adapters.go:47.3,49.17 3 0
github.com/viralabs-dev/mudarro/internal/mudarro/adapters/infrastructure_adapters.go:50.4,51.1 1 0
github.com/viralabs-dev/mudarro/internal/mudarro/adapters/infrastructure_adapters.go:52.3,54.128 3 0
github.com/viralabs-dev/mudarro/internal/mudarro/adapters/infrastructure_adapters.go:55.4,56.1 1 0
github.com/viralabs-dev/mudarro/internal/mudarro/adapters/infrastructure_adapters.go:58.3,59.1 1 0
github.com/viralabs-dev/mudarro/internal/mudarro/adapters/infrastructure_adapters.go:60.2,60.10 1 0
github.com/viralabs-dev/mudarro/internal/mudarro/adapters/infrastructure_adapters.go:63.2,64.58 2 0
github.com/viralabs-dev/mudarro/internal/mudarro/adapters/infrastructure_adapters.go:65.3,66.1 1 0
github.com/viralabs-dev/mudarro/internal/mudarro/adapters/infrastructure_adapters.go:67.2,69.22 3 0
github.com/viralabs-dev/mudarro/internal/mudarro/adapters/infrastructure_adapters.go:70.3,71.1 3 0
github.com/viralabs-dev/mudarro/internal/mudarro/adapters/infrastructure_adapters.go:72.3,74.1 3 0
github.com/viralabs-dev/mudarro/internal/mudarro/adapters/infrastructure_adapters.go:74.9,74.59 1 0
github.com/viralabs-dev/mudarro/internal/mudarro/adapters/infrastructure_adapters.go:75.3,76.28 2 0
github.com/viralabs-dev/mudarro/internal/mudarro/adapters/infrastructure_adapters.go:77.4,78.1 1 0
github.com/viralabs-dev/mudarro/internal/mudarro/adapters/infrastructure_adapters.go:79.3,80.1 3 0
github.com/viralabs-dev/mudarro/internal/mudarro/adapters/infrastructure_adapters.go:81.3,82.90 3 0
github.com/viralabs-dev/mudarro/internal/mudarro/adapters/infrastructure_adapters.go:84.3,85.1 1 0
github.com/viralabs-dev/mudarro/internal/mudarro/adapters/infrastructure_adapters.go:86.2,87.10 2 0
github.com/viralabs-dev/mudarro/internal/mudarro/adapters/language_adapters.go:18.2,18.24 1 0
github.com/viralabs-dev/mudarro/internal/mudarro/adapters/language_adapters.go:19.3,20.1 1 0
github.com/viralabs-dev/mudarro/internal/mudarro/adapters/language_adapters.go:21.2,22.14 2 0
github.com/viralabs-dev/mudarro/internal/mudarro/adapters/language_adapters.go:23.3,24.1 1 0
github.com/viralabs-dev/mudarro/internal/mudarro/adapters/language_adapters.go:25.2,31.1 2 0
github.com/viralabs-dev/mudarro/internal/mudarro/adapters/language_adapters.go:32.2,32.41 2 0
github.com/viralabs-dev/mudarro/internal/mudarro/adapters/language_adapters.go:33.3,34.1 1 0
github.com/viralabs-dev/mudarro/internal/mudarro/adapters/language_adapters.go:35.2,36.103 2 0
github.com/viralabs-dev/mudarro/internal/mudarro/adapters/language_adapters.go:37.3,38.1 1 0
github.com/viralabs-dev/mudarro/internal/mudarro/adapters/language_adapters.go:39.2,40.125 2 0
github.com/viralabs-dev/mudarro/internal/mudarro/adapters/language_adapters.go:41.3,41.13 1 0
github.com/viralabs-dev/mudarro/internal/mudarro/adapters/language_adapters.go:42.4,43.1 1 0
github.com/viralabs-dev/mudarro/internal/mudarro/adapters/language_adapters.go:45.2,45.28 1 0
github.com/viralabs-dev/mudarro/internal/mudarro/adapters/language_adapters.go:46.3,47.1 1 0
github.com/viralabs-dev/mudarro/internal/mudarro/adapters/language_adapters.go:47.9,47.31 1 0
github.com/viralabs-dev/mudarro/internal/mudarro/adapters/language_adapters.go:48.3,49.1 1 0
github.com/viralabs-dev/mudarro/internal/mudarro/adapters/language_adapters.go:49.9,49.31 1 0
github.com/viralabs-dev/mudarro/internal/mudarro/adapters/language_adapters.go:50.3,51.1 1 0
github.com/viralabs-dev/mudarro/internal/mudarro/adapters/language_adapters.go:52.2,52.49 1 0
github.com/viralabs-dev/mudarro/internal/mudarro/adapters/language_adapters.go:53.3,54.1 1 0
github.com/viralabs-dev/mudarro/internal/mudarro/adapters/language_adapters.go:55.2,55.72 1 0
github.com/viralabs-dev/mudarro/internal/mudarro/adapters/language_adapters.go:56.3,56.60 1 0
github.com/viralabs-dev/mudarro/internal/mudarro/adapters/language_adapters.go:57.4,58.9 2 0
github.com/viralabs-dev/mudarro/internal/mudarro/adapters/language_adapters.go:61.2,63.27 3 0
github.com/viralabs-dev/mudarro/internal/mudarro/adapters/language_adapters.go:64.3,65.1 1 0
github.com/viralabs-dev/mudarro/internal/mudarro/adapters/language_adapters.go:66.2,68.25 3 0
github.com/viralabs-dev/mudarro/internal/mudarro/adapters/language_adapters.go:69.3,71.1 2 0
github.com/viralabs-dev/mudarro/internal/mudarro/adapters/language_adapters.go:72.2,73.25 2 0
github.com/viralabs-dev/mudarro/internal/mudarro/adapters/language_adapters.go:74.3,75.36 2 0
github.com/viralabs-dev/mudarro/internal/mudarro/adapters/language_adapters.go:76.4,76.12 1 0
github.com/viralabs-dev/mudarro/internal/mudarro/adapters/language_adapters.go:78.3,78.27 1 0
github.com/viralabs-dev/mudarro/internal/mudarro/adapters/language_adapters.go:79.4,79.23 1 0
github.com/viralabs-dev/mudarro/internal/mudarro/adapters/language_adapters.go:80.5,82.1 2 0
github.com/viralabs-dev/mudarro/internal/mudarro/adapters/language_adapters.go:83.4,83.12 1 0
github.com/viralabs-dev/mudarro/internal/mudarro/adapters/language_adapters.go:85.3,86.99 2 0
github.com/viralabs-dev/mudarro/internal/mudarro/adapters/language_adapters.go:87.4,88.1 1 0
github.com/viralabs-dev/mudarro/internal/mudarro/adapters/language_adapters.go:89.3,89.49 1 0
github.com/viralabs-dev/mudarro/internal/mudarro/adapters/language_adapters.go:90.4,91.1 1 0
github.com/viralabs-dev/mudarro/internal/mudarro/adapters/language_adapters.go:92.3,94.44 3 0
github.com/viralabs-dev/mudarro/internal/mudarro/adapters/language_adapters.go:95.4,96.1 1 0
github.com/viralabs-dev/mudarro/internal/mudarro/adapters/language_adapters.go:98.2,98.21 1 0
github.com/viralabs-dev/mudarro/internal/mudarro/adapters/language_adapters.go:99.3,100.1 1 0
github.com/viralabs-dev/mudarro/internal/mudarro/adapters/language_adapters.go:101.2,101.39 1 0
github.com/viralabs-dev/mudarro/internal/mudarro/adapters/language_adapters.go:102.3,102.37 1 0
github.com/viralabs-dev/mudarro/internal/mudarro/adapters/language_adapters.go:103.4,104.1 1 0
github.com/viralabs-dev/mudarro/internal/mudarro/adapters/language_adapters.go:105.4,106.1 1 0
github.com/viralabs-dev/mudarro/internal/mudarro/adapters/language_adapters.go:108.2,108.28 1 0
github.com/viralabs-dev/mudarro/internal/mudarro/adapters/language_adapters.go:111.2,111.88 1 0
github.com/viralabs-dev/mudarro/internal/mudarro/adapters/language_adapters.go:112.3,113.1 1 0
github.com/viralabs-dev/mudarro/internal/mudarro/adapters/language_adapters.go:114.2,117.38 4 0
github.com/viralabs-dev/mudarro/internal/mudarro/adapters/language_adapters.go:118.3,120.1 2 0
github.com/viralabs-dev/mudarro/internal/mudarro/adapters/language_adapters.go:120.9,120.25 1 0
github.com/viralabs-dev/mudarro/internal/mudarro/adapters/language_adapters.go:121.3,122.1 1 0
github.com/viralabs-dev/mudarro/internal/mudarro/adapters/language_adapters.go:122.9,122.29 1 0
github.com/viralabs-dev/mudarro/internal/mudarro/adapters/language_adapters.go:123.3,124.1 1 0
github.com/viralabs-dev/mudarro/internal/mudarro/adapters/language_adapters.go:125.2,125.25 1 0
github.com/viralabs-dev/mudarro/internal/mudarro/adapters/language_adapters.go:126.3,127.15 2 0
github.com/viralabs-dev/mudarro/internal/mudarro/adapters/language_adapters.go:128.4,129.1 1 0
github.com/viralabs-dev/mudarro/internal/mudarro/adapters/language_adapters.go:130.3,139.1 2 0
github.com/viralabs-dev/mudarro/internal/mudarro/adapters/language_adapters.go:142.3,142.42 2 0
github.com/viralabs-dev/mudarro/internal/mudarro/adapters/language_adapters.go:143.4,144.1 1 0
github.com/viralabs-dev/mudarro/internal/mudarro/adapters/language_adapters.go:145.3,145.36 1 0
github.com/viralabs-dev/mudarro/internal/mudarro/adapters/language_adapters.go:146.4,147.1 1 0
github.com/viralabs-dev/mudarro/internal/mudarro/adapters/language_adapters.go:148.3,148.40 1 0
github.com/viralabs-dev/mudarro/internal/mudarro/adapters/language_adapters.go:149.4,150.1 1 0
github.com/viralabs-dev/mudarro/internal/mudarro/adapters/language_adapters.go:152.2,152.19 1 0
github.com/viralabs-dev/mudarro/internal/mudarro/adapters/language_adapters.go:154.3,154.60 1 0
github.com/viralabs-dev/mudarro/internal/mudarro/adapters/language_adapters.go:156.3,156.67 1 0
github.com/viralabs-dev/mudarro/internal/mudarro/adapters/language_adapters.go:158.3,159.28 2 0
github.com/viralabs-dev/mudarro/internal/mudarro/adapters/language_adapters.go:160.4,161.1 1 0
github.com/viralabs-dev/mudarro/internal/mudarro/adapters/language_adapters.go:162.4,163.1 1 0
github.com/viralabs-dev/mudarro/internal/mudarro/adapters/language_adapters.go:165.2,165.20 1 0
github.com/viralabs-dev/mudarro/internal/mudarro/adapters/language_adapters.go:166.3,169.1 3 0
github.com/viralabs-dev/mudarro/internal/mudarro/adapters/language_adapters.go:170.3,171.1 1 0
github.com/viralabs-dev/mudarro/internal/mudarro/adapters/language_adapters.go:172.2,172.28 1 0
github.com/viralabs-dev/mudarro/internal/mudarro/adapters/language_adapters.go:175.2,176.21 2 0
github.com/viralabs-dev/mudarro/internal/mudarro/adapters/language_adapters.go:177.3,178.1 1 0
github.com/viralabs-dev/mudarro/internal/mudarro/adapters/language_adapters.go:179.2,179.25 1 0
github.com/viralabs-dev/mudarro/internal/mudarro/adapters/language_adapters.go:180.3,181.1 1 0
github.com/viralabs-dev/mudarro/internal/mudarro/adapters/language_adapters.go:182.2,182.32 1 0
github.com/viralabs-dev/mudarro/internal/mudarro/adapters/language_adapters.go:185.2,185.18 1 0
github.com/viralabs-dev/mudarro/internal/mudarro/adapters/language_adapters.go:186.3,187.1 1 0
github.com/viralabs-dev/mudarro/internal/mudarro/adapters/language_adapters.go:188.2,195.78 8 0
github.com/viralabs-dev/mudarro/internal/mudarro/adapters/language_adapters.go:196.3,196.15 1 0
github.com/viralabs-dev/mudarro/internal/mudarro/adapters/language_adapters.go:197.4,198.1 1 0
github.com/viralabs-dev/mudarro/internal/mudarro/adapters/language_adapters.go:199.3,201.32 3 0
github.com/viralabs-dev/mudarro/internal/mudarro/adapters/language_adapters.go:202.4,203.113 2 0
github.com/viralabs-dev/mudarro/internal/mudarro/adapters/language_adapters.go:204.5,204.18 1 0
github.com/viralabs-dev/mudarro/internal/mudarro/adapters/language_adapters.go:205.6,206.1 1 0
github.com/viralabs-dev/mudarro/internal/mudarro/adapters/language_adapters.go:207.5,207.15 1 0
github.com/viralabs-dev/mudarro/internal/mudarro/adapters/language_adapters.go:210.3,210.16 1 0
github.com/viralabs-dev/mudarro/internal/mudarro/adapters/language_adapters.go:211.4,211.82 1 0
github.com/viralabs-dev/mudarro/internal/mudarro/adapters/language_adapters.go:212.5,213.1 1 0
github.com/viralabs-dev/mudarro/internal/mudarro/adapters/language_adapters.go:214.4,214.14 1 0
github.com/viralabs-dev/mudarro/internal/mudarro/adapters/language_adapters.go:216.3,216.109 1 0
github.com/viralabs-dev/mudarro/internal/mudarro/adapters/language_adapters.go:217.4,218.1 1 0
github.com/viralabs-dev/mudarro/internal/mudarro/adapters/language_adapters.go:219.3,220.40 2 0
github.com/viralabs-dev/mudarro/internal/mudarro/adapters/language_adapters.go:221.4,222.1 1 0
github.com/viralabs-dev/mudarro/internal/mudarro/adapters/language_adapters.go:223.3,223.13 1 0
github.com/viralabs-dev/mudarro/internal/mudarro/adapters/language_adapters.go:225.2,225.14 1 0
github.com/viralabs-dev/mudarro/internal/mudarro/adapters/language_adapters.go:226.3,227.1 1 0
github.com/viralabs-dev/mudarro/internal/mudarro/adapters/language_adapters.go:228.2,228.23 1 0
github.com/viralabs-dev/mudarro/internal/mudarro/adapters/language_adapters.go:229.3,229.26 1 0
github.com/viralabs-dev/mudarro/internal/mudarro/adapters/language_adapters.go:230.4,231.1 1 0
github.com/viralabs-dev/mudarro/internal/mudarro/adapters/language_adapters.go:233.3,234.1 1 0
github.com/viralabs-dev/mudarro/internal/mudarro/adapters/language_adapters.go:235.2,235.20 1 0
github.com/viralabs-dev/mudarro/internal/mudarro/executor/os.go:12.2,12.37 1 0
github.com/viralabs-dev/mudarro/internal/mudarro/executor/os.go:13.3,14.1 1 0
github.com/viralabs-dev/mudarro/internal/mudarro/executor/os.go:15.2,20.16 6 0
github.com/viralabs-dev/mudarro/internal/mudarro/executor/os.go:23.2,23.37 1 0
github.com/viralabs-dev/mudarro/internal/mudarro/executor/os.go:24.3,25.1 1 0
github.com/viralabs-dev/mudarro/internal/mudarro/executor/os.go:26.2,28.19 3 0
github.com/viralabs-dev/mudarro/internal/mudarro/projectfs/path.go:12.2,12.38 1 0
github.com/viralabs-dev/mudarro/internal/mudarro/projectfs/path.go:13.3,14.1 1 0
github.com/viralabs-dev/mudarro/internal/mudarro/projectfs/path.go:15.2,16.80 2 0
github.com/viralabs-dev/mudarro/internal/mudarro/projectfs/path.go:17.3,18.1 1 0
github.com/viralabs-dev/mudarro/internal/mudarro/projectfs/path.go:19.2,20.72 2 0
github.com/viralabs-dev/mudarro/internal/mudarro/projectfs/path.go:21.3,23.50 3 0
github.com/viralabs-dev/mudarro/internal/mudarro/projectfs/path.go:24.4,25.1 1 0
github.com/viralabs-dev/mudarro/internal/mudarro/projectfs/path.go:26.3,26.40 1 0
github.com/viralabs-dev/mudarro/internal/mudarro/projectfs/path.go:27.4,28.1 1 0
github.com/viralabs-dev/mudarro/internal/mudarro/projectfs/path.go:30.2,30.40 1 0
github.com/viralabs-dev/mudarro/internal/mudarro/projectfs/path.go:34.2,35.14 2 0
github.com/viralabs-dev/mudarro/internal/mudarro/projectfs/path.go:36.3,37.1 1 0
github.com/viralabs-dev/mudarro/internal/mudarro/projectfs/path.go:38.2,39.14 2 0
github.com/viralabs-dev/mudarro/internal/mudarro/projectfs/path.go:40.3,41.1 1 0
github.com/viralabs-dev/mudarro/internal/mudarro/projectfs/path.go:42.2,42.23 1 0
github.com/viralabs-dev/mudarro/internal/mudarro/projectfs/path.go:43.3,44.1 1 0
github.com/viralabs-dev/mudarro/internal/mudarro/projectfs/path.go:45.2,45.23 1 0
github.com/viralabs-dev/mudarro/internal/mudarro/terminal/banner.go:10.34,10.63 1 0
github.com/viralabs-dev/mudarro/internal/mudarro/terminal/banner.go:13.2,15.28 3 13
github.com/viralabs-dev/mudarro/internal/mudarro/terminal/banner.go:16.3,16.30 1 150
github.com/viralabs-dev/mudarro/internal/mudarro/terminal/banner.go:17.4,18.1 1 6
github.com/viralabs-dev/mudarro/internal/mudarro/terminal/banner.go:20.2,22.17 3 7
github.com/viralabs-dev/mudarro/internal/mudarro/terminal/banner.go:23.3,24.1 1 0
github.com/viralabs-dev/mudarro/internal/mudarro/terminal/banner.go:25.2,25.18 1 7
github.com/viralabs-dev/mudarro/internal/mudarro/terminal/banner.go:26.3,27.1 1 6
github.com/viralabs-dev/mudarro/internal/mudarro/terminal/banner.go:28.2,28.57 1 7
github.com/viralabs-dev/mudarro/internal/mudarro/terminal/banner.go:29.3,30.25 2 14
github.com/viralabs-dev/mudarro/internal/mudarro/terminal/banner.go:31.4,32.1 1 7
github.com/viralabs-dev/mudarro/internal/mudarro/terminal/banner.go:33.3,33.32 1 14
github.com/viralabs-dev/mudarro/internal/mudarro/terminal/banner.go:34.4,34.41 1 70
github.com/viralabs-dev/mudarro/internal/mudarro/terminal/banner.go:35.5,36.12 2 640
github.com/viralabs-dev/mudarro/internal/mudarro/terminal/banner.go:37.6,38.1 1 0
github.com/viralabs-dev/mudarro/internal/mudarro/terminal/banner.go:39.5,40.23 2 640
github.com/viralabs-dev/mudarro/internal/mudarro/terminal/banner.go:42.4,42.23 1 70
github.com/viralabs-dev/mudarro/internal/mudarro/terminal/banner.go:45.2,46.21 2 7
github.com/viralabs-dev/mudarro/internal/mudarro/terminal/menu_view.go:20.2,21.13 2 27
github.com/viralabs-dev/mudarro/internal/mudarro/terminal/menu_view.go:22.3,23.47 2 14
github.com/viralabs-dev/mudarro/internal/mudarro/terminal/menu_view.go:24.4,25.1 1 35
github.com/viralabs-dev/mudarro/internal/mudarro/terminal/menu_view.go:26.3,30.32 5 14
github.com/viralabs-dev/mudarro/internal/mudarro/terminal/menu_view.go:31.9,31.23 1 13
github.com/viralabs-dev/mudarro/internal/mudarro/terminal/menu_view.go:32.3,33.1 1 13
github.com/viralabs-dev/mudarro/internal/mudarro/terminal/menu_view.go:34.2,36.31 3 27
github.com/viralabs-dev/mudarro/internal/mudarro/terminal/menu_view.go:37.3,38.1 1 2
github.com/viralabs-dev/mudarro/internal/mudarro/terminal/menu_view.go:39.2,40.13 2 27
github.com/viralabs-dev/mudarro/internal/mudarro/terminal/menu_view.go:42.3,43.22 2 14
github.com/viralabs-dev/mudarro/internal/mudarro/terminal/menu_view.go:44.4,45.1 1 14
github.com/viralabs-dev/mudarro/internal/mudarro/terminal/menu_view.go:46.3,47.19 2 14
github.com/viralabs-dev/mudarro/internal/mudarro/terminal/menu_view.go:48.4,49.1 1 7
github.com/viralabs-dev/mudarro/internal/mudarro/terminal/menu_view.go:50.4,51.1 1 7
github.com/viralabs-dev/mudarro/internal/mudarro/terminal/menu_view.go:53.2,53.6 1 27
github.com/viralabs-dev/mudarro/internal/mudarro/terminal/menu_view.go:54.3,56.17 3 28
github.com/viralabs-dev/mudarro/internal/mudarro/terminal/menu_view.go:57.4,58.1 1 0
github.com/viralabs-dev/mudarro/internal/mudarro/terminal/menu_view.go:59.3,60.35 2 28
github.com/viralabs-dev/mudarro/internal/mudarro/terminal/menu_view.go:61.4,62.1 1 1
github.com/viralabs-dev/mudarro/internal/mudarro/terminal/menu_view.go:63.3,64.47 2 27
github.com/viralabs-dev/mudarro/internal/mudarro/terminal/menu_view.go:65.4,66.1 1 26
github.com/viralabs-dev/mudarro/internal/mudarro/terminal/menu_view.go:67.3,67.108 1 1
github.com/viralabs-dev/mudarro/internal/mudarro/terminal/menu_view.go:74.2,74.60 1 3166
github.com/viralabs-dev/mudarro/internal/mudarro/terminal/menu_view.go:75.3,76.1 1 0
github.com/viralabs-dev/mudarro/internal/mudarro/terminal/menu_view.go:77.2,78.122 1 3166
github.com/viralabs-dev/mudarro/internal/mudarro/terminal/menu_view.go:79.3,80.1 1 36
github.com/viralabs-dev/mudarro/internal/mudarro/terminal/menu_view.go:81.2,81.10 1 3130
github.com/viralabs-dev/mudarro/internal/mudarro/terminal/menu_view.go:84.2,84.39 1 155
github.com/viralabs-dev/mudarro/internal/mudarro/terminal/menu_view.go:85.3,85.56 1 2910
github.com/viralabs-dev/mudarro/internal/mudarro/terminal/menu_view.go:86.4,87.1 1 26
github.com/viralabs-dev/mudarro/internal/mudarro/terminal/menu_view.go:88.3,88.11 1 2884
github.com/viralabs-dev/mudarro/internal/mudarro/terminal/menu_view.go:92.2,93.15 2 142
github.com/viralabs-dev/mudarro/internal/mudarro/terminal/menu_view.go:94.3,95.1 1 0
github.com/viralabs-dev/mudarro/internal/mudarro/terminal/menu_view.go:96.2,97.25 2 142
github.com/viralabs-dev/mudarro/internal/mudarro/terminal/menu_view.go:98.3,99.1 1 2698
github.com/viralabs-dev/mudarro/internal/mudarro/terminal/menu_view.go:100.2,100.20 1 142
github.com/viralabs-dev/mudarro/internal/mudarro/terminal/menu_view.go:101.3,102.1 1 116
github.com/viralabs-dev/mudarro/internal/mudarro/terminal/menu_view.go:103.2,105.25 3 26
github.com/viralabs-dev/mudarro/internal/mudarro/terminal/menu_view.go:106.3,107.24 2 468
github.com/viralabs-dev/mudarro/internal/mudarro/terminal/menu_view.go:108.4,108.9 1 26
github.com/viralabs-dev/mudarro/internal/mudarro/terminal/menu_view.go:110.3,111.13 2 442
github.com/viralabs-dev/mudarro/internal/mudarro/terminal/menu_view.go:113.2,113.27 1 26
github.com/viralabs-dev/mudarro/internal/mudarro/terminal/menu_view.go:127.2,129.1 3 28
github.com/viralabs-dev/mudarro/internal/mudarro/terminal/menu_view.go:130.2,130.30 3 28
github.com/viralabs-dev/mudarro/internal/mudarro/terminal/menu_view.go:130.32,130.113 1 22
github.com/viralabs-dev/mudarro/internal/mudarro/terminal/menu_view.go:131.2,131.28 1 28
github.com/viralabs-dev/mudarro/internal/mudarro/terminal/menu_view.go:132.3,132.30 1 340
github.com/viralabs-dev/mudarro/internal/mudarro/terminal/menu_view.go:133.4,134.1 1 12
github.com/viralabs-dev/mudarro/internal/mudarro/terminal/menu_view.go:136.2,137.34 2 16
github.com/viralabs-dev/mudarro/internal/mudarro/terminal/menu_view.go:138.3,139.1 1 4
github.com/viralabs-dev/mudarro/internal/mudarro/terminal/menu_view.go:140.2,141.13 2 16
github.com/viralabs-dev/mudarro/internal/mudarro/terminal/menu_view.go:142.3,143.1 1 0
github.com/viralabs-dev/mudarro/internal/mudarro/terminal/menu_view.go:144.2,144.24 1 16
github.com/viralabs-dev/mudarro/internal/mudarro/terminal/menu_view.go:145.3,146.1 1 10
github.com/viralabs-dev/mudarro/internal/mudarro/terminal/menu_view.go:147.2,149.24 3 6
github.com/viralabs-dev/mudarro/internal/mudarro/terminal/menu_view.go:150.3,151.1 1 42
github.com/viralabs-dev/mudarro/internal/mudarro/terminal/menu_view.go:152.2,152.28 1 6
github.com/viralabs-dev/mudarro/internal/mudarro/terminal/menu_view.go:153.3,154.10 2 44
github.com/viralabs-dev/mudarro/internal/mudarro/terminal/menu_view.go:155.4,156.15 2 12
github.com/viralabs-dev/mudarro/internal/mudarro/terminal/menu_view.go:157.5,158.1 1 0
github.com/viralabs-dev/mudarro/internal/mudarro/terminal/menu_view.go:159.4,160.113 2 12
github.com/viralabs-dev/mudarro/internal/mudarro/terminal/menu_view.go:162.3,162.47 1 44
github.com/viralabs-dev/mudarro/internal/mudarro/terminal/menu_view.go:163.4,163.26 1 308
github.com/viralabs-dev/mudarro/internal/mudarro/terminal/menu_view.go:164.5,164.17 1 1540
github.com/viralabs-dev/mudarro/internal/mudarro/terminal/menu_view.go:165.6,166.1 1 630
github.com/viralabs-dev/mudarro/internal/mudarro/terminal/menu_view.go:170.2,171.25 2 6
github.com/viralabs-dev/mudarro/internal/mudarro/terminal/menu_view.go:172.3,174.32 3 48
github.com/viralabs-dev/mudarro/internal/mudarro/terminal/menu_view.go:175.4,175.42 1 2160
github.com/viralabs-dev/mudarro/internal/mudarro/terminal/menu_view.go:176.5,177.1 1 630
github.com/viralabs-dev/mudarro/internal/mudarro/terminal/menu_view.go:177.11,177.64 1 1530
github.com/viralabs-dev/mudarro/internal/mudarro/terminal/menu_view.go:178.5,179.1 1 516
github.com/viralabs-dev/mudarro/internal/mudarro/terminal/menu_view.go:180.5,181.1 1 1014
github.com/viralabs-dev/mudarro/internal/mudarro/terminal/menu_view.go:183.3,183.63 1 48
github.com/viralabs-dev/mudarro/internal/mudarro/terminal/menu_view.go:185.2,185.14 1 6
github.com/viralabs-dev/mudarro/internal/mudarro/terminal/menu_view.go:190.2,191.1 1 36
github.com/viralabs-dev/mudarro/internal/mudarro/terminal/menu_view.go:192.45,192.66 1 0
github.com/viralabs-dev/mudarro/internal/mudarro/terminal/menu_view.go:193.45,193.61 1 9
github.com/viralabs-dev/mudarro/internal/mudarro/terminal/terminal_style.go:20.2,22.33 3 36
github.com/viralabs-dev/mudarro/internal/mudarro/terminal/terminal_style.go:23.3,24.1 1 28
github.com/viralabs-dev/mudarro/internal/mudarro/terminal/terminal_style.go:25.2,28.45 4 36
github.com/viralabs-dev/mudarro/internal/mudarro/terminal/terminal_style.go:29.3,30.1 1 9
github.com/viralabs-dev/mudarro/internal/mudarro/terminal/terminal_style.go:31.2,31.190 1 36
github.com/viralabs-dev/mudarro/internal/mudarro/terminal/terminal_style.go:34.2,34.14 1 1444
github.com/viralabs-dev/mudarro/internal/mudarro/terminal/terminal_style.go:35.3,36.1 1 40
github.com/viralabs-dev/mudarro/internal/mudarro/terminal/terminal_style.go:37.2,37.48 1 1404
github.com/viralabs-dev/mudarro/internal/mudarro/terminal/terminal_style.go:39.46,39.76 1 63
github.com/viralabs-dev/mudarro/internal/mudarro/terminal/terminal_style.go:40.46,40.74 1 599
github.com/viralabs-dev/mudarro/internal/mudarro/terminal/terminal_style.go:42.2,43.12 2 121
github.com/viralabs-dev/mudarro/internal/mudarro/terminal/terminal_style.go:44.3,45.1 1 115
github.com/viralabs-dev/mudarro/internal/mudarro/terminal/terminal_style.go:46.2,46.28 1 121
github.com/viralabs-dev/mudarro/internal/mudarro/terminal/terminal_style.go:49.2,50.16 2 28
github.com/viralabs-dev/mudarro/internal/mudarro/terminal/terminal_style.go:51.3,52.1 1 14
github.com/viralabs-dev/mudarro/internal/mudarro/terminal/terminal_style.go:53.2,53.50 1 28
github.com/viralabs-dev/mudarro/internal/mudarro/terminal/terminal_style.go:57.2,58.1 1 36
github.com/viralabs-dev/mudarro/internal/mudarro/terminal/terminal_style.go:60.34,60.50 1 8
github.com/viralabs-dev/mudarro/internal/mudarro/terminal/terminal_unix.go:13.2,15.16 3 28
github.com/viralabs-dev/mudarro/internal/mudarro/terminal/terminal_unix.go:16.3,17.1 1 1
github.com/viralabs-dev/mudarro/internal/mudarro/terminal/terminal_unix.go:18.2,19.31 2 27
github.com/viralabs-dev/mudarro/internal/mudarro/terminal/terminal_unix.go:20.3,21.1 1 0
github.com/viralabs-dev/mudarro/internal/mudarro/terminal/terminal_unix.go:22.2,23.33 2 27
github.com/viralabs-dev/mudarro/internal/mudarro/terminal/terminal_unix.go:24.3,25.1 1 0
github.com/viralabs-dev/mudarro/internal/mudarro/terminal/terminal_unix.go:26.2,26.28 1 27
github.com/viralabs-dev/mudarro/internal/mudarro/terminal/terminal_unix.go:29.48,29.101 2 0
github.com/viralabs-dev/mudarro/internal/mudarro/actions.go:23.2,24.1 1 15
github.com/viralabs-dev/mudarro/internal/mudarro/actions.go:26.2,27.70 2 125
github.com/viralabs-dev/mudarro/internal/mudarro/actions.go:28.3,29.1 1 125
github.com/viralabs-dev/mudarro/internal/mudarro/actions.go:29.9,29.46 1 0
github.com/viralabs-dev/mudarro/internal/mudarro/actions.go:30.3,31.1 1 0
github.com/viralabs-dev/mudarro/internal/mudarro/actions.go:32.2,32.27 1 125
github.com/viralabs-dev/mudarro/internal/mudarro/actions.go:33.3,33.69 1 43
github.com/viralabs-dev/mudarro/internal/mudarro/actions.go:34.4,35.1 1 15
github.com/viralabs-dev/mudarro/internal/mudarro/actions.go:35.10,35.66 1 28
github.com/viralabs-dev/mudarro/internal/mudarro/actions.go:36.4,37.1 1 28
github.com/viralabs-dev/mudarro/internal/mudarro/actions.go:38.4,39.1 1 0
github.com/viralabs-dev/mudarro/internal/mudarro/actions.go:41.2,43.22 3 125
github.com/viralabs-dev/mudarro/internal/mudarro/actions.go:44.3,45.1 1 766
github.com/viralabs-dev/mudarro/internal/mudarro/actions.go:46.2,46.31 1 125
github.com/viralabs-dev/mudarro/internal/mudarro/actions.go:47.3,48.14 2 298
github.com/viralabs-dev/mudarro/internal/mudarro/actions.go:49.4,50.1 1 0
github.com/viralabs-dev/mudarro/internal/mudarro/actions.go:51.3,51.22 1 298
github.com/viralabs-dev/mudarro/internal/mudarro/actions.go:52.4,53.1 1 0
github.com/viralabs-dev/mudarro/internal/mudarro/actions.go:54.3,54.52 1 298
github.com/viralabs-dev/mudarro/internal/mudarro/actions.go:56.2,57.27 2 125
github.com/viralabs-dev/mudarro/internal/mudarro/actions.go:58.3,59.1 1 1063
github.com/viralabs-dev/mudarro/internal/mudarro/actions.go:60.2,60.36 1 125
github.com/viralabs-dev/mudarro/internal/mudarro/actions.go:61.3,61.31 1 2981
github.com/viralabs-dev/mudarro/internal/mudarro/actions.go:62.4,63.1 1 1143
github.com/viralabs-dev/mudarro/internal/mudarro/actions.go:64.3,64.33 1 1838
github.com/viralabs-dev/mudarro/internal/mudarro/actions.go:66.2,66.10 1 125
github.com/viralabs-dev/mudarro/internal/mudarro/actions.go:69.2,70.25 2 11
github.com/viralabs-dev/mudarro/internal/mudarro/actions.go:71.3,71.36 1 60
github.com/viralabs-dev/mudarro/internal/mudarro/actions.go:72.4,72.37 1 1
github.com/viralabs-dev/mudarro/internal/mudarro/actions.go:73.5,74.1 1 1
github.com/viralabs-dev/mudarro/internal/mudarro/actions.go:75.4,75.45 1 0
github.com/viralabs-dev/mudarro/internal/mudarro/actions.go:77.3,78.42 2 59
github.com/viralabs-dev/mudarro/internal/mudarro/actions.go:79.4,80.26 2 1
github.com/viralabs-dev/mudarro/internal/mudarro/actions.go:81.5,82.1 1 1
github.com/viralabs-dev/mudarro/internal/mudarro/actions.go:83.4,83.16 1 1
github.com/viralabs-dev/mudarro/internal/mudarro/actions.go:85.3,85.20 1 59
github.com/viralabs-dev/mudarro/internal/mudarro/actions.go:86.4,87.1 1 1
github.com/viralabs-dev/mudarro/internal/mudarro/actions.go:88.3,88.13 1 58
github.com/viralabs-dev/mudarro/internal/mudarro/actions.go:90.2,90.17 1 9
github.com/viralabs-dev/mudarro/internal/mudarro/actions.go:93.2,94.1 1 17
github.com/viralabs-dev/mudarro/internal/mudarro/actions.go:97.2,98.1 1 0
github.com/viralabs-dev/mudarro/internal/mudarro/cli.go:24.2,25.33 2 73
github.com/viralabs-dev/mudarro/internal/mudarro/cli.go:26.3,27.12 2 145
github.com/viralabs-dev/mudarro/internal/mudarro/cli.go:29.4,29.17 1 10
github.com/viralabs-dev/mudarro/internal/mudarro/cli.go:31.4,31.16 1 22
github.com/viralabs-dev/mudarro/internal/mudarro/cli.go:33.4,33.16 1 0
github.com/viralabs-dev/mudarro/internal/mudarro/cli.go:35.4,35.24 1 1
github.com/viralabs-dev/mudarro/internal/mudarro/cli.go:37.4,37.24 1 90
github.com/viralabs-dev/mudarro/internal/mudarro/cli.go:38.5,39.1 1 0
github.com/viralabs-dev/mudarro/internal/mudarro/cli.go:40.4,41.13 2 90
github.com/viralabs-dev/mudarro/internal/mudarro/cli.go:43.5,43.21 1 73
github.com/viralabs-dev/mudarro/internal/mudarro/cli.go:45.5,45.21 1 15
github.com/viralabs-dev/mudarro/internal/mudarro/cli.go:47.5,47.30 1 2
github.com/viralabs-dev/mudarro/internal/mudarro/cli.go:49.5,49.43 1 0
github.com/viralabs-dev/mudarro/internal/mudarro/cli.go:52.4,52.33 1 22
github.com/viralabs-dev/mudarro/internal/mudarro/cli.go:53.5,54.1 1 0
github.com/viralabs-dev/mudarro/internal/mudarro/cli.go:55.4,55.28 1 22
github.com/viralabs-dev/mudarro/internal/mudarro/cli.go:58.2,59.14 2 73
github.com/viralabs-dev/mudarro/internal/mudarro/cli.go:60.3,61.1 1 0
github.com/viralabs-dev/mudarro/internal/mudarro/cli.go:62.2,63.13 2 73
github.com/viralabs-dev/mudarro/internal/mudarro/cli.go:66.2,66.20 1 73
github.com/viralabs-dev/mudarro/internal/mudarro/cli.go:67.3,68.1 1 0
github.com/viralabs-dev/mudarro/internal/mudarro/cli.go:69.2,69.30 1 73
github.com/viralabs-dev/mudarro/internal/mudarro/cli.go:70.3,71.1 1 0
github.com/viralabs-dev/mudarro/internal/mudarro/cli.go:72.2,72.52 1 73
github.com/viralabs-dev/mudarro/internal/mudarro/cli.go:73.3,75.1 2 0
github.com/viralabs-dev/mudarro/internal/mudarro/cli.go:76.2,76.46 1 73
github.com/viralabs-dev/mudarro/internal/mudarro/cli.go:77.3,79.1 2 0
github.com/viralabs-dev/mudarro/internal/mudarro/cli.go:80.2,81.14 2 73
github.com/viralabs-dev/mudarro/internal/mudarro/cli.go:82.3,83.1 1 0
github.com/viralabs-dev/mudarro/internal/mudarro/cli.go:84.2,84.17 1 73
github.com/viralabs-dev/mudarro/internal/mudarro/cli.go:86.3,86.73 1 27
github.com/viralabs-dev/mudarro/internal/mudarro/cli.go:87.4,88.16 2 1
github.com/viralabs-dev/mudarro/internal/mudarro/cli.go:89.5,90.1 1 0
github.com/viralabs-dev/mudarro/internal/mudarro/cli.go:91.4,91.47 1 1
github.com/viralabs-dev/mudarro/internal/mudarro/cli.go:93.3,94.15 2 27
github.com/viralabs-dev/mudarro/internal/mudarro/cli.go:95.4,96.1 1 0
github.com/viralabs-dev/mudarro/internal/mudarro/cli.go:97.3,97.19 1 27
github.com/viralabs-dev/mudarro/internal/mudarro/cli.go:98.4,99.1 1 0
github.com/viralabs-dev/mudarro/internal/mudarro/cli.go:100.3,100.24 1 27
github.com/viralabs-dev/mudarro/internal/mudarro/cli.go:101.4,101.14 1 10
github.com/viralabs-dev/mudarro/internal/mudarro/cli.go:102.5,105.1 3 10
github.com/viralabs-dev/mudarro/internal/mudarro/cli.go:106.4,107.14 2 0
github.com/viralabs-dev/mudarro/internal/mudarro/cli.go:109.3,109.52 1 17
github.com/viralabs-dev/mudarro/internal/mudarro/cli.go:110.4,111.1 1 7
github.com/viralabs-dev/mudarro/internal/mudarro/cli.go:112.3,113.57 2 10
github.com/viralabs-dev/mudarro/internal/mudarro/cli.go:114.4,114.15 1 10
github.com/viralabs-dev/mudarro/internal/mudarro/cli.go:115.5,116.1 1 2
github.com/viralabs-dev/mudarro/internal/mudarro/cli.go:118.3,120.41 3 10
github.com/viralabs-dev/mudarro/internal/mudarro/cli.go:121.4,124.21 4 9
github.com/viralabs-dev/mudarro/internal/mudarro/cli.go:125.5,127.19 3 1
github.com/viralabs-dev/mudarro/internal/mudarro/cli.go:128.6,129.1 1 1
github.com/viralabs-dev/mudarro/internal/mudarro/cli.go:130.5,130.62 1 0
github.com/viralabs-dev/mudarro/internal/mudarro/cli.go:132.4,132.15 1 8
github.com/viralabs-dev/mudarro/internal/mudarro/cli.go:133.5,133.43 1 0
github.com/viralabs-dev/mudarro/internal/mudarro/cli.go:134.6,134.52 1 0
github.com/viralabs-dev/mudarro/internal/mudarro/cli.go:135.7,135.63 1 0
github.com/viralabs-dev/mudarro/internal/mudarro/cli.go:136.8,137.1 1 0
github.com/viralabs-dev/mudarro/internal/mudarro/cli.go:138.7,138.63 1 0
github.com/viralabs-dev/mudarro/internal/mudarro/cli.go:143.3,143.29 1 9
github.com/viralabs-dev/mudarro/internal/mudarro/cli.go:144.4,144.23 1 2
github.com/viralabs-dev/mudarro/internal/mudarro/cli.go:145.5,146.1 1 2
github.com/viralabs-dev/mudarro/internal/mudarro/cli.go:148.3,148.85 1 7
github.com/viralabs-dev/mudarro/internal/mudarro/cli.go:149.4,150.1 1 0
github.com/viralabs-dev/mudarro/internal/mudarro/cli.go:151.3,153.13 3 7
github.com/viralabs-dev/mudarro/internal/mudarro/cli.go:155.3,156.15 2 46
github.com/viralabs-dev/mudarro/internal/mudarro/cli.go:157.4,158.1 1 0
github.com/viralabs-dev/mudarro/internal/mudarro/cli.go:159.3,159.18 1 46
github.com/viralabs-dev/mudarro/internal/mudarro/cli.go:161.4,161.42 1 14
github.com/viralabs-dev/mudarro/internal/mudarro/cli.go:163.4,163.35 1 10
github.com/viralabs-dev/mudarro/internal/mudarro/cli.go:165.4,165.33 1 0
github.com/viralabs-dev/mudarro/internal/mudarro/cli.go:167.4,167.23 1 22
github.com/viralabs-dev/mudarro/internal/mudarro/cli.go:168.5,169.1 1 0
github.com/viralabs-dev/mudarro/internal/mudarro/cli.go:170.4,171.16 2 22
github.com/viralabs-dev/mudarro/internal/mudarro/cli.go:172.5,173.1 1 0
github.com/viralabs-dev/mudarro/internal/mudarro/cli.go:174.4,174.81 1 22
github.com/viralabs-dev/mudarro/internal/mudarro/cli.go:177.2,177.56 1 0
github.com/viralabs-dev/mudarro/internal/mudarro/cli.go:180.2,181.38 2 7
github.com/viralabs-dev/mudarro/internal/mudarro/cli.go:182.3,183.31 2 7
github.com/viralabs-dev/mudarro/internal/mudarro/cli.go:184.4,185.1 1 3
github.com/viralabs-dev/mudarro/internal/mudarro/cli.go:187.2,187.35 1 7
github.com/viralabs-dev/mudarro/internal/mudarro/cli.go:188.3,189.1 1 6
github.com/viralabs-dev/mudarro/internal/mudarro/cli.go:190.2,190.37 1 7
github.com/viralabs-dev/mudarro/internal/mudarro/cli.go:191.3,192.1 1 0
github.com/viralabs-dev/mudarro/internal/mudarro/cli.go:195.2,197.21 3 22
github.com/viralabs-dev/mudarro/internal/mudarro/cli.go:198.3,199.1 1 22
github.com/viralabs-dev/mudarro/internal/mudarro/cli.go:200.3,200.27 1 0
github.com/viralabs-dev/mudarro/internal/mudarro/cli.go:201.4,202.1 1 0
github.com/viralabs-dev/mudarro/internal/mudarro/cli.go:203.3,203.40 1 0
github.com/viralabs-dev/mudarro/internal/mudarro/cli.go:205.2,205.31 1 22
github.com/viralabs-dev/mudarro/internal/mudarro/cli.go:206.3,206.22 1 22
github.com/viralabs-dev/mudarro/internal/mudarro/cli.go:207.4,207.33 1 22
github.com/viralabs-dev/mudarro/internal/mudarro/cli.go:208.5,208.23 1 115
github.com/viralabs-dev/mudarro/internal/mudarro/cli.go:209.6,210.1 1 22
github.com/viralabs-dev/mudarro/internal/mudarro/cli.go:214.2,214.71 1 0
github.com/viralabs-dev/mudarro/internal/mudarro/cli.go:217.2,220.6 4 10
github.com/viralabs-dev/mudarro/internal/mudarro/cli.go:221.3,222.32 2 19
github.com/viralabs-dev/mudarro/internal/mudarro/cli.go:223.4,224.1 1 19
github.com/viralabs-dev/mudarro/internal/mudarro/cli.go:225.3,227.28 3 19
github.com/viralabs-dev/mudarro/internal/mudarro/cli.go:228.4,229.1 1 10
github.com/viralabs-dev/mudarro/internal/mudarro/cli.go:230.3,230.15 1 9
github.com/viralabs-dev/mudarro/internal/mudarro/cli.go:231.4,232.1 1 0
github.com/viralabs-dev/mudarro/internal/mudarro/cli.go:233.3,235.7 3 9
github.com/viralabs-dev/mudarro/internal/mudarro/cli.go:236.4,239.30 4 16
github.com/viralabs-dev/mudarro/internal/mudarro/cli.go:240.5,240.39 1 142
github.com/viralabs-dev/mudarro/internal/mudarro/cli.go:241.6,242.1 1 68
github.com/viralabs-dev/mudarro/internal/mudarro/cli.go:243.5,243.51 1 142
github.com/viralabs-dev/mudarro/internal/mudarro/cli.go:245.4,247.19 3 16
github.com/viralabs-dev/mudarro/internal/mudarro/cli.go:248.5,249.1 1 0
github.com/viralabs-dev/mudarro/internal/mudarro/cli.go:250.4,250.16 1 16
github.com/viralabs-dev/mudarro/internal/mudarro/cli.go:251.5,252.1 1 0
github.com/viralabs-dev/mudarro/internal/mudarro/cli.go:253.4,253.14 1 16
github.com/viralabs-dev/mudarro/internal/mudarro/cli.go:254.5,254.10 1 9
github.com/viralabs-dev/mudarro/internal/mudarro/cli.go:256.4,257.8 2 7
github.com/viralabs-dev/mudarro/internal/mudarro/cli.go:258.5,260.28 3 7
github.com/viralabs-dev/mudarro/internal/mudarro/cli.go:261.6,262.25 2 8
github.com/viralabs-dev/mudarro/internal/mudarro/cli.go:263.7,264.1 1 0
github.com/viralabs-dev/mudarro/internal/mudarro/cli.go:265.6,265.36 1 8
github.com/viralabs-dev/mudarro/internal/mudarro/cli.go:267.5,268.20 2 7
github.com/viralabs-dev/mudarro/internal/mudarro/cli.go:269.6,270.1 1 0
github.com/viralabs-dev/mudarro/internal/mudarro/cli.go:271.5,271.17 1 7
github.com/viralabs-dev/mudarro/internal/mudarro/cli.go:272.6,273.1 1 0
github.com/viralabs-dev/mudarro/internal/mudarro/cli.go:274.5,274.15 1 7
github.com/viralabs-dev/mudarro/internal/mudarro/cli.go:275.6,275.11 1 7
github.com/viralabs-dev/mudarro/internal/mudarro/cli.go:277.5,279.70 3 0
github.com/viralabs-dev/mudarro/internal/mudarro/cli.go:280.6,282.18 3 0
github.com/viralabs-dev/mudarro/internal/mudarro/cli.go:283.7,284.1 1 0
github.com/viralabs-dev/mudarro/internal/mudarro/cli.go:285.6,285.36 1 0
github.com/viralabs-dev/mudarro/internal/mudarro/cli.go:287.5,287.81 1 0
github.com/viralabs-dev/mudarro/internal/mudarro/cli.go:288.6,289.1 1 0
github.com/viralabs-dev/mudarro/internal/mudarro/cli.go:290.5,290.25 1 0
github.com/viralabs-dev/mudarro/internal/mudarro/cli.go:291.6,292.55 2 0
github.com/viralabs-dev/mudarro/internal/mudarro/cli.go:293.7,294.1 1 0
github.com/viralabs-dev/mudarro/internal/mudarro/cli.go:301.2,302.31 2 0
github.com/viralabs-dev/mudarro/internal/mudarro/cli.go:303.3,305.32 3 0
github.com/viralabs-dev/mudarro/internal/mudarro/cli.go:306.4,306.23 1 0
github.com/viralabs-dev/mudarro/internal/mudarro/cli.go:307.5,309.13 3 0
github.com/viralabs-dev/mudarro/internal/mudarro/cli.go:311.4,312.29 2 0
github.com/viralabs-dev/mudarro/internal/mudarro/cli.go:313.5,314.1 1 0
github.com/viralabs-dev/mudarro/internal/mudarro/cli.go:315.4,315.31 1 0
github.com/viralabs-dev/mudarro/internal/mudarro/cli.go:316.5,317.1 1 0
github.com/viralabs-dev/mudarro/internal/mudarro/cli.go:318.4,318.46 1 0
github.com/viralabs-dev/mudarro/internal/mudarro/cli.go:319.5,320.1 1 0
github.com/viralabs-dev/mudarro/internal/mudarro/cli.go:321.4,321.44 1 0
github.com/viralabs-dev/mudarro/internal/mudarro/cli.go:322.5,323.1 1 0
github.com/viralabs-dev/mudarro/internal/mudarro/cli.go:324.4,324.31 1 0
github.com/viralabs-dev/mudarro/internal/mudarro/cli.go:325.5,325.19 1 0
github.com/viralabs-dev/mudarro/internal/mudarro/cli.go:326.6,326.14 1 0
github.com/viralabs-dev/mudarro/internal/mudarro/cli.go:328.5,330.36 3 0
github.com/viralabs-dev/mudarro/internal/mudarro/cli.go:331.6,333.18 3 0
github.com/viralabs-dev/mudarro/internal/mudarro/cli.go:334.7,336.58 3 0
github.com/viralabs-dev/mudarro/internal/mudarro/cli.go:337.8,338.1 1 0
github.com/viralabs-dev/mudarro/internal/mudarro/cli.go:341.6,342.1 1 0
github.com/viralabs-dev/mudarro/internal/mudarro/cli.go:343.5,343.17 1 0
github.com/viralabs-dev/mudarro/internal/mudarro/cli.go:344.6,346.1 2 0
github.com/viralabs-dev/mudarro/internal/mudarro/cli.go:347.6,348.1 1 0
github.com/viralabs-dev/mudarro/internal/mudarro/cli.go:351.3,351.117 1 0
github.com/viralabs-dev/mudarro/internal/mudarro/cli.go:352.4,354.28 3 0
github.com/viralabs-dev/mudarro/internal/mudarro/cli.go:355.5,357.1 2 0
github.com/viralabs-dev/mudarro/internal/mudarro/cli.go:358.4,360.34 3 0
github.com/viralabs-dev/mudarro/internal/mudarro/cli.go:361.5,363.1 2 0
github.com/viralabs-dev/mudarro/internal/mudarro/cli.go:366.2,366.18 1 0
github.com/viralabs-dev/mudarro/internal/mudarro/cli.go:367.3,368.1 1 0
github.com/viralabs-dev/mudarro/internal/mudarro/cli.go:369.2,370.12 2 0
github.com/viralabs-dev/mudarro/internal/mudarro/config.go:26.51,26.89 1 707
github.com/viralabs-dev/mudarro/internal/mudarro/config.go:29.2,31.16 3 52
github.com/viralabs-dev/mudarro/internal/mudarro/config.go:32.3,33.1 1 0
github.com/viralabs-dev/mudarro/internal/mudarro/config.go:34.2,35.16 2 52
github.com/viralabs-dev/mudarro/internal/mudarro/config.go:36.3,37.1 1 0
github.com/viralabs-dev/mudarro/internal/mudarro/config.go:38.2,41.36 4 52
github.com/viralabs-dev/mudarro/internal/mudarro/config.go:42.3,43.1 1 2
github.com/viralabs-dev/mudarro/internal/mudarro/config.go:44.2,45.43 2 50
github.com/viralabs-dev/mudarro/internal/mudarro/config.go:46.3,47.1 1 1
github.com/viralabs-dev/mudarro/internal/mudarro/config.go:48.2,48.28 1 49
github.com/viralabs-dev/mudarro/internal/mudarro/config.go:51.2,51.20 1 78
github.com/viralabs-dev/mudarro/internal/mudarro/config.go:52.3,53.1 1 0
github.com/viralabs-dev/mudarro/internal/mudarro/config.go:54.2,54.37 1 78
github.com/viralabs-dev/mudarro/internal/mudarro/config.go:55.3,56.1 1 0
github.com/viralabs-dev/mudarro/internal/mudarro/config.go:57.2,58.31 2 78
github.com/viralabs-dev/mudarro/internal/mudarro/config.go:59.3,59.50 1 78
github.com/viralabs-dev/mudarro/internal/mudarro/config.go:60.4,61.1 1 0
github.com/viralabs-dev/mudarro/internal/mudarro/config.go:62.3,64.15 3 78
github.com/viralabs-dev/mudarro/internal/mudarro/config.go:65.4,66.1 1 1
github.com/viralabs-dev/mudarro/internal/mudarro/config.go:67.3,68.30 2 77
github.com/viralabs-dev/mudarro/internal/mudarro/config.go:69.4,70.1 1 0
github.com/viralabs-dev/mudarro/internal/mudarro/config.go:71.3,71.70 1 77
github.com/viralabs-dev/mudarro/internal/mudarro/config.go:72.4,72.15 1 154
github.com/viralabs-dev/mudarro/internal/mudarro/config.go:73.5,73.66 1 5
github.com/viralabs-dev/mudarro/internal/mudarro/config.go:74.6,75.1 1 0
github.com/viralabs-dev/mudarro/internal/mudarro/config.go:78.3,78.65 1 77
github.com/viralabs-dev/mudarro/internal/mudarro/config.go:79.4,80.1 1 0
github.com/viralabs-dev/mudarro/internal/mudarro/config.go:81.3,81.34 1 77
github.com/viralabs-dev/mudarro/internal/mudarro/config.go:82.4,82.34 1 209
github.com/viralabs-dev/mudarro/internal/mudarro/config.go:83.5,84.1 1 0
github.com/viralabs-dev/mudarro/internal/mudarro/config.go:85.4,85.48 1 209
github.com/viralabs-dev/mudarro/internal/mudarro/config.go:86.5,87.1 1 1
github.com/viralabs-dev/mudarro/internal/mudarro/config.go:88.4,88.65 1 208
github.com/viralabs-dev/mudarro/internal/mudarro/config.go:89.5,90.1 1 0
github.com/viralabs-dev/mudarro/internal/mudarro/config.go:92.3,92.112 1 76
github.com/viralabs-dev/mudarro/internal/mudarro/config.go:93.4,94.1 1 0
github.com/viralabs-dev/mudarro/internal/mudarro/config.go:96.2,96.12 1 76
github.com/viralabs-dev/mudarro/internal/mudarro/config.go:99.2,100.14 2 7
github.com/viralabs-dev/mudarro/internal/mudarro/config.go:101.3,102.1 1 0
github.com/viralabs-dev/mudarro/internal/mudarro/config.go:103.2,104.14 2 7
github.com/viralabs-dev/mudarro/internal/mudarro/config.go:105.3,106.1 1 0
github.com/viralabs-dev/mudarro/internal/mudarro/config.go:107.2,109.10 3 7
github.com/viralabs-dev/mudarro/internal/mudarro/config.go:111.36,111.79 2 32
github.com/viralabs-dev/mudarro/internal/mudarro/config.go:112.36,112.94 1 263
github.com/viralabs-dev/mudarro/internal/mudarro/executor.go:15.2,15.23 1 27
github.com/viralabs-dev/mudarro/internal/mudarro/executor.go:16.3,17.1 1 24
github.com/viralabs-dev/mudarro/internal/mudarro/executor.go:18.2,18.22 1 3
github.com/viralabs-dev/mudarro/internal/mudarro/generate.go:22.32,22.76 1 601
github.com/viralabs-dev/mudarro/internal/mudarro/generate.go:24.2,24.37 1 29
github.com/viralabs-dev/mudarro/internal/mudarro/generate.go:25.3,26.1 1 0
github.com/viralabs-dev/mudarro/internal/mudarro/generate.go:27.2,28.57 2 29
github.com/viralabs-dev/mudarro/internal/mudarro/generate.go:29.3,30.31 2 331
github.com/viralabs-dev/mudarro/internal/mudarro/generate.go:31.4,32.1 1 0
github.com/viralabs-dev/mudarro/internal/mudarro/generate.go:33.3,34.13 2 331
github.com/viralabs-dev/mudarro/internal/mudarro/generate.go:36.2,37.51 2 29
github.com/viralabs-dev/mudarro/internal/mudarro/generate.go:38.3,39.1 1 0
github.com/viralabs-dev/mudarro/internal/mudarro/generate.go:40.2,40.31 1 29
github.com/viralabs-dev/mudarro/internal/mudarro/generate.go:41.3,41.32 1 29
github.com/viralabs-dev/mudarro/internal/mudarro/generate.go:42.4,44.41 3 263
github.com/viralabs-dev/mudarro/internal/mudarro/generate.go:45.5,46.1 1 0
github.com/viralabs-dev/mudarro/internal/mudarro/generate.go:48.3,49.15 2 29
github.com/viralabs-dev/mudarro/internal/mudarro/generate.go:50.4,51.1 1 0
github.com/viralabs-dev/mudarro/internal/mudarro/generate.go:52.3,52.30 1 29
github.com/viralabs-dev/mudarro/internal/mudarro/generate.go:53.4,53.75 1 39
github.com/viralabs-dev/mudarro/internal/mudarro/generate.go:54.5,55.1 1 0
github.com/viralabs-dev/mudarro/internal/mudarro/generate.go:58.2,59.14 2 29
github.com/viralabs-dev/mudarro/internal/mudarro/generate.go:60.3,61.1 1 1
github.com/viralabs-dev/mudarro/internal/mudarro/generate.go:62.2,63.49 2 28
github.com/viralabs-dev/mudarro/internal/mudarro/generate.go:64.3,64.44 1 11
github.com/viralabs-dev/mudarro/internal/mudarro/generate.go:65.4,66.1 1 1
github.com/viralabs-dev/mudarro/internal/mudarro/generate.go:67.9,67.30 1 17
github.com/viralabs-dev/mudarro/internal/mudarro/generate.go:68.3,69.1 1 0
github.com/viralabs-dev/mudarro/internal/mudarro/generate.go:70.2,71.30 2 27
github.com/viralabs-dev/mudarro/internal/mudarro/generate.go:72.3,73.1 1 95
github.com/viralabs-dev/mudarro/internal/mudarro/generate.go:74.2,75.23 2 27
github.com/viralabs-dev/mudarro/internal/mudarro/generate.go:76.3,77.1 1 314
github.com/viralabs-dev/mudarro/internal/mudarro/generate.go:78.2,80.1 3 27
github.com/viralabs-dev/mudarro/internal/mudarro/generate.go:81.2,81.26 3 27
github.com/viralabs-dev/mudarro/internal/mudarro/generate.go:82.3,83.15 2 314
github.com/viralabs-dev/mudarro/internal/mudarro/generate.go:84.4,85.1 1 0
github.com/viralabs-dev/mudarro/internal/mudarro/generate.go:86.3,88.15 3 314
github.com/viralabs-dev/mudarro/internal/mudarro/generate.go:89.4,89.39 1 96
github.com/viralabs-dev/mudarro/internal/mudarro/generate.go:90.5,90.23 1 95
github.com/viralabs-dev/mudarro/internal/mudarro/generate.go:91.6,92.1 1 2
github.com/viralabs-dev/mudarro/internal/mudarro/generate.go:93.5,94.36 2 93
github.com/viralabs-dev/mudarro/internal/mudarro/generate.go:95.6,95.14 1 93
github.com/viralabs-dev/mudarro/internal/mudarro/generate.go:98.5,99.13 2 1
github.com/viralabs-dev/mudarro/internal/mudarro/generate.go:101.10,101.31 1 218
github.com/viralabs-dev/mudarro/internal/mudarro/generate.go:102.4,103.1 1 0
github.com/viralabs-dev/mudarro/internal/mudarro/generate.go:104.4,105.1 1 218
github.com/viralabs-dev/mudarro/internal/mudarro/generate.go:106.3,106.29 1 218
github.com/viralabs-dev/mudarro/internal/mudarro/generate.go:108.2,108.27 1 25
github.com/viralabs-dev/mudarro/internal/mudarro/generate.go:109.3,110.10 2 217
github.com/viralabs-dev/mudarro/internal/mudarro/generate.go:111.4,111.12 1 8
github.com/viralabs-dev/mudarro/internal/mudarro/generate.go:113.3,114.69 2 209
github.com/viralabs-dev/mudarro/internal/mudarro/generate.go:115.4,116.1 1 0
github.com/viralabs-dev/mudarro/internal/mudarro/generate.go:118.2,118.9 1 25
github.com/viralabs-dev/mudarro/internal/mudarro/generate.go:119.3,120.1 1 1
github.com/viralabs-dev/mudarro/internal/mudarro/generate.go:121.2,122.57 2 24
github.com/viralabs-dev/mudarro/internal/mudarro/generate.go:125.2,125.58 1 233
github.com/viralabs-dev/mudarro/internal/mudarro/generate.go:126.3,127.1 1 0
github.com/viralabs-dev/mudarro/internal/mudarro/generate.go:128.2,129.14 2 233
github.com/viralabs-dev/mudarro/internal/mudarro/generate.go:130.3,131.1 1 0
github.com/viralabs-dev/mudarro/internal/mudarro/generate.go:132.2,133.33 2 233
github.com/viralabs-dev/mudarro/internal/mudarro/generate.go:134.3,136.1 2 0
github.com/viralabs-dev/mudarro/internal/mudarro/generate.go:137.2,137.33 1 233
github.com/viralabs-dev/mudarro/internal/mudarro/generate.go:138.3,140.1 2 0
github.com/viralabs-dev/mudarro/internal/mudarro/generate.go:141.2,141.29 1 233
github.com/viralabs-dev/mudarro/internal/mudarro/generate.go:142.3,143.1 1 0
github.com/viralabs-dev/mudarro/internal/mudarro/generate.go:144.2,144.34 1 233
github.com/viralabs-dev/mudarro/internal/mudarro/kubernetes_runner.go:10.2,13.14 4 8
github.com/viralabs-dev/mudarro/internal/mudarro/kubernetes_runner.go:14.3,15.1 1 0
github.com/viralabs-dev/mudarro/internal/mudarro/kubernetes_runner.go:16.2,17.27 2 8
github.com/viralabs-dev/mudarro/internal/mudarro/kubernetes_runner.go:18.3,19.1 1 6
github.com/viralabs-dev/mudarro/internal/mudarro/kubernetes_runner.go:20.2,21.22 2 8
github.com/viralabs-dev/mudarro/internal/mudarro/kubernetes_runner.go:22.3,23.1 1 1
github.com/viralabs-dev/mudarro/internal/mudarro/kubernetes_runner.go:24.2,24.11 1 8
github.com/viralabs-dev/mudarro/internal/mudarro/kubernetes_runner.go:25.3,27.1 2 0
github.com/viralabs-dev/mudarro/internal/mudarro/kubernetes_runner.go:28.2,29.14 2 8
github.com/viralabs-dev/mudarro/internal/mudarro/kubernetes_runner.go:30.3,31.1 1 0
github.com/viralabs-dev/mudarro/internal/mudarro/kubernetes_runner.go:32.2,38.1 2 8
github.com/viralabs-dev/mudarro/internal/mudarro/kubernetes_runner.go:40.2,40.46 2 8
github.com/viralabs-dev/mudarro/internal/mudarro/kubernetes_runner.go:41.3,42.1 1 1
github.com/viralabs-dev/mudarro/internal/mudarro/kubernetes_runner.go:43.2,43.48 1 7
github.com/viralabs-dev/mudarro/internal/mudarro/kubernetes_runner.go:44.3,48.1 1 2
github.com/viralabs-dev/mudarro/internal/mudarro/kubernetes_runner.go:49.2,50.36 2 7
github.com/viralabs-dev/mudarro/internal/mudarro/kubernetes_runner.go:51.3,52.75 2 11
github.com/viralabs-dev/mudarro/internal/mudarro/kubernetes_runner.go:53.4,53.12 1 4
github.com/viralabs-dev/mudarro/internal/mudarro/kubernetes_runner.go:55.3,57.13 3 7
github.com/viralabs-dev/mudarro/internal/mudarro/kubernetes_runner.go:59.4,59.27 1 3
github.com/viralabs-dev/mudarro/internal/mudarro/kubernetes_runner.go:60.5,61.1 1 1
github.com/viralabs-dev/mudarro/internal/mudarro/kubernetes_runner.go:62.4,62.81 1 2
github.com/viralabs-dev/mudarro/internal/mudarro/kubernetes_runner.go:64.4,64.78 1 3
github.com/viralabs-dev/mudarro/internal/mudarro/kubernetes_runner.go:66.4,66.103 1 1
github.com/viralabs-dev/mudarro/internal/mudarro/kubernetes_runner.go:68.3,68.41 1 6
github.com/viralabs-dev/mudarro/internal/mudarro/kubernetes_runner.go:69.4,70.1 1 0
github.com/viralabs-dev/mudarro/internal/mudarro/kubernetes_runner.go:71.3,71.10 1 6
github.com/viralabs-dev/mudarro/internal/mudarro/kubernetes_runner.go:73.2,73.16 1 6
github.com/viralabs-dev/mudarro/internal/mudarro/kubernetes_runner.go:74.3,75.1 1 1
github.com/viralabs-dev/mudarro/internal/mudarro/kubernetes_runner.go:76.2,76.12 1 5
github.com/viralabs-dev/mudarro/internal/mudarro/local_runner.go:27.2,27.39 1 0
github.com/viralabs-dev/mudarro/internal/mudarro/local_runner.go:28.3,29.1 1 0
github.com/viralabs-dev/mudarro/internal/mudarro/local_runner.go:30.2,31.14 2 0
github.com/viralabs-dev/mudarro/internal/mudarro/local_runner.go:32.3,33.1 1 0
github.com/viralabs-dev/mudarro/internal/mudarro/local_runner.go:34.2,35.27 2 0
github.com/viralabs-dev/mudarro/internal/mudarro/local_runner.go:36.3,36.83 1 0
github.com/viralabs-dev/mudarro/internal/mudarro/local_runner.go:37.4,38.1 1 0
github.com/viralabs-dev/mudarro/internal/mudarro/local_runner.go:40.2,40.14 1 0
github.com/viralabs-dev/mudarro/internal/mudarro/local_runner.go:43.2,47.1 4 0
github.com/viralabs-dev/mudarro/internal/mudarro/local_runner.go:49.2,50.14 2 0
github.com/viralabs-dev/mudarro/internal/mudarro/local_runner.go:51.3,52.1 1 0
github.com/viralabs-dev/mudarro/internal/mudarro/local_runner.go:53.2,53.11 1 0
github.com/viralabs-dev/mudarro/internal/mudarro/local_runner.go:54.3,56.1 2 0
github.com/viralabs-dev/mudarro/internal/mudarro/local_runner.go:57.2,57.43 1 0
github.com/viralabs-dev/mudarro/internal/mudarro/local_runner.go:58.3,59.1 1 0
github.com/viralabs-dev/mudarro/internal/mudarro/local_runner.go:60.2,61.14 2 0
github.com/viralabs-dev/mudarro/internal/mudarro/local_runner.go:62.3,63.1 1 0
github.com/viralabs-dev/mudarro/internal/mudarro/local_runner.go:64.2,65.14 2 0
github.com/viralabs-dev/mudarro/internal/mudarro/local_runner.go:66.3,67.1 1 0
github.com/viralabs-dev/mudarro/internal/mudarro/local_runner.go:68.2,69.66 2 0
github.com/viralabs-dev/mudarro/internal/mudarro/local_runner.go:70.3,71.1 1 0
github.com/viralabs-dev/mudarro/internal/mudarro/local_runner.go:72.2,73.60 2 0
github.com/viralabs-dev/mudarro/internal/mudarro/local_runner.go:74.3,74.84 1 0
github.com/viralabs-dev/mudarro/internal/mudarro/local_runner.go:75.4,76.1 1 0
github.com/viralabs-dev/mudarro/internal/mudarro/local_runner.go:78.2,81.12 4 0
github.com/viralabs-dev/mudarro/internal/mudarro/local_runner.go:83.3,83.12 1 0
github.com/viralabs-dev/mudarro/internal/mudarro/local_runner.go:84.4,85.1 1 0
github.com/viralabs-dev/mudarro/internal/mudarro/local_runner.go:86.4,87.1 1 0
github.com/viralabs-dev/mudarro/internal/mudarro/local_runner.go:88.3,88.13 1 0
github.com/viralabs-dev/mudarro/internal/mudarro/local_runner.go:90.3,91.15 2 0
github.com/viralabs-dev/mudarro/internal/mudarro/local_runner.go:92.4,93.1 1 0
github.com/viralabs-dev/mudarro/internal/mudarro/local_runner.go:94.3,96.11 3 0
github.com/viralabs-dev/mudarro/internal/mudarro/local_runner.go:98.3,98.12 1 0
github.com/viralabs-dev/mudarro/internal/mudarro/local_runner.go:99.4,99.60 1 0
github.com/viralabs-dev/mudarro/internal/mudarro/local_runner.go:100.5,101.1 1 0
github.com/viralabs-dev/mudarro/internal/mudarro/local_runner.go:102.4,102.44 1 0
github.com/viralabs-dev/mudarro/internal/mudarro/local_runner.go:103.5,104.1 1 0
github.com/viralabs-dev/mudarro/internal/mudarro/local_runner.go:105.4,105.19 1 0
github.com/viralabs-dev/mudarro/internal/mudarro/local_runner.go:106.5,107.1 1 0
github.com/viralabs-dev/mudarro/internal/mudarro/local_runner.go:109.3,109.19 1 0
github.com/viralabs-dev/mudarro/internal/mudarro/local_runner.go:110.4,112.1 2 0
github.com/viralabs-dev/mudarro/internal/mudarro/local_runner.go:114.3,114.12 1 0
github.com/viralabs-dev/mudarro/internal/mudarro/local_runner.go:115.4,117.1 2 0
github.com/viralabs-dev/mudarro/internal/mudarro/local_runner.go:119.3,119.61 1 0
github.com/viralabs-dev/mudarro/internal/mudarro/local_runner.go:121.2,122.14 2 0
github.com/viralabs-dev/mudarro/internal/mudarro/local_runner.go:123.3,124.1 1 0
github.com/viralabs-dev/mudarro/internal/mudarro/local_runner.go:125.2,126.39 2 0
github.com/viralabs-dev/mudarro/internal/mudarro/local_runner.go:127.3,128.1 1 0
github.com/viralabs-dev/mudarro/internal/mudarro/local_runner.go:129.2,131.14 3 0
github.com/viralabs-dev/mudarro/internal/mudarro/local_runner.go:132.3,133.1 1 0
github.com/viralabs-dev/mudarro/internal/mudarro/local_runner.go:134.2,139.33 6 0
github.com/viralabs-dev/mudarro/internal/mudarro/local_runner.go:140.3,141.1 1 0
github.com/viralabs-dev/mudarro/internal/mudarro/local_runner.go:142.2,144.46 3 0
github.com/viralabs-dev/mudarro/internal/mudarro/local_runner.go:145.3,147.1 2 0
github.com/viralabs-dev/mudarro/internal/mudarro/local_runner.go:148.2,150.18 3 0
github.com/viralabs-dev/mudarro/internal/mudarro/local_runner.go:151.3,152.1 1 0
github.com/viralabs-dev/mudarro/internal/mudarro/local_runner.go:153.2,154.12 2 0
github.com/viralabs-dev/mudarro/internal/mudarro/local_runner.go:157.2,157.20 1 0
github.com/viralabs-dev/mudarro/internal/mudarro/local_runner.go:158.3,159.1 1 0
github.com/viralabs-dev/mudarro/internal/mudarro/local_runner.go:160.2,162.14 3 0
github.com/viralabs-dev/mudarro/internal/mudarro/local_runner.go:163.3,164.1 1 0
github.com/viralabs-dev/mudarro/internal/mudarro/local_runner.go:165.2,167.31 3 0
github.com/viralabs-dev/mudarro/internal/mudarro/local_runner.go:168.3,168.17 1 0
github.com/viralabs-dev/mudarro/internal/mudarro/local_runner.go:169.4,171.1 2 0
github.com/viralabs-dev/mudarro/internal/mudarro/local_runner.go:173.2,173.12 1 0
github.com/viralabs-dev/mudarro/internal/mudarro/local_runner.go:174.3,175.1 1 0
github.com/viralabs-dev/mudarro/internal/mudarro/local_runner.go:176.2,177.9 2 0
github.com/viralabs-dev/mudarro/internal/mudarro/local_runner.go:178.3,179.1 1 0
github.com/viralabs-dev/mudarro/internal/mudarro/local_runner.go:180.2,181.14 2 0
github.com/viralabs-dev/mudarro/internal/mudarro/local_runner.go:182.3,183.1 1 0
github.com/viralabs-dev/mudarro/internal/mudarro/local_runner.go:184.2,184.19 1 0
github.com/viralabs-dev/mudarro/internal/mudarro/local_runner.go:185.3,186.1 1 0
github.com/viralabs-dev/mudarro/internal/mudarro/local_runner.go:187.2,187.17 1 0
github.com/viralabs-dev/mudarro/internal/mudarro/local_runner.go:188.3,189.1 1 0
github.com/viralabs-dev/mudarro/internal/mudarro/local_runner.go:190.2,191.14 2 0
github.com/viralabs-dev/mudarro/internal/mudarro/local_runner.go:192.3,193.1 1 0
github.com/viralabs-dev/mudarro/internal/mudarro/local_runner.go:194.2,201.33 8 0
github.com/viralabs-dev/mudarro/internal/mudarro/local_runner.go:202.3,203.1 1 0
github.com/viralabs-dev/mudarro/internal/mudarro/local_runner.go:204.2,205.12 2 0
github.com/viralabs-dev/mudarro/internal/mudarro/local_runner.go:205.14,205.36 1 0
github.com/viralabs-dev/mudarro/internal/mudarro/local_runner.go:206.2,206.9 1 0
github.com/viralabs-dev/mudarro/internal/mudarro/local_runner.go:208.3,208.11 1 0
github.com/viralabs-dev/mudarro/internal/mudarro/local_runner.go:210.3,211.10 2 0
github.com/viralabs-dev/mudarro/internal/mudarro/local_runner.go:213.4,213.12 1 0
github.com/viralabs-dev/mudarro/internal/mudarro/local_runner.go:215.4,216.17 2 0
github.com/viralabs-dev/mudarro/internal/mudarro/runner.go:19.2,19.21 1 46
github.com/viralabs-dev/mudarro/internal/mudarro/runner.go:20.3,21.1 1 0
github.com/viralabs-dev/mudarro/internal/mudarro/runner.go:22.2,22.37 1 46
github.com/viralabs-dev/mudarro/internal/mudarro/runner.go:23.3,26.54 4 2
github.com/viralabs-dev/mudarro/internal/mudarro/runner.go:27.4,28.1 1 1
github.com/viralabs-dev/mudarro/internal/mudarro/runner.go:30.2,30.44 1 45
github.com/viralabs-dev/mudarro/internal/mudarro/runner.go:31.3,32.1 1 0
github.com/viralabs-dev/mudarro/internal/mudarro/runner.go:33.2,33.42 1 45
github.com/viralabs-dev/mudarro/internal/mudarro/runner.go:34.3,35.1 1 8
github.com/viralabs-dev/mudarro/internal/mudarro/runner.go:36.2,36.32 1 37
github.com/viralabs-dev/mudarro/internal/mudarro/runner.go:37.3,38.1 1 3
github.com/viralabs-dev/mudarro/internal/mudarro/runner.go:39.2,39.11 1 34
github.com/viralabs-dev/mudarro/internal/mudarro/runner.go:40.3,42.1 2 23
github.com/viralabs-dev/mudarro/internal/mudarro/runner.go:43.2,44.14 2 11
github.com/viralabs-dev/mudarro/internal/mudarro/runner.go:45.3,46.1 1 2
github.com/viralabs-dev/mudarro/internal/mudarro/runner.go:47.2,47.27 1 9
github.com/viralabs-dev/mudarro/internal/mudarro/runner.go:48.3,49.1 1 0
github.com/viralabs-dev/mudarro/internal/mudarro/runner.go:50.2,50.20 1 9
github.com/viralabs-dev/mudarro/internal/mudarro/runner.go:51.3,52.1 1 0
github.com/viralabs-dev/mudarro/internal/mudarro/runner.go:53.2,54.14 2 9
github.com/viralabs-dev/mudarro/internal/mudarro/runner.go:55.3,56.1 1 0
github.com/viralabs-dev/mudarro/internal/mudarro/runner.go:57.2,58.22 2 9
github.com/viralabs-dev/mudarro/internal/mudarro/runner.go:59.3,60.1 1 56
github.com/viralabs-dev/mudarro/internal/mudarro/runner.go:62.2,62.182 1 9
github.com/viralabs-dev/mudarro/internal/mudarro/runner.go:63.3,66.60 4 6
github.com/viralabs-dev/mudarro/internal/mudarro/runner.go:67.4,67.58 1 4
github.com/viralabs-dev/mudarro/internal/mudarro/runner.go:68.5,69.1 1 2
github.com/viralabs-dev/mudarro/internal/mudarro/runner.go:70.4,70.22 1 2
github.com/viralabs-dev/mudarro/internal/mudarro/runner.go:71.5,72.1 1 2
github.com/viralabs-dev/mudarro/internal/mudarro/runner.go:75.2,75.29 1 7
github.com/viralabs-dev/mudarro/internal/mudarro/runner.go:78.2,79.1 1 13
github.com/viralabs-dev/mudarro/internal/mudarro/scan.go:31.53,31.101 1 26
github.com/viralabs-dev/mudarro/internal/mudarro/scan.go:32.53,32.95 1 3
github.com/viralabs-dev/mudarro/internal/mudarro/scan.go:33.53,33.125 2 585
github.com/viralabs-dev/mudarro/internal/mudarro/scan.go:36.2,38.78 3 43
github.com/viralabs-dev/mudarro/internal/mudarro/scan.go:39.3,39.15 1 177
github.com/viralabs-dev/mudarro/internal/mudarro/scan.go:40.4,41.1 1 0
github.com/viralabs-dev/mudarro/internal/mudarro/scan.go:42.3,43.32 2 177
github.com/viralabs-dev/mudarro/internal/mudarro/scan.go:44.4,45.105 2 10
github.com/viralabs-dev/mudarro/internal/mudarro/scan.go:46.5,46.18 1 1
github.com/viralabs-dev/mudarro/internal/mudarro/scan.go:47.6,48.1 1 1
github.com/viralabs-dev/mudarro/internal/mudarro/scan.go:49.5,49.15 1 0
github.com/viralabs-dev/mudarro/internal/mudarro/scan.go:52.3,52.16 1 176
github.com/viralabs-dev/mudarro/internal/mudarro/scan.go:53.4,53.57 1 60
github.com/viralabs-dev/mudarro/internal/mudarro/scan.go:54.5,55.1 1 2
github.com/viralabs-dev/mudarro/internal/mudarro/scan.go:56.4,56.14 1 58
github.com/viralabs-dev/mudarro/internal/mudarro/scan.go:58.3,58.35 1 116
github.com/viralabs-dev/mudarro/internal/mudarro/scan.go:59.4,60.1 1 1
github.com/viralabs-dev/mudarro/internal/mudarro/scan.go:61.3,62.23 2 115
github.com/viralabs-dev/mudarro/internal/mudarro/scan.go:63.4,64.1 1 56
github.com/viralabs-dev/mudarro/internal/mudarro/scan.go:65.3,66.13 2 115
github.com/viralabs-dev/mudarro/internal/mudarro/scan.go:68.2,68.14 1 43
github.com/viralabs-dev/mudarro/internal/mudarro/scan.go:69.3,70.1 1 0
github.com/viralabs-dev/mudarro/internal/mudarro/scan.go:71.2,72.22 2 43
github.com/viralabs-dev/mudarro/internal/mudarro/scan.go:73.3,74.1 1 56
github.com/viralabs-dev/mudarro/internal/mudarro/scan.go:75.2,76.28 2 43
github.com/viralabs-dev/mudarro/internal/mudarro/scan.go:77.3,78.19 2 56
github.com/viralabs-dev/mudarro/internal/mudarro/scan.go:79.4,80.1 1 1
github.com/viralabs-dev/mudarro/internal/mudarro/scan.go:81.3,81.38 1 56
github.com/viralabs-dev/mudarro/internal/mudarro/scan.go:82.4,83.16 2 168
github.com/viralabs-dev/mudarro/internal/mudarro/scan.go:84.5,85.13 2 2
github.com/viralabs-dev/mudarro/internal/mudarro/scan.go:87.4,87.16 1 166
github.com/viralabs-dev/mudarro/internal/mudarro/scan.go:88.5,88.13 1 121
github.com/viralabs-dev/mudarro/internal/mudarro/scan.go:90.4,94.35 5 45
github.com/viralabs-dev/mudarro/internal/mudarro/scan.go:95.5,97.1 2 48
github.com/viralabs-dev/mudarro/internal/mudarro/scan.go:98.4,98.39 1 45
github.com/viralabs-dev/mudarro/internal/mudarro/scan.go:99.5,101.53 3 22
github.com/viralabs-dev/mudarro/internal/mudarro/scan.go:102.6,103.1 1 7
github.com/viralabs-dev/mudarro/internal/mudarro/scan.go:107.2,107.33 1 43
github.com/viralabs-dev/mudarro/internal/mudarro/scan.go:108.3,112.1 4 2
github.com/viralabs-dev/mudarro/internal/mudarro/scan.go:113.2,113.28 1 43
github.com/viralabs-dev/mudarro/internal/mudarro/scan.go:114.3,114.31 1 56
github.com/viralabs-dev/mudarro/internal/mudarro/scan.go:115.4,115.61 1 115
github.com/viralabs-dev/mudarro/internal/mudarro/scan.go:116.5,116.13 1 111
github.com/viralabs-dev/mudarro/internal/mudarro/scan.go:118.4,118.25 1 4
github.com/viralabs-dev/mudarro/internal/mudarro/scan.go:119.5,119.13 1 0
github.com/viralabs-dev/mudarro/internal/mudarro/scan.go:121.4,123.40 3 4
github.com/viralabs-dev/mudarro/internal/mudarro/scan.go:124.5,124.97 1 8
github.com/viralabs-dev/mudarro/internal/mudarro/scan.go:125.6,125.27 1 2
github.com/viralabs-dev/mudarro/internal/mudarro/scan.go:126.7,128.1 2 2
github.com/viralabs-dev/mudarro/internal/mudarro/scan.go:131.4,133.26 3 4
github.com/viralabs-dev/mudarro/internal/mudarro/scan.go:134.5,135.17 2 3
github.com/viralabs-dev/mudarro/internal/mudarro/scan.go:136.6,137.14 2 0
github.com/viralabs-dev/mudarro/internal/mudarro/scan.go:139.5,140.63 2 3
github.com/viralabs-dev/mudarro/internal/mudarro/scan.go:141.6,142.1 1 3
github.com/viralabs-dev/mudarro/internal/mudarro/scan.go:144.5,145.34 2 1
github.com/viralabs-dev/mudarro/internal/mudarro/scan.go:146.6,147.1 1 0
github.com/viralabs-dev/mudarro/internal/mudarro/scan.go:151.2,151.48 1 43
github.com/viralabs-dev/mudarro/internal/mudarro/scan.go:152.3,153.1 1 36
github.com/viralabs-dev/mudarro/internal/mudarro/scan.go:154.2,154.15 1 43
github.com/viralabs-dev/mudarro/internal/mudarro/scan.go:158.2,159.105 2 47
github.com/viralabs-dev/mudarro/internal/mudarro/scan.go:160.3,160.44 1 188
github.com/viralabs-dev/mudarro/internal/mudarro/scan.go:161.4,163.1 2 1
github.com/viralabs-dev/mudarro/internal/mudarro/scan.go:165.2,165.78 1 47
github.com/viralabs-dev/mudarro/internal/mudarro/scan.go:166.3,167.1 1 0
github.com/viralabs-dev/mudarro/internal/mudarro/scan.go:168.2,168.50 1 47
github.com/viralabs-dev/mudarro/internal/mudarro/scan.go:169.3,169.44 1 94
github.com/viralabs-dev/mudarro/internal/mudarro/scan.go:170.4,171.1 1 1
github.com/viralabs-dev/mudarro/internal/mudarro/scan.go:173.2,173.54 1 47
github.com/viralabs-dev/mudarro/internal/mudarro/scan.go:174.3,175.1 1 1
github.com/viralabs-dev/mudarro/internal/mudarro/scan.go:176.2,176.72 1 47
github.com/viralabs-dev/mudarro/internal/mudarro/scan.go:177.3,177.44 1 93
github.com/viralabs-dev/mudarro/internal/mudarro/scan.go:178.4,179.9 2 1
github.com/viralabs-dev/mudarro/internal/mudarro/scan.go:182.2,182.26 1 47
github.com/viralabs-dev/mudarro/internal/mudarro/scan.go:183.3,184.1 1 45
github.com/viralabs-dev/mudarro/internal/mudarro/scan.go:184.9,184.33 1 2
github.com/viralabs-dev/mudarro/internal/mudarro/scan.go:185.3,186.41 2 0
github.com/viralabs-dev/mudarro/internal/mudarro/scan.go:187.4,189.1 2 0
github.com/viralabs-dev/mudarro/internal/mudarro/scan.go:191.3,192.32 2 2
github.com/viralabs-dev/mudarro/internal/mudarro/scan.go:193.4,194.1 1 4
github.com/viralabs-dev/mudarro/internal/mudarro/scan.go:196.2,196.43 1 47
github.com/viralabs-dev/mudarro/internal/mudarro/scan.go:197.3,198.1 1 0
github.com/viralabs-dev/mudarro/internal/mudarro/scan.go:201.2,202.64 2 45
github.com/viralabs-dev/mudarro/internal/mudarro/scan.go:203.3,205.50 3 1
github.com/viralabs-dev/mudarro/internal/mudarro/scan.go:206.4,207.1 1 0
github.com/viralabs-dev/mudarro/internal/mudarro/scan.go:208.3,208.46 1 1
github.com/viralabs-dev/mudarro/internal/mudarro/scan.go:209.4,210.1 1 1
github.com/viralabs-dev/mudarro/internal/mudarro/scan.go:212.2,212.29 1 45
github.com/viralabs-dev/mudarro/internal/mudarro/scan.go:213.3,214.1 1 12
github.com/viralabs-dev/mudarro/internal/mudarro/scan.go:215.2,215.55 1 45
github.com/viralabs-dev/mudarro/internal/mudarro/scan.go:216.3,217.1 1 1
github.com/viralabs-dev/mudarro/internal/mudarro/scan.go:218.2,218.92 1 45
github.com/viralabs-dev/mudarro/internal/mudarro/scan.go:219.3,219.27 1 45
github.com/viralabs-dev/mudarro/internal/mudarro/scan.go:220.4,222.60 3 0
github.com/viralabs-dev/mudarro/internal/mudarro/scan.go:223.5,224.10 2 0
github.com/viralabs-dev/mudarro/internal/mudarro/scan.go:228.2,228.25 1 45
github.com/viralabs-dev/mudarro/internal/mudarro/scan.go:229.3,231.1 2 1
github.com/viralabs-dev/mudarro/internal/mudarro/scan.go:232.2,232.26 1 44
github.com/viralabs-dev/mudarro/internal/mudarro/scan.go:233.3,235.28 3 12
github.com/viralabs-dev/mudarro/internal/mudarro/scan.go:236.4,237.1 1 12
github.com/viralabs-dev/mudarro/internal/mudarro/sqlite_runner.go:10.2,11.16 2 3
github.com/viralabs-dev/mudarro/internal/mudarro/sqlite_runner.go:12.3,13.1 1 0
github.com/viralabs-dev/mudarro/internal/mudarro/sqlite_runner.go:14.2,15.16 2 3
github.com/viralabs-dev/mudarro/internal/mudarro/sqlite_runner.go:16.3,17.1 1 1
github.com/viralabs-dev/mudarro/internal/mudarro/sqlite_runner.go:18.2,18.11 1 2
github.com/viralabs-dev/mudarro/internal/mudarro/sqlite_runner.go:19.3,21.1 2 1
github.com/viralabs-dev/mudarro/internal/mudarro/sqlite_runner.go:22.2,22.61 1 1
github.com/viralabs-dev/mudarro/internal/mudarro/sqlite_runner.go:23.3,24.1 1 0
github.com/viralabs-dev/mudarro/internal/mudarro/sqlite_runner.go:25.2,26.21 2 1
github.com/viralabs-dev/mudarro/internal/mudarro/sqlite_runner.go:27.3,29.1 2 1
github.com/viralabs-dev/mudarro/internal/mudarro/sqlite_runner.go:30.2,30.16 1 0
github.com/viralabs-dev/mudarro/internal/mudarro/sqlite_runner.go:31.3,32.1 1 0
github.com/viralabs-dev/mudarro/internal/mudarro/sqlite_runner.go:33.2,33.18 1 0
github.com/viralabs-dev/mudarro/internal/mudarro/templates.go:11.2,12.27 2 29
github.com/viralabs-dev/mudarro/internal/mudarro/templates.go:12.29,12.72 1 39
github.com/viralabs-dev/mudarro/internal/mudarro/templates.go:13.2,14.16 2 29
github.com/viralabs-dev/mudarro/internal/mudarro/templates.go:15.3,15.73 1 5
github.com/viralabs-dev/mudarro/internal/mudarro/templates.go:16.4,17.1 1 0
github.com/viralabs-dev/mudarro/internal/mudarro/templates.go:18.3,19.10 2 5
github.com/viralabs-dev/mudarro/internal/mudarro/templates.go:20.4,21.1 1 0
github.com/viralabs-dev/mudarro/internal/mudarro/templates.go:22.3,23.21 2 5
github.com/viralabs-dev/mudarro/internal/mudarro/templates.go:25.4,25.21 1 0
github.com/viralabs-dev/mudarro/internal/mudarro/templates.go:27.5,27.89 1 0
github.com/viralabs-dev/mudarro/internal/mudarro/templates.go:29.5,29.124 1 0
github.com/viralabs-dev/mudarro/internal/mudarro/templates.go:31.5,31.71 1 0
github.com/viralabs-dev/mudarro/internal/mudarro/templates.go:34.4,35.21 2 0
github.com/viralabs-dev/mudarro/internal/mudarro/templates.go:37.5,39.38 3 0
github.com/viralabs-dev/mudarro/internal/mudarro/templates.go:40.6,41.1 1 0
github.com/viralabs-dev/mudarro/internal/mudarro/templates.go:42.5,42.59 1 0
github.com/viralabs-dev/mudarro/internal/mudarro/templates.go:44.5,44.67 1 0
github.com/viralabs-dev/mudarro/internal/mudarro/templates.go:46.5,46.78 1 0
github.com/viralabs-dev/mudarro/internal/mudarro/templates.go:48.5,48.60 1 0
github.com/viralabs-dev/mudarro/internal/mudarro/templates.go:51.4,51.91 1 5
github.com/viralabs-dev/mudarro/internal/mudarro/templates.go:53.4,53.88 1 0
github.com/viralabs-dev/mudarro/internal/mudarro/templates.go:55.3,56.24 2 5
github.com/viralabs-dev/mudarro/internal/mudarro/templates.go:57.4,58.1 1 0
github.com/viralabs-dev/mudarro/internal/mudarro/templates.go:59.3,61.45 3 5
github.com/viralabs-dev/mudarro/internal/mudarro/templates.go:62.4,63.1 1 0
github.com/viralabs-dev/mudarro/internal/mudarro/templates.go:64.3,66.72 3 5
github.com/viralabs-dev/mudarro/internal/mudarro/templates.go:67.4,67.20 1 4
github.com/viralabs-dev/mudarro/internal/mudarro/templates.go:68.5,69.1 1 0
github.com/viralabs-dev/mudarro/internal/mudarro/templates.go:70.4,71.18 2 4
github.com/viralabs-dev/mudarro/internal/mudarro/templates.go:72.5,73.1 1 0
github.com/viralabs-dev/mudarro/internal/mudarro/templates.go:74.4,76.44 3 4
github.com/viralabs-dev/mudarro/internal/mudarro/templates.go:77.5,80.18 4 4
github.com/viralabs-dev/mudarro/internal/mudarro/templates.go:81.6,82.1 1 4
github.com/viralabs-dev/mudarro/internal/mudarro/templates.go:83.5,83.105 1 4
github.com/viralabs-dev/mudarro/internal/mudarro/templates.go:85.4,86.26 2 4
github.com/viralabs-dev/mudarro/internal/mudarro/templates.go:88.3,88.29 1 5
github.com/viralabs-dev/mudarro/internal/mudarro/templates.go:89.4,89.54 1 1
github.com/viralabs-dev/mudarro/internal/mudarro/templates.go:90.5,91.1 1 0
github.com/viralabs-dev/mudarro/internal/mudarro/templates.go:92.4,92.92 1 1
github.com/viralabs-dev/mudarro/internal/mudarro/templates.go:93.5,94.1 1 0
github.com/viralabs-dev/mudarro/internal/mudarro/templates.go:95.4,97.44 3 1
github.com/viralabs-dev/mudarro/internal/mudarro/templates.go:98.5,99.18 2 1
github.com/viralabs-dev/mudarro/internal/mudarro/templates.go:100.6,101.1 1 1
github.com/viralabs-dev/mudarro/internal/mudarro/templates.go:102.5,102.164 1 1
github.com/viralabs-dev/mudarro/internal/mudarro/templates.go:104.4,111.44 8 1
github.com/viralabs-dev/mudarro/internal/mudarro/templates.go:112.5,115.1 3 1
github.com/viralabs-dev/mudarro/internal/mudarro/templates.go:116.4,116.29 1 1
github.com/viralabs-dev/mudarro/internal/mudarro/templates.go:117.5,119.1 2 1
github.com/viralabs-dev/mudarro/internal/mudarro/templates.go:122.2,122.16 1 29
github.com/viralabs-dev/mudarro/internal/mudarro/templates.go:123.3,123.50 1 5
github.com/viralabs-dev/mudarro/internal/mudarro/templates.go:124.4,125.1 1 0
github.com/viralabs-dev/mudarro/internal/mudarro/templates.go:126.3,126.51 1 5
github.com/viralabs-dev/mudarro/internal/mudarro/templates.go:127.4,128.1 1 0
github.com/viralabs-dev/mudarro/internal/mudarro/templates.go:129.3,129.19 1 5
github.com/viralabs-dev/mudarro/internal/mudarro/templates.go:130.4,131.1 1 0
github.com/viralabs-dev/mudarro/internal/mudarro/templates.go:132.3,133.16 2 5
github.com/viralabs-dev/mudarro/internal/mudarro/templates.go:134.4,135.1 1 5
github.com/viralabs-dev/mudarro/internal/mudarro/templates.go:136.3,137.17 2 5
github.com/viralabs-dev/mudarro/internal/mudarro/templates.go:139.4,141.116 3 1
github.com/viralabs-dev/mudarro/internal/mudarro/templates.go:143.4,147.110 5 1
github.com/viralabs-dev/mudarro/internal/mudarro/templates.go:149.4,151.241 3 1
github.com/viralabs-dev/mudarro/internal/mudarro/templates.go:153.4,154.149 2 2
github.com/viralabs-dev/mudarro/internal/mudarro/templates.go:156.4,156.70 1 0
github.com/viralabs-dev/mudarro/internal/mudarro/templates.go:159.2,159.19 1 29
github.com/viralabs-dev/mudarro/internal/mudarro/templates.go:162.2,162.24 1 1
github.com/viralabs-dev/mudarro/internal/mudarro/templates.go:163.3,164.14 2 0
github.com/viralabs-dev/mudarro/internal/mudarro/templates.go:165.4,166.1 1 0
github.com/viralabs-dev/mudarro/internal/mudarro/templates.go:167.3,167.170 1 0
github.com/viralabs-dev/mudarro/internal/mudarro/templates.go:169.2,169.333 1 1
github.com/viralabs-dev/mudarro/internal/mudarro/templates.go:173.2,231.1 1 1
github.com/viralabs-dev/mudarro/internal/mudarro/adapters/database_adapters.go:6.2,7.1 3 7
github.com/viralabs-dev/mudarro/internal/mudarro/adapters/database_adapters.go:8.2,9.1 3 7
github.com/viralabs-dev/mudarro/internal/mudarro/adapters/database_adapters.go:10.2,10.19 3 7
github.com/viralabs-dev/mudarro/internal/mudarro/adapters/database_adapters.go:11.3,11.30 1 28
github.com/viralabs-dev/mudarro/internal/mudarro/adapters/database_adapters.go:12.4,13.1 1 7
github.com/viralabs-dev/mudarro/internal/mudarro/adapters/database_adapters.go:15.2,15.10 1 7
github.com/viralabs-dev/mudarro/internal/mudarro/adapters/database_adapters.go:18.2,19.1 2 7
github.com/viralabs-dev/mudarro/internal/mudarro/adapters/database_adapters.go:20.2,23.266 2 7
github.com/viralabs-dev/mudarro/internal/mudarro/adapters/database_adapters.go:24.3,25.1 1 28
github.com/viralabs-dev/mudarro/internal/mudarro/adapters/database_adapters.go:27.2,27.19 1 7
github.com/viralabs-dev/mudarro/internal/mudarro/adapters/database_adapters.go:28.3,28.30 1 28
github.com/viralabs-dev/mudarro/internal/mudarro/adapters/database_adapters.go:29.4,30.1 1 7
github.com/viralabs-dev/mudarro/internal/mudarro/adapters/database_adapters.go:32.2,32.10 1 7
github.com/viralabs-dev/mudarro/internal/mudarro/adapters/database_adapters.go:35.2,36.1 3 6
github.com/viralabs-dev/mudarro/internal/mudarro/adapters/database_adapters.go:37.2,38.1 3 6
github.com/viralabs-dev/mudarro/internal/mudarro/adapters/database_adapters.go:39.2,39.19 3 6
github.com/viralabs-dev/mudarro/internal/mudarro/adapters/database_adapters.go:40.3,40.30 1 18
github.com/viralabs-dev/mudarro/internal/mudarro/adapters/database_adapters.go:41.4,42.1 1 0
github.com/viralabs-dev/mudarro/internal/mudarro/adapters/database_adapters.go:44.2,44.10 1 6
github.com/viralabs-dev/mudarro/internal/mudarro/adapters/database_adapters.go:47.2,49.1 4 8
github.com/viralabs-dev/mudarro/internal/mudarro/adapters/database_adapters.go:50.2,51.24 4 8
github.com/viralabs-dev/mudarro/internal/mudarro/adapters/database_adapters.go:52.3,53.1 1 1
github.com/viralabs-dev/mudarro/internal/mudarro/adapters/database_adapters.go:54.2,55.15 2 8
github.com/viralabs-dev/mudarro/internal/mudarro/adapters/database_adapters.go:56.3,57.1 1 3
github.com/viralabs-dev/mudarro/internal/mudarro/adapters/database_adapters.go:58.2,59.24 2 8
github.com/viralabs-dev/mudarro/internal/mudarro/adapters/database_adapters.go:60.3,61.16 2 1
github.com/viralabs-dev/mudarro/internal/mudarro/adapters/database_adapters.go:62.4,63.1 1 1
github.com/viralabs-dev/mudarro/internal/mudarro/adapters/database_adapters.go:65.2,66.1 2 8
github.com/viralabs-dev/mudarro/internal/mudarro/adapters/database_adapters.go:67.2,67.19 2 8
github.com/viralabs-dev/mudarro/internal/mudarro/adapters/database_adapters.go:68.3,68.30 1 32
github.com/viralabs-dev/mudarro/internal/mudarro/adapters/database_adapters.go:69.4,70.1 1 8
github.com/viralabs-dev/mudarro/internal/mudarro/adapters/database_adapters.go:72.2,72.10 1 8
github.com/viralabs-dev/mudarro/internal/mudarro/adapters/database_setup.go:7.2,8.25 2 125
github.com/viralabs-dev/mudarro/internal/mudarro/adapters/database_setup.go:10.3,10.20 1 7
github.com/viralabs-dev/mudarro/internal/mudarro/adapters/database_setup.go:12.4,12.86 1 0
github.com/viralabs-dev/mudarro/internal/mudarro/adapters/database_setup.go:14.4,14.86 1 0
github.com/viralabs-dev/mudarro/internal/mudarro/adapters/database_setup.go:16.4,16.97 1 7
github.com/viralabs-dev/mudarro/internal/mudarro/adapters/database_setup.go:19.3,20.35 2 28
github.com/viralabs-dev/mudarro/internal/mudarro/adapters/database_setup.go:21.4,22.1 1 6
github.com/viralabs-dev/mudarro/internal/mudarro/adapters/database_setup.go:23.3,23.38 1 28
github.com/viralabs-dev/mudarro/internal/mudarro/adapters/database_setup.go:24.4,25.1 1 11
github.com/viralabs-dev/mudarro/internal/mudarro/adapters/database_setup.go:26.3,27.24 2 28
github.com/viralabs-dev/mudarro/internal/mudarro/adapters/database_setup.go:28.4,29.1 1 14
github.com/viralabs-dev/mudarro/internal/mudarro/adapters/database_setup.go:30.3,30.28 1 28
github.com/viralabs-dev/mudarro/internal/mudarro/adapters/database_setup.go:31.4,32.1 1 5
github.com/viralabs-dev/mudarro/internal/mudarro/adapters/database_setup.go:33.3,33.64 1 28
github.com/viralabs-dev/mudarro/internal/mudarro/adapters/database_setup.go:35.3,35.98 1 8
github.com/viralabs-dev/mudarro/internal/mudarro/adapters/database_setup.go:37.2,38.56 2 125
github.com/viralabs-dev/mudarro/internal/mudarro/adapters/database_setup.go:39.3,40.1 1 0
github.com/viralabs-dev/mudarro/internal/mudarro/adapters/database_setup.go:41.2,41.27 1 125
github.com/viralabs-dev/mudarro/internal/mudarro/adapters/database_setup.go:42.3,43.1 1 43
github.com/viralabs-dev/mudarro/internal/mudarro/adapters/database_setup.go:44.2,44.96 1 125
github.com/viralabs-dev/mudarro/internal/mudarro/adapters/database_setup.go:45.3,45.72 1 0
github.com/viralabs-dev/mudarro/internal/mudarro/adapters/database_setup.go:46.4,49.1 3 0
github.com/viralabs-dev/mudarro/internal/mudarro/adapters/database_setup.go:51.2,51.10 1 125
github.com/viralabs-dev/mudarro/internal/mudarro/adapters/helpers.go:14.2,16.13 3 48
github.com/viralabs-dev/mudarro/internal/mudarro/adapters/helpers.go:17.3,18.1 1 40
github.com/viralabs-dev/mudarro/internal/mudarro/adapters/helpers.go:19.2,19.23 1 48
github.com/viralabs-dev/mudarro/internal/mudarro/adapters/helpers.go:22.2,23.1 1 48
github.com/viralabs-dev/mudarro/internal/mudarro/adapters/helpers.go:24.56,24.104 1 504
github.com/viralabs-dev/mudarro/internal/mudarro/adapters/helpers.go:28.53,28.75 1 17
github.com/viralabs-dev/mudarro/internal/mudarro/adapters/helpers.go:29.53,29.125 2 5
github.com/viralabs-dev/mudarro/internal/mudarro/adapters/helpers.go:30.53,30.101 1 26
github.com/viralabs-dev/mudarro/internal/mudarro/adapters/helpers.go:32.2,33.1 1 320
github.com/viralabs-dev/mudarro/internal/mudarro/adapters/helpers.go:35.2,36.1 1 14
github.com/viralabs-dev/mudarro/internal/mudarro/adapters/infrastructure_adapters.go:8.2,9.72 2 71
github.com/viralabs-dev/mudarro/internal/mudarro/adapters/infrastructure_adapters.go:10.3,11.109 2 355
github.com/viralabs-dev/mudarro/internal/mudarro/adapters/infrastructure_adapters.go:12.4,13.1 1 0
github.com/viralabs-dev/mudarro/internal/mudarro/adapters/infrastructure_adapters.go:14.3,14.19 1 355
github.com/viralabs-dev/mudarro/internal/mudarro/adapters/infrastructure_adapters.go:16.2,16.10 1 71
github.com/viralabs-dev/mudarro/internal/mudarro/adapters/infrastructure_adapters.go:19.2,22.25 4 37
github.com/viralabs-dev/mudarro/internal/mudarro/adapters/infrastructure_adapters.go:23.3,23.19 1 19
github.com/viralabs-dev/mudarro/internal/mudarro/adapters/infrastructure_adapters.go:24.4,25.1 1 2
github.com/viralabs-dev/mudarro/internal/mudarro/adapters/infrastructure_adapters.go:26.3,27.25 2 17
github.com/viralabs-dev/mudarro/internal/mudarro/adapters/infrastructure_adapters.go:30.4,31.1 1 6
github.com/viralabs-dev/mudarro/internal/mudarro/adapters/infrastructure_adapters.go:32.3,35.206 1 17
github.com/viralabs-dev/mudarro/internal/mudarro/adapters/infrastructure_adapters.go:36.4,38.1 2 102
github.com/viralabs-dev/mudarro/internal/mudarro/adapters/infrastructure_adapters.go:39.9,39.35 1 18
github.com/viralabs-dev/mudarro/internal/mudarro/adapters/infrastructure_adapters.go:40.3,40.20 1 18
github.com/viralabs-dev/mudarro/internal/mudarro/adapters/infrastructure_adapters.go:41.4,42.1 1 2
github.com/viralabs-dev/mudarro/internal/mudarro/adapters/infrastructure_adapters.go:43.3,44.17 2 16
github.com/viralabs-dev/mudarro/internal/mudarro/adapters/infrastructure_adapters.go:45.4,46.1 1 10
github.com/viralabs-dev/mudarro/internal/mudarro/adapters/infrastructure_adapters.go:47.3,49.17 3 16
github.com/viralabs-dev/mudarro/internal/mudarro/adapters/infrastructure_adapters.go:50.4,51.1 1 4
github.com/viralabs-dev/mudarro/internal/mudarro/adapters/infrastructure_adapters.go:52.3,54.128 3 16
github.com/viralabs-dev/mudarro/internal/mudarro/adapters/infrastructure_adapters.go:55.4,56.1 1 64
github.com/viralabs-dev/mudarro/internal/mudarro/adapters/infrastructure_adapters.go:58.3,59.1 1 0
github.com/viralabs-dev/mudarro/internal/mudarro/adapters/infrastructure_adapters.go:60.2,60.10 1 33
github.com/viralabs-dev/mudarro/internal/mudarro/adapters/infrastructure_adapters.go:63.2,64.58 2 17
github.com/viralabs-dev/mudarro/internal/mudarro/adapters/infrastructure_adapters.go:65.3,66.1 1 10
github.com/viralabs-dev/mudarro/internal/mudarro/adapters/infrastructure_adapters.go:67.2,69.22 3 7
github.com/viralabs-dev/mudarro/internal/mudarro/adapters/infrastructure_adapters.go:70.3,71.1 3 2
github.com/viralabs-dev/mudarro/internal/mudarro/adapters/infrastructure_adapters.go:72.3,74.1 3 2
github.com/viralabs-dev/mudarro/internal/mudarro/adapters/infrastructure_adapters.go:74.9,74.59 1 5
github.com/viralabs-dev/mudarro/internal/mudarro/adapters/infrastructure_adapters.go:75.3,76.28 2 5
github.com/viralabs-dev/mudarro/internal/mudarro/adapters/infrastructure_adapters.go:77.4,78.1 1 3
github.com/viralabs-dev/mudarro/internal/mudarro/adapters/infrastructure_adapters.go:79.3,80.1 3 5
github.com/viralabs-dev/mudarro/internal/mudarro/adapters/infrastructure_adapters.go:81.3,82.90 3 5
github.com/viralabs-dev/mudarro/internal/mudarro/adapters/infrastructure_adapters.go:84.3,85.1 1 0
github.com/viralabs-dev/mudarro/internal/mudarro/adapters/infrastructure_adapters.go:86.2,87.10 2 7
github.com/viralabs-dev/mudarro/internal/mudarro/adapters/language_adapters.go:18.2,18.24 1 56
github.com/viralabs-dev/mudarro/internal/mudarro/adapters/language_adapters.go:19.3,20.1 1 32
github.com/viralabs-dev/mudarro/internal/mudarro/adapters/language_adapters.go:21.2,22.14 2 24
github.com/viralabs-dev/mudarro/internal/mudarro/adapters/language_adapters.go:23.3,24.1 1 1
github.com/viralabs-dev/mudarro/internal/mudarro/adapters/language_adapters.go:25.2,31.1 2 23
github.com/viralabs-dev/mudarro/internal/mudarro/adapters/language_adapters.go:32.2,32.41 2 23
github.com/viralabs-dev/mudarro/internal/mudarro/adapters/language_adapters.go:33.3,34.1 1 0
github.com/viralabs-dev/mudarro/internal/mudarro/adapters/language_adapters.go:35.2,36.103 2 23
github.com/viralabs-dev/mudarro/internal/mudarro/adapters/language_adapters.go:37.3,38.1 1 2
github.com/viralabs-dev/mudarro/internal/mudarro/adapters/language_adapters.go:39.2,40.125 2 23
github.com/viralabs-dev/mudarro/internal/mudarro/adapters/language_adapters.go:41.3,41.13 1 69
github.com/viralabs-dev/mudarro/internal/mudarro/adapters/language_adapters.go:42.4,43.1 1 16
github.com/viralabs-dev/mudarro/internal/mudarro/adapters/language_adapters.go:45.2,45.28 1 23
github.com/viralabs-dev/mudarro/internal/mudarro/adapters/language_adapters.go:46.3,47.1 1 1
github.com/viralabs-dev/mudarro/internal/mudarro/adapters/language_adapters.go:47.9,47.31 1 22
github.com/viralabs-dev/mudarro/internal/mudarro/adapters/language_adapters.go:48.3,49.1 1 13
github.com/viralabs-dev/mudarro/internal/mudarro/adapters/language_adapters.go:49.9,49.31 1 9
github.com/viralabs-dev/mudarro/internal/mudarro/adapters/language_adapters.go:50.3,51.1 1 8
github.com/viralabs-dev/mudarro/internal/mudarro/adapters/language_adapters.go:52.2,52.49 1 23
github.com/viralabs-dev/mudarro/internal/mudarro/adapters/language_adapters.go:53.3,54.1 1 1
github.com/viralabs-dev/mudarro/internal/mudarro/adapters/language_adapters.go:55.2,55.72 1 23
github.com/viralabs-dev/mudarro/internal/mudarro/adapters/language_adapters.go:56.3,56.60 1 92
github.com/viralabs-dev/mudarro/internal/mudarro/adapters/language_adapters.go:57.4,58.9 2 0
github.com/viralabs-dev/mudarro/internal/mudarro/adapters/language_adapters.go:61.2,63.27 3 23
github.com/viralabs-dev/mudarro/internal/mudarro/adapters/language_adapters.go:64.3,65.1 1 51
github.com/viralabs-dev/mudarro/internal/mudarro/adapters/language_adapters.go:66.2,68.25 3 23
github.com/viralabs-dev/mudarro/internal/mudarro/adapters/language_adapters.go:69.3,71.1 2 51
github.com/viralabs-dev/mudarro/internal/mudarro/adapters/language_adapters.go:72.2,73.25 2 23
github.com/viralabs-dev/mudarro/internal/mudarro/adapters/language_adapters.go:74.3,75.36 2 51
github.com/viralabs-dev/mudarro/internal/mudarro/adapters/language_adapters.go:76.4,76.12 1 0
github.com/viralabs-dev/mudarro/internal/mudarro/adapters/language_adapters.go:78.3,78.27 1 51
github.com/viralabs-dev/mudarro/internal/mudarro/adapters/language_adapters.go:79.4,79.23 1 4
github.com/viralabs-dev/mudarro/internal/mudarro/adapters/language_adapters.go:80.5,82.1 2 2
github.com/viralabs-dev/mudarro/internal/mudarro/adapters/language_adapters.go:83.4,83.12 1 4
github.com/viralabs-dev/mudarro/internal/mudarro/adapters/language_adapters.go:85.3,86.99 2 47
github.com/viralabs-dev/mudarro/internal/mudarro/adapters/language_adapters.go:87.4,88.1 1 17
github.com/viralabs-dev/mudarro/internal/mudarro/adapters/language_adapters.go:89.3,89.49 1 47
github.com/viralabs-dev/mudarro/internal/mudarro/adapters/language_adapters.go:90.4,91.1 1 18
github.com/viralabs-dev/mudarro/internal/mudarro/adapters/language_adapters.go:92.3,94.44 3 47
github.com/viralabs-dev/mudarro/internal/mudarro/adapters/language_adapters.go:95.4,96.1 1 34
github.com/viralabs-dev/mudarro/internal/mudarro/adapters/language_adapters.go:98.2,98.21 1 23
github.com/viralabs-dev/mudarro/internal/mudarro/adapters/language_adapters.go:99.3,100.1 1 22
github.com/viralabs-dev/mudarro/internal/mudarro/adapters/language_adapters.go:101.2,101.39 1 23
github.com/viralabs-dev/mudarro/internal/mudarro/adapters/language_adapters.go:102.3,102.37 1 12
github.com/viralabs-dev/mudarro/internal/mudarro/adapters/language_adapters.go:103.4,104.1 1 6
github.com/viralabs-dev/mudarro/internal/mudarro/adapters/language_adapters.go:105.4,106.1 1 6
github.com/viralabs-dev/mudarro/internal/mudarro/adapters/language_adapters.go:108.2,108.28 1 23
github.com/viralabs-dev/mudarro/internal/mudarro/adapters/language_adapters.go:111.2,111.88 1 56
github.com/viralabs-dev/mudarro/internal/mudarro/adapters/language_adapters.go:112.3,113.1 1 41
github.com/viralabs-dev/mudarro/internal/mudarro/adapters/language_adapters.go:114.2,117.38 4 15
github.com/viralabs-dev/mudarro/internal/mudarro/adapters/language_adapters.go:118.3,120.1 2 1
github.com/viralabs-dev/mudarro/internal/mudarro/adapters/language_adapters.go:120.9,120.25 1 14
github.com/viralabs-dev/mudarro/internal/mudarro/adapters/language_adapters.go:121.3,122.1 1 5
github.com/viralabs-dev/mudarro/internal/mudarro/adapters/language_adapters.go:122.9,122.29 1 9
github.com/viralabs-dev/mudarro/internal/mudarro/adapters/language_adapters.go:123.3,124.1 1 4
github.com/viralabs-dev/mudarro/internal/mudarro/adapters/language_adapters.go:125.2,125.25 1 15
github.com/viralabs-dev/mudarro/internal/mudarro/adapters/language_adapters.go:126.3,127.15 2 2
github.com/viralabs-dev/mudarro/internal/mudarro/adapters/language_adapters.go:128.4,129.1 1 0
github.com/viralabs-dev/mudarro/internal/mudarro/adapters/language_adapters.go:130.3,139.1 2 2
github.com/viralabs-dev/mudarro/internal/mudarro/adapters/language_adapters.go:142.3,142.42 2 2
github.com/viralabs-dev/mudarro/internal/mudarro/adapters/language_adapters.go:143.4,144.1 1 1
github.com/viralabs-dev/mudarro/internal/mudarro/adapters/language_adapters.go:145.3,145.36 1 1
github.com/viralabs-dev/mudarro/internal/mudarro/adapters/language_adapters.go:146.4,147.1 1 1
github.com/viralabs-dev/mudarro/internal/mudarro/adapters/language_adapters.go:148.3,148.40 1 1
github.com/viralabs-dev/mudarro/internal/mudarro/adapters/language_adapters.go:149.4,150.1 1 0
github.com/viralabs-dev/mudarro/internal/mudarro/adapters/language_adapters.go:152.2,152.19 1 14
github.com/viralabs-dev/mudarro/internal/mudarro/adapters/language_adapters.go:154.3,154.60 1 5
github.com/viralabs-dev/mudarro/internal/mudarro/adapters/language_adapters.go:156.3,156.67 1 4
github.com/viralabs-dev/mudarro/internal/mudarro/adapters/language_adapters.go:158.3,159.28 2 4
github.com/viralabs-dev/mudarro/internal/mudarro/adapters/language_adapters.go:160.4,161.1 1 4
github.com/viralabs-dev/mudarro/internal/mudarro/adapters/language_adapters.go:162.4,163.1 1 0
github.com/viralabs-dev/mudarro/internal/mudarro/adapters/language_adapters.go:165.2,165.20 1 14
github.com/viralabs-dev/mudarro/internal/mudarro/adapters/language_adapters.go:166.3,169.1 3 12
github.com/viralabs-dev/mudarro/internal/mudarro/adapters/language_adapters.go:170.3,171.1 1 2
github.com/viralabs-dev/mudarro/internal/mudarro/adapters/language_adapters.go:172.2,172.28 1 14
github.com/viralabs-dev/mudarro/internal/mudarro/adapters/language_adapters.go:175.2,176.21 2 70
github.com/viralabs-dev/mudarro/internal/mudarro/adapters/language_adapters.go:177.3,178.1 1 40
github.com/viralabs-dev/mudarro/internal/mudarro/adapters/language_adapters.go:179.2,179.25 1 70
github.com/viralabs-dev/mudarro/internal/mudarro/adapters/language_adapters.go:180.3,181.1 1 8
github.com/viralabs-dev/mudarro/internal/mudarro/adapters/language_adapters.go:182.2,182.32 1 70
github.com/viralabs-dev/mudarro/internal/mudarro/adapters/language_adapters.go:185.2,185.18 1 56
github.com/viralabs-dev/mudarro/internal/mudarro/adapters/language_adapters.go:186.3,187.1 1 48
github.com/viralabs-dev/mudarro/internal/mudarro/adapters/language_adapters.go:188.2,195.78 8 8
github.com/viralabs-dev/mudarro/internal/mudarro/adapters/language_adapters.go:196.3,196.15 1 31
github.com/viralabs-dev/mudarro/internal/mudarro/adapters/language_adapters.go:197.4,198.1 1 0
github.com/viralabs-dev/mudarro/internal/mudarro/adapters/language_adapters.go:199.3,201.32 3 31
github.com/viralabs-dev/mudarro/internal/mudarro/adapters/language_adapters.go:202.4,203.113 2 0
github.com/viralabs-dev/mudarro/internal/mudarro/adapters/language_adapters.go:204.5,204.18 1 0
github.com/viralabs-dev/mudarro/internal/mudarro/adapters/language_adapters.go:205.6,206.1 1 0
github.com/viralabs-dev/mudarro/internal/mudarro/adapters/language_adapters.go:207.5,207.15 1 0
github.com/viralabs-dev/mudarro/internal/mudarro/adapters/language_adapters.go:210.3,210.16 1 31
github.com/viralabs-dev/mudarro/internal/mudarro/adapters/language_adapters.go:211.4,211.82 1 13
github.com/viralabs-dev/mudarro/internal/mudarro/adapters/language_adapters.go:212.5,213.1 1 1
github.com/viralabs-dev/mudarro/internal/mudarro/adapters/language_adapters.go:214.4,214.14 1 12
github.com/viralabs-dev/mudarro/internal/mudarro/adapters/language_adapters.go:216.3,216.109 1 18
github.com/viralabs-dev/mudarro/internal/mudarro/adapters/language_adapters.go:217.4,218.1 1 10
github.com/viralabs-dev/mudarro/internal/mudarro/adapters/language_adapters.go:219.3,220.40 2 8
github.com/viralabs-dev/mudarro/internal/mudarro/adapters/language_adapters.go:221.4,222.1 1 8
github.com/viralabs-dev/mudarro/internal/mudarro/adapters/language_adapters.go:223.3,223.13 1 8
github.com/viralabs-dev/mudarro/internal/mudarro/adapters/language_adapters.go:225.2,225.14 1 8
github.com/viralabs-dev/mudarro/internal/mudarro/adapters/language_adapters.go:226.3,227.1 1 0
github.com/viralabs-dev/mudarro/internal/mudarro/adapters/language_adapters.go:228.2,228.23 1 8
github.com/viralabs-dev/mudarro/internal/mudarro/adapters/language_adapters.go:229.3,229.26 1 6
github.com/viralabs-dev/mudarro/internal/mudarro/adapters/language_adapters.go:230.4,231.1 1 6
github.com/viralabs-dev/mudarro/internal/mudarro/adapters/language_adapters.go:233.3,234.1 1 2
github.com/viralabs-dev/mudarro/internal/mudarro/adapters/language_adapters.go:235.2,235.20 1 8
github.com/viralabs-dev/mudarro/internal/mudarro/executor/os.go:12.2,12.37 1 6
github.com/viralabs-dev/mudarro/internal/mudarro/executor/os.go:13.3,14.1 1 3
github.com/viralabs-dev/mudarro/internal/mudarro/executor/os.go:15.2,20.16 6 3
github.com/viralabs-dev/mudarro/internal/mudarro/executor/os.go:23.2,23.37 1 3
github.com/viralabs-dev/mudarro/internal/mudarro/executor/os.go:24.3,25.1 1 3
github.com/viralabs-dev/mudarro/internal/mudarro/executor/os.go:26.2,28.19 3 0
github.com/viralabs-dev/mudarro/internal/mudarro/projectfs/path.go:12.2,12.38 1 759
github.com/viralabs-dev/mudarro/internal/mudarro/projectfs/path.go:13.3,14.1 1 0
github.com/viralabs-dev/mudarro/internal/mudarro/projectfs/path.go:15.2,16.80 2 759
github.com/viralabs-dev/mudarro/internal/mudarro/projectfs/path.go:17.3,18.1 1 1
github.com/viralabs-dev/mudarro/internal/mudarro/projectfs/path.go:19.2,20.72 2 758
github.com/viralabs-dev/mudarro/internal/mudarro/projectfs/path.go:21.3,23.50 3 2034
github.com/viralabs-dev/mudarro/internal/mudarro/projectfs/path.go:24.4,25.1 1 2
github.com/viralabs-dev/mudarro/internal/mudarro/projectfs/path.go:26.3,26.40 1 2032
github.com/viralabs-dev/mudarro/internal/mudarro/projectfs/path.go:27.4,28.1 1 0
github.com/viralabs-dev/mudarro/internal/mudarro/projectfs/path.go:30.2,30.40 1 756
github.com/viralabs-dev/mudarro/internal/mudarro/projectfs/path.go:34.2,35.14 2 52
github.com/viralabs-dev/mudarro/internal/mudarro/projectfs/path.go:36.3,37.1 1 0
github.com/viralabs-dev/mudarro/internal/mudarro/projectfs/path.go:38.2,39.14 2 52
github.com/viralabs-dev/mudarro/internal/mudarro/projectfs/path.go:40.3,41.1 1 0
github.com/viralabs-dev/mudarro/internal/mudarro/projectfs/path.go:42.2,42.23 1 52
github.com/viralabs-dev/mudarro/internal/mudarro/projectfs/path.go:43.3,44.1 1 1
github.com/viralabs-dev/mudarro/internal/mudarro/projectfs/path.go:45.2,45.23 1 51
github.com/viralabs-dev/mudarro/internal/mudarro/terminal/banner.go:10.34,10.63 1 0
github.com/viralabs-dev/mudarro/internal/mudarro/terminal/banner.go:13.2,15.28 3 10
github.com/viralabs-dev/mudarro/internal/mudarro/terminal/banner.go:16.3,16.30 1 48
github.com/viralabs-dev/mudarro/internal/mudarro/terminal/banner.go:17.4,18.1 1 0
github.com/viralabs-dev/mudarro/internal/mudarro/terminal/banner.go:20.2,22.17 3 10
github.com/viralabs-dev/mudarro/internal/mudarro/terminal/banner.go:23.3,24.1 1 0
github.com/viralabs-dev/mudarro/internal/mudarro/terminal/banner.go:25.2,25.18 1 10
github.com/viralabs-dev/mudarro/internal/mudarro/terminal/banner.go:26.3,27.1 1 10
github.com/viralabs-dev/mudarro/internal/mudarro/terminal/banner.go:28.2,28.57 1 10
github.com/viralabs-dev/mudarro/internal/mudarro/terminal/banner.go:29.3,30.25 2 10
github.com/viralabs-dev/mudarro/internal/mudarro/terminal/banner.go:31.4,32.1 1 10
github.com/viralabs-dev/mudarro/internal/mudarro/terminal/banner.go:33.3,33.32 1 10
github.com/viralabs-dev/mudarro/internal/mudarro/terminal/banner.go:34.4,34.41 1 50
github.com/viralabs-dev/mudarro/internal/mudarro/terminal/banner.go:35.5,36.12 2 240
github.com/viralabs-dev/mudarro/internal/mudarro/terminal/banner.go:37.6,38.1 1 0
github.com/viralabs-dev/mudarro/internal/mudarro/terminal/banner.go:39.5,40.23 2 240
github.com/viralabs-dev/mudarro/internal/mudarro/terminal/banner.go:42.4,42.23 1 50
github.com/viralabs-dev/mudarro/internal/mudarro/terminal/banner.go:45.2,46.21 2 10
github.com/viralabs-dev/mudarro/internal/mudarro/terminal/menu_view.go:20.2,21.13 2 42
github.com/viralabs-dev/mudarro/internal/mudarro/terminal/menu_view.go:22.3,23.47 2 0
github.com/viralabs-dev/mudarro/internal/mudarro/terminal/menu_view.go:24.4,25.1 1 0
github.com/viralabs-dev/mudarro/internal/mudarro/terminal/menu_view.go:26.3,30.32 5 0
github.com/viralabs-dev/mudarro/internal/mudarro/terminal/menu_view.go:31.9,31.23 1 42
github.com/viralabs-dev/mudarro/internal/mudarro/terminal/menu_view.go:32.3,33.1 1 10
github.com/viralabs-dev/mudarro/internal/mudarro/terminal/menu_view.go:34.2,36.31 3 42
github.com/viralabs-dev/mudarro/internal/mudarro/terminal/menu_view.go:37.3,38.1 1 95
github.com/viralabs-dev/mudarro/internal/mudarro/terminal/menu_view.go:39.2,40.13 2 42
github.com/viralabs-dev/mudarro/internal/mudarro/terminal/menu_view.go:42.3,43.22 2 0
github.com/viralabs-dev/mudarro/internal/mudarro/terminal/menu_view.go:44.4,45.1 1 0
github.com/viralabs-dev/mudarro/internal/mudarro/terminal/menu_view.go:46.3,47.19 2 0
github.com/viralabs-dev/mudarro/internal/mudarro/terminal/menu_view.go:48.4,49.1 1 0
github.com/viralabs-dev/mudarro/internal/mudarro/terminal/menu_view.go:50.4,51.1 1 0
github.com/viralabs-dev/mudarro/internal/mudarro/terminal/menu_view.go:53.2,53.6 1 42
github.com/viralabs-dev/mudarro/internal/mudarro/terminal/menu_view.go:54.3,56.17 3 44
github.com/viralabs-dev/mudarro/internal/mudarro/terminal/menu_view.go:57.4,58.1 1 0
github.com/viralabs-dev/mudarro/internal/mudarro/terminal/menu_view.go:59.3,60.35 2 44
github.com/viralabs-dev/mudarro/internal/mudarro/terminal/menu_view.go:61.4,62.1 1 0
github.com/viralabs-dev/mudarro/internal/mudarro/terminal/menu_view.go:63.3,64.47 2 44
github.com/viralabs-dev/mudarro/internal/mudarro/terminal/menu_view.go:65.4,66.1 1 42
github.com/viralabs-dev/mudarro/internal/mudarro/terminal/menu_view.go:67.3,67.108 1 2
github.com/viralabs-dev/mudarro/internal/mudarro/terminal/menu_view.go:74.2,74.60 1 2310
github.com/viralabs-dev/mudarro/internal/mudarro/terminal/menu_view.go:75.3,76.1 1 0
github.com/viralabs-dev/mudarro/internal/mudarro/terminal/menu_view.go:77.2,78.122 1 2310
github.com/viralabs-dev/mudarro/internal/mudarro/terminal/menu_view.go:79.3,80.1 1 0
github.com/viralabs-dev/mudarro/internal/mudarro/terminal/menu_view.go:81.2,81.10 1 2310
github.com/viralabs-dev/mudarro/internal/mudarro/terminal/menu_view.go:84.2,84.39 1 159
github.com/viralabs-dev/mudarro/internal/mudarro/terminal/menu_view.go:85.3,85.56 1 2358
github.com/viralabs-dev/mudarro/internal/mudarro/terminal/menu_view.go:86.4,87.1 1 0
github.com/viralabs-dev/mudarro/internal/mudarro/terminal/menu_view.go:88.3,88.11 1 2358
github.com/viralabs-dev/mudarro/internal/mudarro/terminal/menu_view.go:92.2,93.15 2 149
github.com/viralabs-dev/mudarro/internal/mudarro/terminal/menu_view.go:94.3,95.1 1 0
github.com/viralabs-dev/mudarro/internal/mudarro/terminal/menu_view.go:96.2,97.25 2 149
github.com/viralabs-dev/mudarro/internal/mudarro/terminal/menu_view.go:98.3,99.1 1 2310
github.com/viralabs-dev/mudarro/internal/mudarro/terminal/menu_view.go:100.2,100.20 1 149
github.com/viralabs-dev/mudarro/internal/mudarro/terminal/menu_view.go:101.3,102.1 1 149
github.com/viralabs-dev/mudarro/internal/mudarro/terminal/menu_view.go:103.2,105.25 3 0
github.com/viralabs-dev/mudarro/internal/mudarro/terminal/menu_view.go:106.3,107.24 2 0
github.com/viralabs-dev/mudarro/internal/mudarro/terminal/menu_view.go:108.4,108.9 1 0
github.com/viralabs-dev/mudarro/internal/mudarro/terminal/menu_view.go:110.3,111.13 2 0
github.com/viralabs-dev/mudarro/internal/mudarro/terminal/menu_view.go:113.2,113.27 1 0
github.com/viralabs-dev/mudarro/internal/mudarro/terminal/menu_view.go:127.2,129.1 3 0
github.com/viralabs-dev/mudarro/internal/mudarro/terminal/menu_view.go:130.2,130.30 3 0
github.com/viralabs-dev/mudarro/internal/mudarro/terminal/menu_view.go:130.32,130.113 1 0
github.com/viralabs-dev/mudarro/internal/mudarro/terminal/menu_view.go:131.2,131.28 1 0
github.com/viralabs-dev/mudarro/internal/mudarro/terminal/menu_view.go:132.3,132.30 1 0
github.com/viralabs-dev/mudarro/internal/mudarro/terminal/menu_view.go:133.4,134.1 1 0
github.com/viralabs-dev/mudarro/internal/mudarro/terminal/menu_view.go:136.2,137.34 2 0
github.com/viralabs-dev/mudarro/internal/mudarro/terminal/menu_view.go:138.3,139.1 1 0
github.com/viralabs-dev/mudarro/internal/mudarro/terminal/menu_view.go:140.2,141.13 2 0
github.com/viralabs-dev/mudarro/internal/mudarro/terminal/menu_view.go:142.3,143.1 1 0
github.com/viralabs-dev/mudarro/internal/mudarro/terminal/menu_view.go:144.2,144.24 1 0
github.com/viralabs-dev/mudarro/internal/mudarro/terminal/menu_view.go:145.3,146.1 1 0
github.com/viralabs-dev/mudarro/internal/mudarro/terminal/menu_view.go:147.2,149.24 3 0
github.com/viralabs-dev/mudarro/internal/mudarro/terminal/menu_view.go:150.3,151.1 1 0
github.com/viralabs-dev/mudarro/internal/mudarro/terminal/menu_view.go:152.2,152.28 1 0
github.com/viralabs-dev/mudarro/internal/mudarro/terminal/menu_view.go:153.3,154.10 2 0
github.com/viralabs-dev/mudarro/internal/mudarro/terminal/menu_view.go:155.4,156.15 2 0
github.com/viralabs-dev/mudarro/internal/mudarro/terminal/menu_view.go:157.5,158.1 1 0
github.com/viralabs-dev/mudarro/internal/mudarro/terminal/menu_view.go:159.4,160.113 2 0
github.com/viralabs-dev/mudarro/internal/mudarro/terminal/menu_view.go:162.3,162.47 1 0
github.com/viralabs-dev/mudarro/internal/mudarro/terminal/menu_view.go:163.4,163.26 1 0
github.com/viralabs-dev/mudarro/internal/mudarro/terminal/menu_view.go:164.5,164.17 1 0
github.com/viralabs-dev/mudarro/internal/mudarro/terminal/menu_view.go:165.6,166.1 1 0
github.com/viralabs-dev/mudarro/internal/mudarro/terminal/menu_view.go:170.2,171.25 2 0
github.com/viralabs-dev/mudarro/internal/mudarro/terminal/menu_view.go:172.3,174.32 3 0
github.com/viralabs-dev/mudarro/internal/mudarro/terminal/menu_view.go:175.4,175.42 1 0
github.com/viralabs-dev/mudarro/internal/mudarro/terminal/menu_view.go:176.5,177.1 1 0
github.com/viralabs-dev/mudarro/internal/mudarro/terminal/menu_view.go:177.11,177.64 1 0
github.com/viralabs-dev/mudarro/internal/mudarro/terminal/menu_view.go:178.5,179.1 1 0
github.com/viralabs-dev/mudarro/internal/mudarro/terminal/menu_view.go:180.5,181.1 1 0
github.com/viralabs-dev/mudarro/internal/mudarro/terminal/menu_view.go:183.3,183.63 1 0
github.com/viralabs-dev/mudarro/internal/mudarro/terminal/menu_view.go:185.2,185.14 1 0
github.com/viralabs-dev/mudarro/internal/mudarro/terminal/menu_view.go:190.2,191.1 1 10
github.com/viralabs-dev/mudarro/internal/mudarro/terminal/menu_view.go:192.45,192.66 1 28
github.com/viralabs-dev/mudarro/internal/mudarro/terminal/menu_view.go:193.45,193.61 1 10
github.com/viralabs-dev/mudarro/internal/mudarro/terminal/terminal_style.go:20.2,22.33 3 10
github.com/viralabs-dev/mudarro/internal/mudarro/terminal/terminal_style.go:23.3,24.1 1 0
github.com/viralabs-dev/mudarro/internal/mudarro/terminal/terminal_style.go:25.2,28.45 4 10
github.com/viralabs-dev/mudarro/internal/mudarro/terminal/terminal_style.go:29.3,30.1 1 10
github.com/viralabs-dev/mudarro/internal/mudarro/terminal/terminal_style.go:31.2,31.190 1 10
github.com/viralabs-dev/mudarro/internal/mudarro/terminal/terminal_style.go:34.2,34.14 1 225
github.com/viralabs-dev/mudarro/internal/mudarro/terminal/terminal_style.go:35.3,36.1 1 225
github.com/viralabs-dev/mudarro/internal/mudarro/terminal/terminal_style.go:37.2,37.48 1 0
github.com/viralabs-dev/mudarro/internal/mudarro/terminal/terminal_style.go:39.46,39.76 1 42
github.com/viralabs-dev/mudarro/internal/mudarro/terminal/terminal_style.go:40.46,40.74 1 42
github.com/viralabs-dev/mudarro/internal/mudarro/terminal/terminal_style.go:42.2,43.12 2 139
github.com/viralabs-dev/mudarro/internal/mudarro/terminal/terminal_style.go:44.3,45.1 1 9
github.com/viralabs-dev/mudarro/internal/mudarro/terminal/terminal_style.go:46.2,46.28 1 139
github.com/viralabs-dev/mudarro/internal/mudarro/terminal/terminal_style.go:49.2,50.16 2 0
github.com/viralabs-dev/mudarro/internal/mudarro/terminal/terminal_style.go:51.3,52.1 1 0
github.com/viralabs-dev/mudarro/internal/mudarro/terminal/terminal_style.go:53.2,53.50 1 0
github.com/viralabs-dev/mudarro/internal/mudarro/terminal/terminal_style.go:57.2,58.1 1 10
github.com/viralabs-dev/mudarro/internal/mudarro/terminal/terminal_style.go:60.34,60.50 1 0
github.com/viralabs-dev/mudarro/internal/mudarro/terminal/terminal_unix.go:13.2,15.16 3 0
github.com/viralabs-dev/mudarro/internal/mudarro/terminal/terminal_unix.go:16.3,17.1 1 0
github.com/viralabs-dev/mudarro/internal/mudarro/terminal/terminal_unix.go:18.2,19.31 2 0
github.com/viralabs-dev/mudarro/internal/mudarro/terminal/terminal_unix.go:20.3,21.1 1 0
github.com/viralabs-dev/mudarro/internal/mudarro/terminal/terminal_unix.go:22.2,23.33 2 0
github.com/viralabs-dev/mudarro/internal/mudarro/terminal/terminal_unix.go:24.3,25.1 1 0
github.com/viralabs-dev/mudarro/internal/mudarro/terminal/terminal_unix.go:26.2,26.28 1 0
github.com/viralabs-dev/mudarro/internal/mudarro/terminal/terminal_unix.go:29.48,29.101 2 0
