mode: atomic
github.com/viralabs-dev/mudarro/internal/mudarro/executor/context_unix.go:23.2,23.37 1 0
github.com/viralabs-dev/mudarro/internal/mudarro/executor/context_unix.go:24.3,25.1 1 0
github.com/viralabs-dev/mudarro/internal/mudarro/executor/context_unix.go:26.2,27.16 2 0
github.com/viralabs-dev/mudarro/internal/mudarro/executor/context_unix.go:28.3,29.1 1 0
github.com/viralabs-dev/mudarro/internal/mudarro/executor/context_unix.go:30.2,38.26 9 0
github.com/viralabs-dev/mudarro/internal/mudarro/executor/context_unix.go:39.3,39.24 1 0
github.com/viralabs-dev/mudarro/internal/mudarro/executor/context_unix.go:40.4,41.43 2 0
github.com/viralabs-dev/mudarro/internal/mudarro/executor/context_unix.go:42.5,44.1 2 0
github.com/viralabs-dev/mudarro/internal/mudarro/executor/context_unix.go:45.4,45.24 1 0
github.com/viralabs-dev/mudarro/internal/mudarro/executor/context_unix.go:46.5,47.1 1 0
github.com/viralabs-dev/mudarro/internal/mudarro/executor/context_unix.go:48.4,49.48 2 0
github.com/viralabs-dev/mudarro/internal/mudarro/executor/context_unix.go:49.50,49.112 2 0
github.com/viralabs-dev/mudarro/internal/mudarro/executor/context_unix.go:51.3,51.19 1 0
github.com/viralabs-dev/mudarro/internal/mudarro/executor/context_unix.go:53.2,53.28 1 0
github.com/viralabs-dev/mudarro/internal/mudarro/executor/context_unix.go:54.3,54.40 1 0
github.com/viralabs-dev/mudarro/internal/mudarro/executor/context_unix.go:55.4,56.1 1 0
github.com/viralabs-dev/mudarro/internal/mudarro/executor/context_unix.go:57.3,57.10 1 0
github.com/viralabs-dev/mudarro/internal/mudarro/executor/context_unix.go:59.4,59.12 1 0
github.com/viralabs-dev/mudarro/internal/mudarro/executor/context_unix.go:60.11,60.11 0 0
github.com/viralabs-dev/mudarro/internal/mudarro/executor/context_unix.go:63.2,63.23 1 0
github.com/viralabs-dev/mudarro/internal/mudarro/executor/context_unix.go:66.2,67.16 2 0
github.com/viralabs-dev/mudarro/internal/mudarro/executor/context_unix.go:68.3,69.1 1 0
github.com/viralabs-dev/mudarro/internal/mudarro/executor/context_unix.go:70.2,75.12 6 0
github.com/viralabs-dev/mudarro/internal/mudarro/executor/context_unix.go:78.2,79.16 2 0
github.com/viralabs-dev/mudarro/internal/mudarro/executor/context_unix.go:80.3,81.1 1 0
github.com/viralabs-dev/mudarro/internal/mudarro/executor/context_unix.go:82.2,84.18 3 0
github.com/viralabs-dev/mudarro/internal/mudarro/executor/os.go:12.2,12.37 1 0
github.com/viralabs-dev/mudarro/internal/mudarro/executor/os.go:13.3,14.1 1 0
github.com/viralabs-dev/mudarro/internal/mudarro/executor/os.go:15.2,20.16 6 0
github.com/viralabs-dev/mudarro/internal/mudarro/executor/os.go:23.2,23.37 1 0
github.com/viralabs-dev/mudarro/internal/mudarro/executor/os.go:24.3,25.1 1 0
github.com/viralabs-dev/mudarro/internal/mudarro/executor/os.go:26.2,28.19 3 0
github.com/viralabs-dev/mudarro/internal/mudarro/projectfs/path.go:12.2,12.38 1 0
github.com/viralabs-dev/mudarro/internal/mudarro/projectfs/path.go:13.3,14.1 1 0
github.com/viralabs-dev/mudarro/internal/mudarro/projectfs/path.go:15.2,16.80 2 0
github.com/viralabs-dev/mudarro/internal/mudarro/projectfs/path.go:17.3,18.1 1 0
github.com/viralabs-dev/mudarro/internal/mudarro/projectfs/path.go:19.2,20.72 2 0
github.com/viralabs-dev/mudarro/internal/mudarro/projectfs/path.go:21.3,23.50 3 0
github.com/viralabs-dev/mudarro/internal/mudarro/projectfs/path.go:24.4,25.1 1 0
github.com/viralabs-dev/mudarro/internal/mudarro/projectfs/path.go:26.3,26.40 1 0
github.com/viralabs-dev/mudarro/internal/mudarro/projectfs/path.go:27.4,28.1 1 0
github.com/viralabs-dev/mudarro/internal/mudarro/projectfs/path.go:30.2,30.40 1 0
github.com/viralabs-dev/mudarro/internal/mudarro/projectfs/path.go:34.2,35.14 2 0
github.com/viralabs-dev/mudarro/internal/mudarro/projectfs/path.go:36.3,37.1 1 0
github.com/viralabs-dev/mudarro/internal/mudarro/projectfs/path.go:38.2,39.14 2 0
github.com/viralabs-dev/mudarro/internal/mudarro/projectfs/path.go:40.3,41.1 1 0
github.com/viralabs-dev/mudarro/internal/mudarro/projectfs/path.go:42.2,42.23 1 0
github.com/viralabs-dev/mudarro/internal/mudarro/projectfs/path.go:43.3,44.1 1 0
github.com/viralabs-dev/mudarro/internal/mudarro/projectfs/path.go:45.2,45.23 1 0
github.com/viralabs-dev/mudarro/internal/mudarro/adapters/database_adapters.go:6.2,7.1 3 0
github.com/viralabs-dev/mudarro/internal/mudarro/adapters/database_adapters.go:8.2,9.1 3 0
github.com/viralabs-dev/mudarro/internal/mudarro/adapters/database_adapters.go:10.2,10.19 3 0
github.com/viralabs-dev/mudarro/internal/mudarro/adapters/database_adapters.go:11.3,11.30 1 0
github.com/viralabs-dev/mudarro/internal/mudarro/adapters/database_adapters.go:12.4,13.1 1 0
github.com/viralabs-dev/mudarro/internal/mudarro/adapters/database_adapters.go:15.2,15.10 1 0
github.com/viralabs-dev/mudarro/internal/mudarro/adapters/database_adapters.go:18.2,19.1 2 0
github.com/viralabs-dev/mudarro/internal/mudarro/adapters/database_adapters.go:20.2,23.266 2 0
github.com/viralabs-dev/mudarro/internal/mudarro/adapters/database_adapters.go:24.3,25.1 1 0
github.com/viralabs-dev/mudarro/internal/mudarro/adapters/database_adapters.go:27.2,27.19 1 0
github.com/viralabs-dev/mudarro/internal/mudarro/adapters/database_adapters.go:28.3,28.30 1 0
github.com/viralabs-dev/mudarro/internal/mudarro/adapters/database_adapters.go:29.4,30.1 1 0
github.com/viralabs-dev/mudarro/internal/mudarro/adapters/database_adapters.go:32.2,32.10 1 0
github.com/viralabs-dev/mudarro/internal/mudarro/adapters/database_adapters.go:35.2,36.1 3 0
github.com/viralabs-dev/mudarro/internal/mudarro/adapters/database_adapters.go:37.2,38.1 3 0
github.com/viralabs-dev/mudarro/internal/mudarro/adapters/database_adapters.go:39.2,39.19 3 0
github.com/viralabs-dev/mudarro/internal/mudarro/adapters/database_adapters.go:40.3,40.30 1 0
github.com/viralabs-dev/mudarro/internal/mudarro/adapters/database_adapters.go:41.4,42.1 1 0
github.com/viralabs-dev/mudarro/internal/mudarro/adapters/database_adapters.go:44.2,44.10 1 0
github.com/viralabs-dev/mudarro/internal/mudarro/adapters/database_adapters.go:47.2,49.1 4 0
github.com/viralabs-dev/mudarro/internal/mudarro/adapters/database_adapters.go:50.2,51.24 4 0
github.com/viralabs-dev/mudarro/internal/mudarro/adapters/database_adapters.go:52.3,53.1 1 0
github.com/viralabs-dev/mudarro/internal/mudarro/adapters/database_adapters.go:54.2,55.15 2 0
github.com/viralabs-dev/mudarro/internal/mudarro/adapters/database_adapters.go:56.3,57.1 1 0
github.com/viralabs-dev/mudarro/internal/mudarro/adapters/database_adapters.go:58.2,59.24 2 0
github.com/viralabs-dev/mudarro/internal/mudarro/adapters/database_adapters.go:60.3,61.16 2 0
github.com/viralabs-dev/mudarro/internal/mudarro/adapters/database_adapters.go:62.4,63.1 1 0
github.com/viralabs-dev/mudarro/internal/mudarro/adapters/database_adapters.go:65.2,66.1 2 0
github.com/viralabs-dev/mudarro/internal/mudarro/adapters/database_adapters.go:67.2,67.19 2 0
github.com/viralabs-dev/mudarro/internal/mudarro/adapters/database_adapters.go:68.3,68.30 1 0
github.com/viralabs-dev/mudarro/internal/mudarro/adapters/database_adapters.go:69.4,70.1 1 0
github.com/viralabs-dev/mudarro/internal/mudarro/adapters/database_adapters.go:72.2,72.10 1 0
github.com/viralabs-dev/mudarro/internal/mudarro/adapters/database_setup.go:7.2,8.25 2 0
github.com/viralabs-dev/mudarro/internal/mudarro/adapters/database_setup.go:10.3,10.20 1 0
github.com/viralabs-dev/mudarro/internal/mudarro/adapters/database_setup.go:12.4,12.86 1 0
github.com/viralabs-dev/mudarro/internal/mudarro/adapters/database_setup.go:14.4,14.86 1 0
github.com/viralabs-dev/mudarro/internal/mudarro/adapters/database_setup.go:16.4,16.97 1 0
github.com/viralabs-dev/mudarro/internal/mudarro/adapters/database_setup.go:19.3,20.35 2 0
github.com/viralabs-dev/mudarro/internal/mudarro/adapters/database_setup.go:21.4,22.1 1 0
github.com/viralabs-dev/mudarro/internal/mudarro/adapters/database_setup.go:23.3,23.38 1 0
github.com/viralabs-dev/mudarro/internal/mudarro/adapters/database_setup.go:24.4,25.1 1 0
github.com/viralabs-dev/mudarro/internal/mudarro/adapters/database_setup.go:26.3,27.24 2 0
github.com/viralabs-dev/mudarro/internal/mudarro/adapters/database_setup.go:28.4,29.1 1 0
github.com/viralabs-dev/mudarro/internal/mudarro/adapters/database_setup.go:30.3,30.28 1 0
github.com/viralabs-dev/mudarro/internal/mudarro/adapters/database_setup.go:31.4,32.1 1 0
github.com/viralabs-dev/mudarro/internal/mudarro/adapters/database_setup.go:33.3,33.64 1 0
github.com/viralabs-dev/mudarro/internal/mudarro/adapters/database_setup.go:35.3,35.98 1 0
github.com/viralabs-dev/mudarro/internal/mudarro/adapters/database_setup.go:37.2,38.56 2 0
github.com/viralabs-dev/mudarro/internal/mudarro/adapters/database_setup.go:39.3,40.1 1 0
github.com/viralabs-dev/mudarro/internal/mudarro/adapters/database_setup.go:41.2,41.27 1 0
github.com/viralabs-dev/mudarro/internal/mudarro/adapters/database_setup.go:42.3,43.1 1 0
github.com/viralabs-dev/mudarro/internal/mudarro/adapters/database_setup.go:44.2,44.96 1 0
github.com/viralabs-dev/mudarro/internal/mudarro/adapters/database_setup.go:45.3,45.72 1 0
github.com/viralabs-dev/mudarro/internal/mudarro/adapters/database_setup.go:46.4,49.1 3 0
github.com/viralabs-dev/mudarro/internal/mudarro/adapters/database_setup.go:51.2,51.10 1 0
github.com/viralabs-dev/mudarro/internal/mudarro/adapters/helpers.go:14.2,16.13 3 0
github.com/viralabs-dev/mudarro/internal/mudarro/adapters/helpers.go:17.3,18.1 1 0
github.com/viralabs-dev/mudarro/internal/mudarro/adapters/helpers.go:19.2,19.23 1 0
github.com/viralabs-dev/mudarro/internal/mudarro/adapters/helpers.go:22.2,23.1 1 0
github.com/viralabs-dev/mudarro/internal/mudarro/adapters/helpers.go:24.56,24.104 1 0
github.com/viralabs-dev/mudarro/internal/mudarro/adapters/helpers.go:28.53,28.75 1 0
github.com/viralabs-dev/mudarro/internal/mudarro/adapters/helpers.go:29.53,29.125 2 0
github.com/viralabs-dev/mudarro/internal/mudarro/adapters/helpers.go:30.53,30.101 1 0
github.com/viralabs-dev/mudarro/internal/mudarro/adapters/helpers.go:32.2,33.1 1 0
github.com/viralabs-dev/mudarro/internal/mudarro/adapters/helpers.go:35.2,36.1 1 0
github.com/viralabs-dev/mudarro/internal/mudarro/adapters/infrastructure_adapters.go:8.2,9.72 2 0
github.com/viralabs-dev/mudarro/internal/mudarro/adapters/infrastructure_adapters.go:10.3,11.109 2 0
github.com/viralabs-dev/mudarro/internal/mudarro/adapters/infrastructure_adapters.go:12.4,13.1 1 0
github.com/viralabs-dev/mudarro/internal/mudarro/adapters/infrastructure_adapters.go:14.3,14.19 1 0
github.com/viralabs-dev/mudarro/internal/mudarro/adapters/infrastructure_adapters.go:16.2,16.10 1 0
github.com/viralabs-dev/mudarro/internal/mudarro/adapters/infrastructure_adapters.go:19.2,22.25 4 0
github.com/viralabs-dev/mudarro/internal/mudarro/adapters/infrastructure_adapters.go:23.3,23.19 1 0
github.com/viralabs-dev/mudarro/internal/mudarro/adapters/infrastructure_adapters.go:24.4,25.1 1 0
github.com/viralabs-dev/mudarro/internal/mudarro/adapters/infrastructure_adapters.go:26.3,27.25 2 0
github.com/viralabs-dev/mudarro/internal/mudarro/adapters/infrastructure_adapters.go:30.4,31.1 1 0
github.com/viralabs-dev/mudarro/internal/mudarro/adapters/infrastructure_adapters.go:32.3,35.206 1 0
github.com/viralabs-dev/mudarro/internal/mudarro/adapters/infrastructure_adapters.go:36.4,38.1 2 0
github.com/viralabs-dev/mudarro/internal/mudarro/adapters/infrastructure_adapters.go:39.9,39.35 1 0
github.com/viralabs-dev/mudarro/internal/mudarro/adapters/infrastructure_adapters.go:40.3,40.20 1 0
github.com/viralabs-dev/mudarro/internal/mudarro/adapters/infrastructure_adapters.go:41.4,42.1 1 0
github.com/viralabs-dev/mudarro/internal/mudarro/adapters/infrastructure_adapters.go:43.3,44.17 2 0
github.com/viralabs-dev/mudarro/internal/mudarro/adapters/infrastructure_adapters.go:45.4,46.1 1 0
github.com/viralabs-dev/mudarro/internal/mudarro/adapters/infrastructure_adapters.go:47.3,49.17 3 0
github.com/viralabs-dev/mudarro/internal/mudarro/adapters/infrastructure_adapters.go:50.4,51.1 1 0
github.com/viralabs-dev/mudarro/internal/mudarro/adapters/infrastructure_adapters.go:52.3,54.128 3 0
github.com/viralabs-dev/mudarro/internal/mudarro/adapters/infrastructure_adapters.go:55.4,56.1 1 0
github.com/viralabs-dev/mudarro/internal/mudarro/adapters/infrastructure_adapters.go:58.3,59.1 1 0
github.com/viralabs-dev/mudarro/internal/mudarro/adapters/infrastructure_adapters.go:60.2,60.10 1 0
github.com/viralabs-dev/mudarro/internal/mudarro/adapters/infrastructure_adapters.go:63.2,64.58 2 0
github.com/viralabs-dev/mudarro/internal/mudarro/adapters/infrastructure_adapters.go:65.3,66.1 1 0
github.com/viralabs-dev/mudarro/internal/mudarro/adapters/infrastructure_adapters.go:67.2,69.22 3 0
github.com/viralabs-dev/mudarro/internal/mudarro/adapters/infrastructure_adapters.go:70.3,71.1 3 0
github.com/viralabs-dev/mudarro/internal/mudarro/adapters/infrastructure_adapters.go:72.3,74.1 3 0
github.com/viralabs-dev/mudarro/internal/mudarro/adapters/infrastructure_adapters.go:74.9,74.59 1 0
github.com/viralabs-dev/mudarro/internal/mudarro/adapters/infrastructure_adapters.go:75.3,76.28 2 0
github.com/viralabs-dev/mudarro/internal/mudarro/adapters/infrastructure_adapters.go:77.4,78.1 1 0
github.com/viralabs-dev/mudarro/internal/mudarro/adapters/infrastructure_adapters.go:79.3,80.1 3 0
github.com/viralabs-dev/mudarro/internal/mudarro/adapters/infrastructure_adapters.go:81.3,82.90 3 0
github.com/viralabs-dev/mudarro/internal/mudarro/adapters/infrastructure_adapters.go:84.3,85.1 1 0
github.com/viralabs-dev/mudarro/internal/mudarro/adapters/infrastructure_adapters.go:86.2,87.10 2 0
github.com/viralabs-dev/mudarro/internal/mudarro/adapters/language_adapters.go:18.2,18.24 1 0
github.com/viralabs-dev/mudarro/internal/mudarro/adapters/language_adapters.go:19.3,20.1 1 0
github.com/viralabs-dev/mudarro/internal/mudarro/adapters/language_adapters.go:21.2,22.14 2 0
github.com/viralabs-dev/mudarro/internal/mudarro/adapters/language_adapters.go:23.3,24.1 1 0
github.com/viralabs-dev/mudarro/internal/mudarro/adapters/language_adapters.go:25.2,31.1 2 0
github.com/viralabs-dev/mudarro/internal/mudarro/adapters/language_adapters.go:32.2,32.41 2 0
github.com/viralabs-dev/mudarro/internal/mudarro/adapters/language_adapters.go:33.3,34.1 1 0
github.com/viralabs-dev/mudarro/internal/mudarro/adapters/language_adapters.go:35.2,36.103 2 0
github.com/viralabs-dev/mudarro/internal/mudarro/adapters/language_adapters.go:37.3,38.1 1 0
github.com/viralabs-dev/mudarro/internal/mudarro/adapters/language_adapters.go:39.2,40.125 2 0
github.com/viralabs-dev/mudarro/internal/mudarro/adapters/language_adapters.go:41.3,41.13 1 0
github.com/viralabs-dev/mudarro/internal/mudarro/adapters/language_adapters.go:42.4,43.1 1 0
github.com/viralabs-dev/mudarro/internal/mudarro/adapters/language_adapters.go:45.2,45.28 1 0
github.com/viralabs-dev/mudarro/internal/mudarro/adapters/language_adapters.go:46.3,47.1 1 0
github.com/viralabs-dev/mudarro/internal/mudarro/adapters/language_adapters.go:47.9,47.31 1 0
github.com/viralabs-dev/mudarro/internal/mudarro/adapters/language_adapters.go:48.3,49.1 1 0
github.com/viralabs-dev/mudarro/internal/mudarro/adapters/language_adapters.go:49.9,49.31 1 0
github.com/viralabs-dev/mudarro/internal/mudarro/adapters/language_adapters.go:50.3,51.1 1 0
github.com/viralabs-dev/mudarro/internal/mudarro/adapters/language_adapters.go:52.2,52.49 1 0
github.com/viralabs-dev/mudarro/internal/mudarro/adapters/language_adapters.go:53.3,54.1 1 0
github.com/viralabs-dev/mudarro/internal/mudarro/adapters/language_adapters.go:55.2,55.72 1 0
github.com/viralabs-dev/mudarro/internal/mudarro/adapters/language_adapters.go:56.3,56.60 1 0
github.com/viralabs-dev/mudarro/internal/mudarro/adapters/language_adapters.go:57.4,58.9 2 0
github.com/viralabs-dev/mudarro/internal/mudarro/adapters/language_adapters.go:61.2,63.27 3 0
github.com/viralabs-dev/mudarro/internal/mudarro/adapters/language_adapters.go:64.3,65.1 1 0
github.com/viralabs-dev/mudarro/internal/mudarro/adapters/language_adapters.go:66.2,68.25 3 0
github.com/viralabs-dev/mudarro/internal/mudarro/adapters/language_adapters.go:69.3,71.1 2 0
github.com/viralabs-dev/mudarro/internal/mudarro/adapters/language_adapters.go:72.2,73.25 2 0
github.com/viralabs-dev/mudarro/internal/mudarro/adapters/language_adapters.go:74.3,75.36 2 0
github.com/viralabs-dev/mudarro/internal/mudarro/adapters/language_adapters.go:76.4,76.12 1 0
github.com/viralabs-dev/mudarro/internal/mudarro/adapters/language_adapters.go:78.3,78.27 1 0
github.com/viralabs-dev/mudarro/internal/mudarro/adapters/language_adapters.go:79.4,79.23 1 0
github.com/viralabs-dev/mudarro/internal/mudarro/adapters/language_adapters.go:80.5,82.1 2 0
github.com/viralabs-dev/mudarro/internal/mudarro/adapters/language_adapters.go:83.4,83.12 1 0
github.com/viralabs-dev/mudarro/internal/mudarro/adapters/language_adapters.go:85.3,86.99 2 0
github.com/viralabs-dev/mudarro/internal/mudarro/adapters/language_adapters.go:87.4,88.1 1 0
github.com/viralabs-dev/mudarro/internal/mudarro/adapters/language_adapters.go:89.3,89.49 1 0
github.com/viralabs-dev/mudarro/internal/mudarro/adapters/language_adapters.go:90.4,91.1 1 0
github.com/viralabs-dev/mudarro/internal/mudarro/adapters/language_adapters.go:92.3,94.44 3 0
github.com/viralabs-dev/mudarro/internal/mudarro/adapters/language_adapters.go:95.4,96.1 1 0
github.com/viralabs-dev/mudarro/internal/mudarro/adapters/language_adapters.go:98.2,98.21 1 0
github.com/viralabs-dev/mudarro/internal/mudarro/adapters/language_adapters.go:99.3,100.1 1 0
github.com/viralabs-dev/mudarro/internal/mudarro/adapters/language_adapters.go:101.2,101.39 1 0
github.com/viralabs-dev/mudarro/internal/mudarro/adapters/language_adapters.go:102.3,102.37 1 0
github.com/viralabs-dev/mudarro/internal/mudarro/adapters/language_adapters.go:103.4,104.1 1 0
github.com/viralabs-dev/mudarro/internal/mudarro/adapters/language_adapters.go:105.4,106.1 1 0
github.com/viralabs-dev/mudarro/internal/mudarro/adapters/language_adapters.go:108.2,108.28 1 0
github.com/viralabs-dev/mudarro/internal/mudarro/adapters/language_adapters.go:111.2,111.88 1 0
github.com/viralabs-dev/mudarro/internal/mudarro/adapters/language_adapters.go:112.3,113.1 1 0
github.com/viralabs-dev/mudarro/internal/mudarro/adapters/language_adapters.go:114.2,117.38 4 0
github.com/viralabs-dev/mudarro/internal/mudarro/adapters/language_adapters.go:118.3,120.1 2 0
github.com/viralabs-dev/mudarro/internal/mudarro/adapters/language_adapters.go:120.9,120.25 1 0
github.com/viralabs-dev/mudarro/internal/mudarro/adapters/language_adapters.go:121.3,122.1 1 0
github.com/viralabs-dev/mudarro/internal/mudarro/adapters/language_adapters.go:122.9,122.29 1 0
github.com/viralabs-dev/mudarro/internal/mudarro/adapters/language_adapters.go:123.3,124.1 1 0
github.com/viralabs-dev/mudarro/internal/mudarro/adapters/language_adapters.go:125.2,125.25 1 0
github.com/viralabs-dev/mudarro/internal/mudarro/adapters/language_adapters.go:126.3,127.15 2 0
github.com/viralabs-dev/mudarro/internal/mudarro/adapters/language_adapters.go:128.4,129.1 1 0
github.com/viralabs-dev/mudarro/internal/mudarro/adapters/language_adapters.go:130.3,139.1 2 0
github.com/viralabs-dev/mudarro/internal/mudarro/adapters/language_adapters.go:142.3,142.42 2 0
github.com/viralabs-dev/mudarro/internal/mudarro/adapters/language_adapters.go:143.4,144.1 1 0
github.com/viralabs-dev/mudarro/internal/mudarro/adapters/language_adapters.go:145.3,145.36 1 0
github.com/viralabs-dev/mudarro/internal/mudarro/adapters/language_adapters.go:146.4,147.1 1 0
github.com/viralabs-dev/mudarro/internal/mudarro/adapters/language_adapters.go:148.3,148.40 1 0
github.com/viralabs-dev/mudarro/internal/mudarro/adapters/language_adapters.go:149.4,150.1 1 0
github.com/viralabs-dev/mudarro/internal/mudarro/adapters/language_adapters.go:152.2,152.19 1 0
github.com/viralabs-dev/mudarro/internal/mudarro/adapters/language_adapters.go:154.3,154.60 1 0
github.com/viralabs-dev/mudarro/internal/mudarro/adapters/language_adapters.go:156.3,156.67 1 0
github.com/viralabs-dev/mudarro/internal/mudarro/adapters/language_adapters.go:158.3,159.28 2 0
github.com/viralabs-dev/mudarro/internal/mudarro/adapters/language_adapters.go:160.4,161.1 1 0
github.com/viralabs-dev/mudarro/internal/mudarro/adapters/language_adapters.go:162.4,163.1 1 0
github.com/viralabs-dev/mudarro/internal/mudarro/adapters/language_adapters.go:165.2,165.20 1 0
github.com/viralabs-dev/mudarro/internal/mudarro/adapters/language_adapters.go:166.3,169.1 3 0
github.com/viralabs-dev/mudarro/internal/mudarro/adapters/language_adapters.go:170.3,171.1 1 0
github.com/viralabs-dev/mudarro/internal/mudarro/adapters/language_adapters.go:172.2,172.28 1 0
github.com/viralabs-dev/mudarro/internal/mudarro/adapters/language_adapters.go:175.2,176.21 2 0
github.com/viralabs-dev/mudarro/internal/mudarro/adapters/language_adapters.go:177.3,178.1 1 0
github.com/viralabs-dev/mudarro/internal/mudarro/adapters/language_adapters.go:179.2,179.25 1 0
github.com/viralabs-dev/mudarro/internal/mudarro/adapters/language_adapters.go:180.3,181.1 1 0
github.com/viralabs-dev/mudarro/internal/mudarro/adapters/language_adapters.go:182.2,182.32 1 0
github.com/viralabs-dev/mudarro/internal/mudarro/adapters/language_adapters.go:185.2,185.18 1 0
github.com/viralabs-dev/mudarro/internal/mudarro/adapters/language_adapters.go:186.3,187.1 1 0
github.com/viralabs-dev/mudarro/internal/mudarro/adapters/language_adapters.go:188.2,195.78 8 0
github.com/viralabs-dev/mudarro/internal/mudarro/adapters/language_adapters.go:196.3,196.15 1 0
github.com/viralabs-dev/mudarro/internal/mudarro/adapters/language_adapters.go:197.4,198.1 1 0
github.com/viralabs-dev/mudarro/internal/mudarro/adapters/language_adapters.go:199.3,201.32 3 0
github.com/viralabs-dev/mudarro/internal/mudarro/adapters/language_adapters.go:202.4,203.113 2 0
github.com/viralabs-dev/mudarro/internal/mudarro/adapters/language_adapters.go:204.5,204.18 1 0
github.com/viralabs-dev/mudarro/internal/mudarro/adapters/language_adapters.go:205.6,206.1 1 0
github.com/viralabs-dev/mudarro/internal/mudarro/adapters/language_adapters.go:207.5,207.15 1 0
github.com/viralabs-dev/mudarro/internal/mudarro/adapters/language_adapters.go:210.3,210.16 1 0
github.com/viralabs-dev/mudarro/internal/mudarro/adapters/language_adapters.go:211.4,211.82 1 0
github.com/viralabs-dev/mudarro/internal/mudarro/adapters/language_adapters.go:212.5,213.1 1 0
github.com/viralabs-dev/mudarro/internal/mudarro/adapters/language_adapters.go:214.4,214.14 1 0
github.com/viralabs-dev/mudarro/internal/mudarro/adapters/language_adapters.go:216.3,216.109 1 0
github.com/viralabs-dev/mudarro/internal/mudarro/adapters/language_adapters.go:217.4,218.1 1 0
github.com/viralabs-dev/mudarro/internal/mudarro/adapters/language_adapters.go:219.3,220.40 2 0
github.com/viralabs-dev/mudarro/internal/mudarro/adapters/language_adapters.go:221.4,222.1 1 0
github.com/viralabs-dev/mudarro/internal/mudarro/adapters/language_adapters.go:223.3,223.13 1 0
github.com/viralabs-dev/mudarro/internal/mudarro/adapters/language_adapters.go:225.2,225.14 1 0
github.com/viralabs-dev/mudarro/internal/mudarro/adapters/language_adapters.go:226.3,227.1 1 0
github.com/viralabs-dev/mudarro/internal/mudarro/adapters/language_adapters.go:228.2,228.23 1 0
github.com/viralabs-dev/mudarro/internal/mudarro/adapters/language_adapters.go:229.3,229.26 1 0
github.com/viralabs-dev/mudarro/internal/mudarro/adapters/language_adapters.go:230.4,231.1 1 0
github.com/viralabs-dev/mudarro/internal/mudarro/adapters/language_adapters.go:233.3,234.1 1 0
github.com/viralabs-dev/mudarro/internal/mudarro/adapters/language_adapters.go:235.2,235.20 1 0
github.com/viralabs-dev/mudarro/internal/mudarro/actions.go:23.2,24.1 1 0
github.com/viralabs-dev/mudarro/internal/mudarro/actions.go:26.2,27.70 2 0
github.com/viralabs-dev/mudarro/internal/mudarro/actions.go:28.3,29.1 1 0
github.com/viralabs-dev/mudarro/internal/mudarro/actions.go:29.9,29.46 1 0
github.com/viralabs-dev/mudarro/internal/mudarro/actions.go:30.3,31.1 1 0
github.com/viralabs-dev/mudarro/internal/mudarro/actions.go:32.2,32.27 1 0
github.com/viralabs-dev/mudarro/internal/mudarro/actions.go:33.3,33.69 1 0
github.com/viralabs-dev/mudarro/internal/mudarro/actions.go:34.4,35.1 1 0
github.com/viralabs-dev/mudarro/internal/mudarro/actions.go:35.10,35.66 1 0
github.com/viralabs-dev/mudarro/internal/mudarro/actions.go:36.4,37.1 1 0
github.com/viralabs-dev/mudarro/internal/mudarro/actions.go:38.4,39.1 1 0
github.com/viralabs-dev/mudarro/internal/mudarro/actions.go:41.2,43.22 3 0
github.com/viralabs-dev/mudarro/internal/mudarro/actions.go:44.3,45.1 1 0
github.com/viralabs-dev/mudarro/internal/mudarro/actions.go:46.2,46.31 1 0
github.com/viralabs-dev/mudarro/internal/mudarro/actions.go:47.3,48.14 2 0
github.com/viralabs-dev/mudarro/internal/mudarro/actions.go:49.4,50.1 1 0
github.com/viralabs-dev/mudarro/internal/mudarro/actions.go:51.3,51.22 1 0
github.com/viralabs-dev/mudarro/internal/mudarro/actions.go:52.4,53.1 1 0
github.com/viralabs-dev/mudarro/internal/mudarro/actions.go:54.3,54.52 1 0
github.com/viralabs-dev/mudarro/internal/mudarro/actions.go:56.2,57.27 2 0
github.com/viralabs-dev/mudarro/internal/mudarro/actions.go:58.3,59.1 1 0
github.com/viralabs-dev/mudarro/internal/mudarro/actions.go:60.2,60.36 1 0
github.com/viralabs-dev/mudarro/internal/mudarro/actions.go:61.3,61.31 1 0
github.com/viralabs-dev/mudarro/internal/mudarro/actions.go:62.4,63.1 1 0
github.com/viralabs-dev/mudarro/internal/mudarro/actions.go:64.3,64.33 1 0
github.com/viralabs-dev/mudarro/internal/mudarro/actions.go:66.2,66.10 1 0
github.com/viralabs-dev/mudarro/internal/mudarro/actions.go:69.2,70.25 2 0
github.com/viralabs-dev/mudarro/internal/mudarro/actions.go:71.3,71.36 1 0
github.com/viralabs-dev/mudarro/internal/mudarro/actions.go:72.4,72.37 1 0
github.com/viralabs-dev/mudarro/internal/mudarro/actions.go:73.5,74.1 1 0
github.com/viralabs-dev/mudarro/internal/mudarro/actions.go:75.4,75.45 1 0
github.com/viralabs-dev/mudarro/internal/mudarro/actions.go:77.3,78.42 2 0
github.com/viralabs-dev/mudarro/internal/mudarro/actions.go:79.4,80.26 2 0
github.com/viralabs-dev/mudarro/internal/mudarro/actions.go:81.5,82.1 1 0
github.com/viralabs-dev/mudarro/internal/mudarro/actions.go:83.4,83.16 1 0
github.com/viralabs-dev/mudarro/internal/mudarro/actions.go:85.3,85.20 1 0
github.com/viralabs-dev/mudarro/internal/mudarro/actions.go:86.4,87.1 1 0
github.com/viralabs-dev/mudarro/internal/mudarro/actions.go:88.3,88.13 1 0
github.com/viralabs-dev/mudarro/internal/mudarro/actions.go:90.2,90.17 1 0
github.com/viralabs-dev/mudarro/internal/mudarro/actions.go:93.2,94.1 1 0
github.com/viralabs-dev/mudarro/internal/mudarro/actions.go:97.2,98.1 1 0
github.com/viralabs-dev/mudarro/internal/mudarro/cli.go:24.2,25.33 2 0
github.com/viralabs-dev/mudarro/internal/mudarro/cli.go:26.3,27.12 2 0
github.com/viralabs-dev/mudarro/internal/mudarro/cli.go:29.4,29.17 1 0
github.com/viralabs-dev/mudarro/internal/mudarro/cli.go:31.4,31.16 1 0
github.com/viralabs-dev/mudarro/internal/mudarro/cli.go:33.4,33.16 1 0
github.com/viralabs-dev/mudarro/internal/mudarro/cli.go:35.4,35.24 1 0
github.com/viralabs-dev/mudarro/internal/mudarro/cli.go:37.4,37.24 1 0
github.com/viralabs-dev/mudarro/internal/mudarro/cli.go:38.5,39.1 1 0
github.com/viralabs-dev/mudarro/internal/mudarro/cli.go:40.4,41.13 2 0
github.com/viralabs-dev/mudarro/internal/mudarro/cli.go:43.5,43.21 1 0
github.com/viralabs-dev/mudarro/internal/mudarro/cli.go:45.5,45.21 1 0
github.com/viralabs-dev/mudarro/internal/mudarro/cli.go:47.5,47.30 1 0
github.com/viralabs-dev/mudarro/internal/mudarro/cli.go:49.5,49.23 1 0
github.com/viralabs-dev/mudarro/internal/mudarro/cli.go:51.5,51.23 1 0
github.com/viralabs-dev/mudarro/internal/mudarro/cli.go:53.5,53.23 1 0
github.com/viralabs-dev/mudarro/internal/mudarro/cli.go:55.5,55.22 1 0
github.com/viralabs-dev/mudarro/internal/mudarro/cli.go:57.5,57.43 1 0
github.com/viralabs-dev/mudarro/internal/mudarro/cli.go:60.4,60.33 1 0
github.com/viralabs-dev/mudarro/internal/mudarro/cli.go:61.5,62.1 1 0
github.com/viralabs-dev/mudarro/internal/mudarro/cli.go:63.4,63.28 1 0
github.com/viralabs-dev/mudarro/internal/mudarro/cli.go:66.2,67.14 2 0
github.com/viralabs-dev/mudarro/internal/mudarro/cli.go:68.3,69.1 1 0
github.com/viralabs-dev/mudarro/internal/mudarro/cli.go:70.2,71.13 2 0
github.com/viralabs-dev/mudarro/internal/mudarro/cli.go:74.2,75.35 2 0
github.com/viralabs-dev/mudarro/internal/mudarro/cli.go:76.3,76.28 1 0
github.com/viralabs-dev/mudarro/internal/mudarro/cli.go:77.4,78.1 1 0
github.com/viralabs-dev/mudarro/internal/mudarro/cli.go:80.2,80.15 1 0
github.com/viralabs-dev/mudarro/internal/mudarro/cli.go:81.3,81.20 1 0
github.com/viralabs-dev/mudarro/internal/mudarro/cli.go:82.4,83.1 1 0
github.com/viralabs-dev/mudarro/internal/mudarro/cli.go:85.2,85.20 1 0
github.com/viralabs-dev/mudarro/internal/mudarro/cli.go:86.3,87.1 1 0
github.com/viralabs-dev/mudarro/internal/mudarro/cli.go:88.2,88.30 1 0
github.com/viralabs-dev/mudarro/internal/mudarro/cli.go:89.3,90.1 1 0
github.com/viralabs-dev/mudarro/internal/mudarro/cli.go:91.2,91.52 1 0
github.com/viralabs-dev/mudarro/internal/mudarro/cli.go:92.3,94.1 2 0
github.com/viralabs-dev/mudarro/internal/mudarro/cli.go:95.2,95.46 1 0
github.com/viralabs-dev/mudarro/internal/mudarro/cli.go:96.3,97.24 2 0
github.com/viralabs-dev/mudarro/internal/mudarro/cli.go:98.4,99.1 1 0
github.com/viralabs-dev/mudarro/internal/mudarro/cli.go:100.3,101.13 2 0
github.com/viralabs-dev/mudarro/internal/mudarro/cli.go:104.2,105.14 2 0
github.com/viralabs-dev/mudarro/internal/mudarro/cli.go:106.3,107.1 1 0
github.com/viralabs-dev/mudarro/internal/mudarro/cli.go:108.2,108.17 1 0
github.com/viralabs-dev/mudarro/internal/mudarro/cli.go:110.3,111.142 2 0
github.com/viralabs-dev/mudarro/internal/mudarro/cli.go:112.4,113.16 2 0
github.com/viralabs-dev/mudarro/internal/mudarro/cli.go:114.5,115.1 1 0
github.com/viralabs-dev/mudarro/internal/mudarro/cli.go:116.4,118.17 3 0
github.com/viralabs-dev/mudarro/internal/mudarro/cli.go:120.3,121.15 2 0
github.com/viralabs-dev/mudarro/internal/mudarro/cli.go:122.4,123.1 1 0
github.com/viralabs-dev/mudarro/internal/mudarro/cli.go:124.3,125.38 2 0
github.com/viralabs-dev/mudarro/internal/mudarro/cli.go:126.4,126.31 1 0
github.com/viralabs-dev/mudarro/internal/mudarro/cli.go:127.5,128.1 1 0
github.com/viralabs-dev/mudarro/internal/mudarro/cli.go:129.4,129.22 1 0
github.com/viralabs-dev/mudarro/internal/mudarro/cli.go:130.5,131.1 1 0
github.com/viralabs-dev/mudarro/internal/mudarro/cli.go:132.4,132.21 1 0
github.com/viralabs-dev/mudarro/internal/mudarro/cli.go:133.5,134.1 1 0
github.com/viralabs-dev/mudarro/internal/mudarro/cli.go:135.4,135.53 1 0
github.com/viralabs-dev/mudarro/internal/mudarro/cli.go:136.5,137.1 1 0
github.com/viralabs-dev/mudarro/internal/mudarro/cli.go:139.3,139.19 1 0
github.com/viralabs-dev/mudarro/internal/mudarro/cli.go:140.4,141.1 1 0
github.com/viralabs-dev/mudarro/internal/mudarro/cli.go:142.3,142.24 1 0
github.com/viralabs-dev/mudarro/internal/mudarro/cli.go:143.4,143.14 1 0
github.com/viralabs-dev/mudarro/internal/mudarro/cli.go:144.5,147.1 3 0
github.com/viralabs-dev/mudarro/internal/mudarro/cli.go:148.4,149.14 2 0
github.com/viralabs-dev/mudarro/internal/mudarro/cli.go:151.3,152.23 2 0
github.com/viralabs-dev/mudarro/internal/mudarro/cli.go:153.4,154.26 2 0
github.com/viralabs-dev/mudarro/internal/mudarro/cli.go:155.5,156.1 1 0
github.com/viralabs-dev/mudarro/internal/mudarro/cli.go:158.3,158.65 1 0
github.com/viralabs-dev/mudarro/internal/mudarro/cli.go:159.4,160.1 1 0
github.com/viralabs-dev/mudarro/internal/mudarro/cli.go:161.3,162.56 2 0
github.com/viralabs-dev/mudarro/internal/mudarro/cli.go:163.4,164.1 1 0
github.com/viralabs-dev/mudarro/internal/mudarro/cli.go:165.3,165.83 1 0
github.com/viralabs-dev/mudarro/internal/mudarro/cli.go:166.4,167.1 1 0
github.com/viralabs-dev/mudarro/internal/mudarro/cli.go:168.3,169.17 2 0
github.com/viralabs-dev/mudarro/internal/mudarro/cli.go:170.4,171.1 1 0
github.com/viralabs-dev/mudarro/internal/mudarro/cli.go:172.3,172.119 1 0
github.com/viralabs-dev/mudarro/internal/mudarro/cli.go:173.4,174.1 1 0
github.com/viralabs-dev/mudarro/internal/mudarro/cli.go:175.3,175.38 1 0
github.com/viralabs-dev/mudarro/internal/mudarro/cli.go:176.4,177.1 1 0
github.com/viralabs-dev/mudarro/internal/mudarro/cli.go:178.3,179.57 2 0
github.com/viralabs-dev/mudarro/internal/mudarro/cli.go:180.4,180.15 1 0
github.com/viralabs-dev/mudarro/internal/mudarro/cli.go:181.5,182.1 1 0
github.com/viralabs-dev/mudarro/internal/mudarro/cli.go:184.3,186.41 3 0
github.com/viralabs-dev/mudarro/internal/mudarro/cli.go:187.4,190.21 4 0
github.com/viralabs-dev/mudarro/internal/mudarro/cli.go:191.5,193.19 3 0
github.com/viralabs-dev/mudarro/internal/mudarro/cli.go:194.6,195.1 1 0
github.com/viralabs-dev/mudarro/internal/mudarro/cli.go:196.5,197.73 2 0
github.com/viralabs-dev/mudarro/internal/mudarro/cli.go:199.4,199.15 1 0
github.com/viralabs-dev/mudarro/internal/mudarro/cli.go:200.5,200.43 1 0
github.com/viralabs-dev/mudarro/internal/mudarro/cli.go:201.6,201.52 1 0
github.com/viralabs-dev/mudarro/internal/mudarro/cli.go:202.7,202.63 1 0
github.com/viralabs-dev/mudarro/internal/mudarro/cli.go:203.8,204.1 1 0
github.com/viralabs-dev/mudarro/internal/mudarro/cli.go:205.7,205.63 1 0
github.com/viralabs-dev/mudarro/internal/mudarro/cli.go:210.3,210.29 1 0
github.com/viralabs-dev/mudarro/internal/mudarro/cli.go:211.4,211.23 1 0
github.com/viralabs-dev/mudarro/internal/mudarro/cli.go:212.5,213.1 1 0
github.com/viralabs-dev/mudarro/internal/mudarro/cli.go:215.3,215.70 1 0
github.com/viralabs-dev/mudarro/internal/mudarro/cli.go:216.4,217.1 1 0
github.com/viralabs-dev/mudarro/internal/mudarro/cli.go:218.3,220.13 3 0
github.com/viralabs-dev/mudarro/internal/mudarro/cli.go:222.3,223.15 2 0
github.com/viralabs-dev/mudarro/internal/mudarro/cli.go:224.4,225.1 1 0
github.com/viralabs-dev/mudarro/internal/mudarro/cli.go:226.3,227.18 2 0
github.com/viralabs-dev/mudarro/internal/mudarro/cli.go:229.4,229.42 1 0
github.com/viralabs-dev/mudarro/internal/mudarro/cli.go:231.4,231.35 1 0
github.com/viralabs-dev/mudarro/internal/mudarro/cli.go:233.4,233.33 1 0
github.com/viralabs-dev/mudarro/internal/mudarro/cli.go:235.4,235.23 1 0
github.com/viralabs-dev/mudarro/internal/mudarro/cli.go:236.5,237.1 1 0
github.com/viralabs-dev/mudarro/internal/mudarro/cli.go:238.4,239.16 2 0
github.com/viralabs-dev/mudarro/internal/mudarro/cli.go:240.5,241.1 1 0
github.com/viralabs-dev/mudarro/internal/mudarro/cli.go:242.4,242.28 1 0
github.com/viralabs-dev/mudarro/internal/mudarro/cli.go:243.5,245.1 2 0
github.com/viralabs-dev/mudarro/internal/mudarro/cli.go:246.4,246.137 1 0
github.com/viralabs-dev/mudarro/internal/mudarro/cli.go:249.2,249.56 1 0
github.com/viralabs-dev/mudarro/internal/mudarro/cli.go:252.2,253.38 2 0
github.com/viralabs-dev/mudarro/internal/mudarro/cli.go:254.3,255.31 2 0
github.com/viralabs-dev/mudarro/internal/mudarro/cli.go:256.4,257.1 1 0
github.com/viralabs-dev/mudarro/internal/mudarro/cli.go:259.2,259.35 1 0
github.com/viralabs-dev/mudarro/internal/mudarro/cli.go:260.3,261.1 1 0
github.com/viralabs-dev/mudarro/internal/mudarro/cli.go:262.2,262.37 1 0
github.com/viralabs-dev/mudarro/internal/mudarro/cli.go:263.3,264.1 1 0
github.com/viralabs-dev/mudarro/internal/mudarro/cli.go:267.2,269.21 3 0
github.com/viralabs-dev/mudarro/internal/mudarro/cli.go:270.3,271.1 1 0
github.com/viralabs-dev/mudarro/internal/mudarro/cli.go:272.3,272.27 1 0
github.com/viralabs-dev/mudarro/internal/mudarro/cli.go:273.4,274.1 1 0
github.com/viralabs-dev/mudarro/internal/mudarro/cli.go:275.3,275.40 1 0
github.com/viralabs-dev/mudarro/internal/mudarro/cli.go:277.2,277.31 1 0
github.com/viralabs-dev/mudarro/internal/mudarro/cli.go:278.3,278.22 1 0
github.com/viralabs-dev/mudarro/internal/mudarro/cli.go:279.4,279.33 1 0
github.com/viralabs-dev/mudarro/internal/mudarro/cli.go:280.5,280.23 1 0
github.com/viralabs-dev/mudarro/internal/mudarro/cli.go:281.6,282.1 1 0
github.com/viralabs-dev/mudarro/internal/mudarro/cli.go:286.2,286.71 1 0
github.com/viralabs-dev/mudarro/internal/mudarro/cli.go:289.2,293.32 5 0
github.com/viralabs-dev/mudarro/internal/mudarro/cli.go:294.3,294.47 1 0
github.com/viralabs-dev/mudarro/internal/mudarro/cli.go:295.4,296.1 1 0
github.com/viralabs-dev/mudarro/internal/mudarro/cli.go:297.3,297.26 1 0
github.com/viralabs-dev/mudarro/internal/mudarro/cli.go:299.2,300.6 2 0
github.com/viralabs-dev/mudarro/internal/mudarro/cli.go:301.3,302.32 2 0
github.com/viralabs-dev/mudarro/internal/mudarro/cli.go:303.4,304.1 1 0
github.com/viralabs-dev/mudarro/internal/mudarro/cli.go:305.3,307.28 3 0
github.com/viralabs-dev/mudarro/internal/mudarro/cli.go:308.4,309.1 1 0
github.com/viralabs-dev/mudarro/internal/mudarro/cli.go:310.3,310.15 1 0
github.com/viralabs-dev/mudarro/internal/mudarro/cli.go:311.4,312.1 1 0
github.com/viralabs-dev/mudarro/internal/mudarro/cli.go:313.3,315.7 3 0
github.com/viralabs-dev/mudarro/internal/mudarro/cli.go:316.4,319.30 4 0
github.com/viralabs-dev/mudarro/internal/mudarro/cli.go:320.5,320.39 1 0
github.com/viralabs-dev/mudarro/internal/mudarro/cli.go:321.6,322.1 1 0
github.com/viralabs-dev/mudarro/internal/mudarro/cli.go:323.5,323.51 1 0
github.com/viralabs-dev/mudarro/internal/mudarro/cli.go:325.4,327.19 3 0
github.com/viralabs-dev/mudarro/internal/mudarro/cli.go:328.5,329.1 1 0
github.com/viralabs-dev/mudarro/internal/mudarro/cli.go:330.4,330.16 1 0
github.com/viralabs-dev/mudarro/internal/mudarro/cli.go:331.5,332.1 1 0
github.com/viralabs-dev/mudarro/internal/mudarro/cli.go:333.4,333.14 1 0
github.com/viralabs-dev/mudarro/internal/mudarro/cli.go:334.5,334.10 1 0
github.com/viralabs-dev/mudarro/internal/mudarro/cli.go:336.4,337.8 2 0
github.com/viralabs-dev/mudarro/internal/mudarro/cli.go:338.5,340.28 3 0
github.com/viralabs-dev/mudarro/internal/mudarro/cli.go:341.6,342.25 2 0
github.com/viralabs-dev/mudarro/internal/mudarro/cli.go:343.7,344.1 1 0
github.com/viralabs-dev/mudarro/internal/mudarro/cli.go:345.6,345.36 1 0
github.com/viralabs-dev/mudarro/internal/mudarro/cli.go:347.5,348.20 2 0
github.com/viralabs-dev/mudarro/internal/mudarro/cli.go:349.6,350.1 1 0
github.com/viralabs-dev/mudarro/internal/mudarro/cli.go:351.5,351.17 1 0
github.com/viralabs-dev/mudarro/internal/mudarro/cli.go:352.6,353.1 1 0
github.com/viralabs-dev/mudarro/internal/mudarro/cli.go:354.5,354.15 1 0
github.com/viralabs-dev/mudarro/internal/mudarro/cli.go:355.6,355.11 1 0
github.com/viralabs-dev/mudarro/internal/mudarro/cli.go:357.5,358.27 2 0
github.com/viralabs-dev/mudarro/internal/mudarro/cli.go:359.6,359.64 1 0
github.com/viralabs-dev/mudarro/internal/mudarro/cli.go:360.7,361.1 1 0
github.com/viralabs-dev/mudarro/internal/mudarro/cli.go:362.6,362.14 1 0
github.com/viralabs-dev/mudarro/internal/mudarro/cli.go:364.5,365.70 2 0
github.com/viralabs-dev/mudarro/internal/mudarro/cli.go:366.6,368.18 3 0
github.com/viralabs-dev/mudarro/internal/mudarro/cli.go:369.7,370.1 1 0
github.com/viralabs-dev/mudarro/internal/mudarro/cli.go:371.6,371.36 1 0
github.com/viralabs-dev/mudarro/internal/mudarro/cli.go:373.5,373.137 1 0
github.com/viralabs-dev/mudarro/internal/mudarro/cli.go:374.6,375.1 1 0
github.com/viralabs-dev/mudarro/internal/mudarro/cli.go:376.5,376.25 1 0
github.com/viralabs-dev/mudarro/internal/mudarro/cli.go:377.6,378.55 2 0
github.com/viralabs-dev/mudarro/internal/mudarro/cli.go:379.7,380.1 1 0
github.com/viralabs-dev/mudarro/internal/mudarro/cli.go:387.2,388.31 2 0
github.com/viralabs-dev/mudarro/internal/mudarro/cli.go:389.3,391.32 3 0
github.com/viralabs-dev/mudarro/internal/mudarro/cli.go:392.4,392.23 1 0
github.com/viralabs-dev/mudarro/internal/mudarro/cli.go:393.5,395.13 3 0
github.com/viralabs-dev/mudarro/internal/mudarro/cli.go:397.4,398.29 2 0
github.com/viralabs-dev/mudarro/internal/mudarro/cli.go:399.5,400.1 1 0
github.com/viralabs-dev/mudarro/internal/mudarro/cli.go:401.4,401.31 1 0
github.com/viralabs-dev/mudarro/internal/mudarro/cli.go:402.5,403.1 1 0
github.com/viralabs-dev/mudarro/internal/mudarro/cli.go:404.4,404.46 1 0
github.com/viralabs-dev/mudarro/internal/mudarro/cli.go:405.5,406.1 1 0
github.com/viralabs-dev/mudarro/internal/mudarro/cli.go:407.4,407.44 1 0
github.com/viralabs-dev/mudarro/internal/mudarro/cli.go:408.5,409.1 1 0
github.com/viralabs-dev/mudarro/internal/mudarro/cli.go:410.4,410.31 1 0
github.com/viralabs-dev/mudarro/internal/mudarro/cli.go:411.5,411.19 1 0
github.com/viralabs-dev/mudarro/internal/mudarro/cli.go:412.6,412.14 1 0
github.com/viralabs-dev/mudarro/internal/mudarro/cli.go:414.5,416.36 3 0
github.com/viralabs-dev/mudarro/internal/mudarro/cli.go:417.6,419.18 3 0
github.com/viralabs-dev/mudarro/internal/mudarro/cli.go:420.7,422.58 3 0
github.com/viralabs-dev/mudarro/internal/mudarro/cli.go:423.8,424.1 1 0
github.com/viralabs-dev/mudarro/internal/mudarro/cli.go:427.6,428.1 1 0
github.com/viralabs-dev/mudarro/internal/mudarro/cli.go:429.5,429.17 1 0
github.com/viralabs-dev/mudarro/internal/mudarro/cli.go:430.6,432.1 2 0
github.com/viralabs-dev/mudarro/internal/mudarro/cli.go:433.6,434.1 1 0
github.com/viralabs-dev/mudarro/internal/mudarro/cli.go:437.3,437.117 1 0
github.com/viralabs-dev/mudarro/internal/mudarro/cli.go:438.4,440.28 3 0
github.com/viralabs-dev/mudarro/internal/mudarro/cli.go:441.5,443.1 2 0
github.com/viralabs-dev/mudarro/internal/mudarro/cli.go:444.4,446.34 3 0
github.com/viralabs-dev/mudarro/internal/mudarro/cli.go:447.5,449.1 2 0
github.com/viralabs-dev/mudarro/internal/mudarro/cli.go:452.2,452.18 1 0
github.com/viralabs-dev/mudarro/internal/mudarro/cli.go:453.3,454.1 1 0
github.com/viralabs-dev/mudarro/internal/mudarro/cli.go:455.2,456.12 2 0
github.com/viralabs-dev/mudarro/internal/mudarro/config.go:27.51,27.89 1 0
github.com/viralabs-dev/mudarro/internal/mudarro/config.go:30.2,30.39 1 0
github.com/viralabs-dev/mudarro/internal/mudarro/config.go:31.3,32.1 1 0
github.com/viralabs-dev/mudarro/internal/mudarro/config.go:33.2,33.20 1 0
github.com/viralabs-dev/mudarro/internal/mudarro/config.go:34.3,35.1 1 0
github.com/viralabs-dev/mudarro/internal/mudarro/config.go:36.2,36.37 1 0
github.com/viralabs-dev/mudarro/internal/mudarro/config.go:37.3,38.1 1 0
github.com/viralabs-dev/mudarro/internal/mudarro/config.go:39.2,40.31 2 0
github.com/viralabs-dev/mudarro/internal/mudarro/config.go:41.3,41.50 1 0
github.com/viralabs-dev/mudarro/internal/mudarro/config.go:42.4,43.1 1 0
github.com/viralabs-dev/mudarro/internal/mudarro/config.go:44.3,46.15 3 0
github.com/viralabs-dev/mudarro/internal/mudarro/config.go:47.4,48.1 1 0
github.com/viralabs-dev/mudarro/internal/mudarro/config.go:49.3,50.30 2 0
github.com/viralabs-dev/mudarro/internal/mudarro/config.go:51.4,52.1 1 0
github.com/viralabs-dev/mudarro/internal/mudarro/config.go:53.3,53.70 1 0
github.com/viralabs-dev/mudarro/internal/mudarro/config.go:54.4,54.15 1 0
github.com/viralabs-dev/mudarro/internal/mudarro/config.go:55.5,55.66 1 0
github.com/viralabs-dev/mudarro/internal/mudarro/config.go:56.6,57.1 1 0
github.com/viralabs-dev/mudarro/internal/mudarro/config.go:60.3,60.65 1 0
github.com/viralabs-dev/mudarro/internal/mudarro/config.go:61.4,62.1 1 0
github.com/viralabs-dev/mudarro/internal/mudarro/config.go:63.3,63.34 1 0
github.com/viralabs-dev/mudarro/internal/mudarro/config.go:64.4,64.34 1 0
github.com/viralabs-dev/mudarro/internal/mudarro/config.go:65.5,66.1 1 0
github.com/viralabs-dev/mudarro/internal/mudarro/config.go:67.4,67.48 1 0
github.com/viralabs-dev/mudarro/internal/mudarro/config.go:68.5,69.1 1 0
github.com/viralabs-dev/mudarro/internal/mudarro/config.go:70.4,70.65 1 0
github.com/viralabs-dev/mudarro/internal/mudarro/config.go:71.5,72.1 1 0
github.com/viralabs-dev/mudarro/internal/mudarro/config.go:74.3,74.112 1 0
github.com/viralabs-dev/mudarro/internal/mudarro/config.go:75.4,76.1 1 0
github.com/viralabs-dev/mudarro/internal/mudarro/config.go:78.2,78.12 1 0
github.com/viralabs-dev/mudarro/internal/mudarro/config.go:81.2,82.14 2 0
github.com/viralabs-dev/mudarro/internal/mudarro/config.go:83.3,84.1 1 0
github.com/viralabs-dev/mudarro/internal/mudarro/config.go:85.2,86.14 2 0
github.com/viralabs-dev/mudarro/internal/mudarro/config.go:87.3,88.1 1 0
github.com/viralabs-dev/mudarro/internal/mudarro/config.go:89.2,91.10 3 0
github.com/viralabs-dev/mudarro/internal/mudarro/config.go:93.36,93.79 2 0
github.com/viralabs-dev/mudarro/internal/mudarro/config.go:94.36,94.94 1 0
github.com/viralabs-dev/mudarro/internal/mudarro/config_io.go:37.2,38.17 2 0
github.com/viralabs-dev/mudarro/internal/mudarro/config_io.go:39.3,40.1 1 0
github.com/viralabs-dev/mudarro/internal/mudarro/config_io.go:41.2,42.20 2 0
github.com/viralabs-dev/mudarro/internal/mudarro/config_io.go:43.3,44.1 1 0
github.com/viralabs-dev/mudarro/internal/mudarro/config_io.go:45.2,45.19 1 0
github.com/viralabs-dev/mudarro/internal/mudarro/config_io.go:46.3,47.1 1 0
github.com/viralabs-dev/mudarro/internal/mudarro/config_io.go:48.2,48.21 1 0
github.com/viralabs-dev/mudarro/internal/mudarro/config_io.go:49.3,50.1 1 0
github.com/viralabs-dev/mudarro/internal/mudarro/config_io.go:51.2,51.23 1 0
github.com/viralabs-dev/mudarro/internal/mudarro/config_io.go:52.3,53.1 1 0
github.com/viralabs-dev/mudarro/internal/mudarro/config_io.go:54.2,54.22 1 0
github.com/viralabs-dev/mudarro/internal/mudarro/config_io.go:55.3,55.31 1 0
github.com/viralabs-dev/mudarro/internal/mudarro/config_io.go:56.4,57.1 1 0
github.com/viralabs-dev/mudarro/internal/mudarro/config_io.go:58.3,58.28 1 0
github.com/viralabs-dev/mudarro/internal/mudarro/config_io.go:59.4,60.1 1 0
github.com/viralabs-dev/mudarro/internal/mudarro/config_io.go:62.2,62.15 1 0
github.com/viralabs-dev/mudarro/internal/mudarro/config_io.go:65.2,71.1 2 0
github.com/viralabs-dev/mudarro/internal/mudarro/config_io.go:72.3,73.41 2 0
github.com/viralabs-dev/mudarro/internal/mudarro/config_io.go:74.4,74.30 1 0
github.com/viralabs-dev/mudarro/internal/mudarro/config_io.go:75.5,76.10 2 0
github.com/viralabs-dev/mudarro/internal/mudarro/config_io.go:79.3,79.13 1 0
github.com/viralabs-dev/mudarro/internal/mudarro/config_io.go:80.4,81.1 1 0
github.com/viralabs-dev/mudarro/internal/mudarro/config_io.go:83.2,83.12 1 0
github.com/viralabs-dev/mudarro/internal/mudarro/config_io.go:88.2,89.64 2 0
github.com/viralabs-dev/mudarro/internal/mudarro/config_io.go:90.3,91.17 2 0
github.com/viralabs-dev/mudarro/internal/mudarro/config_io.go:92.4,93.1 1 0
github.com/viralabs-dev/mudarro/internal/mudarro/config_io.go:94.3,95.17 2 0
github.com/viralabs-dev/mudarro/internal/mudarro/config_io.go:96.4,97.1 1 0
github.com/viralabs-dev/mudarro/internal/mudarro/config_io.go:97.10,97.33 1 0
github.com/viralabs-dev/mudarro/internal/mudarro/config_io.go:98.4,99.1 1 0
github.com/viralabs-dev/mudarro/internal/mudarro/config_io.go:101.2,101.22 1 0
github.com/viralabs-dev/mudarro/internal/mudarro/config_io.go:102.3,103.1 1 0
github.com/viralabs-dev/mudarro/internal/mudarro/config_io.go:104.2,104.23 1 0
github.com/viralabs-dev/mudarro/internal/mudarro/config_io.go:105.3,106.1 1 0
github.com/viralabs-dev/mudarro/internal/mudarro/config_io.go:107.2,107.35 1 0
github.com/viralabs-dev/mudarro/internal/mudarro/config_io.go:112.2,113.32 2 0
github.com/viralabs-dev/mudarro/internal/mudarro/config_io.go:114.3,115.17 2 0
github.com/viralabs-dev/mudarro/internal/mudarro/config_io.go:116.4,117.1 1 0
github.com/viralabs-dev/mudarro/internal/mudarro/config_io.go:118.3,119.17 2 0
github.com/viralabs-dev/mudarro/internal/mudarro/config_io.go:120.4,121.1 1 0
github.com/viralabs-dev/mudarro/internal/mudarro/config_io.go:122.3,122.24 1 0
github.com/viralabs-dev/mudarro/internal/mudarro/config_io.go:124.2,125.16 2 0
github.com/viralabs-dev/mudarro/internal/mudarro/config_io.go:126.3,127.1 1 0
github.com/viralabs-dev/mudarro/internal/mudarro/config_io.go:128.2,129.73 2 0
github.com/viralabs-dev/mudarro/internal/mudarro/config_io.go:130.3,131.1 1 0
github.com/viralabs-dev/mudarro/internal/mudarro/config_io.go:133.2,134.16 2 0
github.com/viralabs-dev/mudarro/internal/mudarro/config_io.go:135.3,136.1 1 0
github.com/viralabs-dev/mudarro/internal/mudarro/config_io.go:137.2,137.33 1 0
github.com/viralabs-dev/mudarro/internal/mudarro/config_io.go:138.3,139.1 1 0
github.com/viralabs-dev/mudarro/internal/mudarro/config_io.go:140.2,141.16 2 0
github.com/viralabs-dev/mudarro/internal/mudarro/config_io.go:142.3,143.1 1 0
github.com/viralabs-dev/mudarro/internal/mudarro/config_io.go:144.2,146.16 3 0
github.com/viralabs-dev/mudarro/internal/mudarro/config_io.go:147.3,148.1 1 0
github.com/viralabs-dev/mudarro/internal/mudarro/config_io.go:149.2,149.30 1 0
github.com/viralabs-dev/mudarro/internal/mudarro/config_io.go:150.3,151.1 1 0
github.com/viralabs-dev/mudarro/internal/mudarro/config_io.go:152.2,153.25 2 0
github.com/viralabs-dev/mudarro/internal/mudarro/config_io.go:154.3,155.1 1 0
github.com/viralabs-dev/mudarro/internal/mudarro/config_io.go:156.2,157.16 2 0
github.com/viralabs-dev/mudarro/internal/mudarro/config_io.go:158.3,159.1 1 0
github.com/viralabs-dev/mudarro/internal/mudarro/config_io.go:160.2,160.23 1 0
github.com/viralabs-dev/mudarro/internal/mudarro/config_io.go:161.3,162.1 1 0
github.com/viralabs-dev/mudarro/internal/mudarro/config_io.go:163.2,163.26 1 0
github.com/viralabs-dev/mudarro/internal/mudarro/config_io.go:164.3,164.44 1 0
github.com/viralabs-dev/mudarro/internal/mudarro/config_io.go:165.4,166.1 1 0
github.com/viralabs-dev/mudarro/internal/mudarro/config_io.go:167.3,169.37 3 0
github.com/viralabs-dev/mudarro/internal/mudarro/config_io.go:170.4,171.1 1 0
github.com/viralabs-dev/mudarro/internal/mudarro/config_io.go:172.3,173.44 2 0
github.com/viralabs-dev/mudarro/internal/mudarro/config_io.go:174.4,175.1 1 0
github.com/viralabs-dev/mudarro/internal/mudarro/config_io.go:177.3,179.37 3 0
github.com/viralabs-dev/mudarro/internal/mudarro/config_io.go:180.4,181.1 1 0
github.com/viralabs-dev/mudarro/internal/mudarro/config_io.go:182.3,183.44 2 0
github.com/viralabs-dev/mudarro/internal/mudarro/config_io.go:184.4,185.1 1 0
github.com/viralabs-dev/mudarro/internal/mudarro/config_io.go:187.2,187.41 1 0
github.com/viralabs-dev/mudarro/internal/mudarro/config_io.go:188.3,189.1 1 0
github.com/viralabs-dev/mudarro/internal/mudarro/config_io.go:190.2,191.15 2 0
github.com/viralabs-dev/mudarro/internal/mudarro/config_io.go:196.2,199.32 4 0
github.com/viralabs-dev/mudarro/internal/mudarro/config_io.go:200.3,200.18 1 0
github.com/viralabs-dev/mudarro/internal/mudarro/config_io.go:201.4,202.1 1 0
github.com/viralabs-dev/mudarro/internal/mudarro/config_io.go:203.3,204.17 2 0
github.com/viralabs-dev/mudarro/internal/mudarro/config_io.go:205.4,206.1 1 0
github.com/viralabs-dev/mudarro/internal/mudarro/config_io.go:207.3,208.10 2 0
github.com/viralabs-dev/mudarro/internal/mudarro/config_io.go:209.4,210.1 1 0
github.com/viralabs-dev/mudarro/internal/mudarro/config_io.go:211.3,211.20 1 0
github.com/viralabs-dev/mudarro/internal/mudarro/config_io.go:213.4,214.17 2 0
github.com/viralabs-dev/mudarro/internal/mudarro/config_io.go:215.5,216.19 2 0
github.com/viralabs-dev/mudarro/internal/mudarro/config_io.go:217.6,218.1 1 0
github.com/viralabs-dev/mudarro/internal/mudarro/config_io.go:219.5,220.12 2 0
github.com/viralabs-dev/mudarro/internal/mudarro/config_io.go:221.6,222.1 1 0
github.com/viralabs-dev/mudarro/internal/mudarro/config_io.go:223.5,223.19 1 0
github.com/viralabs-dev/mudarro/internal/mudarro/config_io.go:224.6,225.1 1 0
github.com/viralabs-dev/mudarro/internal/mudarro/config_io.go:226.5,227.43 2 0
github.com/viralabs-dev/mudarro/internal/mudarro/config_io.go:228.6,229.1 1 0
github.com/viralabs-dev/mudarro/internal/mudarro/config_io.go:232.4,232.17 1 0
github.com/viralabs-dev/mudarro/internal/mudarro/config_io.go:233.5,233.43 1 0
github.com/viralabs-dev/mudarro/internal/mudarro/config_io.go:234.6,235.1 1 0
github.com/viralabs-dev/mudarro/internal/mudarro/config_io.go:238.4,238.64 1 0
github.com/viralabs-dev/mudarro/internal/mudarro/config_io.go:240.3,241.13 2 0
github.com/viralabs-dev/mudarro/internal/mudarro/config_io.go:243.2,243.33 1 0
github.com/viralabs-dev/mudarro/internal/mudarro/config_io.go:244.3,245.1 1 0
github.com/viralabs-dev/mudarro/internal/mudarro/config_io.go:246.2,246.40 1 0
github.com/viralabs-dev/mudarro/internal/mudarro/config_io.go:247.3,248.1 1 0
github.com/viralabs-dev/mudarro/internal/mudarro/config_io.go:249.2,249.12 1 0
github.com/viralabs-dev/mudarro/internal/mudarro/executor.go:15.2,15.23 1 0
github.com/viralabs-dev/mudarro/internal/mudarro/executor.go:16.3,17.1 1 0
github.com/viralabs-dev/mudarro/internal/mudarro/executor.go:18.2,18.22 1 0
github.com/viralabs-dev/mudarro/internal/mudarro/generate.go:22.32,22.76 1 0
github.com/viralabs-dev/mudarro/internal/mudarro/generate.go:24.2,24.37 1 0
github.com/viralabs-dev/mudarro/internal/mudarro/generate.go:25.3,26.1 1 0
github.com/viralabs-dev/mudarro/internal/mudarro/generate.go:27.2,28.57 2 0
github.com/viralabs-dev/mudarro/internal/mudarro/generate.go:29.3,30.31 2 0
github.com/viralabs-dev/mudarro/internal/mudarro/generate.go:31.4,32.1 1 0
github.com/viralabs-dev/mudarro/internal/mudarro/generate.go:33.3,34.13 2 0
github.com/viralabs-dev/mudarro/internal/mudarro/generate.go:36.2,37.58 2 0
github.com/viralabs-dev/mudarro/internal/mudarro/generate.go:38.3,39.1 1 0
github.com/viralabs-dev/mudarro/internal/mudarro/generate.go:40.2,41.51 2 0
github.com/viralabs-dev/mudarro/internal/mudarro/generate.go:42.3,43.1 1 0
github.com/viralabs-dev/mudarro/internal/mudarro/generate.go:44.2,44.31 1 0
github.com/viralabs-dev/mudarro/internal/mudarro/generate.go:45.3,45.32 1 0
github.com/viralabs-dev/mudarro/internal/mudarro/generate.go:46.4,48.41 3 0
github.com/viralabs-dev/mudarro/internal/mudarro/generate.go:49.5,50.1 1 0
github.com/viralabs-dev/mudarro/internal/mudarro/generate.go:52.3,53.15 2 0
github.com/viralabs-dev/mudarro/internal/mudarro/generate.go:54.4,55.1 1 0
github.com/viralabs-dev/mudarro/internal/mudarro/generate.go:56.3,56.30 1 0
github.com/viralabs-dev/mudarro/internal/mudarro/generate.go:57.4,57.75 1 0
github.com/viralabs-dev/mudarro/internal/mudarro/generate.go:58.5,59.1 1 0
github.com/viralabs-dev/mudarro/internal/mudarro/generate.go:62.2,63.14 2 0
github.com/viralabs-dev/mudarro/internal/mudarro/generate.go:64.3,65.1 1 0
github.com/viralabs-dev/mudarro/internal/mudarro/generate.go:66.2,67.49 2 0
github.com/viralabs-dev/mudarro/internal/mudarro/generate.go:68.3,68.44 1 0
github.com/viralabs-dev/mudarro/internal/mudarro/generate.go:69.4,70.1 1 0
github.com/viralabs-dev/mudarro/internal/mudarro/generate.go:71.9,71.30 1 0
github.com/viralabs-dev/mudarro/internal/mudarro/generate.go:72.3,73.1 1 0
github.com/viralabs-dev/mudarro/internal/mudarro/generate.go:74.2,75.30 2 0
github.com/viralabs-dev/mudarro/internal/mudarro/generate.go:76.3,77.1 1 0
github.com/viralabs-dev/mudarro/internal/mudarro/generate.go:78.2,79.23 2 0
github.com/viralabs-dev/mudarro/internal/mudarro/generate.go:80.3,81.1 1 0
github.com/viralabs-dev/mudarro/internal/mudarro/generate.go:82.2,84.1 3 0
github.com/viralabs-dev/mudarro/internal/mudarro/generate.go:85.2,85.26 3 0
github.com/viralabs-dev/mudarro/internal/mudarro/generate.go:86.3,87.15 2 0
github.com/viralabs-dev/mudarro/internal/mudarro/generate.go:88.4,89.1 1 0
github.com/viralabs-dev/mudarro/internal/mudarro/generate.go:90.3,92.15 3 0
github.com/viralabs-dev/mudarro/internal/mudarro/generate.go:93.4,93.39 1 0
github.com/viralabs-dev/mudarro/internal/mudarro/generate.go:94.5,94.23 1 0
github.com/viralabs-dev/mudarro/internal/mudarro/generate.go:95.6,96.1 1 0
github.com/viralabs-dev/mudarro/internal/mudarro/generate.go:97.5,98.36 2 0
github.com/viralabs-dev/mudarro/internal/mudarro/generate.go:99.6,99.14 1 0
github.com/viralabs-dev/mudarro/internal/mudarro/generate.go:102.5,103.13 2 0
github.com/viralabs-dev/mudarro/internal/mudarro/generate.go:105.10,105.31 1 0
github.com/viralabs-dev/mudarro/internal/mudarro/generate.go:106.4,107.1 1 0
github.com/viralabs-dev/mudarro/internal/mudarro/generate.go:108.4,109.1 1 0
github.com/viralabs-dev/mudarro/internal/mudarro/generate.go:110.3,110.29 1 0
github.com/viralabs-dev/mudarro/internal/mudarro/generate.go:112.2,112.27 1 0
github.com/viralabs-dev/mudarro/internal/mudarro/generate.go:113.3,114.10 2 0
github.com/viralabs-dev/mudarro/internal/mudarro/generate.go:115.4,115.12 1 0
github.com/viralabs-dev/mudarro/internal/mudarro/generate.go:117.3,118.69 2 0
github.com/viralabs-dev/mudarro/internal/mudarro/generate.go:119.4,120.1 1 0
github.com/viralabs-dev/mudarro/internal/mudarro/generate.go:122.2,122.9 1 0
github.com/viralabs-dev/mudarro/internal/mudarro/generate.go:123.3,124.1 1 0
github.com/viralabs-dev/mudarro/internal/mudarro/generate.go:125.2,126.57 2 0
github.com/viralabs-dev/mudarro/internal/mudarro/generate.go:129.2,129.58 1 0
github.com/viralabs-dev/mudarro/internal/mudarro/generate.go:130.3,131.1 1 0
github.com/viralabs-dev/mudarro/internal/mudarro/generate.go:132.2,133.14 2 0
github.com/viralabs-dev/mudarro/internal/mudarro/generate.go:134.3,135.1 1 0
github.com/viralabs-dev/mudarro/internal/mudarro/generate.go:136.2,137.33 2 0
github.com/viralabs-dev/mudarro/internal/mudarro/generate.go:138.3,140.1 2 0
github.com/viralabs-dev/mudarro/internal/mudarro/generate.go:141.2,141.33 1 0
github.com/viralabs-dev/mudarro/internal/mudarro/generate.go:142.3,144.1 2 0
github.com/viralabs-dev/mudarro/internal/mudarro/generate.go:145.2,145.29 1 0
github.com/viralabs-dev/mudarro/internal/mudarro/generate.go:146.3,147.1 1 0
github.com/viralabs-dev/mudarro/internal/mudarro/generate.go:148.2,148.34 1 0
github.com/viralabs-dev/mudarro/internal/mudarro/kubernetes_runner.go:10.2,13.14 4 0
github.com/viralabs-dev/mudarro/internal/mudarro/kubernetes_runner.go:14.3,15.1 1 0
github.com/viralabs-dev/mudarro/internal/mudarro/kubernetes_runner.go:16.2,17.27 2 0
github.com/viralabs-dev/mudarro/internal/mudarro/kubernetes_runner.go:18.3,19.1 1 0
github.com/viralabs-dev/mudarro/internal/mudarro/kubernetes_runner.go:20.2,21.22 2 0
github.com/viralabs-dev/mudarro/internal/mudarro/kubernetes_runner.go:22.3,23.1 1 0
github.com/viralabs-dev/mudarro/internal/mudarro/kubernetes_runner.go:24.2,24.11 1 0
github.com/viralabs-dev/mudarro/internal/mudarro/kubernetes_runner.go:25.3,27.1 2 0
github.com/viralabs-dev/mudarro/internal/mudarro/kubernetes_runner.go:28.2,29.14 2 0
github.com/viralabs-dev/mudarro/internal/mudarro/kubernetes_runner.go:30.3,31.1 1 0
github.com/viralabs-dev/mudarro/internal/mudarro/kubernetes_runner.go:32.2,38.1 2 0
github.com/viralabs-dev/mudarro/internal/mudarro/kubernetes_runner.go:40.2,40.46 2 0
github.com/viralabs-dev/mudarro/internal/mudarro/kubernetes_runner.go:41.3,42.1 1 0
github.com/viralabs-dev/mudarro/internal/mudarro/kubernetes_runner.go:43.2,43.48 1 0
github.com/viralabs-dev/mudarro/internal/mudarro/kubernetes_runner.go:44.3,48.1 1 0
github.com/viralabs-dev/mudarro/internal/mudarro/kubernetes_runner.go:49.2,50.36 2 0
github.com/viralabs-dev/mudarro/internal/mudarro/kubernetes_runner.go:51.3,52.75 2 0
github.com/viralabs-dev/mudarro/internal/mudarro/kubernetes_runner.go:53.4,53.12 1 0
github.com/viralabs-dev/mudarro/internal/mudarro/kubernetes_runner.go:55.3,57.13 3 0
github.com/viralabs-dev/mudarro/internal/mudarro/kubernetes_runner.go:59.4,59.27 1 0
github.com/viralabs-dev/mudarro/internal/mudarro/kubernetes_runner.go:60.5,61.1 1 0
github.com/viralabs-dev/mudarro/internal/mudarro/kubernetes_runner.go:62.4,62.81 1 0
github.com/viralabs-dev/mudarro/internal/mudarro/kubernetes_runner.go:64.4,64.78 1 0
github.com/viralabs-dev/mudarro/internal/mudarro/kubernetes_runner.go:66.4,66.103 1 0
github.com/viralabs-dev/mudarro/internal/mudarro/kubernetes_runner.go:68.3,68.41 1 0
github.com/viralabs-dev/mudarro/internal/mudarro/kubernetes_runner.go:69.4,70.1 1 0
github.com/viralabs-dev/mudarro/internal/mudarro/kubernetes_runner.go:71.3,71.10 1 0
github.com/viralabs-dev/mudarro/internal/mudarro/kubernetes_runner.go:73.2,73.16 1 0
github.com/viralabs-dev/mudarro/internal/mudarro/kubernetes_runner.go:74.3,75.1 1 0
github.com/viralabs-dev/mudarro/internal/mudarro/kubernetes_runner.go:76.2,76.12 1 0
github.com/viralabs-dev/mudarro/internal/mudarro/local_runner.go:27.2,27.39 1 0
github.com/viralabs-dev/mudarro/internal/mudarro/local_runner.go:28.3,29.1 1 0
github.com/viralabs-dev/mudarro/internal/mudarro/local_runner.go:30.2,31.14 2 0
github.com/viralabs-dev/mudarro/internal/mudarro/local_runner.go:32.3,33.1 1 0
github.com/viralabs-dev/mudarro/internal/mudarro/local_runner.go:34.2,35.27 2 0
github.com/viralabs-dev/mudarro/internal/mudarro/local_runner.go:36.3,36.83 1 0
github.com/viralabs-dev/mudarro/internal/mudarro/local_runner.go:37.4,38.1 1 0
github.com/viralabs-dev/mudarro/internal/mudarro/local_runner.go:40.2,40.14 1 0
github.com/viralabs-dev/mudarro/internal/mudarro/local_runner.go:43.2,47.1 4 0
github.com/viralabs-dev/mudarro/internal/mudarro/local_runner.go:49.2,50.14 2 0
github.com/viralabs-dev/mudarro/internal/mudarro/local_runner.go:51.3,52.1 1 0
github.com/viralabs-dev/mudarro/internal/mudarro/local_runner.go:53.2,53.11 1 0
github.com/viralabs-dev/mudarro/internal/mudarro/local_runner.go:54.3,56.1 2 0
github.com/viralabs-dev/mudarro/internal/mudarro/local_runner.go:57.2,57.43 1 0
github.com/viralabs-dev/mudarro/internal/mudarro/local_runner.go:58.3,59.1 1 0
github.com/viralabs-dev/mudarro/internal/mudarro/local_runner.go:60.2,61.14 2 0
github.com/viralabs-dev/mudarro/internal/mudarro/local_runner.go:62.3,63.1 1 0
github.com/viralabs-dev/mudarro/internal/mudarro/local_runner.go:64.2,65.14 2 0
github.com/viralabs-dev/mudarro/internal/mudarro/local_runner.go:66.3,67.1 1 0
github.com/viralabs-dev/mudarro/internal/mudarro/local_runner.go:68.2,69.66 2 0
github.com/viralabs-dev/mudarro/internal/mudarro/local_runner.go:70.3,71.1 1 0
github.com/viralabs-dev/mudarro/internal/mudarro/local_runner.go:72.2,73.60 2 0
github.com/viralabs-dev/mudarro/internal/mudarro/local_runner.go:74.3,74.84 1 0
github.com/viralabs-dev/mudarro/internal/mudarro/local_runner.go:75.4,76.1 1 0
github.com/viralabs-dev/mudarro/internal/mudarro/local_runner.go:78.2,81.12 4 0
github.com/viralabs-dev/mudarro/internal/mudarro/local_runner.go:83.3,83.12 1 0
github.com/viralabs-dev/mudarro/internal/mudarro/local_runner.go:84.4,85.1 1 0
github.com/viralabs-dev/mudarro/internal/mudarro/local_runner.go:86.4,87.1 1 0
github.com/viralabs-dev/mudarro/internal/mudarro/local_runner.go:88.3,88.13 1 0
github.com/viralabs-dev/mudarro/internal/mudarro/local_runner.go:90.3,91.15 2 0
github.com/viralabs-dev/mudarro/internal/mudarro/local_runner.go:92.4,93.1 1 0
github.com/viralabs-dev/mudarro/internal/mudarro/local_runner.go:94.3,96.11 3 0
github.com/viralabs-dev/mudarro/internal/mudarro/local_runner.go:98.3,98.12 1 0
github.com/viralabs-dev/mudarro/internal/mudarro/local_runner.go:99.4,99.60 1 0
github.com/viralabs-dev/mudarro/internal/mudarro/local_runner.go:100.5,101.1 1 0
github.com/viralabs-dev/mudarro/internal/mudarro/local_runner.go:102.4,102.44 1 0
github.com/viralabs-dev/mudarro/internal/mudarro/local_runner.go:103.5,104.1 1 0
github.com/viralabs-dev/mudarro/internal/mudarro/local_runner.go:105.4,105.19 1 0
github.com/viralabs-dev/mudarro/internal/mudarro/local_runner.go:106.5,107.1 1 0
github.com/viralabs-dev/mudarro/internal/mudarro/local_runner.go:109.3,109.19 1 0
github.com/viralabs-dev/mudarro/internal/mudarro/local_runner.go:110.4,112.1 2 0
github.com/viralabs-dev/mudarro/internal/mudarro/local_runner.go:114.3,114.12 1 0
github.com/viralabs-dev/mudarro/internal/mudarro/local_runner.go:115.4,117.1 2 0
github.com/viralabs-dev/mudarro/internal/mudarro/local_runner.go:119.3,119.61 1 0
github.com/viralabs-dev/mudarro/internal/mudarro/local_runner.go:121.2,122.14 2 0
github.com/viralabs-dev/mudarro/internal/mudarro/local_runner.go:123.3,124.1 1 0
github.com/viralabs-dev/mudarro/internal/mudarro/local_runner.go:125.2,126.39 2 0
github.com/viralabs-dev/mudarro/internal/mudarro/local_runner.go:127.3,128.1 1 0
github.com/viralabs-dev/mudarro/internal/mudarro/local_runner.go:129.2,131.14 3 0
github.com/viralabs-dev/mudarro/internal/mudarro/local_runner.go:132.3,133.1 1 0
github.com/viralabs-dev/mudarro/internal/mudarro/local_runner.go:134.2,136.24 3 0
github.com/viralabs-dev/mudarro/internal/mudarro/local_runner.go:137.3,138.1 1 0
github.com/viralabs-dev/mudarro/internal/mudarro/local_runner.go:139.2,144.33 6 0
github.com/viralabs-dev/mudarro/internal/mudarro/local_runner.go:145.3,146.1 1 0
github.com/viralabs-dev/mudarro/internal/mudarro/local_runner.go:147.2,149.46 3 0
github.com/viralabs-dev/mudarro/internal/mudarro/local_runner.go:150.3,152.1 2 0
github.com/viralabs-dev/mudarro/internal/mudarro/local_runner.go:153.2,155.18 3 0
github.com/viralabs-dev/mudarro/internal/mudarro/local_runner.go:156.3,157.1 1 0
github.com/viralabs-dev/mudarro/internal/mudarro/local_runner.go:158.2,159.12 2 0
github.com/viralabs-dev/mudarro/internal/mudarro/local_runner.go:162.2,162.38 1 0
github.com/viralabs-dev/mudarro/internal/mudarro/local_runner.go:163.3,164.1 1 0
github.com/viralabs-dev/mudarro/internal/mudarro/local_runner.go:165.2,168.20 4 0
github.com/viralabs-dev/mudarro/internal/mudarro/local_runner.go:169.3,170.1 1 0
github.com/viralabs-dev/mudarro/internal/mudarro/local_runner.go:171.3,172.1 1 0
github.com/viralabs-dev/mudarro/internal/mudarro/local_runner.go:173.2,173.14 1 0
github.com/viralabs-dev/mudarro/internal/mudarro/local_runner.go:174.3,175.1 1 0
github.com/viralabs-dev/mudarro/internal/mudarro/local_runner.go:176.2,178.31 3 0
github.com/viralabs-dev/mudarro/internal/mudarro/local_runner.go:179.3,179.17 1 0
github.com/viralabs-dev/mudarro/internal/mudarro/local_runner.go:180.4,182.1 2 0
github.com/viralabs-dev/mudarro/internal/mudarro/local_runner.go:184.2,184.12 1 0
github.com/viralabs-dev/mudarro/internal/mudarro/local_runner.go:185.3,186.1 1 0
github.com/viralabs-dev/mudarro/internal/mudarro/local_runner.go:187.2,188.9 2 0
github.com/viralabs-dev/mudarro/internal/mudarro/local_runner.go:189.3,190.1 1 0
github.com/viralabs-dev/mudarro/internal/mudarro/local_runner.go:191.2,192.14 2 0
github.com/viralabs-dev/mudarro/internal/mudarro/local_runner.go:193.3,194.1 1 0
github.com/viralabs-dev/mudarro/internal/mudarro/local_runner.go:195.2,195.19 1 0
github.com/viralabs-dev/mudarro/internal/mudarro/local_runner.go:196.3,197.1 1 0
github.com/viralabs-dev/mudarro/internal/mudarro/local_runner.go:198.2,198.17 1 0
github.com/viralabs-dev/mudarro/internal/mudarro/local_runner.go:199.3,200.1 1 0
github.com/viralabs-dev/mudarro/internal/mudarro/local_runner.go:201.2,202.14 2 0
github.com/viralabs-dev/mudarro/internal/mudarro/local_runner.go:203.3,204.1 1 0
github.com/viralabs-dev/mudarro/internal/mudarro/local_runner.go:205.2,212.33 8 0
github.com/viralabs-dev/mudarro/internal/mudarro/local_runner.go:213.3,214.1 1 0
github.com/viralabs-dev/mudarro/internal/mudarro/local_runner.go:215.2,216.12 2 0
github.com/viralabs-dev/mudarro/internal/mudarro/local_runner.go:216.14,216.36 1 0
github.com/viralabs-dev/mudarro/internal/mudarro/local_runner.go:217.2,217.9 1 0
github.com/viralabs-dev/mudarro/internal/mudarro/local_runner.go:219.3,219.11 1 0
github.com/viralabs-dev/mudarro/internal/mudarro/local_runner.go:221.3,222.10 2 0
github.com/viralabs-dev/mudarro/internal/mudarro/local_runner.go:224.4,224.12 1 0
github.com/viralabs-dev/mudarro/internal/mudarro/local_runner.go:226.4,227.17 2 0
github.com/viralabs-dev/mudarro/internal/mudarro/menu_execution.go:17.2,20.16 4 0
github.com/viralabs-dev/mudarro/internal/mudarro/menu_execution.go:21.3,22.1 1 0
github.com/viralabs-dev/mudarro/internal/mudarro/menu_execution.go:23.2,25.67 3 0
github.com/viralabs-dev/mudarro/internal/mudarro/menu_execution.go:26.3,28.1 2 0
github.com/viralabs-dev/mudarro/internal/mudarro/menu_execution.go:29.2,29.16 1 0
github.com/viralabs-dev/mudarro/internal/mudarro/menu_execution.go:30.3,31.1 1 0
github.com/viralabs-dev/mudarro/internal/mudarro/menu_execution.go:32.2,33.16 2 0
github.com/viralabs-dev/mudarro/internal/mudarro/menu_execution.go:34.3,35.1 1 0
github.com/viralabs-dev/mudarro/internal/mudarro/menu_execution.go:36.2,36.22 1 0
github.com/viralabs-dev/mudarro/internal/mudarro/menu_execution.go:37.3,39.1 2 0
github.com/viralabs-dev/mudarro/internal/mudarro/menu_execution.go:41.2,44.16 4 0
github.com/viralabs-dev/mudarro/internal/mudarro/menu_execution.go:45.3,46.1 1 0
github.com/viralabs-dev/mudarro/internal/mudarro/menu_execution.go:47.2,50.43 4 0
github.com/viralabs-dev/mudarro/internal/mudarro/menu_execution.go:51.3,52.1 1 0
github.com/viralabs-dev/mudarro/internal/mudarro/menu_execution.go:53.2,53.12 1 0
github.com/viralabs-dev/mudarro/internal/mudarro/messages.go:105.2,106.41 2 0
github.com/viralabs-dev/mudarro/internal/mudarro/messages.go:107.3,107.24 1 0
github.com/viralabs-dev/mudarro/internal/mudarro/messages.go:108.4,109.1 1 0
github.com/viralabs-dev/mudarro/internal/mudarro/messages.go:110.4,111.1 1 0
github.com/viralabs-dev/mudarro/internal/mudarro/messages.go:113.2,113.52 1 0
github.com/viralabs-dev/mudarro/internal/mudarro/messages.go:122.42,122.60 1 0
github.com/viralabs-dev/mudarro/internal/mudarro/messages.go:123.42,123.58 1 0
github.com/viralabs-dev/mudarro/internal/mudarro/runner.go:20.2,20.21 1 0
github.com/viralabs-dev/mudarro/internal/mudarro/runner.go:21.3,22.1 1 0
github.com/viralabs-dev/mudarro/internal/mudarro/runner.go:23.2,23.37 1 0
github.com/viralabs-dev/mudarro/internal/mudarro/runner.go:24.3,27.54 4 0
github.com/viralabs-dev/mudarro/internal/mudarro/runner.go:28.4,29.1 1 0
github.com/viralabs-dev/mudarro/internal/mudarro/runner.go:31.2,31.44 1 0
github.com/viralabs-dev/mudarro/internal/mudarro/runner.go:32.3,33.1 1 0
github.com/viralabs-dev/mudarro/internal/mudarro/runner.go:34.2,34.42 1 0
github.com/viralabs-dev/mudarro/internal/mudarro/runner.go:35.3,36.1 1 0
github.com/viralabs-dev/mudarro/internal/mudarro/runner.go:37.2,37.32 1 0
github.com/viralabs-dev/mudarro/internal/mudarro/runner.go:38.3,39.1 1 0
github.com/viralabs-dev/mudarro/internal/mudarro/runner.go:40.2,40.11 1 0
github.com/viralabs-dev/mudarro/internal/mudarro/runner.go:41.3,43.1 2 0
github.com/viralabs-dev/mudarro/internal/mudarro/runner.go:44.2,45.14 2 0
github.com/viralabs-dev/mudarro/internal/mudarro/runner.go:46.3,47.1 1 0
github.com/viralabs-dev/mudarro/internal/mudarro/runner.go:48.2,48.27 1 0
github.com/viralabs-dev/mudarro/internal/mudarro/runner.go:49.3,50.1 1 0
github.com/viralabs-dev/mudarro/internal/mudarro/runner.go:51.2,51.20 1 0
github.com/viralabs-dev/mudarro/internal/mudarro/runner.go:52.3,53.1 1 0
github.com/viralabs-dev/mudarro/internal/mudarro/runner.go:54.2,55.14 2 0
github.com/viralabs-dev/mudarro/internal/mudarro/runner.go:56.3,57.1 1 0
github.com/viralabs-dev/mudarro/internal/mudarro/runner.go:58.2,59.22 2 0
github.com/viralabs-dev/mudarro/internal/mudarro/runner.go:60.3,61.1 1 0
github.com/viralabs-dev/mudarro/internal/mudarro/runner.go:63.2,63.182 1 0
github.com/viralabs-dev/mudarro/internal/mudarro/runner.go:64.3,67.60 4 0
github.com/viralabs-dev/mudarro/internal/mudarro/runner.go:68.4,68.58 1 0
github.com/viralabs-dev/mudarro/internal/mudarro/runner.go:69.5,70.1 1 0
github.com/viralabs-dev/mudarro/internal/mudarro/runner.go:71.4,71.22 1 0
github.com/viralabs-dev/mudarro/internal/mudarro/runner.go:72.5,73.1 1 0
github.com/viralabs-dev/mudarro/internal/mudarro/runner.go:76.2,76.29 1 0
github.com/viralabs-dev/mudarro/internal/mudarro/runner.go:79.2,80.1 1 0
github.com/viralabs-dev/mudarro/internal/mudarro/runner.go:83.2,83.25 1 0
github.com/viralabs-dev/mudarro/internal/mudarro/runner.go:84.3,85.1 1 0
github.com/viralabs-dev/mudarro/internal/mudarro/runner.go:86.2,86.11 1 0
github.com/viralabs-dev/mudarro/internal/mudarro/runner.go:91.2,91.15 1 0
github.com/viralabs-dev/mudarro/internal/mudarro/runner.go:92.3,93.1 1 0
github.com/viralabs-dev/mudarro/internal/mudarro/runner.go:94.2,96.21 3 0
github.com/viralabs-dev/mudarro/internal/mudarro/runner.go:97.3,98.12 2 0
github.com/viralabs-dev/mudarro/internal/mudarro/runner.go:99.4,99.22 1 0
github.com/viralabs-dev/mudarro/internal/mudarro/runner.go:100.5,101.1 1 0
github.com/viralabs-dev/mudarro/internal/mudarro/runner.go:102.4,102.23 1 0
github.com/viralabs-dev/mudarro/internal/mudarro/runner.go:104.3,104.17 1 0
github.com/viralabs-dev/mudarro/internal/mudarro/runner.go:105.4,106.1 1 0
github.com/viralabs-dev/mudarro/internal/mudarro/runner.go:108.2,108.54 1 0
github.com/viralabs-dev/mudarro/internal/mudarro/scan.go:31.53,31.101 1 0
github.com/viralabs-dev/mudarro/internal/mudarro/scan.go:32.53,32.95 1 0
github.com/viralabs-dev/mudarro/internal/mudarro/scan.go:33.53,33.125 2 0
github.com/viralabs-dev/mudarro/internal/mudarro/scan.go:36.2,38.78 3 0
github.com/viralabs-dev/mudarro/internal/mudarro/scan.go:39.3,39.15 1 0
github.com/viralabs-dev/mudarro/internal/mudarro/scan.go:40.4,41.1 1 0
github.com/viralabs-dev/mudarro/internal/mudarro/scan.go:42.3,43.32 2 0
github.com/viralabs-dev/mudarro/internal/mudarro/scan.go:44.4,45.105 2 0
github.com/viralabs-dev/mudarro/internal/mudarro/scan.go:46.5,46.18 1 0
github.com/viralabs-dev/mudarro/internal/mudarro/scan.go:47.6,48.1 1 0
github.com/viralabs-dev/mudarro/internal/mudarro/scan.go:49.5,49.15 1 0
github.com/viralabs-dev/mudarro/internal/mudarro/scan.go:52.3,52.16 1 0
github.com/viralabs-dev/mudarro/internal/mudarro/scan.go:53.4,53.57 1 0
github.com/viralabs-dev/mudarro/internal/mudarro/scan.go:54.5,55.1 1 0
github.com/viralabs-dev/mudarro/internal/mudarro/scan.go:56.4,56.14 1 0
github.com/viralabs-dev/mudarro/internal/mudarro/scan.go:58.3,58.35 1 0
github.com/viralabs-dev/mudarro/internal/mudarro/scan.go:59.4,60.1 1 0
github.com/viralabs-dev/mudarro/internal/mudarro/scan.go:61.3,62.23 2 0
github.com/viralabs-dev/mudarro/internal/mudarro/scan.go:63.4,64.1 1 0
github.com/viralabs-dev/mudarro/internal/mudarro/scan.go:65.3,66.13 2 0
github.com/viralabs-dev/mudarro/internal/mudarro/scan.go:68.2,68.14 1 0
github.com/viralabs-dev/mudarro/internal/mudarro/scan.go:69.3,70.1 1 0
github.com/viralabs-dev/mudarro/internal/mudarro/scan.go:71.2,72.22 2 0
github.com/viralabs-dev/mudarro/internal/mudarro/scan.go:73.3,74.1 1 0
github.com/viralabs-dev/mudarro/internal/mudarro/scan.go:75.2,76.28 2 0
github.com/viralabs-dev/mudarro/internal/mudarro/scan.go:77.3,78.19 2 0
github.com/viralabs-dev/mudarro/internal/mudarro/scan.go:79.4,80.1 1 0
github.com/viralabs-dev/mudarro/internal/mudarro/scan.go:81.3,81.38 1 0
github.com/viralabs-dev/mudarro/internal/mudarro/scan.go:82.4,83.16 2 0
github.com/viralabs-dev/mudarro/internal/mudarro/scan.go:84.5,85.13 2 0
github.com/viralabs-dev/mudarro/internal/mudarro/scan.go:87.4,87.16 1 0
github.com/viralabs-dev/mudarro/internal/mudarro/scan.go:88.5,88.13 1 0
github.com/viralabs-dev/mudarro/internal/mudarro/scan.go:90.4,94.35 5 0
github.com/viralabs-dev/mudarro/internal/mudarro/scan.go:95.5,97.1 2 0
github.com/viralabs-dev/mudarro/internal/mudarro/scan.go:98.4,98.39 1 0
github.com/viralabs-dev/mudarro/internal/mudarro/scan.go:99.5,101.53 3 0
github.com/viralabs-dev/mudarro/internal/mudarro/scan.go:102.6,103.1 1 0
github.com/viralabs-dev/mudarro/internal/mudarro/scan.go:107.2,107.33 1 0
github.com/viralabs-dev/mudarro/internal/mudarro/scan.go:108.3,112.1 4 0
github.com/viralabs-dev/mudarro/internal/mudarro/scan.go:113.2,113.28 1 0
github.com/viralabs-dev/mudarro/internal/mudarro/scan.go:114.3,114.31 1 0
github.com/viralabs-dev/mudarro/internal/mudarro/scan.go:115.4,115.61 1 0
github.com/viralabs-dev/mudarro/internal/mudarro/scan.go:116.5,116.13 1 0
github.com/viralabs-dev/mudarro/internal/mudarro/scan.go:118.4,118.25 1 0
github.com/viralabs-dev/mudarro/internal/mudarro/scan.go:119.5,119.13 1 0
github.com/viralabs-dev/mudarro/internal/mudarro/scan.go:121.4,123.40 3 0
github.com/viralabs-dev/mudarro/internal/mudarro/scan.go:124.5,124.97 1 0
github.com/viralabs-dev/mudarro/internal/mudarro/scan.go:125.6,125.27 1 0
github.com/viralabs-dev/mudarro/internal/mudarro/scan.go:126.7,128.1 2 0
github.com/viralabs-dev/mudarro/internal/mudarro/scan.go:131.4,133.26 3 0
github.com/viralabs-dev/mudarro/internal/mudarro/scan.go:134.5,135.17 2 0
github.com/viralabs-dev/mudarro/internal/mudarro/scan.go:136.6,137.14 2 0
github.com/viralabs-dev/mudarro/internal/mudarro/scan.go:139.5,140.63 2 0
github.com/viralabs-dev/mudarro/internal/mudarro/scan.go:141.6,142.1 1 0
github.com/viralabs-dev/mudarro/internal/mudarro/scan.go:144.5,145.34 2 0
github.com/viralabs-dev/mudarro/internal/mudarro/scan.go:146.6,147.1 1 0
github.com/viralabs-dev/mudarro/internal/mudarro/scan.go:151.2,151.48 1 0
github.com/viralabs-dev/mudarro/internal/mudarro/scan.go:152.3,153.1 1 0
github.com/viralabs-dev/mudarro/internal/mudarro/scan.go:154.2,154.15 1 0
github.com/viralabs-dev/mudarro/internal/mudarro/scan.go:158.2,159.105 2 0
github.com/viralabs-dev/mudarro/internal/mudarro/scan.go:160.3,160.44 1 0
github.com/viralabs-dev/mudarro/internal/mudarro/scan.go:161.4,163.1 2 0
github.com/viralabs-dev/mudarro/internal/mudarro/scan.go:165.2,165.78 1 0
github.com/viralabs-dev/mudarro/internal/mudarro/scan.go:166.3,167.1 1 0
github.com/viralabs-dev/mudarro/internal/mudarro/scan.go:168.2,168.50 1 0
github.com/viralabs-dev/mudarro/internal/mudarro/scan.go:169.3,169.44 1 0
github.com/viralabs-dev/mudarro/internal/mudarro/scan.go:170.4,171.1 1 0
github.com/viralabs-dev/mudarro/internal/mudarro/scan.go:173.2,173.54 1 0
github.com/viralabs-dev/mudarro/internal/mudarro/scan.go:174.3,175.1 1 0
github.com/viralabs-dev/mudarro/internal/mudarro/scan.go:176.2,176.72 1 0
github.com/viralabs-dev/mudarro/internal/mudarro/scan.go:177.3,177.44 1 0
github.com/viralabs-dev/mudarro/internal/mudarro/scan.go:178.4,179.9 2 0
github.com/viralabs-dev/mudarro/internal/mudarro/scan.go:182.2,182.26 1 0
github.com/viralabs-dev/mudarro/internal/mudarro/scan.go:183.3,184.1 1 0
github.com/viralabs-dev/mudarro/internal/mudarro/scan.go:184.9,184.33 1 0
github.com/viralabs-dev/mudarro/internal/mudarro/scan.go:185.3,186.41 2 0
github.com/viralabs-dev/mudarro/internal/mudarro/scan.go:187.4,189.1 2 0
github.com/viralabs-dev/mudarro/internal/mudarro/scan.go:191.3,192.32 2 0
github.com/viralabs-dev/mudarro/internal/mudarro/scan.go:193.4,194.1 1 0
github.com/viralabs-dev/mudarro/internal/mudarro/scan.go:196.2,196.43 1 0
github.com/viralabs-dev/mudarro/internal/mudarro/scan.go:197.3,198.1 1 0
github.com/viralabs-dev/mudarro/internal/mudarro/scan.go:201.2,202.64 2 0
github.com/viralabs-dev/mudarro/internal/mudarro/scan.go:203.3,205.50 3 0
github.com/viralabs-dev/mudarro/internal/mudarro/scan.go:206.4,207.1 1 0
github.com/viralabs-dev/mudarro/internal/mudarro/scan.go:208.3,208.46 1 0
github.com/viralabs-dev/mudarro/internal/mudarro/scan.go:209.4,210.1 1 0
github.com/viralabs-dev/mudarro/internal/mudarro/scan.go:212.2,212.29 1 0
github.com/viralabs-dev/mudarro/internal/mudarro/scan.go:213.3,214.1 1 0
github.com/viralabs-dev/mudarro/internal/mudarro/scan.go:215.2,215.55 1 0
github.com/viralabs-dev/mudarro/internal/mudarro/scan.go:216.3,217.1 1 0
github.com/viralabs-dev/mudarro/internal/mudarro/scan.go:218.2,218.92 1 0
github.com/viralabs-dev/mudarro/internal/mudarro/scan.go:219.3,219.27 1 0
github.com/viralabs-dev/mudarro/internal/mudarro/scan.go:220.4,222.60 3 0
github.com/viralabs-dev/mudarro/internal/mudarro/scan.go:223.5,224.10 2 0
github.com/viralabs-dev/mudarro/internal/mudarro/scan.go:228.2,228.25 1 0
github.com/viralabs-dev/mudarro/internal/mudarro/scan.go:229.3,231.1 2 0
github.com/viralabs-dev/mudarro/internal/mudarro/scan.go:232.2,232.26 1 0
github.com/viralabs-dev/mudarro/internal/mudarro/scan.go:233.3,235.28 3 0
github.com/viralabs-dev/mudarro/internal/mudarro/scan.go:236.4,237.1 1 0
github.com/viralabs-dev/mudarro/internal/mudarro/sqlite_runner.go:10.2,11.16 2 0
github.com/viralabs-dev/mudarro/internal/mudarro/sqlite_runner.go:12.3,13.1 1 0
github.com/viralabs-dev/mudarro/internal/mudarro/sqlite_runner.go:14.2,15.16 2 0
github.com/viralabs-dev/mudarro/internal/mudarro/sqlite_runner.go:16.3,17.1 1 0
github.com/viralabs-dev/mudarro/internal/mudarro/sqlite_runner.go:18.2,18.11 1 0
github.com/viralabs-dev/mudarro/internal/mudarro/sqlite_runner.go:19.3,21.1 2 0
github.com/viralabs-dev/mudarro/internal/mudarro/sqlite_runner.go:22.2,22.61 1 0
github.com/viralabs-dev/mudarro/internal/mudarro/sqlite_runner.go:23.3,24.1 1 0
github.com/viralabs-dev/mudarro/internal/mudarro/sqlite_runner.go:25.2,26.21 2 0
github.com/viralabs-dev/mudarro/internal/mudarro/sqlite_runner.go:27.3,29.1 2 0
github.com/viralabs-dev/mudarro/internal/mudarro/sqlite_runner.go:30.2,30.16 1 0
github.com/viralabs-dev/mudarro/internal/mudarro/sqlite_runner.go:31.3,32.1 1 0
github.com/viralabs-dev/mudarro/internal/mudarro/sqlite_runner.go:33.2,33.18 1 0
github.com/viralabs-dev/mudarro/internal/mudarro/templates.go:11.2,12.27 2 0
github.com/viralabs-dev/mudarro/internal/mudarro/templates.go:12.29,12.72 1 0
github.com/viralabs-dev/mudarro/internal/mudarro/templates.go:13.2,14.16 2 0
github.com/viralabs-dev/mudarro/internal/mudarro/templates.go:15.3,15.73 1 0
github.com/viralabs-dev/mudarro/internal/mudarro/templates.go:16.4,17.1 1 0
github.com/viralabs-dev/mudarro/internal/mudarro/templates.go:18.3,19.10 2 0
github.com/viralabs-dev/mudarro/internal/mudarro/templates.go:20.4,21.1 1 0
github.com/viralabs-dev/mudarro/internal/mudarro/templates.go:22.3,23.21 2 0
github.com/viralabs-dev/mudarro/internal/mudarro/templates.go:25.4,25.21 1 0
github.com/viralabs-dev/mudarro/internal/mudarro/templates.go:27.5,27.89 1 0
github.com/viralabs-dev/mudarro/internal/mudarro/templates.go:29.5,29.124 1 0
github.com/viralabs-dev/mudarro/internal/mudarro/templates.go:31.5,31.71 1 0
github.com/viralabs-dev/mudarro/internal/mudarro/templates.go:34.4,35.21 2 0
github.com/viralabs-dev/mudarro/internal/mudarro/templates.go:37.5,39.38 3 0
github.com/viralabs-dev/mudarro/internal/mudarro/templates.go:40.6,41.1 1 0
github.com/viralabs-dev/mudarro/internal/mudarro/templates.go:42.5,42.59 1 0
github.com/viralabs-dev/mudarro/internal/mudarro/templates.go:44.5,44.67 1 0
github.com/viralabs-dev/mudarro/internal/mudarro/templates.go:46.5,46.78 1 0
github.com/viralabs-dev/mudarro/internal/mudarro/templates.go:48.5,48.60 1 0
github.com/viralabs-dev/mudarro/internal/mudarro/templates.go:51.4,51.91 1 0
github.com/viralabs-dev/mudarro/internal/mudarro/templates.go:53.4,53.88 1 0
github.com/viralabs-dev/mudarro/internal/mudarro/templates.go:55.3,56.24 2 0
github.com/viralabs-dev/mudarro/internal/mudarro/templates.go:57.4,58.1 1 0
github.com/viralabs-dev/mudarro/internal/mudarro/templates.go:59.3,61.45 3 0
github.com/viralabs-dev/mudarro/internal/mudarro/templates.go:62.4,63.1 1 0
github.com/viralabs-dev/mudarro/internal/mudarro/templates.go:64.3,66.72 3 0
github.com/viralabs-dev/mudarro/internal/mudarro/templates.go:67.4,67.20 1 0
github.com/viralabs-dev/mudarro/internal/mudarro/templates.go:68.5,69.1 1 0
github.com/viralabs-dev/mudarro/internal/mudarro/templates.go:70.4,71.18 2 0
github.com/viralabs-dev/mudarro/internal/mudarro/templates.go:72.5,73.1 1 0
github.com/viralabs-dev/mudarro/internal/mudarro/templates.go:74.4,76.44 3 0
github.com/viralabs-dev/mudarro/internal/mudarro/templates.go:77.5,80.18 4 0
github.com/viralabs-dev/mudarro/internal/mudarro/templates.go:81.6,82.1 1 0
github.com/viralabs-dev/mudarro/internal/mudarro/templates.go:83.5,83.105 1 0
github.com/viralabs-dev/mudarro/internal/mudarro/templates.go:85.4,86.26 2 0
github.com/viralabs-dev/mudarro/internal/mudarro/templates.go:88.3,88.29 1 0
github.com/viralabs-dev/mudarro/internal/mudarro/templates.go:89.4,89.54 1 0
github.com/viralabs-dev/mudarro/internal/mudarro/templates.go:90.5,91.1 1 0
github.com/viralabs-dev/mudarro/internal/mudarro/templates.go:92.4,92.92 1 0
github.com/viralabs-dev/mudarro/internal/mudarro/templates.go:93.5,94.1 1 0
github.com/viralabs-dev/mudarro/internal/mudarro/templates.go:95.4,97.44 3 0
github.com/viralabs-dev/mudarro/internal/mudarro/templates.go:98.5,99.18 2 0
github.com/viralabs-dev/mudarro/internal/mudarro/templates.go:100.6,101.1 1 0
github.com/viralabs-dev/mudarro/internal/mudarro/templates.go:102.5,102.164 1 0
github.com/viralabs-dev/mudarro/internal/mudarro/templates.go:104.4,111.44 8 0
github.com/viralabs-dev/mudarro/internal/mudarro/templates.go:112.5,115.1 3 0
github.com/viralabs-dev/mudarro/internal/mudarro/templates.go:116.4,116.29 1 0
github.com/viralabs-dev/mudarro/internal/mudarro/templates.go:117.5,119.1 2 0
github.com/viralabs-dev/mudarro/internal/mudarro/templates.go:122.2,122.16 1 0
github.com/viralabs-dev/mudarro/internal/mudarro/templates.go:123.3,123.50 1 0
github.com/viralabs-dev/mudarro/internal/mudarro/templates.go:124.4,125.1 1 0
github.com/viralabs-dev/mudarro/internal/mudarro/templates.go:126.3,126.51 1 0
github.com/viralabs-dev/mudarro/internal/mudarro/templates.go:127.4,128.1 1 0
github.com/viralabs-dev/mudarro/internal/mudarro/templates.go:129.3,129.19 1 0
github.com/viralabs-dev/mudarro/internal/mudarro/templates.go:130.4,131.1 1 0
github.com/viralabs-dev/mudarro/internal/mudarro/templates.go:132.3,133.16 2 0
github.com/viralabs-dev/mudarro/internal/mudarro/templates.go:134.4,135.1 1 0
github.com/viralabs-dev/mudarro/internal/mudarro/templates.go:136.3,137.17 2 0
github.com/viralabs-dev/mudarro/internal/mudarro/templates.go:139.4,141.116 3 0
github.com/viralabs-dev/mudarro/internal/mudarro/templates.go:143.4,147.110 5 0
github.com/viralabs-dev/mudarro/internal/mudarro/templates.go:149.4,151.241 3 0
github.com/viralabs-dev/mudarro/internal/mudarro/templates.go:153.4,154.149 2 0
github.com/viralabs-dev/mudarro/internal/mudarro/templates.go:156.4,156.70 1 0
github.com/viralabs-dev/mudarro/internal/mudarro/templates.go:159.2,159.19 1 0
github.com/viralabs-dev/mudarro/internal/mudarro/templates.go:162.2,162.24 1 0
github.com/viralabs-dev/mudarro/internal/mudarro/templates.go:163.3,164.14 2 0
github.com/viralabs-dev/mudarro/internal/mudarro/templates.go:165.4,166.1 1 0
github.com/viralabs-dev/mudarro/internal/mudarro/templates.go:167.3,167.170 1 0
github.com/viralabs-dev/mudarro/internal/mudarro/templates.go:169.2,169.333 1 0
github.com/viralabs-dev/mudarro/internal/mudarro/templates.go:173.2,231.1 1 0
github.com/viralabs-dev/mudarro/internal/mudarro/ui_integration.go:22.2,24.20 3 0
github.com/viralabs-dev/mudarro/internal/mudarro/ui_integration.go:25.3,26.1 1 0
github.com/viralabs-dev/mudarro/internal/mudarro/ui_integration.go:27.3,28.1 1 0
github.com/viralabs-dev/mudarro/internal/mudarro/ui_integration.go:29.2,29.16 1 0
github.com/viralabs-dev/mudarro/internal/mudarro/ui_integration.go:30.3,31.1 1 0
github.com/viralabs-dev/mudarro/internal/mudarro/ui_integration.go:32.2,32.37 1 0
github.com/viralabs-dev/mudarro/internal/mudarro/ui_integration.go:33.3,33.18 1 0
github.com/viralabs-dev/mudarro/internal/mudarro/ui_integration.go:34.4,35.1 1 0
github.com/viralabs-dev/mudarro/internal/mudarro/ui_integration.go:36.3,36.21 1 0
github.com/viralabs-dev/mudarro/internal/mudarro/ui_integration.go:37.4,38.1 1 0
github.com/viralabs-dev/mudarro/internal/mudarro/ui_integration.go:39.3,39.20 1 0
github.com/viralabs-dev/mudarro/internal/mudarro/ui_integration.go:40.4,41.1 1 0
github.com/viralabs-dev/mudarro/internal/mudarro/ui_integration.go:43.2,43.30 1 0
github.com/viralabs-dev/mudarro/internal/mudarro/ui_integration.go:46.2,46.41 1 0
github.com/viralabs-dev/mudarro/internal/mudarro/ui_integration.go:47.3,48.1 1 0
github.com/viralabs-dev/mudarro/internal/mudarro/ui_integration.go:49.2,51.52 3 0
github.com/viralabs-dev/mudarro/internal/mudarro/ui_integration.go:52.3,54.1 2 0
github.com/viralabs-dev/mudarro/internal/mudarro/ui_integration.go:55.3,56.1 1 0
github.com/viralabs-dev/mudarro/internal/mudarro/ui_integration.go:57.2,57.16 1 0
github.com/viralabs-dev/mudarro/internal/mudarro/ui_integration.go:58.3,59.1 1 0
github.com/viralabs-dev/mudarro/internal/mudarro/ui_integration.go:60.2,60.35 1 0
github.com/viralabs-dev/mudarro/internal/mudarro/ui_integration.go:63.2,63.37 1 0
github.com/viralabs-dev/mudarro/internal/mudarro/ui_integration.go:64.3,65.1 1 0
github.com/viralabs-dev/mudarro/internal/mudarro/ui_integration.go:66.2,66.11 1 0
github.com/viralabs-dev/mudarro/internal/mudarro/ui_integration.go:69.2,69.37 1 0
github.com/viralabs-dev/mudarro/internal/mudarro/ui_integration.go:70.3,71.1 1 0
github.com/viralabs-dev/mudarro/internal/mudarro/ui_integration.go:72.2,74.27 3 0
github.com/viralabs-dev/mudarro/internal/mudarro/ui_integration.go:75.3,76.31 2 0
github.com/viralabs-dev/mudarro/internal/mudarro/ui_integration.go:77.4,78.1 1 0
github.com/viralabs-dev/mudarro/internal/mudarro/ui_integration.go:80.2,80.15 1 0
github.com/viralabs-dev/mudarro/internal/mudarro/ui_integration.go:83.2,84.35 2 0
github.com/viralabs-dev/mudarro/internal/mudarro/ui_integration.go:85.3,85.26 1 0
github.com/viralabs-dev/mudarro/internal/mudarro/ui_integration.go:86.4,87.1 1 0
github.com/viralabs-dev/mudarro/internal/mudarro/ui_integration.go:89.2,92.44 4 0
github.com/viralabs-dev/mudarro/internal/mudarro/ui_integration.go:93.3,93.33 1 0
github.com/viralabs-dev/mudarro/internal/mudarro/ui_integration.go:94.4,95.31 2 0
github.com/viralabs-dev/mudarro/internal/mudarro/ui_integration.go:96.5,97.1 1 0
github.com/viralabs-dev/mudarro/internal/mudarro/ui_integration.go:100.2,100.35 1 0
github.com/viralabs-dev/mudarro/internal/mudarro/ui_integration.go:111.2,111.66 1 0
github.com/viralabs-dev/mudarro/internal/mudarro/ui_integration.go:112.3,113.17 2 0
github.com/viralabs-dev/mudarro/internal/mudarro/ui_integration.go:114.4,115.1 1 0
github.com/viralabs-dev/mudarro/internal/mudarro/ui_integration.go:116.3,116.20 1 0
github.com/viralabs-dev/mudarro/internal/mudarro/ui_integration.go:117.4,117.38 1 0
github.com/viralabs-dev/mudarro/internal/mudarro/ui_integration.go:118.5,119.1 1 0
github.com/viralabs-dev/mudarro/internal/mudarro/ui_integration.go:121.3,122.22 2 0
github.com/viralabs-dev/mudarro/internal/mudarro/ui_integration.go:123.4,123.38 1 0
github.com/viralabs-dev/mudarro/internal/mudarro/ui_integration.go:124.5,125.1 1 0
github.com/viralabs-dev/mudarro/internal/mudarro/ui_integration.go:127.3,127.23 1 0
github.com/viralabs-dev/mudarro/internal/mudarro/ui_integration.go:128.4,129.1 1 0
github.com/viralabs-dev/mudarro/internal/mudarro/ui_integration.go:130.3,130.20 1 0
github.com/viralabs-dev/mudarro/internal/mudarro/ui_integration.go:132.2,132.113 1 0
github.com/viralabs-dev/mudarro/internal/mudarro/ui_integration.go:133.3,134.1 1 0
github.com/viralabs-dev/mudarro/internal/mudarro/ui_integration.go:135.2,137.66 3 0
github.com/viralabs-dev/mudarro/internal/mudarro/ui_integration.go:140.2,140.37 1 0
github.com/viralabs-dev/mudarro/internal/mudarro/ui_integration.go:141.3,141.24 1 0
github.com/viralabs-dev/mudarro/internal/mudarro/ui_integration.go:142.4,143.1 1 0
github.com/viralabs-dev/mudarro/internal/mudarro/ui_integration.go:144.3,144.12 1 0
github.com/viralabs-dev/mudarro/internal/mudarro/ui_integration.go:146.2,148.21 3 0
github.com/viralabs-dev/mudarro/internal/mudarro/ui_integration.go:149.3,150.1 1 0
github.com/viralabs-dev/mudarro/internal/mudarro/ui_integration.go:151.2,151.27 1 0
github.com/viralabs-dev/mudarro/internal/mudarro/ui_integration.go:152.3,153.1 1 0
github.com/viralabs-dev/mudarro/internal/mudarro/ui_integration.go:154.2,154.21 1 0
github.com/viralabs-dev/mudarro/internal/mudarro/ui_integration.go:155.3,156.1 1 0
github.com/viralabs-dev/mudarro/internal/mudarro/ui_integration.go:157.2,157.27 1 0
github.com/viralabs-dev/mudarro/internal/mudarro/ui_integration.go:158.3,159.1 1 0
github.com/viralabs-dev/mudarro/internal/mudarro/ui_integration.go:160.2,160.29 1 0
github.com/viralabs-dev/mudarro/internal/mudarro/ui_integration.go:161.3,163.38 3 0
github.com/viralabs-dev/mudarro/internal/mudarro/ui_integration.go:164.4,164.24 1 0
github.com/viralabs-dev/mudarro/internal/mudarro/ui_integration.go:165.5,166.10 2 0
github.com/viralabs-dev/mudarro/internal/mudarro/ui_integration.go:168.4,169.12 2 0
github.com/viralabs-dev/mudarro/internal/mudarro/ui_integration.go:170.5,171.1 1 0
github.com/viralabs-dev/mudarro/internal/mudarro/ui_integration.go:172.4,173.59 2 0
github.com/viralabs-dev/mudarro/internal/mudarro/ui_integration.go:177.2,178.37 2 0
github.com/viralabs-dev/mudarro/internal/mudarro/ui_integration.go:179.3,179.23 1 0
github.com/viralabs-dev/mudarro/internal/mudarro/ui_integration.go:180.4,181.9 2 0
github.com/viralabs-dev/mudarro/internal/mudarro/ui_integration.go:183.3,184.67 2 0
github.com/viralabs-dev/mudarro/internal/mudarro/ui_integration.go:185.4,185.12 1 0
github.com/viralabs-dev/mudarro/internal/mudarro/ui_integration.go:187.3,188.17 2 0
github.com/viralabs-dev/mudarro/internal/mudarro/ui_integration.go:189.4,189.12 1 0
github.com/viralabs-dev/mudarro/internal/mudarro/ui_integration.go:191.3,191.24 1 0
github.com/viralabs-dev/mudarro/internal/mudarro/ui_integration.go:192.4,192.12 1 0
github.com/viralabs-dev/mudarro/internal/mudarro/ui_integration.go:194.3,196.48 3 0
github.com/viralabs-dev/mudarro/internal/mudarro/ui_integration.go:197.4,197.12 1 0
github.com/viralabs-dev/mudarro/internal/mudarro/ui_integration.go:199.3,200.17 2 0
github.com/viralabs-dev/mudarro/internal/mudarro/ui_integration.go:201.4,201.12 1 0
github.com/viralabs-dev/mudarro/internal/mudarro/ui_integration.go:203.3,204.43 2 0
github.com/viralabs-dev/mudarro/internal/mudarro/ui_integration.go:205.4,206.12 2 0
github.com/viralabs-dev/mudarro/internal/mudarro/ui_integration.go:208.3,210.17 3 0
github.com/viralabs-dev/mudarro/internal/mudarro/ui_integration.go:211.4,211.12 1 0
github.com/viralabs-dev/mudarro/internal/mudarro/ui_integration.go:213.3,214.13 2 0
github.com/viralabs-dev/mudarro/internal/mudarro/ui_integration.go:215.4,216.1 1 0
github.com/viralabs-dev/mudarro/internal/mudarro/ui_integration.go:217.3,218.13 2 0
github.com/viralabs-dev/mudarro/internal/mudarro/ui_integration.go:219.4,220.1 1 0
github.com/viralabs-dev/mudarro/internal/mudarro/ui_integration.go:222.2,223.42 2 0
github.com/viralabs-dev/mudarro/internal/mudarro/ui_integration.go:224.3,224.84 1 0
github.com/viralabs-dev/mudarro/internal/mudarro/ui_integration.go:225.4,226.1 1 0
github.com/viralabs-dev/mudarro/internal/mudarro/ui_integration.go:227.3,227.11 1 0
github.com/viralabs-dev/mudarro/internal/mudarro/ui_integration.go:229.2,229.25 1 0
github.com/viralabs-dev/mudarro/internal/mudarro/ui_integration.go:230.3,231.1 1 0
github.com/viralabs-dev/mudarro/internal/mudarro/ui_integration.go:232.2,232.15 1 0
github.com/viralabs-dev/mudarro/internal/mudarro/terminal/banner.go:10.34,10.63 1 0
github.com/viralabs-dev/mudarro/internal/mudarro/terminal/banner.go:13.2,15.28 3 0
github.com/viralabs-dev/mudarro/internal/mudarro/terminal/banner.go:16.3,16.30 1 0
github.com/viralabs-dev/mudarro/internal/mudarro/terminal/banner.go:17.4,18.1 1 0
github.com/viralabs-dev/mudarro/internal/mudarro/terminal/banner.go:20.2,22.17 3 0
github.com/viralabs-dev/mudarro/internal/mudarro/terminal/banner.go:23.3,24.1 1 0
github.com/viralabs-dev/mudarro/internal/mudarro/terminal/banner.go:25.2,25.18 1 0
github.com/viralabs-dev/mudarro/internal/mudarro/terminal/banner.go:26.3,27.1 1 0
github.com/viralabs-dev/mudarro/internal/mudarro/terminal/banner.go:28.2,28.57 1 0
github.com/viralabs-dev/mudarro/internal/mudarro/terminal/banner.go:29.3,30.25 2 0
github.com/viralabs-dev/mudarro/internal/mudarro/terminal/banner.go:31.4,32.1 1 0
github.com/viralabs-dev/mudarro/internal/mudarro/terminal/banner.go:33.3,33.32 1 0
github.com/viralabs-dev/mudarro/internal/mudarro/terminal/banner.go:34.4,34.41 1 0
github.com/viralabs-dev/mudarro/internal/mudarro/terminal/banner.go:35.5,36.12 2 0
github.com/viralabs-dev/mudarro/internal/mudarro/terminal/banner.go:37.6,38.1 1 0
github.com/viralabs-dev/mudarro/internal/mudarro/terminal/banner.go:39.5,40.23 2 0
github.com/viralabs-dev/mudarro/internal/mudarro/terminal/banner.go:42.4,42.23 1 0
github.com/viralabs-dev/mudarro/internal/mudarro/terminal/banner.go:45.2,46.21 2 0
github.com/viralabs-dev/mudarro/internal/mudarro/terminal/frame.go:26.2,26.21 1 0
github.com/viralabs-dev/mudarro/internal/mudarro/terminal/frame.go:27.3,28.1 1 0
github.com/viralabs-dev/mudarro/internal/mudarro/terminal/frame.go:29.2,30.94 2 0
github.com/viralabs-dev/mudarro/internal/mudarro/terminal/frame.go:31.3,32.1 1 0
github.com/viralabs-dev/mudarro/internal/mudarro/terminal/frame.go:33.2,35.54 3 0
github.com/viralabs-dev/mudarro/internal/mudarro/terminal/frame.go:36.3,37.1 1 0
github.com/viralabs-dev/mudarro/internal/mudarro/terminal/frame.go:38.2,42.88 5 0
github.com/viralabs-dev/mudarro/internal/mudarro/terminal/frame.go:43.3,46.1 3 0
github.com/viralabs-dev/mudarro/internal/mudarro/terminal/frame.go:47.2,48.18 2 0
github.com/viralabs-dev/mudarro/internal/mudarro/terminal/frame.go:51.2,52.14 2 0
github.com/viralabs-dev/mudarro/internal/mudarro/terminal/frame.go:53.3,54.1 1 0
github.com/viralabs-dev/mudarro/internal/mudarro/terminal/frame.go:55.2,57.14 3 0
github.com/viralabs-dev/mudarro/internal/mudarro/terminal/frame.go:58.3,59.1 1 0
github.com/viralabs-dev/mudarro/internal/mudarro/terminal/frame.go:60.2,61.86 2 0
github.com/viralabs-dev/mudarro/internal/mudarro/terminal/frame.go:64.2,65.14 2 0
github.com/viralabs-dev/mudarro/internal/mudarro/terminal/frame.go:66.3,67.1 1 0
github.com/viralabs-dev/mudarro/internal/mudarro/terminal/frame.go:68.2,70.18 3 0
github.com/viralabs-dev/mudarro/internal/mudarro/terminal/frame.go:73.2,74.14 2 0
github.com/viralabs-dev/mudarro/internal/mudarro/terminal/frame.go:75.3,76.1 1 0
github.com/viralabs-dev/mudarro/internal/mudarro/terminal/frame.go:77.2,79.15 3 0
github.com/viralabs-dev/mudarro/internal/mudarro/terminal/frame.go:80.3,81.1 1 0
github.com/viralabs-dev/mudarro/internal/mudarro/terminal/frame.go:82.2,82.33 1 0
github.com/viralabs-dev/mudarro/internal/mudarro/terminal/frame.go:85.2,86.14 2 0
github.com/viralabs-dev/mudarro/internal/mudarro/terminal/frame.go:87.3,88.30 2 0
github.com/viralabs-dev/mudarro/internal/mudarro/terminal/frame.go:89.4,90.1 1 0
github.com/viralabs-dev/mudarro/internal/mudarro/terminal/frame.go:91.3,91.9 1 0
github.com/viralabs-dev/mudarro/internal/mudarro/terminal/frame.go:93.2,95.14 3 0
github.com/viralabs-dev/mudarro/internal/mudarro/terminal/frame.go:96.3,97.1 1 0
github.com/viralabs-dev/mudarro/internal/mudarro/terminal/frame.go:98.2,99.30 2 0
github.com/viralabs-dev/mudarro/internal/mudarro/terminal/frame.go:102.2,103.14 2 0
github.com/viralabs-dev/mudarro/internal/mudarro/terminal/frame.go:104.3,105.1 1 0
github.com/viralabs-dev/mudarro/internal/mudarro/terminal/frame.go:106.2,109.15 4 0
github.com/viralabs-dev/mudarro/internal/mudarro/terminal/frame.go:110.3,112.1 2 0
github.com/viralabs-dev/mudarro/internal/mudarro/terminal/frame.go:113.2,113.57 1 0
github.com/viralabs-dev/mudarro/internal/mudarro/terminal/frame.go:117.2,118.34 2 0
github.com/viralabs-dev/mudarro/internal/mudarro/terminal/frame.go:119.3,120.17 2 0
github.com/viralabs-dev/mudarro/internal/mudarro/terminal/frame.go:121.4,122.1 1 0
github.com/viralabs-dev/mudarro/internal/mudarro/terminal/frame.go:124.2,130.37 7 0
github.com/viralabs-dev/mudarro/internal/mudarro/terminal/frame.go:131.3,132.16 2 0
github.com/viralabs-dev/mudarro/internal/mudarro/terminal/frame.go:133.4,134.1 1 0
github.com/viralabs-dev/mudarro/internal/mudarro/terminal/frame.go:136.2,136.14 1 0
github.com/viralabs-dev/mudarro/internal/mudarro/terminal/frame.go:137.3,138.1 1 0
github.com/viralabs-dev/mudarro/internal/mudarro/terminal/frame.go:139.2,139.14 1 0
github.com/viralabs-dev/mudarro/internal/mudarro/terminal/frame.go:140.3,141.16 2 0
github.com/viralabs-dev/mudarro/internal/mudarro/terminal/frame.go:142.4,143.1 1 0
github.com/viralabs-dev/mudarro/internal/mudarro/terminal/frame.go:145.2,150.14 6 0
github.com/viralabs-dev/mudarro/internal/mudarro/terminal/frame.go:151.3,152.1 1 0
github.com/viralabs-dev/mudarro/internal/mudarro/terminal/frame.go:153.2,154.1 3 0
github.com/viralabs-dev/mudarro/internal/mudarro/terminal/frame.go:155.2,156.35 3 0
github.com/viralabs-dev/mudarro/internal/mudarro/terminal/frame.go:157.3,158.1 1 0
github.com/viralabs-dev/mudarro/internal/mudarro/terminal/frame.go:159.2,159.34 1 0
github.com/viralabs-dev/mudarro/internal/mudarro/terminal/frame.go:160.3,161.1 1 0
github.com/viralabs-dev/mudarro/internal/mudarro/terminal/frame.go:162.2,162.16 1 0
github.com/viralabs-dev/mudarro/internal/mudarro/terminal/frame.go:163.3,164.1 1 0
github.com/viralabs-dev/mudarro/internal/mudarro/terminal/frame.go:165.2,165.14 1 0
github.com/viralabs-dev/mudarro/internal/mudarro/terminal/frame.go:168.2,170.20 3 0
github.com/viralabs-dev/mudarro/internal/mudarro/terminal/frame.go:171.3,172.1 1 0
github.com/viralabs-dev/mudarro/internal/mudarro/terminal/frame.go:173.2,174.77 2 0
github.com/viralabs-dev/mudarro/internal/mudarro/terminal/frame.go:177.2,177.19 1 0
github.com/viralabs-dev/mudarro/internal/mudarro/terminal/frame.go:178.3,179.1 1 0
github.com/viralabs-dev/mudarro/internal/mudarro/terminal/frame.go:180.2,180.48 1 0
github.com/viralabs-dev/mudarro/internal/mudarro/terminal/frame.go:181.3,182.1 1 0
github.com/viralabs-dev/mudarro/internal/mudarro/terminal/frame.go:183.2,184.32 2 0
github.com/viralabs-dev/mudarro/internal/mudarro/terminal/frame.go:185.3,185.24 1 0
github.com/viralabs-dev/mudarro/internal/mudarro/terminal/frame.go:186.4,186.9 1 0
github.com/viralabs-dev/mudarro/internal/mudarro/terminal/frame.go:188.3,188.74 1 0
github.com/viralabs-dev/mudarro/internal/mudarro/terminal/frame.go:190.2,191.27 2 0
github.com/viralabs-dev/mudarro/internal/mudarro/terminal/frame.go:192.3,193.1 1 0
github.com/viralabs-dev/mudarro/internal/mudarro/terminal/frame.go:194.2,194.13 1 0
github.com/viralabs-dev/mudarro/internal/mudarro/terminal/frame.go:195.3,196.1 1 0
github.com/viralabs-dev/mudarro/internal/mudarro/terminal/frame.go:197.2,197.39 1 0
github.com/viralabs-dev/mudarro/internal/mudarro/terminal/frame.go:213.2,216.46 4 0
github.com/viralabs-dev/mudarro/internal/mudarro/terminal/frame.go:217.3,218.1 1 0
github.com/viralabs-dev/mudarro/internal/mudarro/terminal/frame.go:219.2,219.22 1 0
github.com/viralabs-dev/mudarro/internal/mudarro/terminal/frame.go:220.3,221.1 1 0
github.com/viralabs-dev/mudarro/internal/mudarro/terminal/frame.go:222.2,225.19 4 0
github.com/viralabs-dev/mudarro/internal/mudarro/terminal/frame.go:226.3,227.1 1 0
github.com/viralabs-dev/mudarro/internal/mudarro/terminal/frame.go:228.2,228.28 1 0
github.com/viralabs-dev/mudarro/internal/mudarro/terminal/frame.go:229.3,230.1 1 0
github.com/viralabs-dev/mudarro/internal/mudarro/terminal/frame.go:231.2,232.20 2 0
github.com/viralabs-dev/mudarro/internal/mudarro/terminal/frame.go:235.2,235.16 1 0
github.com/viralabs-dev/mudarro/internal/mudarro/terminal/frame.go:236.3,236.16 1 0
github.com/viralabs-dev/mudarro/internal/mudarro/terminal/frame.go:237.4,238.1 1 0
github.com/viralabs-dev/mudarro/internal/mudarro/terminal/frame.go:239.3,239.21 1 0
github.com/viralabs-dev/mudarro/internal/mudarro/terminal/frame.go:241.2,241.17 1 0
github.com/viralabs-dev/mudarro/internal/mudarro/terminal/frame.go:243.3,243.12 1 0
github.com/viralabs-dev/mudarro/internal/mudarro/terminal/frame.go:245.4,245.15 1 0
github.com/viralabs-dev/mudarro/internal/mudarro/terminal/frame.go:247.4,247.15 1 0
github.com/viralabs-dev/mudarro/internal/mudarro/terminal/frame.go:249.4,249.15 1 0
github.com/viralabs-dev/mudarro/internal/mudarro/terminal/frame.go:251.4,251.15 1 0
github.com/viralabs-dev/mudarro/internal/mudarro/terminal/frame.go:253.4,253.15 1 0
github.com/viralabs-dev/mudarro/internal/mudarro/terminal/frame.go:255.3,255.9 1 0
github.com/viralabs-dev/mudarro/internal/mudarro/terminal/frame.go:257.3,257.29 1 0
github.com/viralabs-dev/mudarro/internal/mudarro/terminal/frame.go:258.4,259.1 1 0
github.com/viralabs-dev/mudarro/internal/mudarro/terminal/frame.go:259.10,259.21 1 0
github.com/viralabs-dev/mudarro/internal/mudarro/terminal/frame.go:260.4,261.1 1 0
github.com/viralabs-dev/mudarro/internal/mudarro/terminal/frame.go:262.3,262.9 1 0
github.com/viralabs-dev/mudarro/internal/mudarro/terminal/frame.go:264.3,264.13 1 0
github.com/viralabs-dev/mudarro/internal/mudarro/terminal/frame.go:265.4,266.1 1 0
github.com/viralabs-dev/mudarro/internal/mudarro/terminal/frame.go:266.10,266.21 1 0
github.com/viralabs-dev/mudarro/internal/mudarro/terminal/frame.go:267.4,268.1 1 0
github.com/viralabs-dev/mudarro/internal/mudarro/terminal/frame.go:269.3,269.9 1 0
github.com/viralabs-dev/mudarro/internal/mudarro/terminal/frame.go:271.3,271.14 1 0
github.com/viralabs-dev/mudarro/internal/mudarro/terminal/frame.go:272.4,273.1 1 0
github.com/viralabs-dev/mudarro/internal/mudarro/terminal/frame.go:274.3,274.9 1 0
github.com/viralabs-dev/mudarro/internal/mudarro/terminal/frame.go:276.3,276.16 1 0
github.com/viralabs-dev/mudarro/internal/mudarro/terminal/frame.go:277.4,278.1 1 0
github.com/viralabs-dev/mudarro/internal/mudarro/terminal/frame.go:278.10,278.20 1 0
github.com/viralabs-dev/mudarro/internal/mudarro/terminal/frame.go:279.4,280.1 1 0
github.com/viralabs-dev/mudarro/internal/mudarro/terminal/frame.go:280.10,280.21 1 0
github.com/viralabs-dev/mudarro/internal/mudarro/terminal/frame.go:281.4,282.1 1 0
github.com/viralabs-dev/mudarro/internal/mudarro/terminal/frame.go:283.3,283.9 1 0
github.com/viralabs-dev/mudarro/internal/mudarro/terminal/frame.go:285.3,285.16 1 0
github.com/viralabs-dev/mudarro/internal/mudarro/terminal/frame.go:286.4,287.1 1 0
github.com/viralabs-dev/mudarro/internal/mudarro/terminal/frame.go:287.10,287.21 1 0
github.com/viralabs-dev/mudarro/internal/mudarro/terminal/frame.go:288.4,289.1 1 0
github.com/viralabs-dev/mudarro/internal/mudarro/terminal/frame.go:290.3,290.9 1 0
github.com/viralabs-dev/mudarro/internal/mudarro/terminal/frame.go:292.2,292.13 1 0
github.com/viralabs-dev/mudarro/internal/mudarro/terminal/frame.go:293.3,296.1 3 0
github.com/viralabs-dev/mudarro/internal/mudarro/terminal/frame.go:297.2,297.22 1 0
github.com/viralabs-dev/mudarro/internal/mudarro/terminal/frame.go:298.3,298.12 1 0
github.com/viralabs-dev/mudarro/internal/mudarro/terminal/frame.go:300.4,302.28 3 0
github.com/viralabs-dev/mudarro/internal/mudarro/terminal/frame.go:303.5,304.1 1 0
github.com/viralabs-dev/mudarro/internal/mudarro/terminal/frame.go:305.4,305.10 1 0
github.com/viralabs-dev/mudarro/internal/mudarro/terminal/frame.go:307.4,308.10 2 0
github.com/viralabs-dev/mudarro/internal/mudarro/terminal/frame.go:310.4,310.20 1 0
github.com/viralabs-dev/mudarro/internal/mudarro/terminal/frame.go:311.5,313.1 2 0
github.com/viralabs-dev/mudarro/internal/mudarro/terminal/frame.go:314.4,314.10 1 0
github.com/viralabs-dev/mudarro/internal/mudarro/terminal/frame.go:316.4,317.10 2 0
github.com/viralabs-dev/mudarro/internal/mudarro/terminal/frame.go:319.3,319.25 1 0
github.com/viralabs-dev/mudarro/internal/mudarro/terminal/frame.go:320.4,321.1 1 0
github.com/viralabs-dev/mudarro/internal/mudarro/terminal/frame.go:323.2,324.28 2 0
github.com/viralabs-dev/mudarro/internal/mudarro/terminal/frame.go:325.3,326.1 1 0
github.com/viralabs-dev/mudarro/internal/mudarro/terminal/frame.go:327.2,329.38 3 0
github.com/viralabs-dev/mudarro/internal/mudarro/terminal/frame.go:330.3,331.1 1 0
github.com/viralabs-dev/mudarro/internal/mudarro/terminal/frame.go:332.2,332.55 1 0
github.com/viralabs-dev/mudarro/internal/mudarro/terminal/frame.go:333.3,334.1 1 0
github.com/viralabs-dev/mudarro/internal/mudarro/terminal/frame.go:335.2,335.25 1 0
github.com/viralabs-dev/mudarro/internal/mudarro/terminal/frame.go:338.2,338.32 1 0
github.com/viralabs-dev/mudarro/internal/mudarro/terminal/frame.go:339.3,340.1 1 0
github.com/viralabs-dev/mudarro/internal/mudarro/terminal/frame_unix.go:13.2,15.12 3 0
github.com/viralabs-dev/mudarro/internal/mudarro/terminal/frame_unix.go:16.3,17.1 1 0
github.com/viralabs-dev/mudarro/internal/mudarro/terminal/frame_unix.go:18.2,19.16 2 0
github.com/viralabs-dev/mudarro/internal/mudarro/terminal/frame_unix.go:20.3,21.1 1 0
github.com/viralabs-dev/mudarro/internal/mudarro/terminal/frame_unix.go:22.2,22.17 1 0
github.com/viralabs-dev/mudarro/internal/mudarro/terminal/frame_unix.go:23.3,24.1 1 0
github.com/viralabs-dev/mudarro/internal/mudarro/terminal/frame_unix.go:25.2,25.28 1 0
github.com/viralabs-dev/mudarro/internal/mudarro/terminal/interactive.go:22.2,23.13 2 0
github.com/viralabs-dev/mudarro/internal/mudarro/terminal/interactive.go:24.3,25.1 1 0
github.com/viralabs-dev/mudarro/internal/mudarro/terminal/interactive.go:26.2,26.13 1 0
github.com/viralabs-dev/mudarro/internal/mudarro/terminal/interactive.go:28.3,28.17 1 0
github.com/viralabs-dev/mudarro/internal/mudarro/terminal/interactive.go:30.3,30.16 1 0
github.com/viralabs-dev/mudarro/internal/mudarro/terminal/interactive.go:31.4,32.1 1 0
github.com/viralabs-dev/mudarro/internal/mudarro/terminal/interactive.go:34.3,34.20 1 0
github.com/viralabs-dev/mudarro/internal/mudarro/terminal/interactive.go:36.3,37.15 2 0
github.com/viralabs-dev/mudarro/internal/mudarro/terminal/interactive.go:39.3,39.16 1 0
github.com/viralabs-dev/mudarro/internal/mudarro/terminal/interactive.go:40.4,42.1 2 0
github.com/viralabs-dev/mudarro/internal/mudarro/terminal/interactive.go:44.3,44.16 1 0
github.com/viralabs-dev/mudarro/internal/mudarro/terminal/interactive.go:45.4,47.1 2 0
github.com/viralabs-dev/mudarro/internal/mudarro/terminal/interactive.go:49.3,49.19 1 0
github.com/viralabs-dev/mudarro/internal/mudarro/terminal/interactive.go:51.3,51.19 1 0
github.com/viralabs-dev/mudarro/internal/mudarro/terminal/interactive.go:53.3,53.15 1 0
github.com/viralabs-dev/mudarro/internal/mudarro/terminal/interactive.go:55.3,55.17 1 0
github.com/viralabs-dev/mudarro/internal/mudarro/terminal/interactive.go:57.3,57.16 1 0
github.com/viralabs-dev/mudarro/internal/mudarro/terminal/interactive.go:59.3,59.16 1 0
github.com/viralabs-dev/mudarro/internal/mudarro/terminal/interactive.go:61.3,61.65 1 0
github.com/viralabs-dev/mudarro/internal/mudarro/terminal/interactive.go:62.4,64.1 2 0
github.com/viralabs-dev/mudarro/internal/mudarro/terminal/interactive.go:66.2,66.18 1 0
github.com/viralabs-dev/mudarro/internal/mudarro/terminal/interactive.go:67.3,68.1 1 0
github.com/viralabs-dev/mudarro/internal/mudarro/terminal/interactive.go:69.2,69.20 1 0
github.com/viralabs-dev/mudarro/internal/mudarro/terminal/interactive.go:70.3,71.1 1 0
github.com/viralabs-dev/mudarro/internal/mudarro/terminal/interactive.go:72.2,72.17 1 0
github.com/viralabs-dev/mudarro/internal/mudarro/terminal/interactive.go:78.2,79.36 2 0
github.com/viralabs-dev/mudarro/internal/mudarro/terminal/interactive.go:80.3,81.1 1 0
github.com/viralabs-dev/mudarro/internal/mudarro/terminal/interactive.go:82.2,84.89 3 0
github.com/viralabs-dev/mudarro/internal/mudarro/terminal/interactive.go:85.3,86.1 1 0
github.com/viralabs-dev/mudarro/internal/mudarro/terminal/interactive.go:87.2,91.14 5 0
github.com/viralabs-dev/mudarro/internal/mudarro/terminal/interactive.go:92.3,93.1 1 0
github.com/viralabs-dev/mudarro/internal/mudarro/terminal/interactive.go:94.2,95.15 2 0
github.com/viralabs-dev/mudarro/internal/mudarro/terminal/interactive.go:96.3,96.33 1 0
github.com/viralabs-dev/mudarro/internal/mudarro/terminal/interactive.go:97.4,98.1 1 0
github.com/viralabs-dev/mudarro/internal/mudarro/terminal/interactive.go:100.2,101.22 2 0
github.com/viralabs-dev/mudarro/internal/mudarro/terminal/interactive.go:102.3,103.1 1 0
github.com/viralabs-dev/mudarro/internal/mudarro/terminal/interactive.go:104.2,105.11 2 0
github.com/viralabs-dev/mudarro/internal/mudarro/terminal/interactive.go:106.3,107.1 1 0
github.com/viralabs-dev/mudarro/internal/mudarro/terminal/interactive.go:108.2,108.15 1 0
github.com/viralabs-dev/mudarro/internal/mudarro/terminal/interactive.go:109.3,109.12 1 0
github.com/viralabs-dev/mudarro/internal/mudarro/terminal/interactive.go:110.4,111.1 1 0
github.com/viralabs-dev/mudarro/internal/mudarro/terminal/interactive.go:112.3,113.23 2 0
github.com/viralabs-dev/mudarro/internal/mudarro/terminal/interactive.go:114.4,115.1 1 0
github.com/viralabs-dev/mudarro/internal/mudarro/terminal/interactive.go:117.2,122.6 6 0
github.com/viralabs-dev/mudarro/internal/mudarro/terminal/interactive.go:123.3,123.10 1 0
github.com/viralabs-dev/mudarro/internal/mudarro/terminal/interactive.go:125.4,125.60 1 0
github.com/viralabs-dev/mudarro/internal/mudarro/terminal/interactive.go:126.11,126.11 0 0
github.com/viralabs-dev/mudarro/internal/mudarro/terminal/interactive.go:128.3,130.22 3 0
github.com/viralabs-dev/mudarro/internal/mudarro/terminal/interactive.go:131.4,132.1 1 0
github.com/viralabs-dev/mudarro/internal/mudarro/terminal/interactive.go:133.3,133.16 1 0
github.com/viralabs-dev/mudarro/internal/mudarro/terminal/interactive.go:134.4,136.18 3 0
github.com/viralabs-dev/mudarro/internal/mudarro/terminal/interactive.go:137.5,138.1 1 0
github.com/viralabs-dev/mudarro/internal/mudarro/terminal/interactive.go:139.4,139.32 1 0
github.com/viralabs-dev/mudarro/internal/mudarro/terminal/interactive.go:140.5,141.1 1 0
github.com/viralabs-dev/mudarro/internal/mudarro/terminal/interactive.go:142.4,142.12 1 0
github.com/viralabs-dev/mudarro/internal/mudarro/terminal/interactive.go:144.3,146.16 3 0
github.com/viralabs-dev/mudarro/internal/mudarro/terminal/interactive.go:147.4,148.1 1 0
github.com/viralabs-dev/mudarro/internal/mudarro/terminal/interactive.go:149.3,149.22 1 0
github.com/viralabs-dev/mudarro/internal/mudarro/terminal/interactive.go:150.4,151.1 1 0
github.com/viralabs-dev/mudarro/internal/mudarro/terminal/interactive.go:152.3,153.32 2 0
github.com/viralabs-dev/mudarro/internal/mudarro/terminal/interactive.go:154.4,155.1 1 0
github.com/viralabs-dev/mudarro/internal/mudarro/terminal/interactive.go:156.3,157.15 2 0
github.com/viralabs-dev/mudarro/internal/mudarro/terminal/interactive.go:158.4,159.1 1 0
github.com/viralabs-dev/mudarro/internal/mudarro/terminal/interactive.go:160.3,161.55 2 0
github.com/viralabs-dev/mudarro/internal/mudarro/terminal/interactive.go:162.4,162.78 1 0
github.com/viralabs-dev/mudarro/internal/mudarro/terminal/interactive.go:163.5,164.1 1 0
github.com/viralabs-dev/mudarro/internal/mudarro/terminal/interactive.go:166.3,168.42 3 0
github.com/viralabs-dev/mudarro/internal/mudarro/terminal/interactive.go:169.4,170.27 2 0
github.com/viralabs-dev/mudarro/internal/mudarro/terminal/interactive.go:171.5,172.1 1 0
github.com/viralabs-dev/mudarro/internal/mudarro/terminal/interactive.go:173.4,173.93 1 0
github.com/viralabs-dev/mudarro/internal/mudarro/terminal/interactive.go:175.3,178.21 4 0
github.com/viralabs-dev/mudarro/internal/mudarro/terminal/interactive.go:179.4,179.36 1 0
github.com/viralabs-dev/mudarro/internal/mudarro/terminal/interactive.go:180.5,182.25 3 0
github.com/viralabs-dev/mudarro/internal/mudarro/terminal/interactive.go:183.6,184.1 1 0
github.com/viralabs-dev/mudarro/internal/mudarro/terminal/interactive.go:185.5,185.28 1 0
github.com/viralabs-dev/mudarro/internal/mudarro/terminal/interactive.go:186.6,188.22 3 0
github.com/viralabs-dev/mudarro/internal/mudarro/terminal/interactive.go:189.7,190.1 1 0
github.com/viralabs-dev/mudarro/internal/mudarro/terminal/interactive.go:192.6,194.29 3 0
github.com/viralabs-dev/mudarro/internal/mudarro/terminal/interactive.go:195.7,196.1 1 0
github.com/viralabs-dev/mudarro/internal/mudarro/terminal/interactive.go:197.6,197.61 1 0
github.com/viralabs-dev/mudarro/internal/mudarro/terminal/interactive.go:199.5,199.32 1 0
github.com/viralabs-dev/mudarro/internal/mudarro/terminal/interactive.go:202.3,202.22 1 0
github.com/viralabs-dev/mudarro/internal/mudarro/terminal/interactive.go:203.4,204.1 1 0
github.com/viralabs-dev/mudarro/internal/mudarro/terminal/interactive.go:205.4,206.31 2 0
github.com/viralabs-dev/mudarro/internal/mudarro/terminal/interactive.go:207.5,208.1 1 0
github.com/viralabs-dev/mudarro/internal/mudarro/terminal/interactive.go:211.3,213.21 3 0
github.com/viralabs-dev/mudarro/internal/mudarro/terminal/interactive.go:214.4,215.1 1 0
github.com/viralabs-dev/mudarro/internal/mudarro/terminal/interactive.go:216.3,216.16 1 0
github.com/viralabs-dev/mudarro/internal/mudarro/terminal/interactive.go:217.4,217.12 1 0
github.com/viralabs-dev/mudarro/internal/mudarro/terminal/interactive.go:219.3,219.39 1 0
github.com/viralabs-dev/mudarro/internal/mudarro/terminal/interactive.go:220.4,220.14 1 0
github.com/viralabs-dev/mudarro/internal/mudarro/terminal/interactive.go:221.5,221.13 1 0
github.com/viralabs-dev/mudarro/internal/mudarro/terminal/interactive.go:223.4,225.86 3 0
github.com/viralabs-dev/mudarro/internal/mudarro/terminal/interactive.go:226.5,226.21 1 0
github.com/viralabs-dev/mudarro/internal/mudarro/terminal/interactive.go:227.6,228.1 1 0
github.com/viralabs-dev/mudarro/internal/mudarro/terminal/interactive.go:229.5,229.33 1 0
github.com/viralabs-dev/mudarro/internal/mudarro/terminal/interactive.go:230.6,230.14 1 0
github.com/viralabs-dev/mudarro/internal/mudarro/terminal/interactive.go:232.5,232.23 1 0
github.com/viralabs-dev/mudarro/internal/mudarro/terminal/interactive.go:233.6,233.23 1 0
github.com/viralabs-dev/mudarro/internal/mudarro/terminal/interactive.go:234.7,235.1 1 0
github.com/viralabs-dev/mudarro/internal/mudarro/terminal/interactive.go:236.7,237.1 1 0
github.com/viralabs-dev/mudarro/internal/mudarro/terminal/interactive.go:239.6,239.22 1 0
github.com/viralabs-dev/mudarro/internal/mudarro/terminal/interactive.go:240.7,241.1 1 0
github.com/viralabs-dev/mudarro/internal/mudarro/terminal/interactive.go:242.6,242.81 1 0
github.com/viralabs-dev/mudarro/internal/mudarro/terminal/interactive.go:243.7,244.1 1 0
github.com/viralabs-dev/mudarro/internal/mudarro/terminal/interactive.go:245.6,245.57 1 0
github.com/viralabs-dev/mudarro/internal/mudarro/terminal/interactive.go:246.7,247.23 2 0
github.com/viralabs-dev/mudarro/internal/mudarro/terminal/interactive.go:248.8,249.1 1 0
github.com/viralabs-dev/mudarro/internal/mudarro/terminal/interactive.go:250.7,250.27 1 0
github.com/viralabs-dev/mudarro/internal/mudarro/terminal/interactive.go:251.8,252.1 1 0
github.com/viralabs-dev/mudarro/internal/mudarro/terminal/interactive.go:253.7,253.19 1 0
github.com/viralabs-dev/mudarro/internal/mudarro/terminal/interactive.go:254.8,255.1 1 0
github.com/viralabs-dev/mudarro/internal/mudarro/terminal/interactive.go:257.6,257.14 1 0
github.com/viralabs-dev/mudarro/internal/mudarro/terminal/interactive.go:260.5,260.13 1 0
github.com/viralabs-dev/mudarro/internal/mudarro/terminal/interactive.go:263.3,263.86 1 0
github.com/viralabs-dev/mudarro/internal/mudarro/terminal/interactive.go:264.4,265.23 2 0
github.com/viralabs-dev/mudarro/internal/mudarro/terminal/interactive.go:266.5,267.1 1 0
github.com/viralabs-dev/mudarro/internal/mudarro/terminal/interactive.go:268.4,268.75 1 0
github.com/viralabs-dev/mudarro/internal/mudarro/terminal/interactive.go:269.5,271.1 2 0
github.com/viralabs-dev/mudarro/internal/mudarro/terminal/interactive.go:272.5,273.1 1 0
github.com/viralabs-dev/mudarro/internal/mudarro/terminal/interactive.go:274.4,274.12 1 0
github.com/viralabs-dev/mudarro/internal/mudarro/terminal/interactive.go:276.3,276.38 1 0
github.com/viralabs-dev/mudarro/internal/mudarro/terminal/interactive.go:277.4,278.12 2 0
github.com/viralabs-dev/mudarro/internal/mudarro/terminal/interactive.go:280.3,282.83 3 0
github.com/viralabs-dev/mudarro/internal/mudarro/terminal/interactive.go:283.4,284.1 1 0
github.com/viralabs-dev/mudarro/internal/mudarro/terminal/interactive.go:289.2,289.6 1 0
github.com/viralabs-dev/mudarro/internal/mudarro/terminal/interactive.go:290.3,290.43 1 0
github.com/viralabs-dev/mudarro/internal/mudarro/terminal/interactive.go:291.4,293.13 3 0
github.com/viralabs-dev/mudarro/internal/mudarro/terminal/interactive.go:295.5,295.54 1 0
github.com/viralabs-dev/mudarro/internal/mudarro/terminal/interactive.go:297.5,297.30 1 0
github.com/viralabs-dev/mudarro/internal/mudarro/terminal/interactive.go:299.5,299.28 1 0
github.com/viralabs-dev/mudarro/internal/mudarro/terminal/interactive.go:301.4,301.31 1 0
github.com/viralabs-dev/mudarro/internal/mudarro/terminal/interactive.go:303.3,303.44 1 0
github.com/viralabs-dev/mudarro/internal/mudarro/terminal/interactive.go:304.4,304.38 1 0
github.com/viralabs-dev/mudarro/internal/mudarro/terminal/interactive.go:305.5,306.31 2 0
github.com/viralabs-dev/mudarro/internal/mudarro/terminal/interactive.go:307.6,309.17 3 0
github.com/viralabs-dev/mudarro/internal/mudarro/terminal/interactive.go:311.7,311.29 1 0
github.com/viralabs-dev/mudarro/internal/mudarro/terminal/interactive.go:313.7,313.36 1 0
github.com/viralabs-dev/mudarro/internal/mudarro/terminal/interactive.go:315.7,315.31 1 0
github.com/viralabs-dev/mudarro/internal/mudarro/terminal/interactive.go:317.7,317.34 1 0
github.com/viralabs-dev/mudarro/internal/mudarro/terminal/interactive.go:319.7,319.36 1 0
github.com/viralabs-dev/mudarro/internal/mudarro/terminal/interactive.go:321.7,321.31 1 0
github.com/viralabs-dev/mudarro/internal/mudarro/terminal/interactive.go:323.7,323.30 1 0
github.com/viralabs-dev/mudarro/internal/mudarro/terminal/interactive.go:325.6,325.42 1 0
github.com/viralabs-dev/mudarro/internal/mudarro/terminal/interactive.go:326.7,327.1 1 0
github.com/viralabs-dev/mudarro/internal/mudarro/terminal/interactive.go:328.6,328.26 1 0
github.com/viralabs-dev/mudarro/internal/mudarro/terminal/interactive.go:332.3,332.24 1 0
github.com/viralabs-dev/mudarro/internal/mudarro/terminal/interactive.go:333.4,334.1 1 0
github.com/viralabs-dev/mudarro/internal/mudarro/terminal/interactive.go:335.3,337.25 3 0
github.com/viralabs-dev/mudarro/internal/mudarro/terminal/interactive.go:338.4,339.1 1 0
github.com/viralabs-dev/mudarro/internal/mudarro/terminal/interactive.go:340.3,340.15 1 0
github.com/viralabs-dev/mudarro/internal/mudarro/terminal/interactive.go:341.4,342.1 1 0
github.com/viralabs-dev/mudarro/internal/mudarro/terminal/interactive.go:343.3,343.13 1 0
github.com/viralabs-dev/mudarro/internal/mudarro/terminal/interactive.go:344.4,345.1 1 0
github.com/viralabs-dev/mudarro/internal/mudarro/terminal/interactive.go:346.3,348.15 3 0
github.com/viralabs-dev/mudarro/internal/mudarro/terminal/interactive.go:349.4,349.49 1 0
github.com/viralabs-dev/mudarro/internal/mudarro/terminal/interactive.go:350.5,351.1 1 0
github.com/viralabs-dev/mudarro/internal/mudarro/terminal/interactive.go:352.4,352.21 1 0
github.com/viralabs-dev/mudarro/internal/mudarro/terminal/interactive.go:354.3,354.13 1 0
github.com/viralabs-dev/mudarro/internal/mudarro/terminal/interactive.go:355.4,356.1 1 0
github.com/viralabs-dev/mudarro/internal/mudarro/terminal/interactive.go:357.3,357.40 1 0
github.com/viralabs-dev/mudarro/internal/mudarro/terminal/interactive.go:362.2,362.81 1 0
github.com/viralabs-dev/mudarro/internal/mudarro/terminal/interactive.go:363.3,363.38 1 0
github.com/viralabs-dev/mudarro/internal/mudarro/terminal/interactive.go:364.4,365.1 1 0
github.com/viralabs-dev/mudarro/internal/mudarro/terminal/interactive.go:367.2,367.14 1 0
github.com/viralabs-dev/mudarro/internal/mudarro/terminal/interactive_raw_linux.go:12.2,13.114 2 0
github.com/viralabs-dev/mudarro/internal/mudarro/terminal/interactive_raw_linux.go:14.3,15.1 1 0
github.com/viralabs-dev/mudarro/internal/mudarro/terminal/interactive_raw_linux.go:16.2,24.42 9 0
github.com/viralabs-dev/mudarro/internal/mudarro/terminal/interactive_raw_linux.go:25.3,26.13 2 0
github.com/viralabs-dev/mudarro/internal/mudarro/terminal/interactive_raw_linux.go:27.4,28.1 1 0
github.com/viralabs-dev/mudarro/internal/mudarro/terminal/interactive_raw_linux.go:29.3,29.13 1 0
github.com/viralabs-dev/mudarro/internal/mudarro/terminal/interactive_raw_linux.go:31.2,31.32 1 0
github.com/viralabs-dev/mudarro/internal/mudarro/terminal/interactive_raw_linux.go:32.3,33.1 1 0
github.com/viralabs-dev/mudarro/internal/mudarro/terminal/interactive_raw_linux.go:34.2,34.22 1 0
github.com/viralabs-dev/mudarro/internal/mudarro/terminal/interactive_raw_linux.go:34.24,34.44 1 0
github.com/viralabs-dev/mudarro/internal/mudarro/terminal/interactive_ready_linux.go:14.2,16.40 3 0
github.com/viralabs-dev/mudarro/internal/mudarro/terminal/interactive_ready_linux.go:17.3,18.1 1 0
github.com/viralabs-dev/mudarro/internal/mudarro/terminal/interactive_ready_linux.go:19.2,22.16 4 0
github.com/viralabs-dev/mudarro/internal/mudarro/terminal/interactive_ready_linux.go:23.3,24.1 1 0
github.com/viralabs-dev/mudarro/internal/mudarro/terminal/interactive_ready_linux.go:25.2,25.55 1 0
github.com/viralabs-dev/mudarro/internal/mudarro/terminal/menu_view.go:23.2,23.21 1 0
github.com/viralabs-dev/mudarro/internal/mudarro/terminal/menu_view.go:24.3,26.1 2 0
github.com/viralabs-dev/mudarro/internal/mudarro/terminal/menu_view.go:27.2,28.13 2 0
github.com/viralabs-dev/mudarro/internal/mudarro/terminal/menu_view.go:29.3,30.33 2 0
github.com/viralabs-dev/mudarro/internal/mudarro/terminal/menu_view.go:31.4,32.1 1 0
github.com/viralabs-dev/mudarro/internal/mudarro/terminal/menu_view.go:33.3,37.32 5 0
github.com/viralabs-dev/mudarro/internal/mudarro/terminal/menu_view.go:38.9,38.23 1 0
github.com/viralabs-dev/mudarro/internal/mudarro/terminal/menu_view.go:39.3,39.54 1 0
github.com/viralabs-dev/mudarro/internal/mudarro/terminal/menu_view.go:40.4,41.1 1 0
github.com/viralabs-dev/mudarro/internal/mudarro/terminal/menu_view.go:42.4,43.1 1 0
github.com/viralabs-dev/mudarro/internal/mudarro/terminal/menu_view.go:45.2,47.31 3 0
github.com/viralabs-dev/mudarro/internal/mudarro/terminal/menu_view.go:48.3,49.1 1 0
github.com/viralabs-dev/mudarro/internal/mudarro/terminal/menu_view.go:50.2,51.13 2 0
github.com/viralabs-dev/mudarro/internal/mudarro/terminal/menu_view.go:53.3,54.22 2 0
github.com/viralabs-dev/mudarro/internal/mudarro/terminal/menu_view.go:55.4,56.1 1 0
github.com/viralabs-dev/mudarro/internal/mudarro/terminal/menu_view.go:57.3,58.19 2 0
github.com/viralabs-dev/mudarro/internal/mudarro/terminal/menu_view.go:59.4,60.1 1 0
github.com/viralabs-dev/mudarro/internal/mudarro/terminal/menu_view.go:61.4,62.1 1 0
github.com/viralabs-dev/mudarro/internal/mudarro/terminal/menu_view.go:64.2,64.25 1 0
github.com/viralabs-dev/mudarro/internal/mudarro/terminal/menu_view.go:65.3,66.1 1 0
github.com/viralabs-dev/mudarro/internal/mudarro/terminal/menu_view.go:67.2,67.6 1 0
github.com/viralabs-dev/mudarro/internal/mudarro/terminal/menu_view.go:68.3,70.17 3 0
github.com/viralabs-dev/mudarro/internal/mudarro/terminal/menu_view.go:71.4,72.1 1 0
github.com/viralabs-dev/mudarro/internal/mudarro/terminal/menu_view.go:73.3,74.75 2 0
github.com/viralabs-dev/mudarro/internal/mudarro/terminal/menu_view.go:75.4,76.51 2 0
github.com/viralabs-dev/mudarro/internal/mudarro/terminal/menu_view.go:77.5,77.63 1 0
github.com/viralabs-dev/mudarro/internal/mudarro/terminal/menu_view.go:78.6,79.1 1 0
github.com/viralabs-dev/mudarro/internal/mudarro/terminal/menu_view.go:80.5,80.13 1 0
github.com/viralabs-dev/mudarro/internal/mudarro/terminal/menu_view.go:83.3,83.35 1 0
github.com/viralabs-dev/mudarro/internal/mudarro/terminal/menu_view.go:84.4,85.1 1 0
github.com/viralabs-dev/mudarro/internal/mudarro/terminal/menu_view.go:86.3,87.47 2 0
github.com/viralabs-dev/mudarro/internal/mudarro/terminal/menu_view.go:88.4,89.1 1 0
github.com/viralabs-dev/mudarro/internal/mudarro/terminal/menu_view.go:90.3,90.161 1 0
github.com/viralabs-dev/mudarro/internal/mudarro/terminal/menu_view.go:97.2,97.60 1 0
github.com/viralabs-dev/mudarro/internal/mudarro/terminal/menu_view.go:98.3,99.1 1 0
github.com/viralabs-dev/mudarro/internal/mudarro/terminal/menu_view.go:100.2,101.122 1 0
github.com/viralabs-dev/mudarro/internal/mudarro/terminal/menu_view.go:102.3,103.1 1 0
github.com/viralabs-dev/mudarro/internal/mudarro/terminal/menu_view.go:104.2,104.10 1 0
github.com/viralabs-dev/mudarro/internal/mudarro/terminal/menu_view.go:107.2,107.39 1 0
github.com/viralabs-dev/mudarro/internal/mudarro/terminal/menu_view.go:108.3,108.56 1 0
github.com/viralabs-dev/mudarro/internal/mudarro/terminal/menu_view.go:109.4,110.1 1 0
github.com/viralabs-dev/mudarro/internal/mudarro/terminal/menu_view.go:111.3,111.11 1 0
github.com/viralabs-dev/mudarro/internal/mudarro/terminal/menu_view.go:115.2,116.15 2 0
github.com/viralabs-dev/mudarro/internal/mudarro/terminal/menu_view.go:117.3,118.1 1 0
github.com/viralabs-dev/mudarro/internal/mudarro/terminal/menu_view.go:119.2,120.25 2 0
github.com/viralabs-dev/mudarro/internal/mudarro/terminal/menu_view.go:121.3,122.1 1 0
github.com/viralabs-dev/mudarro/internal/mudarro/terminal/menu_view.go:123.2,123.20 1 0
github.com/viralabs-dev/mudarro/internal/mudarro/terminal/menu_view.go:124.3,125.1 1 0
github.com/viralabs-dev/mudarro/internal/mudarro/terminal/menu_view.go:126.2,128.25 3 0
github.com/viralabs-dev/mudarro/internal/mudarro/terminal/menu_view.go:129.3,130.24 2 0
github.com/viralabs-dev/mudarro/internal/mudarro/terminal/menu_view.go:131.4,131.9 1 0
github.com/viralabs-dev/mudarro/internal/mudarro/terminal/menu_view.go:133.3,134.13 2 0
github.com/viralabs-dev/mudarro/internal/mudarro/terminal/menu_view.go:136.2,136.27 1 0
github.com/viralabs-dev/mudarro/internal/mudarro/terminal/menu_view.go:150.2,152.1 3 0
github.com/viralabs-dev/mudarro/internal/mudarro/terminal/menu_view.go:153.2,153.30 3 0
github.com/viralabs-dev/mudarro/internal/mudarro/terminal/menu_view.go:153.32,153.113 1 0
github.com/viralabs-dev/mudarro/internal/mudarro/terminal/menu_view.go:154.2,154.28 1 0
github.com/viralabs-dev/mudarro/internal/mudarro/terminal/menu_view.go:155.3,155.30 1 0
github.com/viralabs-dev/mudarro/internal/mudarro/terminal/menu_view.go:156.4,157.1 1 0
github.com/viralabs-dev/mudarro/internal/mudarro/terminal/menu_view.go:159.2,160.34 2 0
github.com/viralabs-dev/mudarro/internal/mudarro/terminal/menu_view.go:161.3,162.1 1 0
github.com/viralabs-dev/mudarro/internal/mudarro/terminal/menu_view.go:163.2,164.13 2 0
github.com/viralabs-dev/mudarro/internal/mudarro/terminal/menu_view.go:165.3,166.1 1 0
github.com/viralabs-dev/mudarro/internal/mudarro/terminal/menu_view.go:167.2,167.24 1 0
github.com/viralabs-dev/mudarro/internal/mudarro/terminal/menu_view.go:168.3,169.1 1 0
github.com/viralabs-dev/mudarro/internal/mudarro/terminal/menu_view.go:170.2,172.24 3 0
github.com/viralabs-dev/mudarro/internal/mudarro/terminal/menu_view.go:173.3,174.1 1 0
github.com/viralabs-dev/mudarro/internal/mudarro/terminal/menu_view.go:175.2,175.28 1 0
github.com/viralabs-dev/mudarro/internal/mudarro/terminal/menu_view.go:176.3,177.10 2 0
github.com/viralabs-dev/mudarro/internal/mudarro/terminal/menu_view.go:178.4,179.15 2 0
github.com/viralabs-dev/mudarro/internal/mudarro/terminal/menu_view.go:180.5,181.1 1 0
github.com/viralabs-dev/mudarro/internal/mudarro/terminal/menu_view.go:182.4,183.113 2 0
github.com/viralabs-dev/mudarro/internal/mudarro/terminal/menu_view.go:185.3,185.47 1 0
github.com/viralabs-dev/mudarro/internal/mudarro/terminal/menu_view.go:186.4,186.26 1 0
github.com/viralabs-dev/mudarro/internal/mudarro/terminal/menu_view.go:187.5,187.17 1 0
github.com/viralabs-dev/mudarro/internal/mudarro/terminal/menu_view.go:188.6,189.1 1 0
github.com/viralabs-dev/mudarro/internal/mudarro/terminal/menu_view.go:193.2,194.25 2 0
github.com/viralabs-dev/mudarro/internal/mudarro/terminal/menu_view.go:195.3,197.32 3 0
github.com/viralabs-dev/mudarro/internal/mudarro/terminal/menu_view.go:198.4,198.42 1 0
github.com/viralabs-dev/mudarro/internal/mudarro/terminal/menu_view.go:199.5,200.1 1 0
github.com/viralabs-dev/mudarro/internal/mudarro/terminal/menu_view.go:200.11,200.64 1 0
github.com/viralabs-dev/mudarro/internal/mudarro/terminal/menu_view.go:201.5,202.1 1 0
github.com/viralabs-dev/mudarro/internal/mudarro/terminal/menu_view.go:203.5,204.1 1 0
github.com/viralabs-dev/mudarro/internal/mudarro/terminal/menu_view.go:206.3,206.63 1 0
github.com/viralabs-dev/mudarro/internal/mudarro/terminal/menu_view.go:208.2,208.14 1 0
github.com/viralabs-dev/mudarro/internal/mudarro/terminal/menu_view.go:213.2,214.1 1 0
github.com/viralabs-dev/mudarro/internal/mudarro/terminal/menu_view.go:215.45,215.66 1 0
github.com/viralabs-dev/mudarro/internal/mudarro/terminal/menu_view.go:216.45,216.61 1 0
github.com/viralabs-dev/mudarro/internal/mudarro/terminal/presentation.go:9.2,14.1 5 0
github.com/viralabs-dev/mudarro/internal/mudarro/terminal/presentation.go:16.2,16.25 1 0
github.com/viralabs-dev/mudarro/internal/mudarro/terminal/presentation.go:17.3,18.1 1 0
github.com/viralabs-dev/mudarro/internal/mudarro/terminal/presentation.go:19.2,19.11 1 0
github.com/viralabs-dev/mudarro/internal/mudarro/terminal/presentation.go:22.2,22.53 1 0
github.com/viralabs-dev/mudarro/internal/mudarro/terminal/presentation.go:23.3,24.1 1 0
github.com/viralabs-dev/mudarro/internal/mudarro/terminal/presentation.go:25.2,25.28 1 0
github.com/viralabs-dev/mudarro/internal/mudarro/terminal/presentation.go:26.3,27.1 1 0
github.com/viralabs-dev/mudarro/internal/mudarro/terminal/presentation.go:28.2,28.37 1 0
github.com/viralabs-dev/mudarro/internal/mudarro/terminal/presentation.go:30.39,30.96 1 0
github.com/viralabs-dev/mudarro/internal/mudarro/terminal/presentation.go:32.49,32.72 1 0
github.com/viralabs-dev/mudarro/internal/mudarro/terminal/shell_input_unix.go:17.2,18.16 2 0
github.com/viralabs-dev/mudarro/internal/mudarro/terminal/shell_input_unix.go:19.3,20.1 1 0
github.com/viralabs-dev/mudarro/internal/mudarro/terminal/shell_input_unix.go:21.2,22.16 2 0
github.com/viralabs-dev/mudarro/internal/mudarro/terminal/shell_input_unix.go:23.3,25.1 2 0
github.com/viralabs-dev/mudarro/internal/mudarro/terminal/shell_input_unix.go:26.2,27.58 2 0
github.com/viralabs-dev/mudarro/internal/mudarro/terminal/shell_input_unix.go:28.3,32.1 4 0
github.com/viralabs-dev/mudarro/internal/mudarro/terminal/shell_input_unix.go:33.2,35.12 3 0
github.com/viralabs-dev/mudarro/internal/mudarro/terminal/shell_input_unix.go:36.3,39.7 4 0
github.com/viralabs-dev/mudarro/internal/mudarro/terminal/shell_input_unix.go:40.4,40.28 1 0
github.com/viralabs-dev/mudarro/internal/mudarro/terminal/shell_input_unix.go:41.5,42.1 1 0
github.com/viralabs-dev/mudarro/internal/mudarro/terminal/shell_input_unix.go:43.4,44.26 2 0
github.com/viralabs-dev/mudarro/internal/mudarro/terminal/shell_input_unix.go:45.5,45.13 1 0
github.com/viralabs-dev/mudarro/internal/mudarro/terminal/shell_input_unix.go:47.4,47.16 1 0
github.com/viralabs-dev/mudarro/internal/mudarro/terminal/shell_input_unix.go:48.5,50.1 2 0
github.com/viralabs-dev/mudarro/internal/mudarro/terminal/shell_input_unix.go:51.4,51.14 1 0
github.com/viralabs-dev/mudarro/internal/mudarro/terminal/shell_input_unix.go:52.5,52.13 1 0
github.com/viralabs-dev/mudarro/internal/mudarro/terminal/shell_input_unix.go:54.4,55.49 2 0
github.com/viralabs-dev/mudarro/internal/mudarro/terminal/shell_input_unix.go:56.5,56.13 1 0
github.com/viralabs-dev/mudarro/internal/mudarro/terminal/shell_input_unix.go:58.4,58.26 1 0
github.com/viralabs-dev/mudarro/internal/mudarro/terminal/shell_input_unix.go:59.5,61.1 2 0
github.com/viralabs-dev/mudarro/internal/mudarro/terminal/shell_input_unix.go:62.4,62.19 1 0
github.com/viralabs-dev/mudarro/internal/mudarro/terminal/shell_input_unix.go:63.5,65.1 2 0
github.com/viralabs-dev/mudarro/internal/mudarro/terminal/shell_input_unix.go:66.4,66.19 1 0
github.com/viralabs-dev/mudarro/internal/mudarro/terminal/shell_input_unix.go:67.5,68.1 1 0
github.com/viralabs-dev/mudarro/internal/mudarro/terminal/shell_input_unix.go:69.4,69.20 1 0
github.com/viralabs-dev/mudarro/internal/mudarro/terminal/shell_input_unix.go:70.5,71.1 1 0
github.com/viralabs-dev/mudarro/internal/mudarro/terminal/shell_input_unix.go:72.4,72.8 1 0
github.com/viralabs-dev/mudarro/internal/mudarro/terminal/shell_input_unix.go:73.5,73.29 1 0
github.com/viralabs-dev/mudarro/internal/mudarro/terminal/shell_input_unix.go:74.6,75.1 1 0
github.com/viralabs-dev/mudarro/internal/mudarro/terminal/shell_input_unix.go:76.5,77.17 2 0
github.com/viralabs-dev/mudarro/internal/mudarro/terminal/shell_input_unix.go:78.6,78.11 1 0
github.com/viralabs-dev/mudarro/internal/mudarro/terminal/shell_input_unix.go:80.5,80.50 1 0
github.com/viralabs-dev/mudarro/internal/mudarro/terminal/shell_input_unix.go:81.6,82.1 1 0
github.com/viralabs-dev/mudarro/internal/mudarro/terminal/shell_input_unix.go:83.5,83.12 1 0
github.com/viralabs-dev/mudarro/internal/mudarro/terminal/shell_input_unix.go:85.6,85.12 1 0
github.com/viralabs-dev/mudarro/internal/mudarro/terminal/shell_input_unix.go:86.46,86.46 0 0
github.com/viralabs-dev/mudarro/internal/mudarro/terminal/shell_input_unix.go:91.2,92.20 2 0
github.com/viralabs-dev/mudarro/internal/mudarro/terminal/shell_input_unix.go:92.22,92.37 1 0
github.com/viralabs-dev/mudarro/internal/mudarro/terminal/shell_input_unix.go:92.39,92.77 4 0
github.com/viralabs-dev/mudarro/internal/mudarro/terminal/shell_input_unix.go:93.2,93.24 1 0
github.com/viralabs-dev/mudarro/internal/mudarro/terminal/shell_input_unix.go:98.2,100.6 3 0
github.com/viralabs-dev/mudarro/internal/mudarro/terminal/shell_input_unix.go:101.3,102.15 2 0
github.com/viralabs-dev/mudarro/internal/mudarro/terminal/shell_input_unix.go:103.4,104.1 1 0
github.com/viralabs-dev/mudarro/internal/mudarro/terminal/shell_input_unix.go:105.3,105.13 1 0
github.com/viralabs-dev/mudarro/internal/mudarro/terminal/shell_input_unix.go:106.4,106.12 1 0
github.com/viralabs-dev/mudarro/internal/mudarro/terminal/shell_input_unix.go:108.3,108.19 1 0
github.com/viralabs-dev/mudarro/internal/mudarro/terminal/shell_input_unix.go:109.4,111.1 2 0
github.com/viralabs-dev/mudarro/internal/mudarro/terminal/shell_input_unix.go:112.3,112.31 1 0
github.com/viralabs-dev/mudarro/internal/mudarro/terminal/shell_input_unix.go:113.4,113.21 1 0
github.com/viralabs-dev/mudarro/internal/mudarro/terminal/shell_input_unix.go:114.5,115.1 1 0
github.com/viralabs-dev/mudarro/internal/mudarro/terminal/shell_input_unix.go:116.4,116.12 1 0
github.com/viralabs-dev/mudarro/internal/mudarro/terminal/shell_input_unix.go:118.3,118.37 1 0
github.com/viralabs-dev/mudarro/internal/mudarro/terminal/shell_input_unix.go:119.4,121.1 2 0
github.com/viralabs-dev/mudarro/internal/mudarro/terminal/terminal_style.go:21.2,23.33 3 0
github.com/viralabs-dev/mudarro/internal/mudarro/terminal/terminal_style.go:24.3,25.1 1 0
github.com/viralabs-dev/mudarro/internal/mudarro/terminal/terminal_style.go:26.2,29.45 4 0
github.com/viralabs-dev/mudarro/internal/mudarro/terminal/terminal_style.go:30.3,31.1 1 0
github.com/viralabs-dev/mudarro/internal/mudarro/terminal/terminal_style.go:32.2,32.190 1 0
github.com/viralabs-dev/mudarro/internal/mudarro/terminal/terminal_style.go:35.2,35.14 1 0
github.com/viralabs-dev/mudarro/internal/mudarro/terminal/terminal_style.go:36.3,37.1 1 0
github.com/viralabs-dev/mudarro/internal/mudarro/terminal/terminal_style.go:38.2,38.24 1 0
github.com/viralabs-dev/mudarro/internal/mudarro/terminal/terminal_style.go:39.3,39.15 1 0
github.com/viralabs-dev/mudarro/internal/mudarro/terminal/terminal_style.go:41.4,41.17 1 0
github.com/viralabs-dev/mudarro/internal/mudarro/terminal/terminal_style.go:43.4,43.15 1 0
github.com/viralabs-dev/mudarro/internal/mudarro/terminal/terminal_style.go:45.4,45.15 1 0
github.com/viralabs-dev/mudarro/internal/mudarro/terminal/terminal_style.go:47.4,47.15 1 0
github.com/viralabs-dev/mudarro/internal/mudarro/terminal/terminal_style.go:49.4,49.17 1 0
github.com/viralabs-dev/mudarro/internal/mudarro/terminal/terminal_style.go:51.9,51.30 1 0
github.com/viralabs-dev/mudarro/internal/mudarro/terminal/terminal_style.go:52.3,52.21 1 0
github.com/viralabs-dev/mudarro/internal/mudarro/terminal/terminal_style.go:53.4,54.1 1 0
github.com/viralabs-dev/mudarro/internal/mudarro/terminal/terminal_style.go:56.2,56.48 1 0
github.com/viralabs-dev/mudarro/internal/mudarro/terminal/terminal_style.go:58.46,58.76 1 0
github.com/viralabs-dev/mudarro/internal/mudarro/terminal/terminal_style.go:59.46,59.74 1 0
github.com/viralabs-dev/mudarro/internal/mudarro/terminal/terminal_style.go:61.2,62.12 2 0
github.com/viralabs-dev/mudarro/internal/mudarro/terminal/terminal_style.go:63.3,64.1 1 0
github.com/viralabs-dev/mudarro/internal/mudarro/terminal/terminal_style.go:65.2,65.28 1 0
github.com/viralabs-dev/mudarro/internal/mudarro/terminal/terminal_style.go:68.2,69.16 2 0
github.com/viralabs-dev/mudarro/internal/mudarro/terminal/terminal_style.go:70.3,71.1 1 0
github.com/viralabs-dev/mudarro/internal/mudarro/terminal/terminal_style.go:72.2,72.50 1 0
github.com/viralabs-dev/mudarro/internal/mudarro/terminal/terminal_style.go:76.2,77.1 1 0
github.com/viralabs-dev/mudarro/internal/mudarro/terminal/terminal_style.go:79.34,79.50 1 0
github.com/viralabs-dev/mudarro/internal/mudarro/terminal/terminal_unix.go:13.2,15.16 3 0
github.com/viralabs-dev/mudarro/internal/mudarro/terminal/terminal_unix.go:16.3,17.1 1 0
github.com/viralabs-dev/mudarro/internal/mudarro/terminal/terminal_unix.go:18.2,19.31 2 0
github.com/viralabs-dev/mudarro/internal/mudarro/terminal/terminal_unix.go:20.3,21.1 1 0
github.com/viralabs-dev/mudarro/internal/mudarro/terminal/terminal_unix.go:22.2,23.33 2 0
github.com/viralabs-dev/mudarro/internal/mudarro/terminal/terminal_unix.go:24.3,25.1 1 0
github.com/viralabs-dev/mudarro/internal/mudarro/terminal/terminal_unix.go:26.2,26.28 1 0
github.com/viralabs-dev/mudarro/internal/mudarro/terminal/terminal_unix.go:29.48,29.101 2 0
github.com/viralabs-dev/mudarro/internal/mudarro/actions.go:23.2,24.1 1 15
github.com/viralabs-dev/mudarro/internal/mudarro/actions.go:26.2,27.70 2 144
github.com/viralabs-dev/mudarro/internal/mudarro/actions.go:28.3,29.1 1 130
github.com/viralabs-dev/mudarro/internal/mudarro/actions.go:29.9,29.46 1 14
github.com/viralabs-dev/mudarro/internal/mudarro/actions.go:30.3,31.1 1 0
github.com/viralabs-dev/mudarro/internal/mudarro/actions.go:32.2,32.27 1 144
github.com/viralabs-dev/mudarro/internal/mudarro/actions.go:33.3,33.69 1 43
github.com/viralabs-dev/mudarro/internal/mudarro/actions.go:34.4,35.1 1 15
github.com/viralabs-dev/mudarro/internal/mudarro/actions.go:35.10,35.66 1 28
github.com/viralabs-dev/mudarro/internal/mudarro/actions.go:36.4,37.1 1 28
github.com/viralabs-dev/mudarro/internal/mudarro/actions.go:38.4,39.1 1 0
github.com/viralabs-dev/mudarro/internal/mudarro/actions.go:41.2,43.22 3 144
github.com/viralabs-dev/mudarro/internal/mudarro/actions.go:44.3,45.1 1 791
github.com/viralabs-dev/mudarro/internal/mudarro/actions.go:46.2,46.31 1 144
github.com/viralabs-dev/mudarro/internal/mudarro/actions.go:47.3,48.14 2 322
github.com/viralabs-dev/mudarro/internal/mudarro/actions.go:49.4,50.1 1 9
github.com/viralabs-dev/mudarro/internal/mudarro/actions.go:51.3,51.22 1 322
github.com/viralabs-dev/mudarro/internal/mudarro/actions.go:52.4,53.1 1 0
github.com/viralabs-dev/mudarro/internal/mudarro/actions.go:54.3,54.52 1 322
github.com/viralabs-dev/mudarro/internal/mudarro/actions.go:56.2,57.27 2 144
github.com/viralabs-dev/mudarro/internal/mudarro/actions.go:58.3,59.1 1 1112
github.com/viralabs-dev/mudarro/internal/mudarro/actions.go:60.2,60.36 1 144
github.com/viralabs-dev/mudarro/internal/mudarro/actions.go:61.3,61.31 1 3087
github.com/viralabs-dev/mudarro/internal/mudarro/actions.go:62.4,63.1 1 1199
github.com/viralabs-dev/mudarro/internal/mudarro/actions.go:64.3,64.33 1 1888
github.com/viralabs-dev/mudarro/internal/mudarro/actions.go:66.2,66.10 1 144
github.com/viralabs-dev/mudarro/internal/mudarro/actions.go:69.2,70.25 2 13
github.com/viralabs-dev/mudarro/internal/mudarro/actions.go:71.3,71.36 1 64
github.com/viralabs-dev/mudarro/internal/mudarro/actions.go:72.4,72.37 1 1
github.com/viralabs-dev/mudarro/internal/mudarro/actions.go:73.5,74.1 1 1
github.com/viralabs-dev/mudarro/internal/mudarro/actions.go:75.4,75.45 1 0
github.com/viralabs-dev/mudarro/internal/mudarro/actions.go:77.3,78.42 2 63
github.com/viralabs-dev/mudarro/internal/mudarro/actions.go:79.4,80.26 2 1
github.com/viralabs-dev/mudarro/internal/mudarro/actions.go:81.5,82.1 1 1
github.com/viralabs-dev/mudarro/internal/mudarro/actions.go:83.4,83.16 1 1
github.com/viralabs-dev/mudarro/internal/mudarro/actions.go:85.3,85.20 1 63
github.com/viralabs-dev/mudarro/internal/mudarro/actions.go:86.4,87.1 1 1
github.com/viralabs-dev/mudarro/internal/mudarro/actions.go:88.3,88.13 1 62
github.com/viralabs-dev/mudarro/internal/mudarro/actions.go:90.2,90.17 1 11
github.com/viralabs-dev/mudarro/internal/mudarro/actions.go:93.2,94.1 1 19
github.com/viralabs-dev/mudarro/internal/mudarro/actions.go:97.2,98.1 1 0
github.com/viralabs-dev/mudarro/internal/mudarro/cli.go:24.2,25.33 2 101
github.com/viralabs-dev/mudarro/internal/mudarro/cli.go:26.3,27.12 2 196
github.com/viralabs-dev/mudarro/internal/mudarro/cli.go:29.4,29.17 1 10
github.com/viralabs-dev/mudarro/internal/mudarro/cli.go:31.4,31.16 1 22
github.com/viralabs-dev/mudarro/internal/mudarro/cli.go:33.4,33.16 1 0
github.com/viralabs-dev/mudarro/internal/mudarro/cli.go:35.4,35.24 1 1
github.com/viralabs-dev/mudarro/internal/mudarro/cli.go:37.4,37.24 1 129
github.com/viralabs-dev/mudarro/internal/mudarro/cli.go:38.5,39.1 1 0
github.com/viralabs-dev/mudarro/internal/mudarro/cli.go:40.4,41.13 2 129
github.com/viralabs-dev/mudarro/internal/mudarro/cli.go:43.5,43.21 1 101
github.com/viralabs-dev/mudarro/internal/mudarro/cli.go:45.5,45.21 1 15
github.com/viralabs-dev/mudarro/internal/mudarro/cli.go:47.5,47.30 1 2
github.com/viralabs-dev/mudarro/internal/mudarro/cli.go:49.5,49.23 1 2
github.com/viralabs-dev/mudarro/internal/mudarro/cli.go:51.5,51.23 1 2
github.com/viralabs-dev/mudarro/internal/mudarro/cli.go:53.5,53.23 1 6
github.com/viralabs-dev/mudarro/internal/mudarro/cli.go:55.5,55.22 1 1
github.com/viralabs-dev/mudarro/internal/mudarro/cli.go:57.5,57.43 1 0
github.com/viralabs-dev/mudarro/internal/mudarro/cli.go:60.4,60.33 1 34
github.com/viralabs-dev/mudarro/internal/mudarro/cli.go:61.5,62.1 1 0
github.com/viralabs-dev/mudarro/internal/mudarro/cli.go:63.4,63.28 1 34
github.com/viralabs-dev/mudarro/internal/mudarro/cli.go:66.2,67.14 2 101
github.com/viralabs-dev/mudarro/internal/mudarro/cli.go:68.3,69.1 1 0
github.com/viralabs-dev/mudarro/internal/mudarro/cli.go:70.2,71.13 2 101
github.com/viralabs-dev/mudarro/internal/mudarro/cli.go:74.2,75.35 2 101
github.com/viralabs-dev/mudarro/internal/mudarro/cli.go:76.3,76.28 1 325
github.com/viralabs-dev/mudarro/internal/mudarro/cli.go:77.4,78.1 1 6
github.com/viralabs-dev/mudarro/internal/mudarro/cli.go:80.2,80.15 1 101
github.com/viralabs-dev/mudarro/internal/mudarro/cli.go:81.3,81.20 1 101
github.com/viralabs-dev/mudarro/internal/mudarro/cli.go:82.4,83.1 1 20
github.com/viralabs-dev/mudarro/internal/mudarro/cli.go:85.2,85.20 1 101
github.com/viralabs-dev/mudarro/internal/mudarro/cli.go:86.3,87.1 1 0
github.com/viralabs-dev/mudarro/internal/mudarro/cli.go:88.2,88.30 1 101
github.com/viralabs-dev/mudarro/internal/mudarro/cli.go:89.3,90.1 1 0
github.com/viralabs-dev/mudarro/internal/mudarro/cli.go:91.2,91.52 1 101
github.com/viralabs-dev/mudarro/internal/mudarro/cli.go:92.3,94.1 2 0
github.com/viralabs-dev/mudarro/internal/mudarro/cli.go:95.2,95.46 1 101
github.com/viralabs-dev/mudarro/internal/mudarro/cli.go:96.3,97.24 2 0
github.com/viralabs-dev/mudarro/internal/mudarro/cli.go:98.4,99.1 1 0
github.com/viralabs-dev/mudarro/internal/mudarro/cli.go:100.3,101.13 2 0
github.com/viralabs-dev/mudarro/internal/mudarro/cli.go:104.2,105.14 2 101
github.com/viralabs-dev/mudarro/internal/mudarro/cli.go:106.3,107.1 1 0
github.com/viralabs-dev/mudarro/internal/mudarro/cli.go:108.2,108.17 1 101
github.com/viralabs-dev/mudarro/internal/mudarro/cli.go:110.3,111.142 2 29
github.com/viralabs-dev/mudarro/internal/mudarro/cli.go:112.4,113.16 2 1
github.com/viralabs-dev/mudarro/internal/mudarro/cli.go:114.5,115.1 1 0
github.com/viralabs-dev/mudarro/internal/mudarro/cli.go:116.4,118.17 3 1
github.com/viralabs-dev/mudarro/internal/mudarro/cli.go:120.3,121.15 2 29
github.com/viralabs-dev/mudarro/internal/mudarro/cli.go:122.4,123.1 1 0
github.com/viralabs-dev/mudarro/internal/mudarro/cli.go:124.3,125.38 2 29
github.com/viralabs-dev/mudarro/internal/mudarro/cli.go:126.4,126.31 1 0
github.com/viralabs-dev/mudarro/internal/mudarro/cli.go:127.5,128.1 1 0
github.com/viralabs-dev/mudarro/internal/mudarro/cli.go:129.4,129.22 1 0
github.com/viralabs-dev/mudarro/internal/mudarro/cli.go:130.5,131.1 1 0
github.com/viralabs-dev/mudarro/internal/mudarro/cli.go:132.4,132.21 1 0
github.com/viralabs-dev/mudarro/internal/mudarro/cli.go:133.5,134.1 1 0
github.com/viralabs-dev/mudarro/internal/mudarro/cli.go:135.4,135.53 1 0
github.com/viralabs-dev/mudarro/internal/mudarro/cli.go:136.5,137.1 1 0
github.com/viralabs-dev/mudarro/internal/mudarro/cli.go:139.3,139.19 1 29
github.com/viralabs-dev/mudarro/internal/mudarro/cli.go:140.4,141.1 1 0
github.com/viralabs-dev/mudarro/internal/mudarro/cli.go:142.3,142.24 1 29
github.com/viralabs-dev/mudarro/internal/mudarro/cli.go:143.4,143.14 1 10
github.com/viralabs-dev/mudarro/internal/mudarro/cli.go:144.5,147.1 3 10
github.com/viralabs-dev/mudarro/internal/mudarro/cli.go:148.4,149.14 2 0
github.com/viralabs-dev/mudarro/internal/mudarro/cli.go:151.3,152.23 2 19
github.com/viralabs-dev/mudarro/internal/mudarro/cli.go:153.4,154.26 2 19
github.com/viralabs-dev/mudarro/internal/mudarro/cli.go:155.5,156.1 1 2
github.com/viralabs-dev/mudarro/internal/mudarro/cli.go:158.3,158.65 1 19
github.com/viralabs-dev/mudarro/internal/mudarro/cli.go:159.4,160.1 1 0
github.com/viralabs-dev/mudarro/internal/mudarro/cli.go:161.3,162.56 2 19
github.com/viralabs-dev/mudarro/internal/mudarro/cli.go:163.4,164.1 1 0
github.com/viralabs-dev/mudarro/internal/mudarro/cli.go:165.3,165.83 1 19
github.com/viralabs-dev/mudarro/internal/mudarro/cli.go:166.4,167.1 1 0
github.com/viralabs-dev/mudarro/internal/mudarro/cli.go:168.3,169.17 2 19
github.com/viralabs-dev/mudarro/internal/mudarro/cli.go:170.4,171.1 1 0
github.com/viralabs-dev/mudarro/internal/mudarro/cli.go:172.3,172.119 1 19
github.com/viralabs-dev/mudarro/internal/mudarro/cli.go:173.4,174.1 1 8
github.com/viralabs-dev/mudarro/internal/mudarro/cli.go:175.3,175.38 1 11
github.com/viralabs-dev/mudarro/internal/mudarro/cli.go:176.4,177.1 1 0
github.com/viralabs-dev/mudarro/internal/mudarro/cli.go:178.3,179.57 2 11
github.com/viralabs-dev/mudarro/internal/mudarro/cli.go:180.4,180.15 1 11
github.com/viralabs-dev/mudarro/internal/mudarro/cli.go:181.5,182.1 1 2
github.com/viralabs-dev/mudarro/internal/mudarro/cli.go:184.3,186.41 3 11
github.com/viralabs-dev/mudarro/internal/mudarro/cli.go:187.4,190.21 4 11
github.com/viralabs-dev/mudarro/internal/mudarro/cli.go:191.5,193.19 3 1
github.com/viralabs-dev/mudarro/internal/mudarro/cli.go:194.6,195.1 1 1
github.com/viralabs-dev/mudarro/internal/mudarro/cli.go:196.5,197.73 2 0
github.com/viralabs-dev/mudarro/internal/mudarro/cli.go:199.4,199.15 1 10
github.com/viralabs-dev/mudarro/internal/mudarro/cli.go:200.5,200.43 1 0
github.com/viralabs-dev/mudarro/internal/mudarro/cli.go:201.6,201.52 1 0
github.com/viralabs-dev/mudarro/internal/mudarro/cli.go:202.7,202.63 1 0
github.com/viralabs-dev/mudarro/internal/mudarro/cli.go:203.8,204.1 1 0
github.com/viralabs-dev/mudarro/internal/mudarro/cli.go:205.7,205.63 1 0
github.com/viralabs-dev/mudarro/internal/mudarro/cli.go:210.3,210.29 1 10
github.com/viralabs-dev/mudarro/internal/mudarro/cli.go:211.4,211.23 1 2
github.com/viralabs-dev/mudarro/internal/mudarro/cli.go:212.5,213.1 1 2
github.com/viralabs-dev/mudarro/internal/mudarro/cli.go:215.3,215.70 1 8
github.com/viralabs-dev/mudarro/internal/mudarro/cli.go:216.4,217.1 1 0
github.com/viralabs-dev/mudarro/internal/mudarro/cli.go:218.3,220.13 3 8
github.com/viralabs-dev/mudarro/internal/mudarro/cli.go:222.3,223.15 2 70
github.com/viralabs-dev/mudarro/internal/mudarro/cli.go:224.4,225.1 1 4
github.com/viralabs-dev/mudarro/internal/mudarro/cli.go:226.3,227.18 2 66
github.com/viralabs-dev/mudarro/internal/mudarro/cli.go:229.4,229.42 1 17
github.com/viralabs-dev/mudarro/internal/mudarro/cli.go:231.4,231.35 1 15
github.com/viralabs-dev/mudarro/internal/mudarro/cli.go:233.4,233.33 1 0
github.com/viralabs-dev/mudarro/internal/mudarro/cli.go:235.4,235.23 1 34
github.com/viralabs-dev/mudarro/internal/mudarro/cli.go:236.5,237.1 1 0
github.com/viralabs-dev/mudarro/internal/mudarro/cli.go:238.4,239.16 2 34
github.com/viralabs-dev/mudarro/internal/mudarro/cli.go:240.5,241.1 1 2
github.com/viralabs-dev/mudarro/internal/mudarro/cli.go:242.4,242.28 1 32
github.com/viralabs-dev/mudarro/internal/mudarro/cli.go:243.5,245.1 2 9
github.com/viralabs-dev/mudarro/internal/mudarro/cli.go:246.4,246.137 1 23
github.com/viralabs-dev/mudarro/internal/mudarro/cli.go:249.2,249.56 1 2
github.com/viralabs-dev/mudarro/internal/mudarro/cli.go:252.2,253.38 2 8
github.com/viralabs-dev/mudarro/internal/mudarro/cli.go:254.3,255.31 2 8
github.com/viralabs-dev/mudarro/internal/mudarro/cli.go:256.4,257.1 1 3
github.com/viralabs-dev/mudarro/internal/mudarro/cli.go:259.2,259.35 1 8
github.com/viralabs-dev/mudarro/internal/mudarro/cli.go:260.3,261.1 1 8
github.com/viralabs-dev/mudarro/internal/mudarro/cli.go:262.2,262.37 1 8
github.com/viralabs-dev/mudarro/internal/mudarro/cli.go:263.3,264.1 1 0
github.com/viralabs-dev/mudarro/internal/mudarro/cli.go:267.2,269.21 3 34
github.com/viralabs-dev/mudarro/internal/mudarro/cli.go:270.3,271.1 1 34
github.com/viralabs-dev/mudarro/internal/mudarro/cli.go:272.3,272.27 1 0
github.com/viralabs-dev/mudarro/internal/mudarro/cli.go:273.4,274.1 1 0
github.com/viralabs-dev/mudarro/internal/mudarro/cli.go:275.3,275.40 1 0
github.com/viralabs-dev/mudarro/internal/mudarro/cli.go:277.2,277.31 1 34
github.com/viralabs-dev/mudarro/internal/mudarro/cli.go:278.3,278.22 1 34
github.com/viralabs-dev/mudarro/internal/mudarro/cli.go:279.4,279.33 1 34
github.com/viralabs-dev/mudarro/internal/mudarro/cli.go:280.5,280.23 1 125
github.com/viralabs-dev/mudarro/internal/mudarro/cli.go:281.6,282.1 1 32
github.com/viralabs-dev/mudarro/internal/mudarro/cli.go:286.2,286.71 1 2
github.com/viralabs-dev/mudarro/internal/mudarro/cli.go:289.2,293.32 5 15
github.com/viralabs-dev/mudarro/internal/mudarro/cli.go:294.3,294.47 1 0
github.com/viralabs-dev/mudarro/internal/mudarro/cli.go:295.4,296.1 1 0
github.com/viralabs-dev/mudarro/internal/mudarro/cli.go:297.3,297.26 1 0
github.com/viralabs-dev/mudarro/internal/mudarro/cli.go:299.2,300.6 2 15
github.com/viralabs-dev/mudarro/internal/mudarro/cli.go:301.3,302.32 2 26
github.com/viralabs-dev/mudarro/internal/mudarro/cli.go:303.4,304.1 1 26
github.com/viralabs-dev/mudarro/internal/mudarro/cli.go:305.3,307.28 3 26
github.com/viralabs-dev/mudarro/internal/mudarro/cli.go:308.4,309.1 1 15
github.com/viralabs-dev/mudarro/internal/mudarro/cli.go:310.3,310.15 1 11
github.com/viralabs-dev/mudarro/internal/mudarro/cli.go:311.4,312.1 1 0
github.com/viralabs-dev/mudarro/internal/mudarro/cli.go:313.3,315.7 3 11
github.com/viralabs-dev/mudarro/internal/mudarro/cli.go:316.4,319.30 4 20
github.com/viralabs-dev/mudarro/internal/mudarro/cli.go:320.5,320.39 1 158
github.com/viralabs-dev/mudarro/internal/mudarro/cli.go:321.6,322.1 1 76
github.com/viralabs-dev/mudarro/internal/mudarro/cli.go:323.5,323.51 1 158
github.com/viralabs-dev/mudarro/internal/mudarro/cli.go:325.4,327.19 3 20
github.com/viralabs-dev/mudarro/internal/mudarro/cli.go:328.5,329.1 1 0
github.com/viralabs-dev/mudarro/internal/mudarro/cli.go:330.4,330.16 1 20
github.com/viralabs-dev/mudarro/internal/mudarro/cli.go:331.5,332.1 1 0
github.com/viralabs-dev/mudarro/internal/mudarro/cli.go:333.4,333.14 1 20
github.com/viralabs-dev/mudarro/internal/mudarro/cli.go:334.5,334.10 1 11
github.com/viralabs-dev/mudarro/internal/mudarro/cli.go:336.4,337.8 2 9
github.com/viralabs-dev/mudarro/internal/mudarro/cli.go:338.5,340.28 3 9
github.com/viralabs-dev/mudarro/internal/mudarro/cli.go:341.6,342.25 2 10
github.com/viralabs-dev/mudarro/internal/mudarro/cli.go:343.7,344.1 1 0
github.com/viralabs-dev/mudarro/internal/mudarro/cli.go:345.6,345.36 1 10
github.com/viralabs-dev/mudarro/internal/mudarro/cli.go:347.5,348.20 2 9
github.com/viralabs-dev/mudarro/internal/mudarro/cli.go:349.6,350.1 1 0
github.com/viralabs-dev/mudarro/internal/mudarro/cli.go:351.5,351.17 1 9
github.com/viralabs-dev/mudarro/internal/mudarro/cli.go:352.6,353.1 1 0
github.com/viralabs-dev/mudarro/internal/mudarro/cli.go:354.5,354.15 1 9
github.com/viralabs-dev/mudarro/internal/mudarro/cli.go:355.6,355.11 1 9
github.com/viralabs-dev/mudarro/internal/mudarro/cli.go:357.5,358.27 2 0
github.com/viralabs-dev/mudarro/internal/mudarro/cli.go:359.6,359.64 1 0
github.com/viralabs-dev/mudarro/internal/mudarro/cli.go:360.7,361.1 1 0
github.com/viralabs-dev/mudarro/internal/mudarro/cli.go:362.6,362.14 1 0
github.com/viralabs-dev/mudarro/internal/mudarro/cli.go:364.5,365.70 2 0
github.com/viralabs-dev/mudarro/internal/mudarro/cli.go:366.6,368.18 3 0
github.com/viralabs-dev/mudarro/internal/mudarro/cli.go:369.7,370.1 1 0
github.com/viralabs-dev/mudarro/internal/mudarro/cli.go:371.6,371.36 1 0
github.com/viralabs-dev/mudarro/internal/mudarro/cli.go:373.5,373.137 1 0
github.com/viralabs-dev/mudarro/internal/mudarro/cli.go:374.6,375.1 1 0
github.com/viralabs-dev/mudarro/internal/mudarro/cli.go:376.5,376.25 1 0
github.com/viralabs-dev/mudarro/internal/mudarro/cli.go:377.6,378.55 2 0
github.com/viralabs-dev/mudarro/internal/mudarro/cli.go:379.7,380.1 1 0
github.com/viralabs-dev/mudarro/internal/mudarro/cli.go:387.2,388.31 2 0
github.com/viralabs-dev/mudarro/internal/mudarro/cli.go:389.3,391.32 3 0
github.com/viralabs-dev/mudarro/internal/mudarro/cli.go:392.4,392.23 1 0
github.com/viralabs-dev/mudarro/internal/mudarro/cli.go:393.5,395.13 3 0
github.com/viralabs-dev/mudarro/internal/mudarro/cli.go:397.4,398.29 2 0
github.com/viralabs-dev/mudarro/internal/mudarro/cli.go:399.5,400.1 1 0
github.com/viralabs-dev/mudarro/internal/mudarro/cli.go:401.4,401.31 1 0
github.com/viralabs-dev/mudarro/internal/mudarro/cli.go:402.5,403.1 1 0
github.com/viralabs-dev/mudarro/internal/mudarro/cli.go:404.4,404.46 1 0
github.com/viralabs-dev/mudarro/internal/mudarro/cli.go:405.5,406.1 1 0
github.com/viralabs-dev/mudarro/internal/mudarro/cli.go:407.4,407.44 1 0
github.com/viralabs-dev/mudarro/internal/mudarro/cli.go:408.5,409.1 1 0
github.com/viralabs-dev/mudarro/internal/mudarro/cli.go:410.4,410.31 1 0
github.com/viralabs-dev/mudarro/internal/mudarro/cli.go:411.5,411.19 1 0
github.com/viralabs-dev/mudarro/internal/mudarro/cli.go:412.6,412.14 1 0
github.com/viralabs-dev/mudarro/internal/mudarro/cli.go:414.5,416.36 3 0
github.com/viralabs-dev/mudarro/internal/mudarro/cli.go:417.6,419.18 3 0
github.com/viralabs-dev/mudarro/internal/mudarro/cli.go:420.7,422.58 3 0
github.com/viralabs-dev/mudarro/internal/mudarro/cli.go:423.8,424.1 1 0
github.com/viralabs-dev/mudarro/internal/mudarro/cli.go:427.6,428.1 1 0
github.com/viralabs-dev/mudarro/internal/mudarro/cli.go:429.5,429.17 1 0
github.com/viralabs-dev/mudarro/internal/mudarro/cli.go:430.6,432.1 2 0
github.com/viralabs-dev/mudarro/internal/mudarro/cli.go:433.6,434.1 1 0
github.com/viralabs-dev/mudarro/internal/mudarro/cli.go:437.3,437.117 1 0
github.com/viralabs-dev/mudarro/internal/mudarro/cli.go:438.4,440.28 3 0
github.com/viralabs-dev/mudarro/internal/mudarro/cli.go:441.5,443.1 2 0
github.com/viralabs-dev/mudarro/internal/mudarro/cli.go:444.4,446.34 3 0
github.com/viralabs-dev/mudarro/internal/mudarro/cli.go:447.5,449.1 2 0
github.com/viralabs-dev/mudarro/internal/mudarro/cli.go:452.2,452.18 1 0
github.com/viralabs-dev/mudarro/internal/mudarro/cli.go:453.3,454.1 1 0
github.com/viralabs-dev/mudarro/internal/mudarro/cli.go:455.2,456.12 2 0
github.com/viralabs-dev/mudarro/internal/mudarro/config.go:27.51,27.89 1 1237
github.com/viralabs-dev/mudarro/internal/mudarro/config.go:30.2,30.39 1 194
github.com/viralabs-dev/mudarro/internal/mudarro/config.go:31.3,32.1 1 6
github.com/viralabs-dev/mudarro/internal/mudarro/config.go:33.2,33.20 1 188
github.com/viralabs-dev/mudarro/internal/mudarro/config.go:34.3,35.1 1 2
github.com/viralabs-dev/mudarro/internal/mudarro/config.go:36.2,36.37 1 186
github.com/viralabs-dev/mudarro/internal/mudarro/config.go:37.3,38.1 1 0
github.com/viralabs-dev/mudarro/internal/mudarro/config.go:39.2,40.31 2 186
github.com/viralabs-dev/mudarro/internal/mudarro/config.go:41.3,41.50 1 182
github.com/viralabs-dev/mudarro/internal/mudarro/config.go:42.4,43.1 1 0
github.com/viralabs-dev/mudarro/internal/mudarro/config.go:44.3,46.15 3 182
github.com/viralabs-dev/mudarro/internal/mudarro/config.go:47.4,48.1 1 1
github.com/viralabs-dev/mudarro/internal/mudarro/config.go:49.3,50.30 2 181
github.com/viralabs-dev/mudarro/internal/mudarro/config.go:51.4,52.1 1 0
github.com/viralabs-dev/mudarro/internal/mudarro/config.go:53.3,53.70 1 181
github.com/viralabs-dev/mudarro/internal/mudarro/config.go:54.4,54.15 1 362
github.com/viralabs-dev/mudarro/internal/mudarro/config.go:55.5,55.66 1 5
github.com/viralabs-dev/mudarro/internal/mudarro/config.go:56.6,57.1 1 0
github.com/viralabs-dev/mudarro/internal/mudarro/config.go:60.3,60.65 1 181
github.com/viralabs-dev/mudarro/internal/mudarro/config.go:61.4,62.1 1 0
github.com/viralabs-dev/mudarro/internal/mudarro/config.go:63.3,63.34 1 181
github.com/viralabs-dev/mudarro/internal/mudarro/config.go:64.4,64.34 1 439
github.com/viralabs-dev/mudarro/internal/mudarro/config.go:65.5,66.1 1 0
github.com/viralabs-dev/mudarro/internal/mudarro/config.go:67.4,67.48 1 439
github.com/viralabs-dev/mudarro/internal/mudarro/config.go:68.5,69.1 1 1
github.com/viralabs-dev/mudarro/internal/mudarro/config.go:70.4,70.65 1 438
github.com/viralabs-dev/mudarro/internal/mudarro/config.go:71.5,72.1 1 0
github.com/viralabs-dev/mudarro/internal/mudarro/config.go:74.3,74.112 1 180
github.com/viralabs-dev/mudarro/internal/mudarro/config.go:75.4,76.1 1 0
github.com/viralabs-dev/mudarro/internal/mudarro/config.go:78.2,78.12 1 184
github.com/viralabs-dev/mudarro/internal/mudarro/config.go:81.2,82.14 2 0
github.com/viralabs-dev/mudarro/internal/mudarro/config.go:83.3,84.1 1 0
github.com/viralabs-dev/mudarro/internal/mudarro/config.go:85.2,86.14 2 0
github.com/viralabs-dev/mudarro/internal/mudarro/config.go:87.3,88.1 1 0
github.com/viralabs-dev/mudarro/internal/mudarro/config.go:89.2,91.10 3 0
github.com/viralabs-dev/mudarro/internal/mudarro/config.go:93.36,93.79 2 32
github.com/viralabs-dev/mudarro/internal/mudarro/config.go:94.36,94.94 1 289
github.com/viralabs-dev/mudarro/internal/mudarro/config_io.go:37.2,38.17 2 450
github.com/viralabs-dev/mudarro/internal/mudarro/config_io.go:39.3,40.1 1 293
github.com/viralabs-dev/mudarro/internal/mudarro/config_io.go:41.2,42.20 2 157
github.com/viralabs-dev/mudarro/internal/mudarro/config_io.go:43.3,44.1 1 151
github.com/viralabs-dev/mudarro/internal/mudarro/config_io.go:45.2,45.19 1 157
github.com/viralabs-dev/mudarro/internal/mudarro/config_io.go:46.3,47.1 1 8
github.com/viralabs-dev/mudarro/internal/mudarro/config_io.go:48.2,48.21 1 157
github.com/viralabs-dev/mudarro/internal/mudarro/config_io.go:49.3,50.1 1 5
github.com/viralabs-dev/mudarro/internal/mudarro/config_io.go:51.2,51.23 1 157
github.com/viralabs-dev/mudarro/internal/mudarro/config_io.go:52.3,53.1 1 7
github.com/viralabs-dev/mudarro/internal/mudarro/config_io.go:54.2,54.22 1 157
github.com/viralabs-dev/mudarro/internal/mudarro/config_io.go:55.3,55.31 1 20
github.com/viralabs-dev/mudarro/internal/mudarro/config_io.go:56.4,57.1 1 17
github.com/viralabs-dev/mudarro/internal/mudarro/config_io.go:58.3,58.28 1 20
github.com/viralabs-dev/mudarro/internal/mudarro/config_io.go:59.4,60.1 1 20
github.com/viralabs-dev/mudarro/internal/mudarro/config_io.go:62.2,62.15 1 157
github.com/viralabs-dev/mudarro/internal/mudarro/config_io.go:65.2,71.1 2 194
github.com/viralabs-dev/mudarro/internal/mudarro/config_io.go:72.3,73.41 2 957
github.com/viralabs-dev/mudarro/internal/mudarro/config_io.go:74.4,74.30 1 1052
github.com/viralabs-dev/mudarro/internal/mudarro/config_io.go:75.5,76.10 2 951
github.com/viralabs-dev/mudarro/internal/mudarro/config_io.go:79.3,79.13 1 957
github.com/viralabs-dev/mudarro/internal/mudarro/config_io.go:80.4,81.1 1 6
github.com/viralabs-dev/mudarro/internal/mudarro/config_io.go:83.2,83.12 1 188
github.com/viralabs-dev/mudarro/internal/mudarro/config_io.go:88.2,89.64 2 97
github.com/viralabs-dev/mudarro/internal/mudarro/config_io.go:90.3,91.17 2 194
github.com/viralabs-dev/mudarro/internal/mudarro/config_io.go:92.4,93.1 1 0
github.com/viralabs-dev/mudarro/internal/mudarro/config_io.go:94.3,95.17 2 194
github.com/viralabs-dev/mudarro/internal/mudarro/config_io.go:96.4,97.1 1 98
github.com/viralabs-dev/mudarro/internal/mudarro/config_io.go:97.10,97.33 1 96
github.com/viralabs-dev/mudarro/internal/mudarro/config_io.go:98.4,99.1 1 0
github.com/viralabs-dev/mudarro/internal/mudarro/config_io.go:101.2,101.22 1 97
github.com/viralabs-dev/mudarro/internal/mudarro/config_io.go:102.3,103.1 1 2
github.com/viralabs-dev/mudarro/internal/mudarro/config_io.go:104.2,104.23 1 95
github.com/viralabs-dev/mudarro/internal/mudarro/config_io.go:105.3,106.1 1 1
github.com/viralabs-dev/mudarro/internal/mudarro/config_io.go:107.2,107.35 1 94
github.com/viralabs-dev/mudarro/internal/mudarro/config_io.go:112.2,113.32 2 107
github.com/viralabs-dev/mudarro/internal/mudarro/config_io.go:114.3,115.17 2 2
github.com/viralabs-dev/mudarro/internal/mudarro/config_io.go:116.4,117.1 1 0
github.com/viralabs-dev/mudarro/internal/mudarro/config_io.go:118.3,119.17 2 2
github.com/viralabs-dev/mudarro/internal/mudarro/config_io.go:120.4,121.1 1 0
github.com/viralabs-dev/mudarro/internal/mudarro/config_io.go:122.3,122.24 1 2
github.com/viralabs-dev/mudarro/internal/mudarro/config_io.go:124.2,125.16 2 107
github.com/viralabs-dev/mudarro/internal/mudarro/config_io.go:126.3,127.1 1 3
github.com/viralabs-dev/mudarro/internal/mudarro/config_io.go:128.2,129.73 2 104
github.com/viralabs-dev/mudarro/internal/mudarro/config_io.go:130.3,131.1 1 1
github.com/viralabs-dev/mudarro/internal/mudarro/config_io.go:133.2,134.16 2 103
github.com/viralabs-dev/mudarro/internal/mudarro/config_io.go:135.3,136.1 1 1
github.com/viralabs-dev/mudarro/internal/mudarro/config_io.go:137.2,137.33 1 102
github.com/viralabs-dev/mudarro/internal/mudarro/config_io.go:138.3,139.1 1 1
github.com/viralabs-dev/mudarro/internal/mudarro/config_io.go:140.2,141.16 2 101
github.com/viralabs-dev/mudarro/internal/mudarro/config_io.go:142.3,143.1 1 0
github.com/viralabs-dev/mudarro/internal/mudarro/config_io.go:144.2,146.16 3 101
github.com/viralabs-dev/mudarro/internal/mudarro/config_io.go:147.3,148.1 1 0
github.com/viralabs-dev/mudarro/internal/mudarro/config_io.go:149.2,149.30 1 101
github.com/viralabs-dev/mudarro/internal/mudarro/config_io.go:150.3,151.1 1 0
github.com/viralabs-dev/mudarro/internal/mudarro/config_io.go:152.2,153.25 2 101
github.com/viralabs-dev/mudarro/internal/mudarro/config_io.go:154.3,155.1 1 1
github.com/viralabs-dev/mudarro/internal/mudarro/config_io.go:156.2,157.16 2 100
github.com/viralabs-dev/mudarro/internal/mudarro/config_io.go:158.3,159.1 1 0
github.com/viralabs-dev/mudarro/internal/mudarro/config_io.go:160.2,160.23 1 100
github.com/viralabs-dev/mudarro/internal/mudarro/config_io.go:161.3,162.1 1 0
github.com/viralabs-dev/mudarro/internal/mudarro/config_io.go:163.2,163.26 1 100
github.com/viralabs-dev/mudarro/internal/mudarro/config_io.go:164.3,164.44 1 32
github.com/viralabs-dev/mudarro/internal/mudarro/config_io.go:165.4,166.1 1 5
github.com/viralabs-dev/mudarro/internal/mudarro/config_io.go:167.3,169.37 3 27
github.com/viralabs-dev/mudarro/internal/mudarro/config_io.go:170.4,171.1 1 3
github.com/viralabs-dev/mudarro/internal/mudarro/config_io.go:172.3,173.44 2 24
github.com/viralabs-dev/mudarro/internal/mudarro/config_io.go:174.4,175.1 1 0
github.com/viralabs-dev/mudarro/internal/mudarro/config_io.go:177.3,179.37 3 68
github.com/viralabs-dev/mudarro/internal/mudarro/config_io.go:180.4,181.1 1 4
github.com/viralabs-dev/mudarro/internal/mudarro/config_io.go:182.3,183.44 2 64
github.com/viralabs-dev/mudarro/internal/mudarro/config_io.go:184.4,185.1 1 3
github.com/viralabs-dev/mudarro/internal/mudarro/config_io.go:187.2,187.41 1 85
github.com/viralabs-dev/mudarro/internal/mudarro/config_io.go:188.3,189.1 1 9
github.com/viralabs-dev/mudarro/internal/mudarro/config_io.go:190.2,191.15 2 76
github.com/viralabs-dev/mudarro/internal/mudarro/config_io.go:196.2,199.32 4 32
github.com/viralabs-dev/mudarro/internal/mudarro/config_io.go:200.3,200.18 1 602
github.com/viralabs-dev/mudarro/internal/mudarro/config_io.go:201.4,202.1 1 0
github.com/viralabs-dev/mudarro/internal/mudarro/config_io.go:203.3,204.17 2 602
github.com/viralabs-dev/mudarro/internal/mudarro/config_io.go:205.4,206.1 1 0
github.com/viralabs-dev/mudarro/internal/mudarro/config_io.go:207.3,208.10 2 602
github.com/viralabs-dev/mudarro/internal/mudarro/config_io.go:209.4,210.1 1 373
github.com/viralabs-dev/mudarro/internal/mudarro/config_io.go:211.3,211.20 1 229
github.com/viralabs-dev/mudarro/internal/mudarro/config_io.go:213.4,214.17 2 166
github.com/viralabs-dev/mudarro/internal/mudarro/config_io.go:215.5,216.19 2 370
github.com/viralabs-dev/mudarro/internal/mudarro/config_io.go:217.6,218.1 1 0
github.com/viralabs-dev/mudarro/internal/mudarro/config_io.go:219.5,220.12 2 370
github.com/viralabs-dev/mudarro/internal/mudarro/config_io.go:221.6,222.1 1 0
github.com/viralabs-dev/mudarro/internal/mudarro/config_io.go:223.5,223.19 1 370
github.com/viralabs-dev/mudarro/internal/mudarro/config_io.go:224.6,225.1 1 2
github.com/viralabs-dev/mudarro/internal/mudarro/config_io.go:226.5,227.43 2 368
github.com/viralabs-dev/mudarro/internal/mudarro/config_io.go:228.6,229.1 1 2
github.com/viralabs-dev/mudarro/internal/mudarro/config_io.go:232.4,232.17 1 63
github.com/viralabs-dev/mudarro/internal/mudarro/config_io.go:233.5,233.43 1 202
github.com/viralabs-dev/mudarro/internal/mudarro/config_io.go:234.6,235.1 1 0
github.com/viralabs-dev/mudarro/internal/mudarro/config_io.go:238.4,238.64 1 0
github.com/viralabs-dev/mudarro/internal/mudarro/config_io.go:240.3,241.13 2 225
github.com/viralabs-dev/mudarro/internal/mudarro/config_io.go:243.2,243.33 1 32
github.com/viralabs-dev/mudarro/internal/mudarro/config_io.go:244.3,245.1 1 2
github.com/viralabs-dev/mudarro/internal/mudarro/config_io.go:246.2,246.40 1 30
github.com/viralabs-dev/mudarro/internal/mudarro/config_io.go:247.3,248.1 1 3
github.com/viralabs-dev/mudarro/internal/mudarro/config_io.go:249.2,249.12 1 27
github.com/viralabs-dev/mudarro/internal/mudarro/executor.go:15.2,15.23 1 29
github.com/viralabs-dev/mudarro/internal/mudarro/executor.go:16.3,17.1 1 25
github.com/viralabs-dev/mudarro/internal/mudarro/executor.go:18.2,18.22 1 4
github.com/viralabs-dev/mudarro/internal/mudarro/generate.go:22.32,22.76 1 656
github.com/viralabs-dev/mudarro/internal/mudarro/generate.go:24.2,24.37 1 32
github.com/viralabs-dev/mudarro/internal/mudarro/generate.go:25.3,26.1 1 0
github.com/viralabs-dev/mudarro/internal/mudarro/generate.go:27.2,28.57 2 32
github.com/viralabs-dev/mudarro/internal/mudarro/generate.go:29.3,30.31 2 357
github.com/viralabs-dev/mudarro/internal/mudarro/generate.go:31.4,32.1 1 0
github.com/viralabs-dev/mudarro/internal/mudarro/generate.go:33.3,34.13 2 357
github.com/viralabs-dev/mudarro/internal/mudarro/generate.go:36.2,37.58 2 32
github.com/viralabs-dev/mudarro/internal/mudarro/generate.go:38.3,39.1 1 3
github.com/viralabs-dev/mudarro/internal/mudarro/generate.go:40.2,41.51 2 32
github.com/viralabs-dev/mudarro/internal/mudarro/generate.go:42.3,43.1 1 0
github.com/viralabs-dev/mudarro/internal/mudarro/generate.go:44.2,44.31 1 32
github.com/viralabs-dev/mudarro/internal/mudarro/generate.go:45.3,45.32 1 32
github.com/viralabs-dev/mudarro/internal/mudarro/generate.go:46.4,48.41 3 286
github.com/viralabs-dev/mudarro/internal/mudarro/generate.go:49.5,50.1 1 0
github.com/viralabs-dev/mudarro/internal/mudarro/generate.go:52.3,53.15 2 32
github.com/viralabs-dev/mudarro/internal/mudarro/generate.go:54.4,55.1 1 0
github.com/viralabs-dev/mudarro/internal/mudarro/generate.go:56.3,56.30 1 32
github.com/viralabs-dev/mudarro/internal/mudarro/generate.go:57.4,57.75 1 39
github.com/viralabs-dev/mudarro/internal/mudarro/generate.go:58.5,59.1 1 0
github.com/viralabs-dev/mudarro/internal/mudarro/generate.go:62.2,63.14 2 32
github.com/viralabs-dev/mudarro/internal/mudarro/generate.go:64.3,65.1 1 1
github.com/viralabs-dev/mudarro/internal/mudarro/generate.go:66.2,67.49 2 31
github.com/viralabs-dev/mudarro/internal/mudarro/generate.go:68.3,68.44 1 12
github.com/viralabs-dev/mudarro/internal/mudarro/generate.go:69.4,70.1 1 1
github.com/viralabs-dev/mudarro/internal/mudarro/generate.go:71.9,71.30 1 19
github.com/viralabs-dev/mudarro/internal/mudarro/generate.go:72.3,73.1 1 0
github.com/viralabs-dev/mudarro/internal/mudarro/generate.go:74.2,75.30 2 30
github.com/viralabs-dev/mudarro/internal/mudarro/generate.go:76.3,77.1 1 104
github.com/viralabs-dev/mudarro/internal/mudarro/generate.go:78.2,79.23 2 30
github.com/viralabs-dev/mudarro/internal/mudarro/generate.go:80.3,81.1 1 340
github.com/viralabs-dev/mudarro/internal/mudarro/generate.go:82.2,84.1 3 30
github.com/viralabs-dev/mudarro/internal/mudarro/generate.go:85.2,85.26 3 30
github.com/viralabs-dev/mudarro/internal/mudarro/generate.go:86.3,87.15 2 340
github.com/viralabs-dev/mudarro/internal/mudarro/generate.go:88.4,89.1 1 0
github.com/viralabs-dev/mudarro/internal/mudarro/generate.go:90.3,92.15 3 340
github.com/viralabs-dev/mudarro/internal/mudarro/generate.go:93.4,93.39 1 105
github.com/viralabs-dev/mudarro/internal/mudarro/generate.go:94.5,94.23 1 104
github.com/viralabs-dev/mudarro/internal/mudarro/generate.go:95.6,96.1 1 2
github.com/viralabs-dev/mudarro/internal/mudarro/generate.go:97.5,98.36 2 102
github.com/viralabs-dev/mudarro/internal/mudarro/generate.go:99.6,99.14 1 102
github.com/viralabs-dev/mudarro/internal/mudarro/generate.go:102.5,103.13 2 1
github.com/viralabs-dev/mudarro/internal/mudarro/generate.go:105.10,105.31 1 235
github.com/viralabs-dev/mudarro/internal/mudarro/generate.go:106.4,107.1 1 0
github.com/viralabs-dev/mudarro/internal/mudarro/generate.go:108.4,109.1 1 235
github.com/viralabs-dev/mudarro/internal/mudarro/generate.go:110.3,110.29 1 235
github.com/viralabs-dev/mudarro/internal/mudarro/generate.go:112.2,112.27 1 28
github.com/viralabs-dev/mudarro/internal/mudarro/generate.go:113.3,114.10 2 234
github.com/viralabs-dev/mudarro/internal/mudarro/generate.go:115.4,115.12 1 8
github.com/viralabs-dev/mudarro/internal/mudarro/generate.go:117.3,118.69 2 226
github.com/viralabs-dev/mudarro/internal/mudarro/generate.go:119.4,120.1 1 0
github.com/viralabs-dev/mudarro/internal/mudarro/generate.go:122.2,122.9 1 28
github.com/viralabs-dev/mudarro/internal/mudarro/generate.go:123.3,124.1 1 1
github.com/viralabs-dev/mudarro/internal/mudarro/generate.go:125.2,126.57 2 27
github.com/viralabs-dev/mudarro/internal/mudarro/generate.go:129.2,129.58 1 261
github.com/viralabs-dev/mudarro/internal/mudarro/generate.go:130.3,131.1 1 0
github.com/viralabs-dev/mudarro/internal/mudarro/generate.go:132.2,133.14 2 261
github.com/viralabs-dev/mudarro/internal/mudarro/generate.go:134.3,135.1 1 0
github.com/viralabs-dev/mudarro/internal/mudarro/generate.go:136.2,137.33 2 261
github.com/viralabs-dev/mudarro/internal/mudarro/generate.go:138.3,140.1 2 0
github.com/viralabs-dev/mudarro/internal/mudarro/generate.go:141.2,141.33 1 261
github.com/viralabs-dev/mudarro/internal/mudarro/generate.go:142.3,144.1 2 0
github.com/viralabs-dev/mudarro/internal/mudarro/generate.go:145.2,145.29 1 261
github.com/viralabs-dev/mudarro/internal/mudarro/generate.go:146.3,147.1 1 0
github.com/viralabs-dev/mudarro/internal/mudarro/generate.go:148.2,148.34 1 261
github.com/viralabs-dev/mudarro/internal/mudarro/kubernetes_runner.go:10.2,13.14 4 8
github.com/viralabs-dev/mudarro/internal/mudarro/kubernetes_runner.go:14.3,15.1 1 0
github.com/viralabs-dev/mudarro/internal/mudarro/kubernetes_runner.go:16.2,17.27 2 8
github.com/viralabs-dev/mudarro/internal/mudarro/kubernetes_runner.go:18.3,19.1 1 6
github.com/viralabs-dev/mudarro/internal/mudarro/kubernetes_runner.go:20.2,21.22 2 8
github.com/viralabs-dev/mudarro/internal/mudarro/kubernetes_runner.go:22.3,23.1 1 1
github.com/viralabs-dev/mudarro/internal/mudarro/kubernetes_runner.go:24.2,24.11 1 8
github.com/viralabs-dev/mudarro/internal/mudarro/kubernetes_runner.go:25.3,27.1 2 0
github.com/viralabs-dev/mudarro/internal/mudarro/kubernetes_runner.go:28.2,29.14 2 8
github.com/viralabs-dev/mudarro/internal/mudarro/kubernetes_runner.go:30.3,31.1 1 0
github.com/viralabs-dev/mudarro/internal/mudarro/kubernetes_runner.go:32.2,38.1 2 8
github.com/viralabs-dev/mudarro/internal/mudarro/kubernetes_runner.go:40.2,40.46 2 8
github.com/viralabs-dev/mudarro/internal/mudarro/kubernetes_runner.go:41.3,42.1 1 1
github.com/viralabs-dev/mudarro/internal/mudarro/kubernetes_runner.go:43.2,43.48 1 7
github.com/viralabs-dev/mudarro/internal/mudarro/kubernetes_runner.go:44.3,48.1 1 2
github.com/viralabs-dev/mudarro/internal/mudarro/kubernetes_runner.go:49.2,50.36 2 7
github.com/viralabs-dev/mudarro/internal/mudarro/kubernetes_runner.go:51.3,52.75 2 11
github.com/viralabs-dev/mudarro/internal/mudarro/kubernetes_runner.go:53.4,53.12 1 4
github.com/viralabs-dev/mudarro/internal/mudarro/kubernetes_runner.go:55.3,57.13 3 7
github.com/viralabs-dev/mudarro/internal/mudarro/kubernetes_runner.go:59.4,59.27 1 3
github.com/viralabs-dev/mudarro/internal/mudarro/kubernetes_runner.go:60.5,61.1 1 1
github.com/viralabs-dev/mudarro/internal/mudarro/kubernetes_runner.go:62.4,62.81 1 2
github.com/viralabs-dev/mudarro/internal/mudarro/kubernetes_runner.go:64.4,64.78 1 3
github.com/viralabs-dev/mudarro/internal/mudarro/kubernetes_runner.go:66.4,66.103 1 1
github.com/viralabs-dev/mudarro/internal/mudarro/kubernetes_runner.go:68.3,68.41 1 6
github.com/viralabs-dev/mudarro/internal/mudarro/kubernetes_runner.go:69.4,70.1 1 0
github.com/viralabs-dev/mudarro/internal/mudarro/kubernetes_runner.go:71.3,71.10 1 6
github.com/viralabs-dev/mudarro/internal/mudarro/kubernetes_runner.go:73.2,73.16 1 6
github.com/viralabs-dev/mudarro/internal/mudarro/kubernetes_runner.go:74.3,75.1 1 1
github.com/viralabs-dev/mudarro/internal/mudarro/kubernetes_runner.go:76.2,76.12 1 5
github.com/viralabs-dev/mudarro/internal/mudarro/local_runner.go:27.2,27.39 1 0
github.com/viralabs-dev/mudarro/internal/mudarro/local_runner.go:28.3,29.1 1 0
github.com/viralabs-dev/mudarro/internal/mudarro/local_runner.go:30.2,31.14 2 0
github.com/viralabs-dev/mudarro/internal/mudarro/local_runner.go:32.3,33.1 1 0
github.com/viralabs-dev/mudarro/internal/mudarro/local_runner.go:34.2,35.27 2 0
github.com/viralabs-dev/mudarro/internal/mudarro/local_runner.go:36.3,36.83 1 0
github.com/viralabs-dev/mudarro/internal/mudarro/local_runner.go:37.4,38.1 1 0
github.com/viralabs-dev/mudarro/internal/mudarro/local_runner.go:40.2,40.14 1 0
github.com/viralabs-dev/mudarro/internal/mudarro/local_runner.go:43.2,47.1 4 0
github.com/viralabs-dev/mudarro/internal/mudarro/local_runner.go:49.2,50.14 2 0
github.com/viralabs-dev/mudarro/internal/mudarro/local_runner.go:51.3,52.1 1 0
github.com/viralabs-dev/mudarro/internal/mudarro/local_runner.go:53.2,53.11 1 0
github.com/viralabs-dev/mudarro/internal/mudarro/local_runner.go:54.3,56.1 2 0
github.com/viralabs-dev/mudarro/internal/mudarro/local_runner.go:57.2,57.43 1 0
github.com/viralabs-dev/mudarro/internal/mudarro/local_runner.go:58.3,59.1 1 0
github.com/viralabs-dev/mudarro/internal/mudarro/local_runner.go:60.2,61.14 2 0
github.com/viralabs-dev/mudarro/internal/mudarro/local_runner.go:62.3,63.1 1 0
github.com/viralabs-dev/mudarro/internal/mudarro/local_runner.go:64.2,65.14 2 0
github.com/viralabs-dev/mudarro/internal/mudarro/local_runner.go:66.3,67.1 1 0
github.com/viralabs-dev/mudarro/internal/mudarro/local_runner.go:68.2,69.66 2 0
github.com/viralabs-dev/mudarro/internal/mudarro/local_runner.go:70.3,71.1 1 0
github.com/viralabs-dev/mudarro/internal/mudarro/local_runner.go:72.2,73.60 2 0
github.com/viralabs-dev/mudarro/internal/mudarro/local_runner.go:74.3,74.84 1 0
github.com/viralabs-dev/mudarro/internal/mudarro/local_runner.go:75.4,76.1 1 0
github.com/viralabs-dev/mudarro/internal/mudarro/local_runner.go:78.2,81.12 4 0
github.com/viralabs-dev/mudarro/internal/mudarro/local_runner.go:83.3,83.12 1 0
github.com/viralabs-dev/mudarro/internal/mudarro/local_runner.go:84.4,85.1 1 0
github.com/viralabs-dev/mudarro/internal/mudarro/local_runner.go:86.4,87.1 1 0
github.com/viralabs-dev/mudarro/internal/mudarro/local_runner.go:88.3,88.13 1 0
github.com/viralabs-dev/mudarro/internal/mudarro/local_runner.go:90.3,91.15 2 0
github.com/viralabs-dev/mudarro/internal/mudarro/local_runner.go:92.4,93.1 1 0
github.com/viralabs-dev/mudarro/internal/mudarro/local_runner.go:94.3,96.11 3 0
github.com/viralabs-dev/mudarro/internal/mudarro/local_runner.go:98.3,98.12 1 0
github.com/viralabs-dev/mudarro/internal/mudarro/local_runner.go:99.4,99.60 1 0
github.com/viralabs-dev/mudarro/internal/mudarro/local_runner.go:100.5,101.1 1 0
github.com/viralabs-dev/mudarro/internal/mudarro/local_runner.go:102.4,102.44 1 0
github.com/viralabs-dev/mudarro/internal/mudarro/local_runner.go:103.5,104.1 1 0
github.com/viralabs-dev/mudarro/internal/mudarro/local_runner.go:105.4,105.19 1 0
github.com/viralabs-dev/mudarro/internal/mudarro/local_runner.go:106.5,107.1 1 0
github.com/viralabs-dev/mudarro/internal/mudarro/local_runner.go:109.3,109.19 1 0
github.com/viralabs-dev/mudarro/internal/mudarro/local_runner.go:110.4,112.1 2 0
github.com/viralabs-dev/mudarro/internal/mudarro/local_runner.go:114.3,114.12 1 0
github.com/viralabs-dev/mudarro/internal/mudarro/local_runner.go:115.4,117.1 2 0
github.com/viralabs-dev/mudarro/internal/mudarro/local_runner.go:119.3,119.61 1 0
github.com/viralabs-dev/mudarro/internal/mudarro/local_runner.go:121.2,122.14 2 0
github.com/viralabs-dev/mudarro/internal/mudarro/local_runner.go:123.3,124.1 1 0
github.com/viralabs-dev/mudarro/internal/mudarro/local_runner.go:125.2,126.39 2 0
github.com/viralabs-dev/mudarro/internal/mudarro/local_runner.go:127.3,128.1 1 0
github.com/viralabs-dev/mudarro/internal/mudarro/local_runner.go:129.2,131.14 3 0
github.com/viralabs-dev/mudarro/internal/mudarro/local_runner.go:132.3,133.1 1 0
github.com/viralabs-dev/mudarro/internal/mudarro/local_runner.go:134.2,136.24 3 0
github.com/viralabs-dev/mudarro/internal/mudarro/local_runner.go:137.3,138.1 1 0
github.com/viralabs-dev/mudarro/internal/mudarro/local_runner.go:139.2,144.33 6 0
github.com/viralabs-dev/mudarro/internal/mudarro/local_runner.go:145.3,146.1 1 0
github.com/viralabs-dev/mudarro/internal/mudarro/local_runner.go:147.2,149.46 3 0
github.com/viralabs-dev/mudarro/internal/mudarro/local_runner.go:150.3,152.1 2 0
github.com/viralabs-dev/mudarro/internal/mudarro/local_runner.go:153.2,155.18 3 0
github.com/viralabs-dev/mudarro/internal/mudarro/local_runner.go:156.3,157.1 1 0
github.com/viralabs-dev/mudarro/internal/mudarro/local_runner.go:158.2,159.12 2 0
github.com/viralabs-dev/mudarro/internal/mudarro/local_runner.go:162.2,162.38 1 0
github.com/viralabs-dev/mudarro/internal/mudarro/local_runner.go:163.3,164.1 1 0
github.com/viralabs-dev/mudarro/internal/mudarro/local_runner.go:165.2,168.20 4 0
github.com/viralabs-dev/mudarro/internal/mudarro/local_runner.go:169.3,170.1 1 0
github.com/viralabs-dev/mudarro/internal/mudarro/local_runner.go:171.3,172.1 1 0
github.com/viralabs-dev/mudarro/internal/mudarro/local_runner.go:173.2,173.14 1 0
github.com/viralabs-dev/mudarro/internal/mudarro/local_runner.go:174.3,175.1 1 0
github.com/viralabs-dev/mudarro/internal/mudarro/local_runner.go:176.2,178.31 3 0
github.com/viralabs-dev/mudarro/internal/mudarro/local_runner.go:179.3,179.17 1 0
github.com/viralabs-dev/mudarro/internal/mudarro/local_runner.go:180.4,182.1 2 0
github.com/viralabs-dev/mudarro/internal/mudarro/local_runner.go:184.2,184.12 1 0
github.com/viralabs-dev/mudarro/internal/mudarro/local_runner.go:185.3,186.1 1 0
github.com/viralabs-dev/mudarro/internal/mudarro/local_runner.go:187.2,188.9 2 0
github.com/viralabs-dev/mudarro/internal/mudarro/local_runner.go:189.3,190.1 1 0
github.com/viralabs-dev/mudarro/internal/mudarro/local_runner.go:191.2,192.14 2 0
github.com/viralabs-dev/mudarro/internal/mudarro/local_runner.go:193.3,194.1 1 0
github.com/viralabs-dev/mudarro/internal/mudarro/local_runner.go:195.2,195.19 1 0
github.com/viralabs-dev/mudarro/internal/mudarro/local_runner.go:196.3,197.1 1 0
github.com/viralabs-dev/mudarro/internal/mudarro/local_runner.go:198.2,198.17 1 0
github.com/viralabs-dev/mudarro/internal/mudarro/local_runner.go:199.3,200.1 1 0
github.com/viralabs-dev/mudarro/internal/mudarro/local_runner.go:201.2,202.14 2 0
github.com/viralabs-dev/mudarro/internal/mudarro/local_runner.go:203.3,204.1 1 0
github.com/viralabs-dev/mudarro/internal/mudarro/local_runner.go:205.2,212.33 8 0
github.com/viralabs-dev/mudarro/internal/mudarro/local_runner.go:213.3,214.1 1 0
github.com/viralabs-dev/mudarro/internal/mudarro/local_runner.go:215.2,216.12 2 0
github.com/viralabs-dev/mudarro/internal/mudarro/local_runner.go:216.14,216.36 1 0
github.com/viralabs-dev/mudarro/internal/mudarro/local_runner.go:217.2,217.9 1 0
github.com/viralabs-dev/mudarro/internal/mudarro/local_runner.go:219.3,219.11 1 0
github.com/viralabs-dev/mudarro/internal/mudarro/local_runner.go:221.3,222.10 2 0
github.com/viralabs-dev/mudarro/internal/mudarro/local_runner.go:224.4,224.12 1 0
github.com/viralabs-dev/mudarro/internal/mudarro/local_runner.go:226.4,227.17 2 0
github.com/viralabs-dev/mudarro/internal/mudarro/menu_execution.go:17.2,20.16 4 0
github.com/viralabs-dev/mudarro/internal/mudarro/menu_execution.go:21.3,22.1 1 0
github.com/viralabs-dev/mudarro/internal/mudarro/menu_execution.go:23.2,25.67 3 0
github.com/viralabs-dev/mudarro/internal/mudarro/menu_execution.go:26.3,28.1 2 0
github.com/viralabs-dev/mudarro/internal/mudarro/menu_execution.go:29.2,29.16 1 0
github.com/viralabs-dev/mudarro/internal/mudarro/menu_execution.go:30.3,31.1 1 0
github.com/viralabs-dev/mudarro/internal/mudarro/menu_execution.go:32.2,33.16 2 0
github.com/viralabs-dev/mudarro/internal/mudarro/menu_execution.go:34.3,35.1 1 0
github.com/viralabs-dev/mudarro/internal/mudarro/menu_execution.go:36.2,36.22 1 0
github.com/viralabs-dev/mudarro/internal/mudarro/menu_execution.go:37.3,39.1 2 0
github.com/viralabs-dev/mudarro/internal/mudarro/menu_execution.go:41.2,44.16 4 0
github.com/viralabs-dev/mudarro/internal/mudarro/menu_execution.go:45.3,46.1 1 0
github.com/viralabs-dev/mudarro/internal/mudarro/menu_execution.go:47.2,50.43 4 0
github.com/viralabs-dev/mudarro/internal/mudarro/menu_execution.go:51.3,52.1 1 0
github.com/viralabs-dev/mudarro/internal/mudarro/menu_execution.go:53.2,53.12 1 0
github.com/viralabs-dev/mudarro/internal/mudarro/messages.go:105.2,106.41 2 23
github.com/viralabs-dev/mudarro/internal/mudarro/messages.go:107.3,107.24 1 2047
github.com/viralabs-dev/mudarro/internal/mudarro/messages.go:108.4,109.1 1 267
github.com/viralabs-dev/mudarro/internal/mudarro/messages.go:110.4,111.1 1 1780
github.com/viralabs-dev/mudarro/internal/mudarro/messages.go:113.2,113.52 1 23
github.com/viralabs-dev/mudarro/internal/mudarro/messages.go:122.42,122.60 1 6
github.com/viralabs-dev/mudarro/internal/mudarro/messages.go:123.42,123.58 1 1
github.com/viralabs-dev/mudarro/internal/mudarro/runner.go:20.2,20.21 1 48
github.com/viralabs-dev/mudarro/internal/mudarro/runner.go:21.3,22.1 1 0
github.com/viralabs-dev/mudarro/internal/mudarro/runner.go:23.2,23.37 1 48
github.com/viralabs-dev/mudarro/internal/mudarro/runner.go:24.3,27.54 4 3
github.com/viralabs-dev/mudarro/internal/mudarro/runner.go:28.4,29.1 1 1
github.com/viralabs-dev/mudarro/internal/mudarro/runner.go:31.2,31.44 1 47
github.com/viralabs-dev/mudarro/internal/mudarro/runner.go:32.3,33.1 1 0
github.com/viralabs-dev/mudarro/internal/mudarro/runner.go:34.2,34.42 1 47
github.com/viralabs-dev/mudarro/internal/mudarro/runner.go:35.3,36.1 1 8
github.com/viralabs-dev/mudarro/internal/mudarro/runner.go:37.2,37.32 1 39
github.com/viralabs-dev/mudarro/internal/mudarro/runner.go:38.3,39.1 1 3
github.com/viralabs-dev/mudarro/internal/mudarro/runner.go:40.2,40.11 1 36
github.com/viralabs-dev/mudarro/internal/mudarro/runner.go:41.3,43.1 2 23
github.com/viralabs-dev/mudarro/internal/mudarro/runner.go:44.2,45.14 2 13
github.com/viralabs-dev/mudarro/internal/mudarro/runner.go:46.3,47.1 1 2
github.com/viralabs-dev/mudarro/internal/mudarro/runner.go:48.2,48.27 1 11
github.com/viralabs-dev/mudarro/internal/mudarro/runner.go:49.3,50.1 1 0
github.com/viralabs-dev/mudarro/internal/mudarro/runner.go:51.2,51.20 1 11
github.com/viralabs-dev/mudarro/internal/mudarro/runner.go:52.3,53.1 1 0
github.com/viralabs-dev/mudarro/internal/mudarro/runner.go:54.2,55.14 2 11
github.com/viralabs-dev/mudarro/internal/mudarro/runner.go:56.3,57.1 1 0
github.com/viralabs-dev/mudarro/internal/mudarro/runner.go:58.2,59.22 2 11
github.com/viralabs-dev/mudarro/internal/mudarro/runner.go:60.3,61.1 1 60
github.com/viralabs-dev/mudarro/internal/mudarro/runner.go:63.2,63.182 1 11
github.com/viralabs-dev/mudarro/internal/mudarro/runner.go:64.3,67.60 4 6
github.com/viralabs-dev/mudarro/internal/mudarro/runner.go:68.4,68.58 1 4
github.com/viralabs-dev/mudarro/internal/mudarro/runner.go:69.5,70.1 1 2
github.com/viralabs-dev/mudarro/internal/mudarro/runner.go:71.4,71.22 1 2
github.com/viralabs-dev/mudarro/internal/mudarro/runner.go:72.5,73.1 1 2
github.com/viralabs-dev/mudarro/internal/mudarro/runner.go:76.2,76.29 1 9
github.com/viralabs-dev/mudarro/internal/mudarro/runner.go:79.2,80.1 1 15
github.com/viralabs-dev/mudarro/internal/mudarro/runner.go:83.2,83.25 1 3
github.com/viralabs-dev/mudarro/internal/mudarro/runner.go:84.3,85.1 1 0
github.com/viralabs-dev/mudarro/internal/mudarro/runner.go:86.2,86.11 1 3
github.com/viralabs-dev/mudarro/internal/mudarro/runner.go:91.2,91.15 1 3
github.com/viralabs-dev/mudarro/internal/mudarro/runner.go:92.3,93.1 1 0
github.com/viralabs-dev/mudarro/internal/mudarro/runner.go:94.2,96.21 3 3
github.com/viralabs-dev/mudarro/internal/mudarro/runner.go:97.3,98.12 2 26
github.com/viralabs-dev/mudarro/internal/mudarro/runner.go:99.4,99.22 1 26
github.com/viralabs-dev/mudarro/internal/mudarro/runner.go:100.5,101.1 1 3
github.com/viralabs-dev/mudarro/internal/mudarro/runner.go:102.4,102.23 1 23
github.com/viralabs-dev/mudarro/internal/mudarro/runner.go:104.3,104.17 1 23
github.com/viralabs-dev/mudarro/internal/mudarro/runner.go:105.4,106.1 1 0
github.com/viralabs-dev/mudarro/internal/mudarro/runner.go:108.2,108.54 1 0
github.com/viralabs-dev/mudarro/internal/mudarro/scan.go:31.53,31.101 1 28
github.com/viralabs-dev/mudarro/internal/mudarro/scan.go:32.53,32.95 1 3
github.com/viralabs-dev/mudarro/internal/mudarro/scan.go:33.53,33.125 2 642
github.com/viralabs-dev/mudarro/internal/mudarro/scan.go:36.2,38.78 3 45
github.com/viralabs-dev/mudarro/internal/mudarro/scan.go:39.3,39.15 1 184
github.com/viralabs-dev/mudarro/internal/mudarro/scan.go:40.4,41.1 1 0
github.com/viralabs-dev/mudarro/internal/mudarro/scan.go:42.3,43.32 2 184
github.com/viralabs-dev/mudarro/internal/mudarro/scan.go:44.4,45.105 2 10
github.com/viralabs-dev/mudarro/internal/mudarro/scan.go:46.5,46.18 1 1
github.com/viralabs-dev/mudarro/internal/mudarro/scan.go:47.6,48.1 1 1
github.com/viralabs-dev/mudarro/internal/mudarro/scan.go:49.5,49.15 1 0
github.com/viralabs-dev/mudarro/internal/mudarro/scan.go:52.3,52.16 1 183
github.com/viralabs-dev/mudarro/internal/mudarro/scan.go:53.4,53.57 1 62
github.com/viralabs-dev/mudarro/internal/mudarro/scan.go:54.5,55.1 1 2
github.com/viralabs-dev/mudarro/internal/mudarro/scan.go:56.4,56.14 1 60
github.com/viralabs-dev/mudarro/internal/mudarro/scan.go:58.3,58.35 1 121
github.com/viralabs-dev/mudarro/internal/mudarro/scan.go:59.4,60.1 1 1
github.com/viralabs-dev/mudarro/internal/mudarro/scan.go:61.3,62.23 2 120
github.com/viralabs-dev/mudarro/internal/mudarro/scan.go:63.4,64.1 1 58
github.com/viralabs-dev/mudarro/internal/mudarro/scan.go:65.3,66.13 2 120
github.com/viralabs-dev/mudarro/internal/mudarro/scan.go:68.2,68.14 1 45
github.com/viralabs-dev/mudarro/internal/mudarro/scan.go:69.3,70.1 1 0
github.com/viralabs-dev/mudarro/internal/mudarro/scan.go:71.2,72.22 2 45
github.com/viralabs-dev/mudarro/internal/mudarro/scan.go:73.3,74.1 1 58
github.com/viralabs-dev/mudarro/internal/mudarro/scan.go:75.2,76.28 2 45
github.com/viralabs-dev/mudarro/internal/mudarro/scan.go:77.3,78.19 2 58
github.com/viralabs-dev/mudarro/internal/mudarro/scan.go:79.4,80.1 1 1
github.com/viralabs-dev/mudarro/internal/mudarro/scan.go:81.3,81.38 1 58
github.com/viralabs-dev/mudarro/internal/mudarro/scan.go:82.4,83.16 2 174
github.com/viralabs-dev/mudarro/internal/mudarro/scan.go:84.5,85.13 2 2
github.com/viralabs-dev/mudarro/internal/mudarro/scan.go:87.4,87.16 1 172
github.com/viralabs-dev/mudarro/internal/mudarro/scan.go:88.5,88.13 1 125
github.com/viralabs-dev/mudarro/internal/mudarro/scan.go:90.4,94.35 5 47
github.com/viralabs-dev/mudarro/internal/mudarro/scan.go:95.5,97.1 2 52
github.com/viralabs-dev/mudarro/internal/mudarro/scan.go:98.4,98.39 1 47
github.com/viralabs-dev/mudarro/internal/mudarro/scan.go:99.5,101.53 3 24
github.com/viralabs-dev/mudarro/internal/mudarro/scan.go:102.6,103.1 1 9
github.com/viralabs-dev/mudarro/internal/mudarro/scan.go:107.2,107.33 1 45
github.com/viralabs-dev/mudarro/internal/mudarro/scan.go:108.3,112.1 4 2
github.com/viralabs-dev/mudarro/internal/mudarro/scan.go:113.2,113.28 1 45
github.com/viralabs-dev/mudarro/internal/mudarro/scan.go:114.3,114.31 1 58
github.com/viralabs-dev/mudarro/internal/mudarro/scan.go:115.4,115.61 1 120
github.com/viralabs-dev/mudarro/internal/mudarro/scan.go:116.5,116.13 1 116
github.com/viralabs-dev/mudarro/internal/mudarro/scan.go:118.4,118.25 1 4
github.com/viralabs-dev/mudarro/internal/mudarro/scan.go:119.5,119.13 1 0
github.com/viralabs-dev/mudarro/internal/mudarro/scan.go:121.4,123.40 3 4
github.com/viralabs-dev/mudarro/internal/mudarro/scan.go:124.5,124.97 1 8
github.com/viralabs-dev/mudarro/internal/mudarro/scan.go:125.6,125.27 1 2
github.com/viralabs-dev/mudarro/internal/mudarro/scan.go:126.7,128.1 2 2
github.com/viralabs-dev/mudarro/internal/mudarro/scan.go:131.4,133.26 3 4
github.com/viralabs-dev/mudarro/internal/mudarro/scan.go:134.5,135.17 2 3
github.com/viralabs-dev/mudarro/internal/mudarro/scan.go:136.6,137.14 2 0
github.com/viralabs-dev/mudarro/internal/mudarro/scan.go:139.5,140.63 2 3
github.com/viralabs-dev/mudarro/internal/mudarro/scan.go:141.6,142.1 1 3
github.com/viralabs-dev/mudarro/internal/mudarro/scan.go:144.5,145.34 2 1
github.com/viralabs-dev/mudarro/internal/mudarro/scan.go:146.6,147.1 1 0
github.com/viralabs-dev/mudarro/internal/mudarro/scan.go:151.2,151.48 1 45
github.com/viralabs-dev/mudarro/internal/mudarro/scan.go:152.3,153.1 1 38
github.com/viralabs-dev/mudarro/internal/mudarro/scan.go:154.2,154.15 1 45
github.com/viralabs-dev/mudarro/internal/mudarro/scan.go:158.2,159.105 2 49
github.com/viralabs-dev/mudarro/internal/mudarro/scan.go:160.3,160.44 1 196
github.com/viralabs-dev/mudarro/internal/mudarro/scan.go:161.4,163.1 2 1
github.com/viralabs-dev/mudarro/internal/mudarro/scan.go:165.2,165.78 1 49
github.com/viralabs-dev/mudarro/internal/mudarro/scan.go:166.3,167.1 1 0
github.com/viralabs-dev/mudarro/internal/mudarro/scan.go:168.2,168.50 1 49
github.com/viralabs-dev/mudarro/internal/mudarro/scan.go:169.3,169.44 1 98
github.com/viralabs-dev/mudarro/internal/mudarro/scan.go:170.4,171.1 1 1
github.com/viralabs-dev/mudarro/internal/mudarro/scan.go:173.2,173.54 1 49
github.com/viralabs-dev/mudarro/internal/mudarro/scan.go:174.3,175.1 1 1
github.com/viralabs-dev/mudarro/internal/mudarro/scan.go:176.2,176.72 1 49
github.com/viralabs-dev/mudarro/internal/mudarro/scan.go:177.3,177.44 1 97
github.com/viralabs-dev/mudarro/internal/mudarro/scan.go:178.4,179.9 2 1
github.com/viralabs-dev/mudarro/internal/mudarro/scan.go:182.2,182.26 1 49
github.com/viralabs-dev/mudarro/internal/mudarro/scan.go:183.3,184.1 1 47
github.com/viralabs-dev/mudarro/internal/mudarro/scan.go:184.9,184.33 1 2
github.com/viralabs-dev/mudarro/internal/mudarro/scan.go:185.3,186.41 2 0
github.com/viralabs-dev/mudarro/internal/mudarro/scan.go:187.4,189.1 2 0
github.com/viralabs-dev/mudarro/internal/mudarro/scan.go:191.3,192.32 2 2
github.com/viralabs-dev/mudarro/internal/mudarro/scan.go:193.4,194.1 1 4
github.com/viralabs-dev/mudarro/internal/mudarro/scan.go:196.2,196.43 1 49
github.com/viralabs-dev/mudarro/internal/mudarro/scan.go:197.3,198.1 1 0
github.com/viralabs-dev/mudarro/internal/mudarro/scan.go:201.2,202.64 2 47
github.com/viralabs-dev/mudarro/internal/mudarro/scan.go:203.3,205.50 3 1
github.com/viralabs-dev/mudarro/internal/mudarro/scan.go:206.4,207.1 1 0
github.com/viralabs-dev/mudarro/internal/mudarro/scan.go:208.3,208.46 1 1
github.com/viralabs-dev/mudarro/internal/mudarro/scan.go:209.4,210.1 1 1
github.com/viralabs-dev/mudarro/internal/mudarro/scan.go:212.2,212.29 1 47
github.com/viralabs-dev/mudarro/internal/mudarro/scan.go:213.3,214.1 1 12
github.com/viralabs-dev/mudarro/internal/mudarro/scan.go:215.2,215.55 1 47
github.com/viralabs-dev/mudarro/internal/mudarro/scan.go:216.3,217.1 1 1
github.com/viralabs-dev/mudarro/internal/mudarro/scan.go:218.2,218.92 1 47
github.com/viralabs-dev/mudarro/internal/mudarro/scan.go:219.3,219.27 1 47
github.com/viralabs-dev/mudarro/internal/mudarro/scan.go:220.4,222.60 3 0
github.com/viralabs-dev/mudarro/internal/mudarro/scan.go:223.5,224.10 2 0
github.com/viralabs-dev/mudarro/internal/mudarro/scan.go:228.2,228.25 1 47
github.com/viralabs-dev/mudarro/internal/mudarro/scan.go:229.3,231.1 2 1
github.com/viralabs-dev/mudarro/internal/mudarro/scan.go:232.2,232.26 1 46
github.com/viralabs-dev/mudarro/internal/mudarro/scan.go:233.3,235.28 3 12
github.com/viralabs-dev/mudarro/internal/mudarro/scan.go:236.4,237.1 1 12
github.com/viralabs-dev/mudarro/internal/mudarro/sqlite_runner.go:10.2,11.16 2 3
github.com/viralabs-dev/mudarro/internal/mudarro/sqlite_runner.go:12.3,13.1 1 0
github.com/viralabs-dev/mudarro/internal/mudarro/sqlite_runner.go:14.2,15.16 2 3
github.com/viralabs-dev/mudarro/internal/mudarro/sqlite_runner.go:16.3,17.1 1 1
github.com/viralabs-dev/mudarro/internal/mudarro/sqlite_runner.go:18.2,18.11 1 2
github.com/viralabs-dev/mudarro/internal/mudarro/sqlite_runner.go:19.3,21.1 2 1
github.com/viralabs-dev/mudarro/internal/mudarro/sqlite_runner.go:22.2,22.61 1 1
github.com/viralabs-dev/mudarro/internal/mudarro/sqlite_runner.go:23.3,24.1 1 0
github.com/viralabs-dev/mudarro/internal/mudarro/sqlite_runner.go:25.2,26.21 2 1
github.com/viralabs-dev/mudarro/internal/mudarro/sqlite_runner.go:27.3,29.1 2 1
github.com/viralabs-dev/mudarro/internal/mudarro/sqlite_runner.go:30.2,30.16 1 0
github.com/viralabs-dev/mudarro/internal/mudarro/sqlite_runner.go:31.3,32.1 1 0
github.com/viralabs-dev/mudarro/internal/mudarro/sqlite_runner.go:33.2,33.18 1 0
github.com/viralabs-dev/mudarro/internal/mudarro/templates.go:11.2,12.27 2 32
github.com/viralabs-dev/mudarro/internal/mudarro/templates.go:12.29,12.72 1 39
github.com/viralabs-dev/mudarro/internal/mudarro/templates.go:13.2,14.16 2 32
github.com/viralabs-dev/mudarro/internal/mudarro/templates.go:15.3,15.73 1 5
github.com/viralabs-dev/mudarro/internal/mudarro/templates.go:16.4,17.1 1 0
github.com/viralabs-dev/mudarro/internal/mudarro/templates.go:18.3,19.10 2 5
github.com/viralabs-dev/mudarro/internal/mudarro/templates.go:20.4,21.1 1 0
github.com/viralabs-dev/mudarro/internal/mudarro/templates.go:22.3,23.21 2 5
github.com/viralabs-dev/mudarro/internal/mudarro/templates.go:25.4,25.21 1 0
github.com/viralabs-dev/mudarro/internal/mudarro/templates.go:27.5,27.89 1 0
github.com/viralabs-dev/mudarro/internal/mudarro/templates.go:29.5,29.124 1 0
github.com/viralabs-dev/mudarro/internal/mudarro/templates.go:31.5,31.71 1 0
github.com/viralabs-dev/mudarro/internal/mudarro/templates.go:34.4,35.21 2 0
github.com/viralabs-dev/mudarro/internal/mudarro/templates.go:37.5,39.38 3 0
github.com/viralabs-dev/mudarro/internal/mudarro/templates.go:40.6,41.1 1 0
github.com/viralabs-dev/mudarro/internal/mudarro/templates.go:42.5,42.59 1 0
github.com/viralabs-dev/mudarro/internal/mudarro/templates.go:44.5,44.67 1 0
github.com/viralabs-dev/mudarro/internal/mudarro/templates.go:46.5,46.78 1 0
github.com/viralabs-dev/mudarro/internal/mudarro/templates.go:48.5,48.60 1 0
github.com/viralabs-dev/mudarro/internal/mudarro/templates.go:51.4,51.91 1 5
github.com/viralabs-dev/mudarro/internal/mudarro/templates.go:53.4,53.88 1 0
github.com/viralabs-dev/mudarro/internal/mudarro/templates.go:55.3,56.24 2 5
github.com/viralabs-dev/mudarro/internal/mudarro/templates.go:57.4,58.1 1 0
github.com/viralabs-dev/mudarro/internal/mudarro/templates.go:59.3,61.45 3 5
github.com/viralabs-dev/mudarro/internal/mudarro/templates.go:62.4,63.1 1 0
github.com/viralabs-dev/mudarro/internal/mudarro/templates.go:64.3,66.72 3 5
github.com/viralabs-dev/mudarro/internal/mudarro/templates.go:67.4,67.20 1 4
github.com/viralabs-dev/mudarro/internal/mudarro/templates.go:68.5,69.1 1 0
github.com/viralabs-dev/mudarro/internal/mudarro/templates.go:70.4,71.18 2 4
github.com/viralabs-dev/mudarro/internal/mudarro/templates.go:72.5,73.1 1 0
github.com/viralabs-dev/mudarro/internal/mudarro/templates.go:74.4,76.44 3 4
github.com/viralabs-dev/mudarro/internal/mudarro/templates.go:77.5,80.18 4 4
github.com/viralabs-dev/mudarro/internal/mudarro/templates.go:81.6,82.1 1 4
github.com/viralabs-dev/mudarro/internal/mudarro/templates.go:83.5,83.105 1 4
github.com/viralabs-dev/mudarro/internal/mudarro/templates.go:85.4,86.26 2 4
github.com/viralabs-dev/mudarro/internal/mudarro/templates.go:88.3,88.29 1 5
github.com/viralabs-dev/mudarro/internal/mudarro/templates.go:89.4,89.54 1 1
github.com/viralabs-dev/mudarro/internal/mudarro/templates.go:90.5,91.1 1 0
github.com/viralabs-dev/mudarro/internal/mudarro/templates.go:92.4,92.92 1 1
github.com/viralabs-dev/mudarro/internal/mudarro/templates.go:93.5,94.1 1 0
github.com/viralabs-dev/mudarro/internal/mudarro/templates.go:95.4,97.44 3 1
github.com/viralabs-dev/mudarro/internal/mudarro/templates.go:98.5,99.18 2 1
github.com/viralabs-dev/mudarro/internal/mudarro/templates.go:100.6,101.1 1 1
github.com/viralabs-dev/mudarro/internal/mudarro/templates.go:102.5,102.164 1 1
github.com/viralabs-dev/mudarro/internal/mudarro/templates.go:104.4,111.44 8 1
github.com/viralabs-dev/mudarro/internal/mudarro/templates.go:112.5,115.1 3 1
github.com/viralabs-dev/mudarro/internal/mudarro/templates.go:116.4,116.29 1 1
github.com/viralabs-dev/mudarro/internal/mudarro/templates.go:117.5,119.1 2 1
github.com/viralabs-dev/mudarro/internal/mudarro/templates.go:122.2,122.16 1 32
github.com/viralabs-dev/mudarro/internal/mudarro/templates.go:123.3,123.50 1 5
github.com/viralabs-dev/mudarro/internal/mudarro/templates.go:124.4,125.1 1 0
github.com/viralabs-dev/mudarro/internal/mudarro/templates.go:126.3,126.51 1 5
github.com/viralabs-dev/mudarro/internal/mudarro/templates.go:127.4,128.1 1 0
github.com/viralabs-dev/mudarro/internal/mudarro/templates.go:129.3,129.19 1 5
github.com/viralabs-dev/mudarro/internal/mudarro/templates.go:130.4,131.1 1 0
github.com/viralabs-dev/mudarro/internal/mudarro/templates.go:132.3,133.16 2 5
github.com/viralabs-dev/mudarro/internal/mudarro/templates.go:134.4,135.1 1 5
github.com/viralabs-dev/mudarro/internal/mudarro/templates.go:136.3,137.17 2 5
github.com/viralabs-dev/mudarro/internal/mudarro/templates.go:139.4,141.116 3 1
github.com/viralabs-dev/mudarro/internal/mudarro/templates.go:143.4,147.110 5 1
github.com/viralabs-dev/mudarro/internal/mudarro/templates.go:149.4,151.241 3 1
github.com/viralabs-dev/mudarro/internal/mudarro/templates.go:153.4,154.149 2 2
github.com/viralabs-dev/mudarro/internal/mudarro/templates.go:156.4,156.70 1 0
github.com/viralabs-dev/mudarro/internal/mudarro/templates.go:159.2,159.19 1 32
github.com/viralabs-dev/mudarro/internal/mudarro/templates.go:162.2,162.24 1 1
github.com/viralabs-dev/mudarro/internal/mudarro/templates.go:163.3,164.14 2 0
github.com/viralabs-dev/mudarro/internal/mudarro/templates.go:165.4,166.1 1 0
github.com/viralabs-dev/mudarro/internal/mudarro/templates.go:167.3,167.170 1 0
github.com/viralabs-dev/mudarro/internal/mudarro/templates.go:169.2,169.333 1 1
github.com/viralabs-dev/mudarro/internal/mudarro/templates.go:173.2,231.1 1 1
github.com/viralabs-dev/mudarro/internal/mudarro/ui_integration.go:22.2,24.20 3 71
github.com/viralabs-dev/mudarro/internal/mudarro/ui_integration.go:25.3,26.1 1 2
github.com/viralabs-dev/mudarro/internal/mudarro/ui_integration.go:27.3,28.1 1 69
github.com/viralabs-dev/mudarro/internal/mudarro/ui_integration.go:29.2,29.16 1 71
github.com/viralabs-dev/mudarro/internal/mudarro/ui_integration.go:30.3,31.1 1 3
github.com/viralabs-dev/mudarro/internal/mudarro/ui_integration.go:32.2,32.37 1 68
github.com/viralabs-dev/mudarro/internal/mudarro/ui_integration.go:33.3,33.18 1 3
github.com/viralabs-dev/mudarro/internal/mudarro/ui_integration.go:34.4,35.1 1 0
github.com/viralabs-dev/mudarro/internal/mudarro/ui_integration.go:36.3,36.21 1 3
github.com/viralabs-dev/mudarro/internal/mudarro/ui_integration.go:37.4,38.1 1 2
github.com/viralabs-dev/mudarro/internal/mudarro/ui_integration.go:39.3,39.20 1 3
github.com/viralabs-dev/mudarro/internal/mudarro/ui_integration.go:40.4,41.1 1 1
github.com/viralabs-dev/mudarro/internal/mudarro/ui_integration.go:43.2,43.30 1 68
github.com/viralabs-dev/mudarro/internal/mudarro/ui_integration.go:46.2,46.41 1 8
github.com/viralabs-dev/mudarro/internal/mudarro/ui_integration.go:47.3,48.1 1 0
github.com/viralabs-dev/mudarro/internal/mudarro/ui_integration.go:49.2,51.52 3 8
github.com/viralabs-dev/mudarro/internal/mudarro/ui_integration.go:52.3,54.1 2 1
github.com/viralabs-dev/mudarro/internal/mudarro/ui_integration.go:55.3,56.1 1 7
github.com/viralabs-dev/mudarro/internal/mudarro/ui_integration.go:57.2,57.16 1 8
github.com/viralabs-dev/mudarro/internal/mudarro/ui_integration.go:58.3,59.1 1 0
github.com/viralabs-dev/mudarro/internal/mudarro/ui_integration.go:60.2,60.35 1 8
github.com/viralabs-dev/mudarro/internal/mudarro/ui_integration.go:63.2,63.37 1 87
github.com/viralabs-dev/mudarro/internal/mudarro/ui_integration.go:64.3,65.1 1 24
github.com/viralabs-dev/mudarro/internal/mudarro/ui_integration.go:66.2,66.11 1 63
github.com/viralabs-dev/mudarro/internal/mudarro/ui_integration.go:69.2,69.37 1 29
github.com/viralabs-dev/mudarro/internal/mudarro/ui_integration.go:70.3,71.1 1 5
github.com/viralabs-dev/mudarro/internal/mudarro/ui_integration.go:72.2,74.27 3 24
github.com/viralabs-dev/mudarro/internal/mudarro/ui_integration.go:75.3,76.31 2 72
github.com/viralabs-dev/mudarro/internal/mudarro/ui_integration.go:77.4,78.1 1 72
github.com/viralabs-dev/mudarro/internal/mudarro/ui_integration.go:80.2,80.15 1 24
github.com/viralabs-dev/mudarro/internal/mudarro/ui_integration.go:83.2,84.35 2 9
github.com/viralabs-dev/mudarro/internal/mudarro/ui_integration.go:85.3,85.26 1 8
github.com/viralabs-dev/mudarro/internal/mudarro/ui_integration.go:86.4,87.1 1 9
github.com/viralabs-dev/mudarro/internal/mudarro/ui_integration.go:89.2,92.44 4 9
github.com/viralabs-dev/mudarro/internal/mudarro/ui_integration.go:93.3,93.33 1 0
github.com/viralabs-dev/mudarro/internal/mudarro/ui_integration.go:94.4,95.31 2 0
github.com/viralabs-dev/mudarro/internal/mudarro/ui_integration.go:96.5,97.1 1 0
github.com/viralabs-dev/mudarro/internal/mudarro/ui_integration.go:100.2,100.35 1 9
github.com/viralabs-dev/mudarro/internal/mudarro/ui_integration.go:111.2,111.66 1 156
github.com/viralabs-dev/mudarro/internal/mudarro/ui_integration.go:112.3,113.17 2 4
github.com/viralabs-dev/mudarro/internal/mudarro/ui_integration.go:114.4,115.1 1 0
github.com/viralabs-dev/mudarro/internal/mudarro/ui_integration.go:116.3,116.20 1 4
github.com/viralabs-dev/mudarro/internal/mudarro/ui_integration.go:117.4,117.38 1 2
github.com/viralabs-dev/mudarro/internal/mudarro/ui_integration.go:118.5,119.1 1 2
github.com/viralabs-dev/mudarro/internal/mudarro/ui_integration.go:121.3,122.22 2 4
github.com/viralabs-dev/mudarro/internal/mudarro/ui_integration.go:123.4,123.38 1 3
github.com/viralabs-dev/mudarro/internal/mudarro/ui_integration.go:124.5,125.1 1 3
github.com/viralabs-dev/mudarro/internal/mudarro/ui_integration.go:127.3,127.23 1 4
github.com/viralabs-dev/mudarro/internal/mudarro/ui_integration.go:128.4,129.1 1 2
github.com/viralabs-dev/mudarro/internal/mudarro/ui_integration.go:130.3,130.20 1 4
github.com/viralabs-dev/mudarro/internal/mudarro/ui_integration.go:132.2,132.113 1 156
github.com/viralabs-dev/mudarro/internal/mudarro/ui_integration.go:133.3,134.1 1 2
github.com/viralabs-dev/mudarro/internal/mudarro/ui_integration.go:135.2,137.66 3 154
github.com/viralabs-dev/mudarro/internal/mudarro/ui_integration.go:140.2,140.37 1 18
github.com/viralabs-dev/mudarro/internal/mudarro/ui_integration.go:141.3,141.24 1 60
github.com/viralabs-dev/mudarro/internal/mudarro/ui_integration.go:142.4,143.1 1 0
github.com/viralabs-dev/mudarro/internal/mudarro/ui_integration.go:144.3,144.12 1 60
github.com/viralabs-dev/mudarro/internal/mudarro/ui_integration.go:146.2,148.21 3 18
github.com/viralabs-dev/mudarro/internal/mudarro/ui_integration.go:149.3,150.1 1 0
github.com/viralabs-dev/mudarro/internal/mudarro/ui_integration.go:151.2,151.27 1 18
github.com/viralabs-dev/mudarro/internal/mudarro/ui_integration.go:152.3,153.1 1 0
github.com/viralabs-dev/mudarro/internal/mudarro/ui_integration.go:154.2,154.21 1 18
github.com/viralabs-dev/mudarro/internal/mudarro/ui_integration.go:155.3,156.1 1 0
github.com/viralabs-dev/mudarro/internal/mudarro/ui_integration.go:157.2,157.27 1 18
github.com/viralabs-dev/mudarro/internal/mudarro/ui_integration.go:158.3,159.1 1 2
github.com/viralabs-dev/mudarro/internal/mudarro/ui_integration.go:160.2,160.29 1 18
github.com/viralabs-dev/mudarro/internal/mudarro/ui_integration.go:161.3,163.38 3 16
github.com/viralabs-dev/mudarro/internal/mudarro/ui_integration.go:164.4,164.24 1 148
github.com/viralabs-dev/mudarro/internal/mudarro/ui_integration.go:165.5,166.10 2 0
github.com/viralabs-dev/mudarro/internal/mudarro/ui_integration.go:168.4,169.12 2 148
github.com/viralabs-dev/mudarro/internal/mudarro/ui_integration.go:170.5,171.1 1 1
github.com/viralabs-dev/mudarro/internal/mudarro/ui_integration.go:172.4,173.59 2 148
github.com/viralabs-dev/mudarro/internal/mudarro/ui_integration.go:177.2,178.37 2 18
github.com/viralabs-dev/mudarro/internal/mudarro/ui_integration.go:179.3,179.23 1 148
github.com/viralabs-dev/mudarro/internal/mudarro/ui_integration.go:180.4,181.9 2 0
github.com/viralabs-dev/mudarro/internal/mudarro/ui_integration.go:183.3,184.67 2 148
github.com/viralabs-dev/mudarro/internal/mudarro/ui_integration.go:185.4,185.12 1 38
github.com/viralabs-dev/mudarro/internal/mudarro/ui_integration.go:187.3,188.17 2 110
github.com/viralabs-dev/mudarro/internal/mudarro/ui_integration.go:189.4,189.12 1 3
github.com/viralabs-dev/mudarro/internal/mudarro/ui_integration.go:191.3,191.24 1 107
github.com/viralabs-dev/mudarro/internal/mudarro/ui_integration.go:192.4,192.12 1 99
github.com/viralabs-dev/mudarro/internal/mudarro/ui_integration.go:194.3,196.48 3 8
github.com/viralabs-dev/mudarro/internal/mudarro/ui_integration.go:197.4,197.12 1 2
github.com/viralabs-dev/mudarro/internal/mudarro/ui_integration.go:199.3,200.17 2 6
github.com/viralabs-dev/mudarro/internal/mudarro/ui_integration.go:201.4,201.12 1 0
github.com/viralabs-dev/mudarro/internal/mudarro/ui_integration.go:203.3,204.43 2 6
github.com/viralabs-dev/mudarro/internal/mudarro/ui_integration.go:205.4,206.12 2 0
github.com/viralabs-dev/mudarro/internal/mudarro/ui_integration.go:208.3,210.17 3 6
github.com/viralabs-dev/mudarro/internal/mudarro/ui_integration.go:211.4,211.12 1 0
github.com/viralabs-dev/mudarro/internal/mudarro/ui_integration.go:213.3,214.13 2 6
github.com/viralabs-dev/mudarro/internal/mudarro/ui_integration.go:215.4,216.1 1 1
github.com/viralabs-dev/mudarro/internal/mudarro/ui_integration.go:217.3,218.13 2 6
github.com/viralabs-dev/mudarro/internal/mudarro/ui_integration.go:219.4,220.1 1 1
github.com/viralabs-dev/mudarro/internal/mudarro/ui_integration.go:222.2,223.42 2 18
github.com/viralabs-dev/mudarro/internal/mudarro/ui_integration.go:224.3,224.84 1 14436
github.com/viralabs-dev/mudarro/internal/mudarro/ui_integration.go:225.4,226.1 1 3
github.com/viralabs-dev/mudarro/internal/mudarro/ui_integration.go:227.3,227.11 1 14433
github.com/viralabs-dev/mudarro/internal/mudarro/ui_integration.go:229.2,229.25 1 18
github.com/viralabs-dev/mudarro/internal/mudarro/ui_integration.go:230.3,231.1 1 0
github.com/viralabs-dev/mudarro/internal/mudarro/ui_integration.go:232.2,232.15 1 18
github.com/viralabs-dev/mudarro/internal/mudarro/adapters/database_adapters.go:6.2,7.1 3 7
github.com/viralabs-dev/mudarro/internal/mudarro/adapters/database_adapters.go:8.2,9.1 3 7
github.com/viralabs-dev/mudarro/internal/mudarro/adapters/database_adapters.go:10.2,10.19 3 7
github.com/viralabs-dev/mudarro/internal/mudarro/adapters/database_adapters.go:11.3,11.30 1 28
github.com/viralabs-dev/mudarro/internal/mudarro/adapters/database_adapters.go:12.4,13.1 1 7
github.com/viralabs-dev/mudarro/internal/mudarro/adapters/database_adapters.go:15.2,15.10 1 7
github.com/viralabs-dev/mudarro/internal/mudarro/adapters/database_adapters.go:18.2,19.1 2 7
github.com/viralabs-dev/mudarro/internal/mudarro/adapters/database_adapters.go:20.2,23.266 2 7
github.com/viralabs-dev/mudarro/internal/mudarro/adapters/database_adapters.go:24.3,25.1 1 28
github.com/viralabs-dev/mudarro/internal/mudarro/adapters/database_adapters.go:27.2,27.19 1 7
github.com/viralabs-dev/mudarro/internal/mudarro/adapters/database_adapters.go:28.3,28.30 1 28
github.com/viralabs-dev/mudarro/internal/mudarro/adapters/database_adapters.go:29.4,30.1 1 7
github.com/viralabs-dev/mudarro/internal/mudarro/adapters/database_adapters.go:32.2,32.10 1 7
github.com/viralabs-dev/mudarro/internal/mudarro/adapters/database_adapters.go:35.2,36.1 3 6
github.com/viralabs-dev/mudarro/internal/mudarro/adapters/database_adapters.go:37.2,38.1 3 6
github.com/viralabs-dev/mudarro/internal/mudarro/adapters/database_adapters.go:39.2,39.19 3 6
github.com/viralabs-dev/mudarro/internal/mudarro/adapters/database_adapters.go:40.3,40.30 1 18
github.com/viralabs-dev/mudarro/internal/mudarro/adapters/database_adapters.go:41.4,42.1 1 0
github.com/viralabs-dev/mudarro/internal/mudarro/adapters/database_adapters.go:44.2,44.10 1 6
github.com/viralabs-dev/mudarro/internal/mudarro/adapters/database_adapters.go:47.2,49.1 4 8
github.com/viralabs-dev/mudarro/internal/mudarro/adapters/database_adapters.go:50.2,51.24 4 8
github.com/viralabs-dev/mudarro/internal/mudarro/adapters/database_adapters.go:52.3,53.1 1 1
github.com/viralabs-dev/mudarro/internal/mudarro/adapters/database_adapters.go:54.2,55.15 2 8
github.com/viralabs-dev/mudarro/internal/mudarro/adapters/database_adapters.go:56.3,57.1 1 3
github.com/viralabs-dev/mudarro/internal/mudarro/adapters/database_adapters.go:58.2,59.24 2 8
github.com/viralabs-dev/mudarro/internal/mudarro/adapters/database_adapters.go:60.3,61.16 2 1
github.com/viralabs-dev/mudarro/internal/mudarro/adapters/database_adapters.go:62.4,63.1 1 1
github.com/viralabs-dev/mudarro/internal/mudarro/adapters/database_adapters.go:65.2,66.1 2 8
github.com/viralabs-dev/mudarro/internal/mudarro/adapters/database_adapters.go:67.2,67.19 2 8
github.com/viralabs-dev/mudarro/internal/mudarro/adapters/database_adapters.go:68.3,68.30 1 32
github.com/viralabs-dev/mudarro/internal/mudarro/adapters/database_adapters.go:69.4,70.1 1 8
github.com/viralabs-dev/mudarro/internal/mudarro/adapters/database_adapters.go:72.2,72.10 1 8
github.com/viralabs-dev/mudarro/internal/mudarro/adapters/database_setup.go:7.2,8.25 2 144
github.com/viralabs-dev/mudarro/internal/mudarro/adapters/database_setup.go:10.3,10.20 1 7
github.com/viralabs-dev/mudarro/internal/mudarro/adapters/database_setup.go:12.4,12.86 1 0
github.com/viralabs-dev/mudarro/internal/mudarro/adapters/database_setup.go:14.4,14.86 1 0
github.com/viralabs-dev/mudarro/internal/mudarro/adapters/database_setup.go:16.4,16.97 1 7
github.com/viralabs-dev/mudarro/internal/mudarro/adapters/database_setup.go:19.3,20.35 2 28
github.com/viralabs-dev/mudarro/internal/mudarro/adapters/database_setup.go:21.4,22.1 1 6
github.com/viralabs-dev/mudarro/internal/mudarro/adapters/database_setup.go:23.3,23.38 1 28
github.com/viralabs-dev/mudarro/internal/mudarro/adapters/database_setup.go:24.4,25.1 1 11
github.com/viralabs-dev/mudarro/internal/mudarro/adapters/database_setup.go:26.3,27.24 2 28
github.com/viralabs-dev/mudarro/internal/mudarro/adapters/database_setup.go:28.4,29.1 1 14
github.com/viralabs-dev/mudarro/internal/mudarro/adapters/database_setup.go:30.3,30.28 1 28
github.com/viralabs-dev/mudarro/internal/mudarro/adapters/database_setup.go:31.4,32.1 1 5
github.com/viralabs-dev/mudarro/internal/mudarro/adapters/database_setup.go:33.3,33.64 1 28
github.com/viralabs-dev/mudarro/internal/mudarro/adapters/database_setup.go:35.3,35.98 1 8
github.com/viralabs-dev/mudarro/internal/mudarro/adapters/database_setup.go:37.2,38.56 2 144
github.com/viralabs-dev/mudarro/internal/mudarro/adapters/database_setup.go:39.3,40.1 1 0
github.com/viralabs-dev/mudarro/internal/mudarro/adapters/database_setup.go:41.2,41.27 1 144
github.com/viralabs-dev/mudarro/internal/mudarro/adapters/database_setup.go:42.3,43.1 1 43
github.com/viralabs-dev/mudarro/internal/mudarro/adapters/database_setup.go:44.2,44.96 1 144
github.com/viralabs-dev/mudarro/internal/mudarro/adapters/database_setup.go:45.3,45.72 1 0
github.com/viralabs-dev/mudarro/internal/mudarro/adapters/database_setup.go:46.4,49.1 3 0
github.com/viralabs-dev/mudarro/internal/mudarro/adapters/database_setup.go:51.2,51.10 1 144
github.com/viralabs-dev/mudarro/internal/mudarro/adapters/helpers.go:14.2,16.13 3 50
github.com/viralabs-dev/mudarro/internal/mudarro/adapters/helpers.go:17.3,18.1 1 42
github.com/viralabs-dev/mudarro/internal/mudarro/adapters/helpers.go:19.2,19.23 1 50
github.com/viralabs-dev/mudarro/internal/mudarro/adapters/helpers.go:22.2,23.1 1 50
github.com/viralabs-dev/mudarro/internal/mudarro/adapters/helpers.go:24.56,24.104 1 510
github.com/viralabs-dev/mudarro/internal/mudarro/adapters/helpers.go:28.53,28.75 1 17
github.com/viralabs-dev/mudarro/internal/mudarro/adapters/helpers.go:29.53,29.125 2 5
github.com/viralabs-dev/mudarro/internal/mudarro/adapters/helpers.go:30.53,30.101 1 28
github.com/viralabs-dev/mudarro/internal/mudarro/adapters/helpers.go:32.2,33.1 1 320
github.com/viralabs-dev/mudarro/internal/mudarro/adapters/helpers.go:35.2,36.1 1 14
github.com/viralabs-dev/mudarro/internal/mudarro/adapters/infrastructure_adapters.go:8.2,9.72 2 76
github.com/viralabs-dev/mudarro/internal/mudarro/adapters/infrastructure_adapters.go:10.3,11.109 2 380
github.com/viralabs-dev/mudarro/internal/mudarro/adapters/infrastructure_adapters.go:12.4,13.1 1 0
github.com/viralabs-dev/mudarro/internal/mudarro/adapters/infrastructure_adapters.go:14.3,14.19 1 380
github.com/viralabs-dev/mudarro/internal/mudarro/adapters/infrastructure_adapters.go:16.2,16.10 1 76
github.com/viralabs-dev/mudarro/internal/mudarro/adapters/infrastructure_adapters.go:19.2,22.25 4 37
github.com/viralabs-dev/mudarro/internal/mudarro/adapters/infrastructure_adapters.go:23.3,23.19 1 19
github.com/viralabs-dev/mudarro/internal/mudarro/adapters/infrastructure_adapters.go:24.4,25.1 1 2
github.com/viralabs-dev/mudarro/internal/mudarro/adapters/infrastructure_adapters.go:26.3,27.25 2 17
github.com/viralabs-dev/mudarro/internal/mudarro/adapters/infrastructure_adapters.go:30.4,31.1 1 6
github.com/viralabs-dev/mudarro/internal/mudarro/adapters/infrastructure_adapters.go:32.3,35.206 1 17
github.com/viralabs-dev/mudarro/internal/mudarro/adapters/infrastructure_adapters.go:36.4,38.1 2 102
github.com/viralabs-dev/mudarro/internal/mudarro/adapters/infrastructure_adapters.go:39.9,39.35 1 18
github.com/viralabs-dev/mudarro/internal/mudarro/adapters/infrastructure_adapters.go:40.3,40.20 1 18
github.com/viralabs-dev/mudarro/internal/mudarro/adapters/infrastructure_adapters.go:41.4,42.1 1 2
github.com/viralabs-dev/mudarro/internal/mudarro/adapters/infrastructure_adapters.go:43.3,44.17 2 16
github.com/viralabs-dev/mudarro/internal/mudarro/adapters/infrastructure_adapters.go:45.4,46.1 1 10
github.com/viralabs-dev/mudarro/internal/mudarro/adapters/infrastructure_adapters.go:47.3,49.17 3 16
github.com/viralabs-dev/mudarro/internal/mudarro/adapters/infrastructure_adapters.go:50.4,51.1 1 4
github.com/viralabs-dev/mudarro/internal/mudarro/adapters/infrastructure_adapters.go:52.3,54.128 3 16
github.com/viralabs-dev/mudarro/internal/mudarro/adapters/infrastructure_adapters.go:55.4,56.1 1 64
github.com/viralabs-dev/mudarro/internal/mudarro/adapters/infrastructure_adapters.go:58.3,59.1 1 0
github.com/viralabs-dev/mudarro/internal/mudarro/adapters/infrastructure_adapters.go:60.2,60.10 1 33
github.com/viralabs-dev/mudarro/internal/mudarro/adapters/infrastructure_adapters.go:63.2,64.58 2 17
github.com/viralabs-dev/mudarro/internal/mudarro/adapters/infrastructure_adapters.go:65.3,66.1 1 10
github.com/viralabs-dev/mudarro/internal/mudarro/adapters/infrastructure_adapters.go:67.2,69.22 3 7
github.com/viralabs-dev/mudarro/internal/mudarro/adapters/infrastructure_adapters.go:70.3,71.1 3 2
github.com/viralabs-dev/mudarro/internal/mudarro/adapters/infrastructure_adapters.go:72.3,74.1 3 2
github.com/viralabs-dev/mudarro/internal/mudarro/adapters/infrastructure_adapters.go:74.9,74.59 1 5
github.com/viralabs-dev/mudarro/internal/mudarro/adapters/infrastructure_adapters.go:75.3,76.28 2 5
github.com/viralabs-dev/mudarro/internal/mudarro/adapters/infrastructure_adapters.go:77.4,78.1 1 3
github.com/viralabs-dev/mudarro/internal/mudarro/adapters/infrastructure_adapters.go:79.3,80.1 3 5
github.com/viralabs-dev/mudarro/internal/mudarro/adapters/infrastructure_adapters.go:81.3,82.90 3 5
github.com/viralabs-dev/mudarro/internal/mudarro/adapters/infrastructure_adapters.go:84.3,85.1 1 0
github.com/viralabs-dev/mudarro/internal/mudarro/adapters/infrastructure_adapters.go:86.2,87.10 2 7
github.com/viralabs-dev/mudarro/internal/mudarro/adapters/language_adapters.go:18.2,18.24 1 58
github.com/viralabs-dev/mudarro/internal/mudarro/adapters/language_adapters.go:19.3,20.1 1 32
github.com/viralabs-dev/mudarro/internal/mudarro/adapters/language_adapters.go:21.2,22.14 2 26
github.com/viralabs-dev/mudarro/internal/mudarro/adapters/language_adapters.go:23.3,24.1 1 1
github.com/viralabs-dev/mudarro/internal/mudarro/adapters/language_adapters.go:25.2,31.1 2 25
github.com/viralabs-dev/mudarro/internal/mudarro/adapters/language_adapters.go:32.2,32.41 2 25
github.com/viralabs-dev/mudarro/internal/mudarro/adapters/language_adapters.go:33.3,34.1 1 0
github.com/viralabs-dev/mudarro/internal/mudarro/adapters/language_adapters.go:35.2,36.103 2 25
github.com/viralabs-dev/mudarro/internal/mudarro/adapters/language_adapters.go:37.3,38.1 1 2
github.com/viralabs-dev/mudarro/internal/mudarro/adapters/language_adapters.go:39.2,40.125 2 25
github.com/viralabs-dev/mudarro/internal/mudarro/adapters/language_adapters.go:41.3,41.13 1 75
github.com/viralabs-dev/mudarro/internal/mudarro/adapters/language_adapters.go:42.4,43.1 1 16
github.com/viralabs-dev/mudarro/internal/mudarro/adapters/language_adapters.go:45.2,45.28 1 25
github.com/viralabs-dev/mudarro/internal/mudarro/adapters/language_adapters.go:46.3,47.1 1 1
github.com/viralabs-dev/mudarro/internal/mudarro/adapters/language_adapters.go:47.9,47.31 1 24
github.com/viralabs-dev/mudarro/internal/mudarro/adapters/language_adapters.go:48.3,49.1 1 13
github.com/viralabs-dev/mudarro/internal/mudarro/adapters/language_adapters.go:49.9,49.31 1 11
github.com/viralabs-dev/mudarro/internal/mudarro/adapters/language_adapters.go:50.3,51.1 1 10
github.com/viralabs-dev/mudarro/internal/mudarro/adapters/language_adapters.go:52.2,52.49 1 25
github.com/viralabs-dev/mudarro/internal/mudarro/adapters/language_adapters.go:53.3,54.1 1 1
github.com/viralabs-dev/mudarro/internal/mudarro/adapters/language_adapters.go:55.2,55.72 1 25
github.com/viralabs-dev/mudarro/internal/mudarro/adapters/language_adapters.go:56.3,56.60 1 100
github.com/viralabs-dev/mudarro/internal/mudarro/adapters/language_adapters.go:57.4,58.9 2 0
github.com/viralabs-dev/mudarro/internal/mudarro/adapters/language_adapters.go:61.2,63.27 3 25
github.com/viralabs-dev/mudarro/internal/mudarro/adapters/language_adapters.go:64.3,65.1 1 55
github.com/viralabs-dev/mudarro/internal/mudarro/adapters/language_adapters.go:66.2,68.25 3 25
github.com/viralabs-dev/mudarro/internal/mudarro/adapters/language_adapters.go:69.3,71.1 2 55
github.com/viralabs-dev/mudarro/internal/mudarro/adapters/language_adapters.go:72.2,73.25 2 25
github.com/viralabs-dev/mudarro/internal/mudarro/adapters/language_adapters.go:74.3,75.36 2 55
github.com/viralabs-dev/mudarro/internal/mudarro/adapters/language_adapters.go:76.4,76.12 1 0
github.com/viralabs-dev/mudarro/internal/mudarro/adapters/language_adapters.go:78.3,78.27 1 55
github.com/viralabs-dev/mudarro/internal/mudarro/adapters/language_adapters.go:79.4,79.23 1 4
github.com/viralabs-dev/mudarro/internal/mudarro/adapters/language_adapters.go:80.5,82.1 2 2
github.com/viralabs-dev/mudarro/internal/mudarro/adapters/language_adapters.go:83.4,83.12 1 4
github.com/viralabs-dev/mudarro/internal/mudarro/adapters/language_adapters.go:85.3,86.99 2 51
github.com/viralabs-dev/mudarro/internal/mudarro/adapters/language_adapters.go:87.4,88.1 1 19
github.com/viralabs-dev/mudarro/internal/mudarro/adapters/language_adapters.go:89.3,89.49 1 51
github.com/viralabs-dev/mudarro/internal/mudarro/adapters/language_adapters.go:90.4,91.1 1 20
github.com/viralabs-dev/mudarro/internal/mudarro/adapters/language_adapters.go:92.3,94.44 3 51
github.com/viralabs-dev/mudarro/internal/mudarro/adapters/language_adapters.go:95.4,96.1 1 38
github.com/viralabs-dev/mudarro/internal/mudarro/adapters/language_adapters.go:98.2,98.21 1 25
github.com/viralabs-dev/mudarro/internal/mudarro/adapters/language_adapters.go:99.3,100.1 1 24
github.com/viralabs-dev/mudarro/internal/mudarro/adapters/language_adapters.go:101.2,101.39 1 25
github.com/viralabs-dev/mudarro/internal/mudarro/adapters/language_adapters.go:102.3,102.37 1 12
github.com/viralabs-dev/mudarro/internal/mudarro/adapters/language_adapters.go:103.4,104.1 1 6
github.com/viralabs-dev/mudarro/internal/mudarro/adapters/language_adapters.go:105.4,106.1 1 6
github.com/viralabs-dev/mudarro/internal/mudarro/adapters/language_adapters.go:108.2,108.28 1 25
github.com/viralabs-dev/mudarro/internal/mudarro/adapters/language_adapters.go:111.2,111.88 1 58
github.com/viralabs-dev/mudarro/internal/mudarro/adapters/language_adapters.go:112.3,113.1 1 43
github.com/viralabs-dev/mudarro/internal/mudarro/adapters/language_adapters.go:114.2,117.38 4 15
github.com/viralabs-dev/mudarro/internal/mudarro/adapters/language_adapters.go:118.3,120.1 2 1
github.com/viralabs-dev/mudarro/internal/mudarro/adapters/language_adapters.go:120.9,120.25 1 14
github.com/viralabs-dev/mudarro/internal/mudarro/adapters/language_adapters.go:121.3,122.1 1 5
github.com/viralabs-dev/mudarro/internal/mudarro/adapters/language_adapters.go:122.9,122.29 1 9
github.com/viralabs-dev/mudarro/internal/mudarro/adapters/language_adapters.go:123.3,124.1 1 4
github.com/viralabs-dev/mudarro/internal/mudarro/adapters/language_adapters.go:125.2,125.25 1 15
github.com/viralabs-dev/mudarro/internal/mudarro/adapters/language_adapters.go:126.3,127.15 2 2
github.com/viralabs-dev/mudarro/internal/mudarro/adapters/language_adapters.go:128.4,129.1 1 0
github.com/viralabs-dev/mudarro/internal/mudarro/adapters/language_adapters.go:130.3,139.1 2 2
github.com/viralabs-dev/mudarro/internal/mudarro/adapters/language_adapters.go:142.3,142.42 2 2
github.com/viralabs-dev/mudarro/internal/mudarro/adapters/language_adapters.go:143.4,144.1 1 1
github.com/viralabs-dev/mudarro/internal/mudarro/adapters/language_adapters.go:145.3,145.36 1 1
github.com/viralabs-dev/mudarro/internal/mudarro/adapters/language_adapters.go:146.4,147.1 1 1
github.com/viralabs-dev/mudarro/internal/mudarro/adapters/language_adapters.go:148.3,148.40 1 1
github.com/viralabs-dev/mudarro/internal/mudarro/adapters/language_adapters.go:149.4,150.1 1 0
github.com/viralabs-dev/mudarro/internal/mudarro/adapters/language_adapters.go:152.2,152.19 1 14
github.com/viralabs-dev/mudarro/internal/mudarro/adapters/language_adapters.go:154.3,154.60 1 5
github.com/viralabs-dev/mudarro/internal/mudarro/adapters/language_adapters.go:156.3,156.67 1 4
github.com/viralabs-dev/mudarro/internal/mudarro/adapters/language_adapters.go:158.3,159.28 2 4
github.com/viralabs-dev/mudarro/internal/mudarro/adapters/language_adapters.go:160.4,161.1 1 4
github.com/viralabs-dev/mudarro/internal/mudarro/adapters/language_adapters.go:162.4,163.1 1 0
github.com/viralabs-dev/mudarro/internal/mudarro/adapters/language_adapters.go:165.2,165.20 1 14
github.com/viralabs-dev/mudarro/internal/mudarro/adapters/language_adapters.go:166.3,169.1 3 12
github.com/viralabs-dev/mudarro/internal/mudarro/adapters/language_adapters.go:170.3,171.1 1 2
github.com/viralabs-dev/mudarro/internal/mudarro/adapters/language_adapters.go:172.2,172.28 1 14
github.com/viralabs-dev/mudarro/internal/mudarro/adapters/language_adapters.go:175.2,176.21 2 70
github.com/viralabs-dev/mudarro/internal/mudarro/adapters/language_adapters.go:177.3,178.1 1 40
github.com/viralabs-dev/mudarro/internal/mudarro/adapters/language_adapters.go:179.2,179.25 1 70
github.com/viralabs-dev/mudarro/internal/mudarro/adapters/language_adapters.go:180.3,181.1 1 8
github.com/viralabs-dev/mudarro/internal/mudarro/adapters/language_adapters.go:182.2,182.32 1 70
github.com/viralabs-dev/mudarro/internal/mudarro/adapters/language_adapters.go:185.2,185.18 1 58
github.com/viralabs-dev/mudarro/internal/mudarro/adapters/language_adapters.go:186.3,187.1 1 50
github.com/viralabs-dev/mudarro/internal/mudarro/adapters/language_adapters.go:188.2,195.78 8 8
github.com/viralabs-dev/mudarro/internal/mudarro/adapters/language_adapters.go:196.3,196.15 1 31
github.com/viralabs-dev/mudarro/internal/mudarro/adapters/language_adapters.go:197.4,198.1 1 0
github.com/viralabs-dev/mudarro/internal/mudarro/adapters/language_adapters.go:199.3,201.32 3 31
github.com/viralabs-dev/mudarro/internal/mudarro/adapters/language_adapters.go:202.4,203.113 2 0
github.com/viralabs-dev/mudarro/internal/mudarro/adapters/language_adapters.go:204.5,204.18 1 0
github.com/viralabs-dev/mudarro/internal/mudarro/adapters/language_adapters.go:205.6,206.1 1 0
github.com/viralabs-dev/mudarro/internal/mudarro/adapters/language_adapters.go:207.5,207.15 1 0
github.com/viralabs-dev/mudarro/internal/mudarro/adapters/language_adapters.go:210.3,210.16 1 31
github.com/viralabs-dev/mudarro/internal/mudarro/adapters/language_adapters.go:211.4,211.82 1 13
github.com/viralabs-dev/mudarro/internal/mudarro/adapters/language_adapters.go:212.5,213.1 1 1
github.com/viralabs-dev/mudarro/internal/mudarro/adapters/language_adapters.go:214.4,214.14 1 12
github.com/viralabs-dev/mudarro/internal/mudarro/adapters/language_adapters.go:216.3,216.109 1 18
github.com/viralabs-dev/mudarro/internal/mudarro/adapters/language_adapters.go:217.4,218.1 1 10
github.com/viralabs-dev/mudarro/internal/mudarro/adapters/language_adapters.go:219.3,220.40 2 8
github.com/viralabs-dev/mudarro/internal/mudarro/adapters/language_adapters.go:221.4,222.1 1 8
github.com/viralabs-dev/mudarro/internal/mudarro/adapters/language_adapters.go:223.3,223.13 1 8
github.com/viralabs-dev/mudarro/internal/mudarro/adapters/language_adapters.go:225.2,225.14 1 8
github.com/viralabs-dev/mudarro/internal/mudarro/adapters/language_adapters.go:226.3,227.1 1 0
github.com/viralabs-dev/mudarro/internal/mudarro/adapters/language_adapters.go:228.2,228.23 1 8
github.com/viralabs-dev/mudarro/internal/mudarro/adapters/language_adapters.go:229.3,229.26 1 6
github.com/viralabs-dev/mudarro/internal/mudarro/adapters/language_adapters.go:230.4,231.1 1 6
github.com/viralabs-dev/mudarro/internal/mudarro/adapters/language_adapters.go:233.3,234.1 1 2
github.com/viralabs-dev/mudarro/internal/mudarro/adapters/language_adapters.go:235.2,235.20 1 8
github.com/viralabs-dev/mudarro/internal/mudarro/executor/context_unix.go:23.2,23.37 1 8
github.com/viralabs-dev/mudarro/internal/mudarro/executor/context_unix.go:24.3,25.1 1 2
github.com/viralabs-dev/mudarro/internal/mudarro/executor/context_unix.go:26.2,27.16 2 6
github.com/viralabs-dev/mudarro/internal/mudarro/executor/context_unix.go:28.3,29.1 1 1
github.com/viralabs-dev/mudarro/internal/mudarro/executor/context_unix.go:30.2,38.26 9 6
github.com/viralabs-dev/mudarro/internal/mudarro/executor/context_unix.go:39.3,39.24 1 3
github.com/viralabs-dev/mudarro/internal/mudarro/executor/context_unix.go:40.4,41.43 2 3
github.com/viralabs-dev/mudarro/internal/mudarro/executor/context_unix.go:42.5,44.1 2 0
github.com/viralabs-dev/mudarro/internal/mudarro/executor/context_unix.go:45.4,45.24 1 3
github.com/viralabs-dev/mudarro/internal/mudarro/executor/context_unix.go:46.5,47.1 1 0
github.com/viralabs-dev/mudarro/internal/mudarro/executor/context_unix.go:48.4,49.48 2 3
github.com/viralabs-dev/mudarro/internal/mudarro/executor/context_unix.go:49.50,49.112 2 3
github.com/viralabs-dev/mudarro/internal/mudarro/executor/context_unix.go:51.3,51.19 1 3
github.com/viralabs-dev/mudarro/internal/mudarro/executor/context_unix.go:53.2,53.28 1 6
github.com/viralabs-dev/mudarro/internal/mudarro/executor/context_unix.go:54.3,54.40 1 6
github.com/viralabs-dev/mudarro/internal/mudarro/executor/context_unix.go:55.4,56.1 1 1
github.com/viralabs-dev/mudarro/internal/mudarro/executor/context_unix.go:57.3,57.10 1 6
github.com/viralabs-dev/mudarro/internal/mudarro/executor/context_unix.go:59.4,59.12 1 3
github.com/viralabs-dev/mudarro/internal/mudarro/executor/context_unix.go:60.11,60.11 0 3
github.com/viralabs-dev/mudarro/internal/mudarro/executor/context_unix.go:63.2,63.23 1 6
github.com/viralabs-dev/mudarro/internal/mudarro/executor/context_unix.go:66.2,67.16 2 5
github.com/viralabs-dev/mudarro/internal/mudarro/executor/context_unix.go:68.3,69.1 1 2
github.com/viralabs-dev/mudarro/internal/mudarro/executor/context_unix.go:70.2,75.12 6 3
github.com/viralabs-dev/mudarro/internal/mudarro/executor/context_unix.go:78.2,79.16 2 3
github.com/viralabs-dev/mudarro/internal/mudarro/executor/context_unix.go:80.3,81.1 1 0
github.com/viralabs-dev/mudarro/internal/mudarro/executor/context_unix.go:82.2,84.18 3 3
github.com/viralabs-dev/mudarro/internal/mudarro/executor/os.go:12.2,12.37 1 7
github.com/viralabs-dev/mudarro/internal/mudarro/executor/os.go:13.3,14.1 1 3
github.com/viralabs-dev/mudarro/internal/mudarro/executor/os.go:15.2,20.16 6 4
github.com/viralabs-dev/mudarro/internal/mudarro/executor/os.go:23.2,23.37 1 3
github.com/viralabs-dev/mudarro/internal/mudarro/executor/os.go:24.3,25.1 1 3
github.com/viralabs-dev/mudarro/internal/mudarro/executor/os.go:26.2,28.19 3 0
github.com/viralabs-dev/mudarro/internal/mudarro/projectfs/path.go:12.2,12.38 1 1293
github.com/viralabs-dev/mudarro/internal/mudarro/projectfs/path.go:13.3,14.1 1 0
github.com/viralabs-dev/mudarro/internal/mudarro/projectfs/path.go:15.2,16.80 2 1293
github.com/viralabs-dev/mudarro/internal/mudarro/projectfs/path.go:17.3,18.1 1 5
github.com/viralabs-dev/mudarro/internal/mudarro/projectfs/path.go:19.2,20.72 2 1288
github.com/viralabs-dev/mudarro/internal/mudarro/projectfs/path.go:21.3,23.50 3 2681
github.com/viralabs-dev/mudarro/internal/mudarro/projectfs/path.go:24.4,25.1 1 4
github.com/viralabs-dev/mudarro/internal/mudarro/projectfs/path.go:26.3,26.40 1 2677
github.com/viralabs-dev/mudarro/internal/mudarro/projectfs/path.go:27.4,28.1 1 0
github.com/viralabs-dev/mudarro/internal/mudarro/projectfs/path.go:30.2,30.40 1 1284
github.com/viralabs-dev/mudarro/internal/mudarro/projectfs/path.go:34.2,35.14 2 56
github.com/viralabs-dev/mudarro/internal/mudarro/projectfs/path.go:36.3,37.1 1 0
github.com/viralabs-dev/mudarro/internal/mudarro/projectfs/path.go:38.2,39.14 2 56
github.com/viralabs-dev/mudarro/internal/mudarro/projectfs/path.go:40.3,41.1 1 0
github.com/viralabs-dev/mudarro/internal/mudarro/projectfs/path.go:42.2,42.23 1 56
github.com/viralabs-dev/mudarro/internal/mudarro/projectfs/path.go:43.3,44.1 1 1
github.com/viralabs-dev/mudarro/internal/mudarro/projectfs/path.go:45.2,45.23 1 55
github.com/viralabs-dev/mudarro/internal/mudarro/terminal/banner.go:10.34,10.63 1 0
github.com/viralabs-dev/mudarro/internal/mudarro/terminal/banner.go:13.2,15.28 3 15
github.com/viralabs-dev/mudarro/internal/mudarro/terminal/banner.go:16.3,16.30 1 108
github.com/viralabs-dev/mudarro/internal/mudarro/terminal/banner.go:17.4,18.1 1 0
github.com/viralabs-dev/mudarro/internal/mudarro/terminal/banner.go:20.2,22.17 3 15
github.com/viralabs-dev/mudarro/internal/mudarro/terminal/banner.go:23.3,24.1 1 0
github.com/viralabs-dev/mudarro/internal/mudarro/terminal/banner.go:25.2,25.18 1 15
github.com/viralabs-dev/mudarro/internal/mudarro/terminal/banner.go:26.3,27.1 1 15
github.com/viralabs-dev/mudarro/internal/mudarro/terminal/banner.go:28.2,28.57 1 15
github.com/viralabs-dev/mudarro/internal/mudarro/terminal/banner.go:29.3,30.25 2 16
github.com/viralabs-dev/mudarro/internal/mudarro/terminal/banner.go:31.4,32.1 1 15
github.com/viralabs-dev/mudarro/internal/mudarro/terminal/banner.go:33.3,33.32 1 16
github.com/viralabs-dev/mudarro/internal/mudarro/terminal/banner.go:34.4,34.41 1 80
github.com/viralabs-dev/mudarro/internal/mudarro/terminal/banner.go:35.5,36.12 2 540
github.com/viralabs-dev/mudarro/internal/mudarro/terminal/banner.go:37.6,38.1 1 0
github.com/viralabs-dev/mudarro/internal/mudarro/terminal/banner.go:39.5,40.23 2 540
github.com/viralabs-dev/mudarro/internal/mudarro/terminal/banner.go:42.4,42.23 1 80
github.com/viralabs-dev/mudarro/internal/mudarro/terminal/banner.go:45.2,46.21 2 15
github.com/viralabs-dev/mudarro/internal/mudarro/terminal/frame.go:26.2,26.21 1 4
github.com/viralabs-dev/mudarro/internal/mudarro/terminal/frame.go:27.3,28.1 1 0
github.com/viralabs-dev/mudarro/internal/mudarro/terminal/frame.go:29.2,30.94 2 4
github.com/viralabs-dev/mudarro/internal/mudarro/terminal/frame.go:31.3,32.1 1 1
github.com/viralabs-dev/mudarro/internal/mudarro/terminal/frame.go:33.2,35.54 3 3
github.com/viralabs-dev/mudarro/internal/mudarro/terminal/frame.go:36.3,37.1 1 0
github.com/viralabs-dev/mudarro/internal/mudarro/terminal/frame.go:38.2,42.88 5 3
github.com/viralabs-dev/mudarro/internal/mudarro/terminal/frame.go:43.3,46.1 3 0
github.com/viralabs-dev/mudarro/internal/mudarro/terminal/frame.go:47.2,48.18 2 3
github.com/viralabs-dev/mudarro/internal/mudarro/terminal/frame.go:51.2,52.14 2 5
github.com/viralabs-dev/mudarro/internal/mudarro/terminal/frame.go:53.3,54.1 1 0
github.com/viralabs-dev/mudarro/internal/mudarro/terminal/frame.go:55.2,57.14 3 5
github.com/viralabs-dev/mudarro/internal/mudarro/terminal/frame.go:58.3,59.1 1 2
github.com/viralabs-dev/mudarro/internal/mudarro/terminal/frame.go:60.2,61.86 2 3
github.com/viralabs-dev/mudarro/internal/mudarro/terminal/frame.go:64.2,65.14 2 60
github.com/viralabs-dev/mudarro/internal/mudarro/terminal/frame.go:66.3,67.1 1 60
github.com/viralabs-dev/mudarro/internal/mudarro/terminal/frame.go:68.2,70.18 3 0
github.com/viralabs-dev/mudarro/internal/mudarro/terminal/frame.go:73.2,74.14 2 4
github.com/viralabs-dev/mudarro/internal/mudarro/terminal/frame.go:75.3,76.1 1 0
github.com/viralabs-dev/mudarro/internal/mudarro/terminal/frame.go:77.2,79.15 3 4
github.com/viralabs-dev/mudarro/internal/mudarro/terminal/frame.go:80.3,81.1 1 4
github.com/viralabs-dev/mudarro/internal/mudarro/terminal/frame.go:82.2,82.33 1 4
github.com/viralabs-dev/mudarro/internal/mudarro/terminal/frame.go:85.2,86.14 2 2
github.com/viralabs-dev/mudarro/internal/mudarro/terminal/frame.go:87.3,88.30 2 1
github.com/viralabs-dev/mudarro/internal/mudarro/terminal/frame.go:89.4,90.1 1 1
github.com/viralabs-dev/mudarro/internal/mudarro/terminal/frame.go:91.3,91.9 1 1
github.com/viralabs-dev/mudarro/internal/mudarro/terminal/frame.go:93.2,95.14 3 1
github.com/viralabs-dev/mudarro/internal/mudarro/terminal/frame.go:96.3,97.1 1 0
github.com/viralabs-dev/mudarro/internal/mudarro/terminal/frame.go:98.2,99.30 2 1
github.com/viralabs-dev/mudarro/internal/mudarro/terminal/frame.go:102.2,103.14 2 2
github.com/viralabs-dev/mudarro/internal/mudarro/terminal/frame.go:104.3,105.1 1 0
github.com/viralabs-dev/mudarro/internal/mudarro/terminal/frame.go:106.2,109.15 4 2
github.com/viralabs-dev/mudarro/internal/mudarro/terminal/frame.go:110.3,112.1 2 2
github.com/viralabs-dev/mudarro/internal/mudarro/terminal/frame.go:113.2,113.57 1 2
github.com/viralabs-dev/mudarro/internal/mudarro/terminal/frame.go:117.2,118.34 2 25
github.com/viralabs-dev/mudarro/internal/mudarro/terminal/frame.go:119.3,120.17 2 0
github.com/viralabs-dev/mudarro/internal/mudarro/terminal/frame.go:121.4,122.1 1 0
github.com/viralabs-dev/mudarro/internal/mudarro/terminal/frame.go:124.2,130.37 7 25
github.com/viralabs-dev/mudarro/internal/mudarro/terminal/frame.go:131.3,132.16 2 2
github.com/viralabs-dev/mudarro/internal/mudarro/terminal/frame.go:133.4,134.1 1 0
github.com/viralabs-dev/mudarro/internal/mudarro/terminal/frame.go:136.2,136.14 1 25
github.com/viralabs-dev/mudarro/internal/mudarro/terminal/frame.go:137.3,138.1 1 1
github.com/viralabs-dev/mudarro/internal/mudarro/terminal/frame.go:139.2,139.14 1 25
github.com/viralabs-dev/mudarro/internal/mudarro/terminal/frame.go:140.3,141.16 2 1
github.com/viralabs-dev/mudarro/internal/mudarro/terminal/frame.go:142.4,143.1 1 1
github.com/viralabs-dev/mudarro/internal/mudarro/terminal/frame.go:145.2,150.14 6 25
github.com/viralabs-dev/mudarro/internal/mudarro/terminal/frame.go:151.3,152.1 1 19
github.com/viralabs-dev/mudarro/internal/mudarro/terminal/frame.go:153.2,154.1 3 6
github.com/viralabs-dev/mudarro/internal/mudarro/terminal/frame.go:155.2,156.35 3 6
github.com/viralabs-dev/mudarro/internal/mudarro/terminal/frame.go:157.3,158.1 1 104
github.com/viralabs-dev/mudarro/internal/mudarro/terminal/frame.go:159.2,159.34 1 6
github.com/viralabs-dev/mudarro/internal/mudarro/terminal/frame.go:160.3,161.1 1 35
github.com/viralabs-dev/mudarro/internal/mudarro/terminal/frame.go:162.2,162.16 1 6
github.com/viralabs-dev/mudarro/internal/mudarro/terminal/frame.go:163.3,164.1 1 5
github.com/viralabs-dev/mudarro/internal/mudarro/terminal/frame.go:165.2,165.14 1 6
github.com/viralabs-dev/mudarro/internal/mudarro/terminal/frame.go:168.2,170.20 3 6
github.com/viralabs-dev/mudarro/internal/mudarro/terminal/frame.go:171.3,172.1 1 5
github.com/viralabs-dev/mudarro/internal/mudarro/terminal/frame.go:173.2,174.77 2 6
github.com/viralabs-dev/mudarro/internal/mudarro/terminal/frame.go:177.2,177.19 1 18
github.com/viralabs-dev/mudarro/internal/mudarro/terminal/frame.go:178.3,179.1 1 0
github.com/viralabs-dev/mudarro/internal/mudarro/terminal/frame.go:180.2,180.48 1 18
github.com/viralabs-dev/mudarro/internal/mudarro/terminal/frame.go:181.3,182.1 1 223
github.com/viralabs-dev/mudarro/internal/mudarro/terminal/frame.go:183.2,184.32 2 18
github.com/viralabs-dev/mudarro/internal/mudarro/terminal/frame.go:185.3,185.24 1 58
github.com/viralabs-dev/mudarro/internal/mudarro/terminal/frame.go:186.4,186.9 1 0
github.com/viralabs-dev/mudarro/internal/mudarro/terminal/frame.go:188.3,188.74 1 58
github.com/viralabs-dev/mudarro/internal/mudarro/terminal/frame.go:190.2,191.27 2 18
github.com/viralabs-dev/mudarro/internal/mudarro/terminal/frame.go:192.3,193.1 1 1
github.com/viralabs-dev/mudarro/internal/mudarro/terminal/frame.go:194.2,194.13 1 18
github.com/viralabs-dev/mudarro/internal/mudarro/terminal/frame.go:195.3,196.1 1 0
github.com/viralabs-dev/mudarro/internal/mudarro/terminal/frame.go:197.2,197.39 1 18
github.com/viralabs-dev/mudarro/internal/mudarro/terminal/frame.go:213.2,216.46 4 16
github.com/viralabs-dev/mudarro/internal/mudarro/terminal/frame.go:217.3,218.1 1 1
github.com/viralabs-dev/mudarro/internal/mudarro/terminal/frame.go:219.2,219.22 1 15
github.com/viralabs-dev/mudarro/internal/mudarro/terminal/frame.go:220.3,221.1 1 102783
github.com/viralabs-dev/mudarro/internal/mudarro/terminal/frame.go:222.2,225.19 4 15
github.com/viralabs-dev/mudarro/internal/mudarro/terminal/frame.go:226.3,227.1 1 0
github.com/viralabs-dev/mudarro/internal/mudarro/terminal/frame.go:228.2,228.28 1 15
github.com/viralabs-dev/mudarro/internal/mudarro/terminal/frame.go:229.3,230.1 1 1
github.com/viralabs-dev/mudarro/internal/mudarro/terminal/frame.go:231.2,232.20 2 15
github.com/viralabs-dev/mudarro/internal/mudarro/terminal/frame.go:235.2,235.16 1 102783
github.com/viralabs-dev/mudarro/internal/mudarro/terminal/frame.go:236.3,236.16 1 1
github.com/viralabs-dev/mudarro/internal/mudarro/terminal/frame.go:237.4,238.1 1 0
github.com/viralabs-dev/mudarro/internal/mudarro/terminal/frame.go:239.3,239.21 1 1
github.com/viralabs-dev/mudarro/internal/mudarro/terminal/frame.go:241.2,241.17 1 102783
github.com/viralabs-dev/mudarro/internal/mudarro/terminal/frame.go:243.3,243.12 1 3
github.com/viralabs-dev/mudarro/internal/mudarro/terminal/frame.go:245.4,245.15 1 1
github.com/viralabs-dev/mudarro/internal/mudarro/terminal/frame.go:247.4,247.15 1 1
github.com/viralabs-dev/mudarro/internal/mudarro/terminal/frame.go:249.4,249.15 1 1
github.com/viralabs-dev/mudarro/internal/mudarro/terminal/frame.go:251.4,251.15 1 0
github.com/viralabs-dev/mudarro/internal/mudarro/terminal/frame.go:253.4,253.15 1 0
github.com/viralabs-dev/mudarro/internal/mudarro/terminal/frame.go:255.3,255.9 1 3
github.com/viralabs-dev/mudarro/internal/mudarro/terminal/frame.go:257.3,257.29 1 2
github.com/viralabs-dev/mudarro/internal/mudarro/terminal/frame.go:258.4,259.1 1 1
github.com/viralabs-dev/mudarro/internal/mudarro/terminal/frame.go:259.10,259.21 1 1
github.com/viralabs-dev/mudarro/internal/mudarro/terminal/frame.go:260.4,261.1 1 0
github.com/viralabs-dev/mudarro/internal/mudarro/terminal/frame.go:262.3,262.9 1 2
github.com/viralabs-dev/mudarro/internal/mudarro/terminal/frame.go:264.3,264.13 1 21
github.com/viralabs-dev/mudarro/internal/mudarro/terminal/frame.go:265.4,266.1 1 0
github.com/viralabs-dev/mudarro/internal/mudarro/terminal/frame.go:266.10,266.21 1 21
github.com/viralabs-dev/mudarro/internal/mudarro/terminal/frame.go:267.4,268.1 1 1
github.com/viralabs-dev/mudarro/internal/mudarro/terminal/frame.go:269.3,269.9 1 21
github.com/viralabs-dev/mudarro/internal/mudarro/terminal/frame.go:271.3,271.14 1 16
github.com/viralabs-dev/mudarro/internal/mudarro/terminal/frame.go:272.4,273.1 1 1
github.com/viralabs-dev/mudarro/internal/mudarro/terminal/frame.go:274.3,274.9 1 16
github.com/viralabs-dev/mudarro/internal/mudarro/terminal/frame.go:276.3,276.16 1 1
github.com/viralabs-dev/mudarro/internal/mudarro/terminal/frame.go:277.4,278.1 1 1
github.com/viralabs-dev/mudarro/internal/mudarro/terminal/frame.go:278.10,278.20 1 0
github.com/viralabs-dev/mudarro/internal/mudarro/terminal/frame.go:279.4,280.1 1 0
github.com/viralabs-dev/mudarro/internal/mudarro/terminal/frame.go:280.10,280.21 1 0
github.com/viralabs-dev/mudarro/internal/mudarro/terminal/frame.go:281.4,282.1 1 0
github.com/viralabs-dev/mudarro/internal/mudarro/terminal/frame.go:283.3,283.9 1 1
github.com/viralabs-dev/mudarro/internal/mudarro/terminal/frame.go:285.3,285.16 1 1
github.com/viralabs-dev/mudarro/internal/mudarro/terminal/frame.go:286.4,287.1 1 1
github.com/viralabs-dev/mudarro/internal/mudarro/terminal/frame.go:287.10,287.21 1 0
github.com/viralabs-dev/mudarro/internal/mudarro/terminal/frame.go:288.4,289.1 1 0
github.com/viralabs-dev/mudarro/internal/mudarro/terminal/frame.go:290.3,290.9 1 1
github.com/viralabs-dev/mudarro/internal/mudarro/terminal/frame.go:292.2,292.13 1 102739
github.com/viralabs-dev/mudarro/internal/mudarro/terminal/frame.go:293.3,296.1 3 3
github.com/viralabs-dev/mudarro/internal/mudarro/terminal/frame.go:297.2,297.22 1 102736
github.com/viralabs-dev/mudarro/internal/mudarro/terminal/frame.go:298.3,298.12 1 102734
github.com/viralabs-dev/mudarro/internal/mudarro/terminal/frame.go:300.4,302.28 3 303
github.com/viralabs-dev/mudarro/internal/mudarro/terminal/frame.go:303.5,304.1 1 47
github.com/viralabs-dev/mudarro/internal/mudarro/terminal/frame.go:305.4,305.10 1 303
github.com/viralabs-dev/mudarro/internal/mudarro/terminal/frame.go:307.4,308.10 2 1
github.com/viralabs-dev/mudarro/internal/mudarro/terminal/frame.go:310.4,310.20 1 0
github.com/viralabs-dev/mudarro/internal/mudarro/terminal/frame.go:311.5,313.1 2 0
github.com/viralabs-dev/mudarro/internal/mudarro/terminal/frame.go:314.4,314.10 1 0
github.com/viralabs-dev/mudarro/internal/mudarro/terminal/frame.go:316.4,317.10 2 0
github.com/viralabs-dev/mudarro/internal/mudarro/terminal/frame.go:319.3,319.25 1 102430
github.com/viralabs-dev/mudarro/internal/mudarro/terminal/frame.go:320.4,321.1 1 0
github.com/viralabs-dev/mudarro/internal/mudarro/terminal/frame.go:323.2,324.28 2 102432
github.com/viralabs-dev/mudarro/internal/mudarro/terminal/frame.go:325.3,326.1 1 2
github.com/viralabs-dev/mudarro/internal/mudarro/terminal/frame.go:327.2,329.38 3 102430
github.com/viralabs-dev/mudarro/internal/mudarro/terminal/frame.go:330.3,331.1 1 0
github.com/viralabs-dev/mudarro/internal/mudarro/terminal/frame.go:332.2,332.55 1 102430
github.com/viralabs-dev/mudarro/internal/mudarro/terminal/frame.go:333.3,334.1 1 0
github.com/viralabs-dev/mudarro/internal/mudarro/terminal/frame.go:335.2,335.25 1 102430
github.com/viralabs-dev/mudarro/internal/mudarro/terminal/frame.go:338.2,338.32 1 102430
github.com/viralabs-dev/mudarro/internal/mudarro/terminal/frame.go:339.3,340.1 1 6526
github.com/viralabs-dev/mudarro/internal/mudarro/terminal/frame_unix.go:13.2,15.12 3 31
github.com/viralabs-dev/mudarro/internal/mudarro/terminal/frame_unix.go:16.3,17.1 1 0
github.com/viralabs-dev/mudarro/internal/mudarro/terminal/frame_unix.go:18.2,19.16 2 31
github.com/viralabs-dev/mudarro/internal/mudarro/terminal/frame_unix.go:20.3,21.1 1 0
github.com/viralabs-dev/mudarro/internal/mudarro/terminal/frame_unix.go:22.2,22.17 1 31
github.com/viralabs-dev/mudarro/internal/mudarro/terminal/frame_unix.go:23.3,24.1 1 0
github.com/viralabs-dev/mudarro/internal/mudarro/terminal/frame_unix.go:25.2,25.28 1 31
github.com/viralabs-dev/mudarro/internal/mudarro/terminal/interactive.go:22.2,23.13 2 0
github.com/viralabs-dev/mudarro/internal/mudarro/terminal/interactive.go:24.3,25.1 1 0
github.com/viralabs-dev/mudarro/internal/mudarro/terminal/interactive.go:26.2,26.13 1 0
github.com/viralabs-dev/mudarro/internal/mudarro/terminal/interactive.go:28.3,28.17 1 0
github.com/viralabs-dev/mudarro/internal/mudarro/terminal/interactive.go:30.3,30.16 1 0
github.com/viralabs-dev/mudarro/internal/mudarro/terminal/interactive.go:31.4,32.1 1 0
github.com/viralabs-dev/mudarro/internal/mudarro/terminal/interactive.go:34.3,34.20 1 0
github.com/viralabs-dev/mudarro/internal/mudarro/terminal/interactive.go:36.3,37.15 2 0
github.com/viralabs-dev/mudarro/internal/mudarro/terminal/interactive.go:39.3,39.16 1 0
github.com/viralabs-dev/mudarro/internal/mudarro/terminal/interactive.go:40.4,42.1 2 0
github.com/viralabs-dev/mudarro/internal/mudarro/terminal/interactive.go:44.3,44.16 1 0
github.com/viralabs-dev/mudarro/internal/mudarro/terminal/interactive.go:45.4,47.1 2 0
github.com/viralabs-dev/mudarro/internal/mudarro/terminal/interactive.go:49.3,49.19 1 0
github.com/viralabs-dev/mudarro/internal/mudarro/terminal/interactive.go:51.3,51.19 1 0
github.com/viralabs-dev/mudarro/internal/mudarro/terminal/interactive.go:53.3,53.15 1 0
github.com/viralabs-dev/mudarro/internal/mudarro/terminal/interactive.go:55.3,55.17 1 0
github.com/viralabs-dev/mudarro/internal/mudarro/terminal/interactive.go:57.3,57.16 1 0
github.com/viralabs-dev/mudarro/internal/mudarro/terminal/interactive.go:59.3,59.16 1 0
github.com/viralabs-dev/mudarro/internal/mudarro/terminal/interactive.go:61.3,61.65 1 0
github.com/viralabs-dev/mudarro/internal/mudarro/terminal/interactive.go:62.4,64.1 2 0
github.com/viralabs-dev/mudarro/internal/mudarro/terminal/interactive.go:66.2,66.18 1 0
github.com/viralabs-dev/mudarro/internal/mudarro/terminal/interactive.go:67.3,68.1 1 0
github.com/viralabs-dev/mudarro/internal/mudarro/terminal/interactive.go:69.2,69.20 1 0
github.com/viralabs-dev/mudarro/internal/mudarro/terminal/interactive.go:70.3,71.1 1 0
github.com/viralabs-dev/mudarro/internal/mudarro/terminal/interactive.go:72.2,72.17 1 0
github.com/viralabs-dev/mudarro/internal/mudarro/terminal/interactive.go:78.2,79.36 2 0
github.com/viralabs-dev/mudarro/internal/mudarro/terminal/interactive.go:80.3,81.1 1 0
github.com/viralabs-dev/mudarro/internal/mudarro/terminal/interactive.go:82.2,84.89 3 0
github.com/viralabs-dev/mudarro/internal/mudarro/terminal/interactive.go:85.3,86.1 1 0
github.com/viralabs-dev/mudarro/internal/mudarro/terminal/interactive.go:87.2,91.14 5 0
github.com/viralabs-dev/mudarro/internal/mudarro/terminal/interactive.go:92.3,93.1 1 0
github.com/viralabs-dev/mudarro/internal/mudarro/terminal/interactive.go:94.2,95.15 2 0
github.com/viralabs-dev/mudarro/internal/mudarro/terminal/interactive.go:96.3,96.33 1 0
github.com/viralabs-dev/mudarro/internal/mudarro/terminal/interactive.go:97.4,98.1 1 0
github.com/viralabs-dev/mudarro/internal/mudarro/terminal/interactive.go:100.2,101.22 2 0
github.com/viralabs-dev/mudarro/internal/mudarro/terminal/interactive.go:102.3,103.1 1 0
github.com/viralabs-dev/mudarro/internal/mudarro/terminal/interactive.go:104.2,105.11 2 0
github.com/viralabs-dev/mudarro/internal/mudarro/terminal/interactive.go:106.3,107.1 1 0
github.com/viralabs-dev/mudarro/internal/mudarro/terminal/interactive.go:108.2,108.15 1 0
github.com/viralabs-dev/mudarro/internal/mudarro/terminal/interactive.go:109.3,109.12 1 0
github.com/viralabs-dev/mudarro/internal/mudarro/terminal/interactive.go:110.4,111.1 1 0
github.com/viralabs-dev/mudarro/internal/mudarro/terminal/interactive.go:112.3,113.23 2 0
github.com/viralabs-dev/mudarro/internal/mudarro/terminal/interactive.go:114.4,115.1 1 0
github.com/viralabs-dev/mudarro/internal/mudarro/terminal/interactive.go:117.2,122.6 6 0
github.com/viralabs-dev/mudarro/internal/mudarro/terminal/interactive.go:123.3,123.10 1 0
github.com/viralabs-dev/mudarro/internal/mudarro/terminal/interactive.go:125.4,125.60 1 0
github.com/viralabs-dev/mudarro/internal/mudarro/terminal/interactive.go:126.11,126.11 0 0
github.com/viralabs-dev/mudarro/internal/mudarro/terminal/interactive.go:128.3,130.22 3 0
github.com/viralabs-dev/mudarro/internal/mudarro/terminal/interactive.go:131.4,132.1 1 0
github.com/viralabs-dev/mudarro/internal/mudarro/terminal/interactive.go:133.3,133.16 1 0
github.com/viralabs-dev/mudarro/internal/mudarro/terminal/interactive.go:134.4,136.18 3 0
github.com/viralabs-dev/mudarro/internal/mudarro/terminal/interactive.go:137.5,138.1 1 0
github.com/viralabs-dev/mudarro/internal/mudarro/terminal/interactive.go:139.4,139.32 1 0
github.com/viralabs-dev/mudarro/internal/mudarro/terminal/interactive.go:140.5,141.1 1 0
github.com/viralabs-dev/mudarro/internal/mudarro/terminal/interactive.go:142.4,142.12 1 0
github.com/viralabs-dev/mudarro/internal/mudarro/terminal/interactive.go:144.3,146.16 3 0
github.com/viralabs-dev/mudarro/internal/mudarro/terminal/interactive.go:147.4,148.1 1 0
github.com/viralabs-dev/mudarro/internal/mudarro/terminal/interactive.go:149.3,149.22 1 0
github.com/viralabs-dev/mudarro/internal/mudarro/terminal/interactive.go:150.4,151.1 1 0
github.com/viralabs-dev/mudarro/internal/mudarro/terminal/interactive.go:152.3,153.32 2 0
github.com/viralabs-dev/mudarro/internal/mudarro/terminal/interactive.go:154.4,155.1 1 0
github.com/viralabs-dev/mudarro/internal/mudarro/terminal/interactive.go:156.3,157.15 2 0
github.com/viralabs-dev/mudarro/internal/mudarro/terminal/interactive.go:158.4,159.1 1 0
github.com/viralabs-dev/mudarro/internal/mudarro/terminal/interactive.go:160.3,161.55 2 0
github.com/viralabs-dev/mudarro/internal/mudarro/terminal/interactive.go:162.4,162.78 1 0
github.com/viralabs-dev/mudarro/internal/mudarro/terminal/interactive.go:163.5,164.1 1 0
github.com/viralabs-dev/mudarro/internal/mudarro/terminal/interactive.go:166.3,168.42 3 0
github.com/viralabs-dev/mudarro/internal/mudarro/terminal/interactive.go:169.4,170.27 2 0
github.com/viralabs-dev/mudarro/internal/mudarro/terminal/interactive.go:171.5,172.1 1 0
github.com/viralabs-dev/mudarro/internal/mudarro/terminal/interactive.go:173.4,173.93 1 0
github.com/viralabs-dev/mudarro/internal/mudarro/terminal/interactive.go:175.3,178.21 4 0
github.com/viralabs-dev/mudarro/internal/mudarro/terminal/interactive.go:179.4,179.36 1 0
github.com/viralabs-dev/mudarro/internal/mudarro/terminal/interactive.go:180.5,182.25 3 0
github.com/viralabs-dev/mudarro/internal/mudarro/terminal/interactive.go:183.6,184.1 1 0
github.com/viralabs-dev/mudarro/internal/mudarro/terminal/interactive.go:185.5,185.28 1 0
github.com/viralabs-dev/mudarro/internal/mudarro/terminal/interactive.go:186.6,188.22 3 0
github.com/viralabs-dev/mudarro/internal/mudarro/terminal/interactive.go:189.7,190.1 1 0
github.com/viralabs-dev/mudarro/internal/mudarro/terminal/interactive.go:192.6,194.29 3 0
github.com/viralabs-dev/mudarro/internal/mudarro/terminal/interactive.go:195.7,196.1 1 0
github.com/viralabs-dev/mudarro/internal/mudarro/terminal/interactive.go:197.6,197.61 1 0
github.com/viralabs-dev/mudarro/internal/mudarro/terminal/interactive.go:199.5,199.32 1 0
github.com/viralabs-dev/mudarro/internal/mudarro/terminal/interactive.go:202.3,202.22 1 0
github.com/viralabs-dev/mudarro/internal/mudarro/terminal/interactive.go:203.4,204.1 1 0
github.com/viralabs-dev/mudarro/internal/mudarro/terminal/interactive.go:205.4,206.31 2 0
github.com/viralabs-dev/mudarro/internal/mudarro/terminal/interactive.go:207.5,208.1 1 0
github.com/viralabs-dev/mudarro/internal/mudarro/terminal/interactive.go:211.3,213.21 3 0
github.com/viralabs-dev/mudarro/internal/mudarro/terminal/interactive.go:214.4,215.1 1 0
github.com/viralabs-dev/mudarro/internal/mudarro/terminal/interactive.go:216.3,216.16 1 0
github.com/viralabs-dev/mudarro/internal/mudarro/terminal/interactive.go:217.4,217.12 1 0
github.com/viralabs-dev/mudarro/internal/mudarro/terminal/interactive.go:219.3,219.39 1 0
github.com/viralabs-dev/mudarro/internal/mudarro/terminal/interactive.go:220.4,220.14 1 0
github.com/viralabs-dev/mudarro/internal/mudarro/terminal/interactive.go:221.5,221.13 1 0
github.com/viralabs-dev/mudarro/internal/mudarro/terminal/interactive.go:223.4,225.86 3 0
github.com/viralabs-dev/mudarro/internal/mudarro/terminal/interactive.go:226.5,226.21 1 0
github.com/viralabs-dev/mudarro/internal/mudarro/terminal/interactive.go:227.6,228.1 1 0
github.com/viralabs-dev/mudarro/internal/mudarro/terminal/interactive.go:229.5,229.33 1 0
github.com/viralabs-dev/mudarro/internal/mudarro/terminal/interactive.go:230.6,230.14 1 0
github.com/viralabs-dev/mudarro/internal/mudarro/terminal/interactive.go:232.5,232.23 1 0
github.com/viralabs-dev/mudarro/internal/mudarro/terminal/interactive.go:233.6,233.23 1 0
github.com/viralabs-dev/mudarro/internal/mudarro/terminal/interactive.go:234.7,235.1 1 0
github.com/viralabs-dev/mudarro/internal/mudarro/terminal/interactive.go:236.7,237.1 1 0
github.com/viralabs-dev/mudarro/internal/mudarro/terminal/interactive.go:239.6,239.22 1 0
github.com/viralabs-dev/mudarro/internal/mudarro/terminal/interactive.go:240.7,241.1 1 0
github.com/viralabs-dev/mudarro/internal/mudarro/terminal/interactive.go:242.6,242.81 1 0
github.com/viralabs-dev/mudarro/internal/mudarro/terminal/interactive.go:243.7,244.1 1 0
github.com/viralabs-dev/mudarro/internal/mudarro/terminal/interactive.go:245.6,245.57 1 0
github.com/viralabs-dev/mudarro/internal/mudarro/terminal/interactive.go:246.7,247.23 2 0
github.com/viralabs-dev/mudarro/internal/mudarro/terminal/interactive.go:248.8,249.1 1 0
github.com/viralabs-dev/mudarro/internal/mudarro/terminal/interactive.go:250.7,250.27 1 0
github.com/viralabs-dev/mudarro/internal/mudarro/terminal/interactive.go:251.8,252.1 1 0
github.com/viralabs-dev/mudarro/internal/mudarro/terminal/interactive.go:253.7,253.19 1 0
github.com/viralabs-dev/mudarro/internal/mudarro/terminal/interactive.go:254.8,255.1 1 0
github.com/viralabs-dev/mudarro/internal/mudarro/terminal/interactive.go:257.6,257.14 1 0
github.com/viralabs-dev/mudarro/internal/mudarro/terminal/interactive.go:260.5,260.13 1 0
github.com/viralabs-dev/mudarro/internal/mudarro/terminal/interactive.go:263.3,263.86 1 0
github.com/viralabs-dev/mudarro/internal/mudarro/terminal/interactive.go:264.4,265.23 2 0
github.com/viralabs-dev/mudarro/internal/mudarro/terminal/interactive.go:266.5,267.1 1 0
github.com/viralabs-dev/mudarro/internal/mudarro/terminal/interactive.go:268.4,268.75 1 0
github.com/viralabs-dev/mudarro/internal/mudarro/terminal/interactive.go:269.5,271.1 2 0
github.com/viralabs-dev/mudarro/internal/mudarro/terminal/interactive.go:272.5,273.1 1 0
github.com/viralabs-dev/mudarro/internal/mudarro/terminal/interactive.go:274.4,274.12 1 0
github.com/viralabs-dev/mudarro/internal/mudarro/terminal/interactive.go:276.3,276.38 1 0
github.com/viralabs-dev/mudarro/internal/mudarro/terminal/interactive.go:277.4,278.12 2 0
github.com/viralabs-dev/mudarro/internal/mudarro/terminal/interactive.go:280.3,282.83 3 0
github.com/viralabs-dev/mudarro/internal/mudarro/terminal/interactive.go:283.4,284.1 1 0
github.com/viralabs-dev/mudarro/internal/mudarro/terminal/interactive.go:289.2,289.6 1 0
github.com/viralabs-dev/mudarro/internal/mudarro/terminal/interactive.go:290.3,290.43 1 0
github.com/viralabs-dev/mudarro/internal/mudarro/terminal/interactive.go:291.4,293.13 3 0
github.com/viralabs-dev/mudarro/internal/mudarro/terminal/interactive.go:295.5,295.54 1 0
github.com/viralabs-dev/mudarro/internal/mudarro/terminal/interactive.go:297.5,297.30 1 0
github.com/viralabs-dev/mudarro/internal/mudarro/terminal/interactive.go:299.5,299.28 1 0
github.com/viralabs-dev/mudarro/internal/mudarro/terminal/interactive.go:301.4,301.31 1 0
github.com/viralabs-dev/mudarro/internal/mudarro/terminal/interactive.go:303.3,303.44 1 0
github.com/viralabs-dev/mudarro/internal/mudarro/terminal/interactive.go:304.4,304.38 1 0
github.com/viralabs-dev/mudarro/internal/mudarro/terminal/interactive.go:305.5,306.31 2 0
github.com/viralabs-dev/mudarro/internal/mudarro/terminal/interactive.go:307.6,309.17 3 0
github.com/viralabs-dev/mudarro/internal/mudarro/terminal/interactive.go:311.7,311.29 1 0
github.com/viralabs-dev/mudarro/internal/mudarro/terminal/interactive.go:313.7,313.36 1 0
github.com/viralabs-dev/mudarro/internal/mudarro/terminal/interactive.go:315.7,315.31 1 0
github.com/viralabs-dev/mudarro/internal/mudarro/terminal/interactive.go:317.7,317.34 1 0
github.com/viralabs-dev/mudarro/internal/mudarro/terminal/interactive.go:319.7,319.36 1 0
github.com/viralabs-dev/mudarro/internal/mudarro/terminal/interactive.go:321.7,321.31 1 0
github.com/viralabs-dev/mudarro/internal/mudarro/terminal/interactive.go:323.7,323.30 1 0
github.com/viralabs-dev/mudarro/internal/mudarro/terminal/interactive.go:325.6,325.42 1 0
github.com/viralabs-dev/mudarro/internal/mudarro/terminal/interactive.go:326.7,327.1 1 0
github.com/viralabs-dev/mudarro/internal/mudarro/terminal/interactive.go:328.6,328.26 1 0
github.com/viralabs-dev/mudarro/internal/mudarro/terminal/interactive.go:332.3,332.24 1 0
github.com/viralabs-dev/mudarro/internal/mudarro/terminal/interactive.go:333.4,334.1 1 0
github.com/viralabs-dev/mudarro/internal/mudarro/terminal/interactive.go:335.3,337.25 3 0
github.com/viralabs-dev/mudarro/internal/mudarro/terminal/interactive.go:338.4,339.1 1 0
github.com/viralabs-dev/mudarro/internal/mudarro/terminal/interactive.go:340.3,340.15 1 0
github.com/viralabs-dev/mudarro/internal/mudarro/terminal/interactive.go:341.4,342.1 1 0
github.com/viralabs-dev/mudarro/internal/mudarro/terminal/interactive.go:343.3,343.13 1 0
github.com/viralabs-dev/mudarro/internal/mudarro/terminal/interactive.go:344.4,345.1 1 0
github.com/viralabs-dev/mudarro/internal/mudarro/terminal/interactive.go:346.3,348.15 3 0
github.com/viralabs-dev/mudarro/internal/mudarro/terminal/interactive.go:349.4,349.49 1 0
github.com/viralabs-dev/mudarro/internal/mudarro/terminal/interactive.go:350.5,351.1 1 0
github.com/viralabs-dev/mudarro/internal/mudarro/terminal/interactive.go:352.4,352.21 1 0
github.com/viralabs-dev/mudarro/internal/mudarro/terminal/interactive.go:354.3,354.13 1 0
github.com/viralabs-dev/mudarro/internal/mudarro/terminal/interactive.go:355.4,356.1 1 0
github.com/viralabs-dev/mudarro/internal/mudarro/terminal/interactive.go:357.3,357.40 1 0
github.com/viralabs-dev/mudarro/internal/mudarro/terminal/interactive.go:362.2,362.81 1 0
github.com/viralabs-dev/mudarro/internal/mudarro/terminal/interactive.go:363.3,363.38 1 0
github.com/viralabs-dev/mudarro/internal/mudarro/terminal/interactive.go:364.4,365.1 1 0
github.com/viralabs-dev/mudarro/internal/mudarro/terminal/interactive.go:367.2,367.14 1 0
github.com/viralabs-dev/mudarro/internal/mudarro/terminal/interactive_raw_linux.go:12.2,13.114 2 0
github.com/viralabs-dev/mudarro/internal/mudarro/terminal/interactive_raw_linux.go:14.3,15.1 1 0
github.com/viralabs-dev/mudarro/internal/mudarro/terminal/interactive_raw_linux.go:16.2,24.42 9 0
github.com/viralabs-dev/mudarro/internal/mudarro/terminal/interactive_raw_linux.go:25.3,26.13 2 0
github.com/viralabs-dev/mudarro/internal/mudarro/terminal/interactive_raw_linux.go:27.4,28.1 1 0
github.com/viralabs-dev/mudarro/internal/mudarro/terminal/interactive_raw_linux.go:29.3,29.13 1 0
github.com/viralabs-dev/mudarro/internal/mudarro/terminal/interactive_raw_linux.go:31.2,31.32 1 0
github.com/viralabs-dev/mudarro/internal/mudarro/terminal/interactive_raw_linux.go:32.3,33.1 1 0
github.com/viralabs-dev/mudarro/internal/mudarro/terminal/interactive_raw_linux.go:34.2,34.22 1 0
github.com/viralabs-dev/mudarro/internal/mudarro/terminal/interactive_raw_linux.go:34.24,34.44 1 0
github.com/viralabs-dev/mudarro/internal/mudarro/terminal/interactive_ready_linux.go:14.2,16.40 3 0
github.com/viralabs-dev/mudarro/internal/mudarro/terminal/interactive_ready_linux.go:17.3,18.1 1 0
github.com/viralabs-dev/mudarro/internal/mudarro/terminal/interactive_ready_linux.go:19.2,22.16 4 0
github.com/viralabs-dev/mudarro/internal/mudarro/terminal/interactive_ready_linux.go:23.3,24.1 1 0
github.com/viralabs-dev/mudarro/internal/mudarro/terminal/interactive_ready_linux.go:25.2,25.55 1 0
github.com/viralabs-dev/mudarro/internal/mudarro/terminal/menu_view.go:23.2,23.21 1 55
github.com/viralabs-dev/mudarro/internal/mudarro/terminal/menu_view.go:24.3,26.1 2 0
github.com/viralabs-dev/mudarro/internal/mudarro/terminal/menu_view.go:27.2,28.13 2 55
github.com/viralabs-dev/mudarro/internal/mudarro/terminal/menu_view.go:29.3,30.33 2 0
github.com/viralabs-dev/mudarro/internal/mudarro/terminal/menu_view.go:31.4,32.1 1 0
github.com/viralabs-dev/mudarro/internal/mudarro/terminal/menu_view.go:33.3,37.32 5 0
github.com/viralabs-dev/mudarro/internal/mudarro/terminal/menu_view.go:38.9,38.23 1 55
github.com/viralabs-dev/mudarro/internal/mudarro/terminal/menu_view.go:39.3,39.54 1 15
github.com/viralabs-dev/mudarro/internal/mudarro/terminal/menu_view.go:40.4,41.1 1 0
github.com/viralabs-dev/mudarro/internal/mudarro/terminal/menu_view.go:42.4,43.1 1 15
github.com/viralabs-dev/mudarro/internal/mudarro/terminal/menu_view.go:45.2,47.31 3 55
github.com/viralabs-dev/mudarro/internal/mudarro/terminal/menu_view.go:48.3,49.1 1 112
github.com/viralabs-dev/mudarro/internal/mudarro/terminal/menu_view.go:50.2,51.13 2 55
github.com/viralabs-dev/mudarro/internal/mudarro/terminal/menu_view.go:53.3,54.22 2 0
github.com/viralabs-dev/mudarro/internal/mudarro/terminal/menu_view.go:55.4,56.1 1 0
github.com/viralabs-dev/mudarro/internal/mudarro/terminal/menu_view.go:57.3,58.19 2 0
github.com/viralabs-dev/mudarro/internal/mudarro/terminal/menu_view.go:59.4,60.1 1 0
github.com/viralabs-dev/mudarro/internal/mudarro/terminal/menu_view.go:61.4,62.1 1 0
github.com/viralabs-dev/mudarro/internal/mudarro/terminal/menu_view.go:64.2,64.25 1 55
github.com/viralabs-dev/mudarro/internal/mudarro/terminal/menu_view.go:65.3,66.1 1 8
github.com/viralabs-dev/mudarro/internal/mudarro/terminal/menu_view.go:67.2,67.6 1 55
github.com/viralabs-dev/mudarro/internal/mudarro/terminal/menu_view.go:68.3,70.17 3 58
github.com/viralabs-dev/mudarro/internal/mudarro/terminal/menu_view.go:71.4,72.1 1 0
github.com/viralabs-dev/mudarro/internal/mudarro/terminal/menu_view.go:73.3,74.75 2 58
github.com/viralabs-dev/mudarro/internal/mudarro/terminal/menu_view.go:75.4,76.51 2 1
github.com/viralabs-dev/mudarro/internal/mudarro/terminal/menu_view.go:77.5,77.63 1 1
github.com/viralabs-dev/mudarro/internal/mudarro/terminal/menu_view.go:78.6,79.1 1 7
github.com/viralabs-dev/mudarro/internal/mudarro/terminal/menu_view.go:80.5,80.13 1 1
github.com/viralabs-dev/mudarro/internal/mudarro/terminal/menu_view.go:83.3,83.35 1 57
github.com/viralabs-dev/mudarro/internal/mudarro/terminal/menu_view.go:84.4,85.1 1 0
github.com/viralabs-dev/mudarro/internal/mudarro/terminal/menu_view.go:86.3,87.47 2 57
github.com/viralabs-dev/mudarro/internal/mudarro/terminal/menu_view.go:88.4,89.1 1 55
github.com/viralabs-dev/mudarro/internal/mudarro/terminal/menu_view.go:90.3,90.161 1 2
github.com/viralabs-dev/mudarro/internal/mudarro/terminal/menu_view.go:97.2,97.60 1 4255
github.com/viralabs-dev/mudarro/internal/mudarro/terminal/menu_view.go:98.3,99.1 1 0
github.com/viralabs-dev/mudarro/internal/mudarro/terminal/menu_view.go:100.2,101.122 1 4255
github.com/viralabs-dev/mudarro/internal/mudarro/terminal/menu_view.go:102.3,103.1 1 0
github.com/viralabs-dev/mudarro/internal/mudarro/terminal/menu_view.go:104.2,104.10 1 4255
github.com/viralabs-dev/mudarro/internal/mudarro/terminal/menu_view.go:107.2,107.39 1 355
github.com/viralabs-dev/mudarro/internal/mudarro/terminal/menu_view.go:108.3,108.56 1 4547
github.com/viralabs-dev/mudarro/internal/mudarro/terminal/menu_view.go:109.4,110.1 1 0
github.com/viralabs-dev/mudarro/internal/mudarro/terminal/menu_view.go:111.3,111.11 1 4547
github.com/viralabs-dev/mudarro/internal/mudarro/terminal/menu_view.go:115.2,116.15 2 331
github.com/viralabs-dev/mudarro/internal/mudarro/terminal/menu_view.go:117.3,118.1 1 0
github.com/viralabs-dev/mudarro/internal/mudarro/terminal/menu_view.go:119.2,120.25 2 331
github.com/viralabs-dev/mudarro/internal/mudarro/terminal/menu_view.go:121.3,122.1 1 4227
github.com/viralabs-dev/mudarro/internal/mudarro/terminal/menu_view.go:123.2,123.20 1 331
github.com/viralabs-dev/mudarro/internal/mudarro/terminal/menu_view.go:124.3,125.1 1 326
github.com/viralabs-dev/mudarro/internal/mudarro/terminal/menu_view.go:126.2,128.25 3 5
github.com/viralabs-dev/mudarro/internal/mudarro/terminal/menu_view.go:129.3,130.24 2 28
github.com/viralabs-dev/mudarro/internal/mudarro/terminal/menu_view.go:131.4,131.9 1 5
github.com/viralabs-dev/mudarro/internal/mudarro/terminal/menu_view.go:133.3,134.13 2 23
github.com/viralabs-dev/mudarro/internal/mudarro/terminal/menu_view.go:136.2,136.27 1 5
github.com/viralabs-dev/mudarro/internal/mudarro/terminal/menu_view.go:150.2,152.1 3 25
github.com/viralabs-dev/mudarro/internal/mudarro/terminal/menu_view.go:153.2,153.30 3 25
github.com/viralabs-dev/mudarro/internal/mudarro/terminal/menu_view.go:153.32,153.113 1 5
github.com/viralabs-dev/mudarro/internal/mudarro/terminal/menu_view.go:154.2,154.28 1 25
github.com/viralabs-dev/mudarro/internal/mudarro/terminal/menu_view.go:155.3,155.30 1 170
github.com/viralabs-dev/mudarro/internal/mudarro/terminal/menu_view.go:156.4,157.1 1 0
github.com/viralabs-dev/mudarro/internal/mudarro/terminal/menu_view.go:159.2,160.34 2 25
github.com/viralabs-dev/mudarro/internal/mudarro/terminal/menu_view.go:161.3,162.1 1 20
github.com/viralabs-dev/mudarro/internal/mudarro/terminal/menu_view.go:163.2,164.13 2 25
github.com/viralabs-dev/mudarro/internal/mudarro/terminal/menu_view.go:165.3,166.1 1 1
github.com/viralabs-dev/mudarro/internal/mudarro/terminal/menu_view.go:167.2,167.24 1 25
github.com/viralabs-dev/mudarro/internal/mudarro/terminal/menu_view.go:168.3,169.1 1 5
github.com/viralabs-dev/mudarro/internal/mudarro/terminal/menu_view.go:170.2,172.24 3 20
github.com/viralabs-dev/mudarro/internal/mudarro/terminal/menu_view.go:173.3,174.1 1 140
github.com/viralabs-dev/mudarro/internal/mudarro/terminal/menu_view.go:175.2,175.28 1 20
github.com/viralabs-dev/mudarro/internal/mudarro/terminal/menu_view.go:176.3,177.10 2 100
github.com/viralabs-dev/mudarro/internal/mudarro/terminal/menu_view.go:178.4,179.15 2 40
github.com/viralabs-dev/mudarro/internal/mudarro/terminal/menu_view.go:180.5,181.1 1 0
github.com/viralabs-dev/mudarro/internal/mudarro/terminal/menu_view.go:182.4,183.113 2 40
github.com/viralabs-dev/mudarro/internal/mudarro/terminal/menu_view.go:185.3,185.47 1 100
github.com/viralabs-dev/mudarro/internal/mudarro/terminal/menu_view.go:186.4,186.26 1 700
github.com/viralabs-dev/mudarro/internal/mudarro/terminal/menu_view.go:187.5,187.17 1 3500
github.com/viralabs-dev/mudarro/internal/mudarro/terminal/menu_view.go:188.6,189.1 1 1420
github.com/viralabs-dev/mudarro/internal/mudarro/terminal/menu_view.go:193.2,194.25 2 20
github.com/viralabs-dev/mudarro/internal/mudarro/terminal/menu_view.go:195.3,197.32 3 160
github.com/viralabs-dev/mudarro/internal/mudarro/terminal/menu_view.go:198.4,198.42 1 4960
github.com/viralabs-dev/mudarro/internal/mudarro/terminal/menu_view.go:199.5,200.1 1 1420
github.com/viralabs-dev/mudarro/internal/mudarro/terminal/menu_view.go:200.11,200.64 1 3540
github.com/viralabs-dev/mudarro/internal/mudarro/terminal/menu_view.go:201.5,202.1 1 1140
github.com/viralabs-dev/mudarro/internal/mudarro/terminal/menu_view.go:203.5,204.1 1 2400
github.com/viralabs-dev/mudarro/internal/mudarro/terminal/menu_view.go:206.3,206.63 1 160
github.com/viralabs-dev/mudarro/internal/mudarro/terminal/menu_view.go:208.2,208.14 1 20
github.com/viralabs-dev/mudarro/internal/mudarro/terminal/menu_view.go:213.2,214.1 1 19
github.com/viralabs-dev/mudarro/internal/mudarro/terminal/menu_view.go:215.45,215.66 1 38
github.com/viralabs-dev/mudarro/internal/mudarro/terminal/menu_view.go:216.45,216.61 1 15
github.com/viralabs-dev/mudarro/internal/mudarro/terminal/presentation.go:9.2,14.1 5 15
github.com/viralabs-dev/mudarro/internal/mudarro/terminal/presentation.go:16.2,16.25 1 168
github.com/viralabs-dev/mudarro/internal/mudarro/terminal/presentation.go:17.3,18.1 1 30
github.com/viralabs-dev/mudarro/internal/mudarro/terminal/presentation.go:19.2,19.11 1 138
github.com/viralabs-dev/mudarro/internal/mudarro/terminal/presentation.go:22.2,22.53 1 25
github.com/viralabs-dev/mudarro/internal/mudarro/terminal/presentation.go:23.3,24.1 1 0
github.com/viralabs-dev/mudarro/internal/mudarro/terminal/presentation.go:25.2,25.28 1 25
github.com/viralabs-dev/mudarro/internal/mudarro/terminal/presentation.go:26.3,27.1 1 0
github.com/viralabs-dev/mudarro/internal/mudarro/terminal/presentation.go:28.2,28.37 1 25
github.com/viralabs-dev/mudarro/internal/mudarro/terminal/presentation.go:30.39,30.96 1 0
github.com/viralabs-dev/mudarro/internal/mudarro/terminal/presentation.go:32.49,32.72 1 18
github.com/viralabs-dev/mudarro/internal/mudarro/terminal/shell_input_unix.go:17.2,18.16 2 0
github.com/viralabs-dev/mudarro/internal/mudarro/terminal/shell_input_unix.go:19.3,20.1 1 0
github.com/viralabs-dev/mudarro/internal/mudarro/terminal/shell_input_unix.go:21.2,22.16 2 0
github.com/viralabs-dev/mudarro/internal/mudarro/terminal/shell_input_unix.go:23.3,25.1 2 0
github.com/viralabs-dev/mudarro/internal/mudarro/terminal/shell_input_unix.go:26.2,27.58 2 0
github.com/viralabs-dev/mudarro/internal/mudarro/terminal/shell_input_unix.go:28.3,32.1 4 0
github.com/viralabs-dev/mudarro/internal/mudarro/terminal/shell_input_unix.go:33.2,35.12 3 0
github.com/viralabs-dev/mudarro/internal/mudarro/terminal/shell_input_unix.go:36.3,39.7 4 0
github.com/viralabs-dev/mudarro/internal/mudarro/terminal/shell_input_unix.go:40.4,40.28 1 0
github.com/viralabs-dev/mudarro/internal/mudarro/terminal/shell_input_unix.go:41.5,42.1 1 0
github.com/viralabs-dev/mudarro/internal/mudarro/terminal/shell_input_unix.go:43.4,44.26 2 0
github.com/viralabs-dev/mudarro/internal/mudarro/terminal/shell_input_unix.go:45.5,45.13 1 0
github.com/viralabs-dev/mudarro/internal/mudarro/terminal/shell_input_unix.go:47.4,47.16 1 0
github.com/viralabs-dev/mudarro/internal/mudarro/terminal/shell_input_unix.go:48.5,50.1 2 0
github.com/viralabs-dev/mudarro/internal/mudarro/terminal/shell_input_unix.go:51.4,51.14 1 0
github.com/viralabs-dev/mudarro/internal/mudarro/terminal/shell_input_unix.go:52.5,52.13 1 0
github.com/viralabs-dev/mudarro/internal/mudarro/terminal/shell_input_unix.go:54.4,55.49 2 0
github.com/viralabs-dev/mudarro/internal/mudarro/terminal/shell_input_unix.go:56.5,56.13 1 0
github.com/viralabs-dev/mudarro/internal/mudarro/terminal/shell_input_unix.go:58.4,58.26 1 0
github.com/viralabs-dev/mudarro/internal/mudarro/terminal/shell_input_unix.go:59.5,61.1 2 0
github.com/viralabs-dev/mudarro/internal/mudarro/terminal/shell_input_unix.go:62.4,62.19 1 0
github.com/viralabs-dev/mudarro/internal/mudarro/terminal/shell_input_unix.go:63.5,65.1 2 0
github.com/viralabs-dev/mudarro/internal/mudarro/terminal/shell_input_unix.go:66.4,66.19 1 0
github.com/viralabs-dev/mudarro/internal/mudarro/terminal/shell_input_unix.go:67.5,68.1 1 0
github.com/viralabs-dev/mudarro/internal/mudarro/terminal/shell_input_unix.go:69.4,69.20 1 0
github.com/viralabs-dev/mudarro/internal/mudarro/terminal/shell_input_unix.go:70.5,71.1 1 0
github.com/viralabs-dev/mudarro/internal/mudarro/terminal/shell_input_unix.go:72.4,72.8 1 0
github.com/viralabs-dev/mudarro/internal/mudarro/terminal/shell_input_unix.go:73.5,73.29 1 0
github.com/viralabs-dev/mudarro/internal/mudarro/terminal/shell_input_unix.go:74.6,75.1 1 0
github.com/viralabs-dev/mudarro/internal/mudarro/terminal/shell_input_unix.go:76.5,77.17 2 0
github.com/viralabs-dev/mudarro/internal/mudarro/terminal/shell_input_unix.go:78.6,78.11 1 0
github.com/viralabs-dev/mudarro/internal/mudarro/terminal/shell_input_unix.go:80.5,80.50 1 0
github.com/viralabs-dev/mudarro/internal/mudarro/terminal/shell_input_unix.go:81.6,82.1 1 0
github.com/viralabs-dev/mudarro/internal/mudarro/terminal/shell_input_unix.go:83.5,83.12 1 0
github.com/viralabs-dev/mudarro/internal/mudarro/terminal/shell_input_unix.go:85.6,85.12 1 0
github.com/viralabs-dev/mudarro/internal/mudarro/terminal/shell_input_unix.go:86.46,86.46 0 0
github.com/viralabs-dev/mudarro/internal/mudarro/terminal/shell_input_unix.go:91.2,92.20 2 0
github.com/viralabs-dev/mudarro/internal/mudarro/terminal/shell_input_unix.go:92.22,92.37 1 0
github.com/viralabs-dev/mudarro/internal/mudarro/terminal/shell_input_unix.go:92.39,92.77 4 0
github.com/viralabs-dev/mudarro/internal/mudarro/terminal/shell_input_unix.go:93.2,93.24 1 0
github.com/viralabs-dev/mudarro/internal/mudarro/terminal/shell_input_unix.go:98.2,100.6 3 0
github.com/viralabs-dev/mudarro/internal/mudarro/terminal/shell_input_unix.go:101.3,102.15 2 0
github.com/viralabs-dev/mudarro/internal/mudarro/terminal/shell_input_unix.go:103.4,104.1 1 0
github.com/viralabs-dev/mudarro/internal/mudarro/terminal/shell_input_unix.go:105.3,105.13 1 0
github.com/viralabs-dev/mudarro/internal/mudarro/terminal/shell_input_unix.go:106.4,106.12 1 0
github.com/viralabs-dev/mudarro/internal/mudarro/terminal/shell_input_unix.go:108.3,108.19 1 0
github.com/viralabs-dev/mudarro/internal/mudarro/terminal/shell_input_unix.go:109.4,111.1 2 0
github.com/viralabs-dev/mudarro/internal/mudarro/terminal/shell_input_unix.go:112.3,112.31 1 0
github.com/viralabs-dev/mudarro/internal/mudarro/terminal/shell_input_unix.go:113.4,113.21 1 0
github.com/viralabs-dev/mudarro/internal/mudarro/terminal/shell_input_unix.go:114.5,115.1 1 0
github.com/viralabs-dev/mudarro/internal/mudarro/terminal/shell_input_unix.go:116.4,116.12 1 0
github.com/viralabs-dev/mudarro/internal/mudarro/terminal/shell_input_unix.go:118.3,118.37 1 0
github.com/viralabs-dev/mudarro/internal/mudarro/terminal/shell_input_unix.go:119.4,121.1 2 0
github.com/viralabs-dev/mudarro/internal/mudarro/terminal/terminal_style.go:21.2,23.33 3 19
github.com/viralabs-dev/mudarro/internal/mudarro/terminal/terminal_style.go:24.3,25.1 1 3
github.com/viralabs-dev/mudarro/internal/mudarro/terminal/terminal_style.go:26.2,29.45 4 19
github.com/viralabs-dev/mudarro/internal/mudarro/terminal/terminal_style.go:30.3,31.1 1 19
github.com/viralabs-dev/mudarro/internal/mudarro/terminal/terminal_style.go:32.2,32.190 1 19
github.com/viralabs-dev/mudarro/internal/mudarro/terminal/terminal_style.go:35.2,35.14 1 3070
github.com/viralabs-dev/mudarro/internal/mudarro/terminal/terminal_style.go:36.3,37.1 1 3070
github.com/viralabs-dev/mudarro/internal/mudarro/terminal/terminal_style.go:38.2,38.24 1 0
github.com/viralabs-dev/mudarro/internal/mudarro/terminal/terminal_style.go:39.3,39.15 1 0
github.com/viralabs-dev/mudarro/internal/mudarro/terminal/terminal_style.go:41.4,41.17 1 0
github.com/viralabs-dev/mudarro/internal/mudarro/terminal/terminal_style.go:43.4,43.15 1 0
github.com/viralabs-dev/mudarro/internal/mudarro/terminal/terminal_style.go:45.4,45.15 1 0
github.com/viralabs-dev/mudarro/internal/mudarro/terminal/terminal_style.go:47.4,47.15 1 0
github.com/viralabs-dev/mudarro/internal/mudarro/terminal/terminal_style.go:49.4,49.17 1 0
github.com/viralabs-dev/mudarro/internal/mudarro/terminal/terminal_style.go:51.9,51.30 1 0
github.com/viralabs-dev/mudarro/internal/mudarro/terminal/terminal_style.go:52.3,52.21 1 0
github.com/viralabs-dev/mudarro/internal/mudarro/terminal/terminal_style.go:53.4,54.1 1 0
github.com/viralabs-dev/mudarro/internal/mudarro/terminal/terminal_style.go:56.2,56.48 1 0
github.com/viralabs-dev/mudarro/internal/mudarro/terminal/terminal_style.go:58.46,58.76 1 63
github.com/viralabs-dev/mudarro/internal/mudarro/terminal/terminal_style.go:59.46,59.74 1 1245
github.com/viralabs-dev/mudarro/internal/mudarro/terminal/terminal_style.go:61.2,62.12 2 335
github.com/viralabs-dev/mudarro/internal/mudarro/terminal/terminal_style.go:63.3,64.1 1 174
github.com/viralabs-dev/mudarro/internal/mudarro/terminal/terminal_style.go:65.2,65.28 1 335
github.com/viralabs-dev/mudarro/internal/mudarro/terminal/terminal_style.go:68.2,69.16 2 5
github.com/viralabs-dev/mudarro/internal/mudarro/terminal/terminal_style.go:70.3,71.1 1 4
github.com/viralabs-dev/mudarro/internal/mudarro/terminal/terminal_style.go:72.2,72.50 1 5
github.com/viralabs-dev/mudarro/internal/mudarro/terminal/terminal_style.go:76.2,77.1 1 19
github.com/viralabs-dev/mudarro/internal/mudarro/terminal/terminal_style.go:79.34,79.50 1 0
github.com/viralabs-dev/mudarro/internal/mudarro/terminal/terminal_unix.go:13.2,15.16 3 3
github.com/viralabs-dev/mudarro/internal/mudarro/terminal/terminal_unix.go:16.3,17.1 1 0
github.com/viralabs-dev/mudarro/internal/mudarro/terminal/terminal_unix.go:18.2,19.31 2 3
github.com/viralabs-dev/mudarro/internal/mudarro/terminal/terminal_unix.go:20.3,21.1 1 0
github.com/viralabs-dev/mudarro/internal/mudarro/terminal/terminal_unix.go:22.2,23.33 2 3
github.com/viralabs-dev/mudarro/internal/mudarro/terminal/terminal_unix.go:24.3,25.1 1 0
github.com/viralabs-dev/mudarro/internal/mudarro/terminal/terminal_unix.go:26.2,26.28 1 3
github.com/viralabs-dev/mudarro/internal/mudarro/terminal/terminal_unix.go:29.48,29.101 2 0
github.com/viralabs-dev/mudarro/internal/mudarro/actions.go:23.2,24.1 1 0
github.com/viralabs-dev/mudarro/internal/mudarro/actions.go:26.2,27.70 2 0
github.com/viralabs-dev/mudarro/internal/mudarro/actions.go:28.3,29.1 1 0
github.com/viralabs-dev/mudarro/internal/mudarro/actions.go:29.9,29.46 1 0
github.com/viralabs-dev/mudarro/internal/mudarro/actions.go:30.3,31.1 1 0
github.com/viralabs-dev/mudarro/internal/mudarro/actions.go:32.2,32.27 1 0
github.com/viralabs-dev/mudarro/internal/mudarro/actions.go:33.3,33.69 1 0
github.com/viralabs-dev/mudarro/internal/mudarro/actions.go:34.4,35.1 1 0
github.com/viralabs-dev/mudarro/internal/mudarro/actions.go:35.10,35.66 1 0
github.com/viralabs-dev/mudarro/internal/mudarro/actions.go:36.4,37.1 1 0
github.com/viralabs-dev/mudarro/internal/mudarro/actions.go:38.4,39.1 1 0
github.com/viralabs-dev/mudarro/internal/mudarro/actions.go:41.2,43.22 3 0
github.com/viralabs-dev/mudarro/internal/mudarro/actions.go:44.3,45.1 1 0
github.com/viralabs-dev/mudarro/internal/mudarro/actions.go:46.2,46.31 1 0
github.com/viralabs-dev/mudarro/internal/mudarro/actions.go:47.3,48.14 2 0
github.com/viralabs-dev/mudarro/internal/mudarro/actions.go:49.4,50.1 1 0
github.com/viralabs-dev/mudarro/internal/mudarro/actions.go:51.3,51.22 1 0
github.com/viralabs-dev/mudarro/internal/mudarro/actions.go:52.4,53.1 1 0
github.com/viralabs-dev/mudarro/internal/mudarro/actions.go:54.3,54.52 1 0
github.com/viralabs-dev/mudarro/internal/mudarro/actions.go:56.2,57.27 2 0
github.com/viralabs-dev/mudarro/internal/mudarro/actions.go:58.3,59.1 1 0
github.com/viralabs-dev/mudarro/internal/mudarro/actions.go:60.2,60.36 1 0
github.com/viralabs-dev/mudarro/internal/mudarro/actions.go:61.3,61.31 1 0
github.com/viralabs-dev/mudarro/internal/mudarro/actions.go:62.4,63.1 1 0
github.com/viralabs-dev/mudarro/internal/mudarro/actions.go:64.3,64.33 1 0
github.com/viralabs-dev/mudarro/internal/mudarro/actions.go:66.2,66.10 1 0
github.com/viralabs-dev/mudarro/internal/mudarro/actions.go:69.2,70.25 2 0
github.com/viralabs-dev/mudarro/internal/mudarro/actions.go:71.3,71.36 1 0
github.com/viralabs-dev/mudarro/internal/mudarro/actions.go:72.4,72.37 1 0
github.com/viralabs-dev/mudarro/internal/mudarro/actions.go:73.5,74.1 1 0
github.com/viralabs-dev/mudarro/internal/mudarro/actions.go:75.4,75.45 1 0
github.com/viralabs-dev/mudarro/internal/mudarro/actions.go:77.3,78.42 2 0
github.com/viralabs-dev/mudarro/internal/mudarro/actions.go:79.4,80.26 2 0
github.com/viralabs-dev/mudarro/internal/mudarro/actions.go:81.5,82.1 1 0
github.com/viralabs-dev/mudarro/internal/mudarro/actions.go:83.4,83.16 1 0
github.com/viralabs-dev/mudarro/internal/mudarro/actions.go:85.3,85.20 1 0
github.com/viralabs-dev/mudarro/internal/mudarro/actions.go:86.4,87.1 1 0
github.com/viralabs-dev/mudarro/internal/mudarro/actions.go:88.3,88.13 1 0
github.com/viralabs-dev/mudarro/internal/mudarro/actions.go:90.2,90.17 1 0
github.com/viralabs-dev/mudarro/internal/mudarro/actions.go:93.2,94.1 1 0
github.com/viralabs-dev/mudarro/internal/mudarro/actions.go:97.2,98.1 1 0
github.com/viralabs-dev/mudarro/internal/mudarro/cli.go:24.2,25.33 2 0
github.com/viralabs-dev/mudarro/internal/mudarro/cli.go:26.3,27.12 2 0
github.com/viralabs-dev/mudarro/internal/mudarro/cli.go:29.4,29.17 1 0
github.com/viralabs-dev/mudarro/internal/mudarro/cli.go:31.4,31.16 1 0
github.com/viralabs-dev/mudarro/internal/mudarro/cli.go:33.4,33.16 1 0
github.com/viralabs-dev/mudarro/internal/mudarro/cli.go:35.4,35.24 1 0
github.com/viralabs-dev/mudarro/internal/mudarro/cli.go:37.4,37.24 1 0
github.com/viralabs-dev/mudarro/internal/mudarro/cli.go:38.5,39.1 1 0
github.com/viralabs-dev/mudarro/internal/mudarro/cli.go:40.4,41.13 2 0
github.com/viralabs-dev/mudarro/internal/mudarro/cli.go:43.5,43.21 1 0
github.com/viralabs-dev/mudarro/internal/mudarro/cli.go:45.5,45.21 1 0
github.com/viralabs-dev/mudarro/internal/mudarro/cli.go:47.5,47.30 1 0
github.com/viralabs-dev/mudarro/internal/mudarro/cli.go:49.5,49.23 1 0
github.com/viralabs-dev/mudarro/internal/mudarro/cli.go:51.5,51.23 1 0
github.com/viralabs-dev/mudarro/internal/mudarro/cli.go:53.5,53.23 1 0
github.com/viralabs-dev/mudarro/internal/mudarro/cli.go:55.5,55.22 1 0
github.com/viralabs-dev/mudarro/internal/mudarro/cli.go:57.5,57.43 1 0
github.com/viralabs-dev/mudarro/internal/mudarro/cli.go:60.4,60.33 1 0
github.com/viralabs-dev/mudarro/internal/mudarro/cli.go:61.5,62.1 1 0
github.com/viralabs-dev/mudarro/internal/mudarro/cli.go:63.4,63.28 1 0
github.com/viralabs-dev/mudarro/internal/mudarro/cli.go:66.2,67.14 2 0
github.com/viralabs-dev/mudarro/internal/mudarro/cli.go:68.3,69.1 1 0
github.com/viralabs-dev/mudarro/internal/mudarro/cli.go:70.2,71.13 2 0
github.com/viralabs-dev/mudarro/internal/mudarro/cli.go:74.2,75.35 2 0
github.com/viralabs-dev/mudarro/internal/mudarro/cli.go:76.3,76.28 1 0
github.com/viralabs-dev/mudarro/internal/mudarro/cli.go:77.4,78.1 1 0
github.com/viralabs-dev/mudarro/internal/mudarro/cli.go:80.2,80.15 1 0
github.com/viralabs-dev/mudarro/internal/mudarro/cli.go:81.3,81.20 1 0
github.com/viralabs-dev/mudarro/internal/mudarro/cli.go:82.4,83.1 1 0
github.com/viralabs-dev/mudarro/internal/mudarro/cli.go:85.2,85.20 1 0
github.com/viralabs-dev/mudarro/internal/mudarro/cli.go:86.3,87.1 1 0
github.com/viralabs-dev/mudarro/internal/mudarro/cli.go:88.2,88.30 1 0
github.com/viralabs-dev/mudarro/internal/mudarro/cli.go:89.3,90.1 1 0
github.com/viralabs-dev/mudarro/internal/mudarro/cli.go:91.2,91.52 1 0
github.com/viralabs-dev/mudarro/internal/mudarro/cli.go:92.3,94.1 2 0
github.com/viralabs-dev/mudarro/internal/mudarro/cli.go:95.2,95.46 1 0
github.com/viralabs-dev/mudarro/internal/mudarro/cli.go:96.3,97.24 2 0
github.com/viralabs-dev/mudarro/internal/mudarro/cli.go:98.4,99.1 1 0
github.com/viralabs-dev/mudarro/internal/mudarro/cli.go:100.3,101.13 2 0
github.com/viralabs-dev/mudarro/internal/mudarro/cli.go:104.2,105.14 2 0
github.com/viralabs-dev/mudarro/internal/mudarro/cli.go:106.3,107.1 1 0
github.com/viralabs-dev/mudarro/internal/mudarro/cli.go:108.2,108.17 1 0
github.com/viralabs-dev/mudarro/internal/mudarro/cli.go:110.3,111.142 2 0
github.com/viralabs-dev/mudarro/internal/mudarro/cli.go:112.4,113.16 2 0
github.com/viralabs-dev/mudarro/internal/mudarro/cli.go:114.5,115.1 1 0
github.com/viralabs-dev/mudarro/internal/mudarro/cli.go:116.4,118.17 3 0
github.com/viralabs-dev/mudarro/internal/mudarro/cli.go:120.3,121.15 2 0
github.com/viralabs-dev/mudarro/internal/mudarro/cli.go:122.4,123.1 1 0
github.com/viralabs-dev/mudarro/internal/mudarro/cli.go:124.3,125.38 2 0
github.com/viralabs-dev/mudarro/internal/mudarro/cli.go:126.4,126.31 1 0
github.com/viralabs-dev/mudarro/internal/mudarro/cli.go:127.5,128.1 1 0
github.com/viralabs-dev/mudarro/internal/mudarro/cli.go:129.4,129.22 1 0
github.com/viralabs-dev/mudarro/internal/mudarro/cli.go:130.5,131.1 1 0
github.com/viralabs-dev/mudarro/internal/mudarro/cli.go:132.4,132.21 1 0
github.com/viralabs-dev/mudarro/internal/mudarro/cli.go:133.5,134.1 1 0
github.com/viralabs-dev/mudarro/internal/mudarro/cli.go:135.4,135.53 1 0
github.com/viralabs-dev/mudarro/internal/mudarro/cli.go:136.5,137.1 1 0
github.com/viralabs-dev/mudarro/internal/mudarro/cli.go:139.3,139.19 1 0
github.com/viralabs-dev/mudarro/internal/mudarro/cli.go:140.4,141.1 1 0
github.com/viralabs-dev/mudarro/internal/mudarro/cli.go:142.3,142.24 1 0
github.com/viralabs-dev/mudarro/internal/mudarro/cli.go:143.4,143.14 1 0
github.com/viralabs-dev/mudarro/internal/mudarro/cli.go:144.5,147.1 3 0
github.com/viralabs-dev/mudarro/internal/mudarro/cli.go:148.4,149.14 2 0
github.com/viralabs-dev/mudarro/internal/mudarro/cli.go:151.3,152.23 2 0
github.com/viralabs-dev/mudarro/internal/mudarro/cli.go:153.4,154.26 2 0
github.com/viralabs-dev/mudarro/internal/mudarro/cli.go:155.5,156.1 1 0
github.com/viralabs-dev/mudarro/internal/mudarro/cli.go:158.3,158.65 1 0
github.com/viralabs-dev/mudarro/internal/mudarro/cli.go:159.4,160.1 1 0
github.com/viralabs-dev/mudarro/internal/mudarro/cli.go:161.3,162.56 2 0
github.com/viralabs-dev/mudarro/internal/mudarro/cli.go:163.4,164.1 1 0
github.com/viralabs-dev/mudarro/internal/mudarro/cli.go:165.3,165.83 1 0
github.com/viralabs-dev/mudarro/internal/mudarro/cli.go:166.4,167.1 1 0
github.com/viralabs-dev/mudarro/internal/mudarro/cli.go:168.3,169.17 2 0
github.com/viralabs-dev/mudarro/internal/mudarro/cli.go:170.4,171.1 1 0
github.com/viralabs-dev/mudarro/internal/mudarro/cli.go:172.3,172.119 1 0
github.com/viralabs-dev/mudarro/internal/mudarro/cli.go:173.4,174.1 1 0
github.com/viralabs-dev/mudarro/internal/mudarro/cli.go:175.3,175.38 1 0
github.com/viralabs-dev/mudarro/internal/mudarro/cli.go:176.4,177.1 1 0
github.com/viralabs-dev/mudarro/internal/mudarro/cli.go:178.3,179.57 2 0
github.com/viralabs-dev/mudarro/internal/mudarro/cli.go:180.4,180.15 1 0
github.com/viralabs-dev/mudarro/internal/mudarro/cli.go:181.5,182.1 1 0
github.com/viralabs-dev/mudarro/internal/mudarro/cli.go:184.3,186.41 3 0
github.com/viralabs-dev/mudarro/internal/mudarro/cli.go:187.4,190.21 4 0
github.com/viralabs-dev/mudarro/internal/mudarro/cli.go:191.5,193.19 3 0
github.com/viralabs-dev/mudarro/internal/mudarro/cli.go:194.6,195.1 1 0
github.com/viralabs-dev/mudarro/internal/mudarro/cli.go:196.5,197.73 2 0
github.com/viralabs-dev/mudarro/internal/mudarro/cli.go:199.4,199.15 1 0
github.com/viralabs-dev/mudarro/internal/mudarro/cli.go:200.5,200.43 1 0
github.com/viralabs-dev/mudarro/internal/mudarro/cli.go:201.6,201.52 1 0
github.com/viralabs-dev/mudarro/internal/mudarro/cli.go:202.7,202.63 1 0
github.com/viralabs-dev/mudarro/internal/mudarro/cli.go:203.8,204.1 1 0
github.com/viralabs-dev/mudarro/internal/mudarro/cli.go:205.7,205.63 1 0
github.com/viralabs-dev/mudarro/internal/mudarro/cli.go:210.3,210.29 1 0
github.com/viralabs-dev/mudarro/internal/mudarro/cli.go:211.4,211.23 1 0
github.com/viralabs-dev/mudarro/internal/mudarro/cli.go:212.5,213.1 1 0
github.com/viralabs-dev/mudarro/internal/mudarro/cli.go:215.3,215.70 1 0
github.com/viralabs-dev/mudarro/internal/mudarro/cli.go:216.4,217.1 1 0
github.com/viralabs-dev/mudarro/internal/mudarro/cli.go:218.3,220.13 3 0
github.com/viralabs-dev/mudarro/internal/mudarro/cli.go:222.3,223.15 2 0
github.com/viralabs-dev/mudarro/internal/mudarro/cli.go:224.4,225.1 1 0
github.com/viralabs-dev/mudarro/internal/mudarro/cli.go:226.3,227.18 2 0
github.com/viralabs-dev/mudarro/internal/mudarro/cli.go:229.4,229.42 1 0
github.com/viralabs-dev/mudarro/internal/mudarro/cli.go:231.4,231.35 1 0
github.com/viralabs-dev/mudarro/internal/mudarro/cli.go:233.4,233.33 1 0
github.com/viralabs-dev/mudarro/internal/mudarro/cli.go:235.4,235.23 1 0
github.com/viralabs-dev/mudarro/internal/mudarro/cli.go:236.5,237.1 1 0
github.com/viralabs-dev/mudarro/internal/mudarro/cli.go:238.4,239.16 2 0
github.com/viralabs-dev/mudarro/internal/mudarro/cli.go:240.5,241.1 1 0
github.com/viralabs-dev/mudarro/internal/mudarro/cli.go:242.4,242.28 1 0
github.com/viralabs-dev/mudarro/internal/mudarro/cli.go:243.5,245.1 2 0
github.com/viralabs-dev/mudarro/internal/mudarro/cli.go:246.4,246.137 1 0
github.com/viralabs-dev/mudarro/internal/mudarro/cli.go:249.2,249.56 1 0
github.com/viralabs-dev/mudarro/internal/mudarro/cli.go:252.2,253.38 2 0
github.com/viralabs-dev/mudarro/internal/mudarro/cli.go:254.3,255.31 2 0
github.com/viralabs-dev/mudarro/internal/mudarro/cli.go:256.4,257.1 1 0
github.com/viralabs-dev/mudarro/internal/mudarro/cli.go:259.2,259.35 1 0
github.com/viralabs-dev/mudarro/internal/mudarro/cli.go:260.3,261.1 1 0
github.com/viralabs-dev/mudarro/internal/mudarro/cli.go:262.2,262.37 1 0
github.com/viralabs-dev/mudarro/internal/mudarro/cli.go:263.3,264.1 1 0
github.com/viralabs-dev/mudarro/internal/mudarro/cli.go:267.2,269.21 3 0
github.com/viralabs-dev/mudarro/internal/mudarro/cli.go:270.3,271.1 1 0
github.com/viralabs-dev/mudarro/internal/mudarro/cli.go:272.3,272.27 1 0
github.com/viralabs-dev/mudarro/internal/mudarro/cli.go:273.4,274.1 1 0
github.com/viralabs-dev/mudarro/internal/mudarro/cli.go:275.3,275.40 1 0
github.com/viralabs-dev/mudarro/internal/mudarro/cli.go:277.2,277.31 1 0
github.com/viralabs-dev/mudarro/internal/mudarro/cli.go:278.3,278.22 1 0
github.com/viralabs-dev/mudarro/internal/mudarro/cli.go:279.4,279.33 1 0
github.com/viralabs-dev/mudarro/internal/mudarro/cli.go:280.5,280.23 1 0
github.com/viralabs-dev/mudarro/internal/mudarro/cli.go:281.6,282.1 1 0
github.com/viralabs-dev/mudarro/internal/mudarro/cli.go:286.2,286.71 1 0
github.com/viralabs-dev/mudarro/internal/mudarro/cli.go:289.2,293.32 5 0
github.com/viralabs-dev/mudarro/internal/mudarro/cli.go:294.3,294.47 1 0
github.com/viralabs-dev/mudarro/internal/mudarro/cli.go:295.4,296.1 1 0
github.com/viralabs-dev/mudarro/internal/mudarro/cli.go:297.3,297.26 1 0
github.com/viralabs-dev/mudarro/internal/mudarro/cli.go:299.2,300.6 2 0
github.com/viralabs-dev/mudarro/internal/mudarro/cli.go:301.3,302.32 2 0
github.com/viralabs-dev/mudarro/internal/mudarro/cli.go:303.4,304.1 1 0
github.com/viralabs-dev/mudarro/internal/mudarro/cli.go:305.3,307.28 3 0
github.com/viralabs-dev/mudarro/internal/mudarro/cli.go:308.4,309.1 1 0
github.com/viralabs-dev/mudarro/internal/mudarro/cli.go:310.3,310.15 1 0
github.com/viralabs-dev/mudarro/internal/mudarro/cli.go:311.4,312.1 1 0
github.com/viralabs-dev/mudarro/internal/mudarro/cli.go:313.3,315.7 3 0
github.com/viralabs-dev/mudarro/internal/mudarro/cli.go:316.4,319.30 4 0
github.com/viralabs-dev/mudarro/internal/mudarro/cli.go:320.5,320.39 1 0
github.com/viralabs-dev/mudarro/internal/mudarro/cli.go:321.6,322.1 1 0
github.com/viralabs-dev/mudarro/internal/mudarro/cli.go:323.5,323.51 1 0
github.com/viralabs-dev/mudarro/internal/mudarro/cli.go:325.4,327.19 3 0
github.com/viralabs-dev/mudarro/internal/mudarro/cli.go:328.5,329.1 1 0
github.com/viralabs-dev/mudarro/internal/mudarro/cli.go:330.4,330.16 1 0
github.com/viralabs-dev/mudarro/internal/mudarro/cli.go:331.5,332.1 1 0
github.com/viralabs-dev/mudarro/internal/mudarro/cli.go:333.4,333.14 1 0
github.com/viralabs-dev/mudarro/internal/mudarro/cli.go:334.5,334.10 1 0
github.com/viralabs-dev/mudarro/internal/mudarro/cli.go:336.4,337.8 2 0
github.com/viralabs-dev/mudarro/internal/mudarro/cli.go:338.5,340.28 3 0
github.com/viralabs-dev/mudarro/internal/mudarro/cli.go:341.6,342.25 2 0
github.com/viralabs-dev/mudarro/internal/mudarro/cli.go:343.7,344.1 1 0
github.com/viralabs-dev/mudarro/internal/mudarro/cli.go:345.6,345.36 1 0
github.com/viralabs-dev/mudarro/internal/mudarro/cli.go:347.5,348.20 2 0
github.com/viralabs-dev/mudarro/internal/mudarro/cli.go:349.6,350.1 1 0
github.com/viralabs-dev/mudarro/internal/mudarro/cli.go:351.5,351.17 1 0
github.com/viralabs-dev/mudarro/internal/mudarro/cli.go:352.6,353.1 1 0
github.com/viralabs-dev/mudarro/internal/mudarro/cli.go:354.5,354.15 1 0
github.com/viralabs-dev/mudarro/internal/mudarro/cli.go:355.6,355.11 1 0
github.com/viralabs-dev/mudarro/internal/mudarro/cli.go:357.5,358.27 2 0
github.com/viralabs-dev/mudarro/internal/mudarro/cli.go:359.6,359.64 1 0
github.com/viralabs-dev/mudarro/internal/mudarro/cli.go:360.7,361.1 1 0
github.com/viralabs-dev/mudarro/internal/mudarro/cli.go:362.6,362.14 1 0
github.com/viralabs-dev/mudarro/internal/mudarro/cli.go:364.5,365.70 2 0
github.com/viralabs-dev/mudarro/internal/mudarro/cli.go:366.6,368.18 3 0
github.com/viralabs-dev/mudarro/internal/mudarro/cli.go:369.7,370.1 1 0
github.com/viralabs-dev/mudarro/internal/mudarro/cli.go:371.6,371.36 1 0
github.com/viralabs-dev/mudarro/internal/mudarro/cli.go:373.5,373.137 1 0
github.com/viralabs-dev/mudarro/internal/mudarro/cli.go:374.6,375.1 1 0
github.com/viralabs-dev/mudarro/internal/mudarro/cli.go:376.5,376.25 1 0
github.com/viralabs-dev/mudarro/internal/mudarro/cli.go:377.6,378.55 2 0
github.com/viralabs-dev/mudarro/internal/mudarro/cli.go:379.7,380.1 1 0
github.com/viralabs-dev/mudarro/internal/mudarro/cli.go:387.2,388.31 2 0
github.com/viralabs-dev/mudarro/internal/mudarro/cli.go:389.3,391.32 3 0
github.com/viralabs-dev/mudarro/internal/mudarro/cli.go:392.4,392.23 1 0
github.com/viralabs-dev/mudarro/internal/mudarro/cli.go:393.5,395.13 3 0
github.com/viralabs-dev/mudarro/internal/mudarro/cli.go:397.4,398.29 2 0
github.com/viralabs-dev/mudarro/internal/mudarro/cli.go:399.5,400.1 1 0
github.com/viralabs-dev/mudarro/internal/mudarro/cli.go:401.4,401.31 1 0
github.com/viralabs-dev/mudarro/internal/mudarro/cli.go:402.5,403.1 1 0
github.com/viralabs-dev/mudarro/internal/mudarro/cli.go:404.4,404.46 1 0
github.com/viralabs-dev/mudarro/internal/mudarro/cli.go:405.5,406.1 1 0
github.com/viralabs-dev/mudarro/internal/mudarro/cli.go:407.4,407.44 1 0
github.com/viralabs-dev/mudarro/internal/mudarro/cli.go:408.5,409.1 1 0
github.com/viralabs-dev/mudarro/internal/mudarro/cli.go:410.4,410.31 1 0
github.com/viralabs-dev/mudarro/internal/mudarro/cli.go:411.5,411.19 1 0
github.com/viralabs-dev/mudarro/internal/mudarro/cli.go:412.6,412.14 1 0
github.com/viralabs-dev/mudarro/internal/mudarro/cli.go:414.5,416.36 3 0
github.com/viralabs-dev/mudarro/internal/mudarro/cli.go:417.6,419.18 3 0
github.com/viralabs-dev/mudarro/internal/mudarro/cli.go:420.7,422.58 3 0
github.com/viralabs-dev/mudarro/internal/mudarro/cli.go:423.8,424.1 1 0
github.com/viralabs-dev/mudarro/internal/mudarro/cli.go:427.6,428.1 1 0
github.com/viralabs-dev/mudarro/internal/mudarro/cli.go:429.5,429.17 1 0
github.com/viralabs-dev/mudarro/internal/mudarro/cli.go:430.6,432.1 2 0
github.com/viralabs-dev/mudarro/internal/mudarro/cli.go:433.6,434.1 1 0
github.com/viralabs-dev/mudarro/internal/mudarro/cli.go:437.3,437.117 1 0
github.com/viralabs-dev/mudarro/internal/mudarro/cli.go:438.4,440.28 3 0
github.com/viralabs-dev/mudarro/internal/mudarro/cli.go:441.5,443.1 2 0
github.com/viralabs-dev/mudarro/internal/mudarro/cli.go:444.4,446.34 3 0
github.com/viralabs-dev/mudarro/internal/mudarro/cli.go:447.5,449.1 2 0
github.com/viralabs-dev/mudarro/internal/mudarro/cli.go:452.2,452.18 1 0
github.com/viralabs-dev/mudarro/internal/mudarro/cli.go:453.3,454.1 1 0
github.com/viralabs-dev/mudarro/internal/mudarro/cli.go:455.2,456.12 2 0
github.com/viralabs-dev/mudarro/internal/mudarro/config.go:27.51,27.89 1 0
github.com/viralabs-dev/mudarro/internal/mudarro/config.go:30.2,30.39 1 0
github.com/viralabs-dev/mudarro/internal/mudarro/config.go:31.3,32.1 1 0
github.com/viralabs-dev/mudarro/internal/mudarro/config.go:33.2,33.20 1 0
github.com/viralabs-dev/mudarro/internal/mudarro/config.go:34.3,35.1 1 0
github.com/viralabs-dev/mudarro/internal/mudarro/config.go:36.2,36.37 1 0
github.com/viralabs-dev/mudarro/internal/mudarro/config.go:37.3,38.1 1 0
github.com/viralabs-dev/mudarro/internal/mudarro/config.go:39.2,40.31 2 0
github.com/viralabs-dev/mudarro/internal/mudarro/config.go:41.3,41.50 1 0
github.com/viralabs-dev/mudarro/internal/mudarro/config.go:42.4,43.1 1 0
github.com/viralabs-dev/mudarro/internal/mudarro/config.go:44.3,46.15 3 0
github.com/viralabs-dev/mudarro/internal/mudarro/config.go:47.4,48.1 1 0
github.com/viralabs-dev/mudarro/internal/mudarro/config.go:49.3,50.30 2 0
github.com/viralabs-dev/mudarro/internal/mudarro/config.go:51.4,52.1 1 0
github.com/viralabs-dev/mudarro/internal/mudarro/config.go:53.3,53.70 1 0
github.com/viralabs-dev/mudarro/internal/mudarro/config.go:54.4,54.15 1 0
github.com/viralabs-dev/mudarro/internal/mudarro/config.go:55.5,55.66 1 0
github.com/viralabs-dev/mudarro/internal/mudarro/config.go:56.6,57.1 1 0
github.com/viralabs-dev/mudarro/internal/mudarro/config.go:60.3,60.65 1 0
github.com/viralabs-dev/mudarro/internal/mudarro/config.go:61.4,62.1 1 0
github.com/viralabs-dev/mudarro/internal/mudarro/config.go:63.3,63.34 1 0
github.com/viralabs-dev/mudarro/internal/mudarro/config.go:64.4,64.34 1 0
github.com/viralabs-dev/mudarro/internal/mudarro/config.go:65.5,66.1 1 0
github.com/viralabs-dev/mudarro/internal/mudarro/config.go:67.4,67.48 1 0
github.com/viralabs-dev/mudarro/internal/mudarro/config.go:68.5,69.1 1 0
github.com/viralabs-dev/mudarro/internal/mudarro/config.go:70.4,70.65 1 0
github.com/viralabs-dev/mudarro/internal/mudarro/config.go:71.5,72.1 1 0
github.com/viralabs-dev/mudarro/internal/mudarro/config.go:74.3,74.112 1 0
github.com/viralabs-dev/mudarro/internal/mudarro/config.go:75.4,76.1 1 0
github.com/viralabs-dev/mudarro/internal/mudarro/config.go:78.2,78.12 1 0
github.com/viralabs-dev/mudarro/internal/mudarro/config.go:81.2,82.14 2 0
github.com/viralabs-dev/mudarro/internal/mudarro/config.go:83.3,84.1 1 0
github.com/viralabs-dev/mudarro/internal/mudarro/config.go:85.2,86.14 2 0
github.com/viralabs-dev/mudarro/internal/mudarro/config.go:87.3,88.1 1 0
github.com/viralabs-dev/mudarro/internal/mudarro/config.go:89.2,91.10 3 0
github.com/viralabs-dev/mudarro/internal/mudarro/config.go:93.36,93.79 2 0
github.com/viralabs-dev/mudarro/internal/mudarro/config.go:94.36,94.94 1 0
github.com/viralabs-dev/mudarro/internal/mudarro/config_io.go:37.2,38.17 2 0
github.com/viralabs-dev/mudarro/internal/mudarro/config_io.go:39.3,40.1 1 0
github.com/viralabs-dev/mudarro/internal/mudarro/config_io.go:41.2,42.20 2 0
github.com/viralabs-dev/mudarro/internal/mudarro/config_io.go:43.3,44.1 1 0
github.com/viralabs-dev/mudarro/internal/mudarro/config_io.go:45.2,45.19 1 0
github.com/viralabs-dev/mudarro/internal/mudarro/config_io.go:46.3,47.1 1 0
github.com/viralabs-dev/mudarro/internal/mudarro/config_io.go:48.2,48.21 1 0
github.com/viralabs-dev/mudarro/internal/mudarro/config_io.go:49.3,50.1 1 0
github.com/viralabs-dev/mudarro/internal/mudarro/config_io.go:51.2,51.23 1 0
github.com/viralabs-dev/mudarro/internal/mudarro/config_io.go:52.3,53.1 1 0
github.com/viralabs-dev/mudarro/internal/mudarro/config_io.go:54.2,54.22 1 0
github.com/viralabs-dev/mudarro/internal/mudarro/config_io.go:55.3,55.31 1 0
github.com/viralabs-dev/mudarro/internal/mudarro/config_io.go:56.4,57.1 1 0
github.com/viralabs-dev/mudarro/internal/mudarro/config_io.go:58.3,58.28 1 0
github.com/viralabs-dev/mudarro/internal/mudarro/config_io.go:59.4,60.1 1 0
github.com/viralabs-dev/mudarro/internal/mudarro/config_io.go:62.2,62.15 1 0
github.com/viralabs-dev/mudarro/internal/mudarro/config_io.go:65.2,71.1 2 0
github.com/viralabs-dev/mudarro/internal/mudarro/config_io.go:72.3,73.41 2 0
github.com/viralabs-dev/mudarro/internal/mudarro/config_io.go:74.4,74.30 1 0
github.com/viralabs-dev/mudarro/internal/mudarro/config_io.go:75.5,76.10 2 0
github.com/viralabs-dev/mudarro/internal/mudarro/config_io.go:79.3,79.13 1 0
github.com/viralabs-dev/mudarro/internal/mudarro/config_io.go:80.4,81.1 1 0
github.com/viralabs-dev/mudarro/internal/mudarro/config_io.go:83.2,83.12 1 0
github.com/viralabs-dev/mudarro/internal/mudarro/config_io.go:88.2,89.64 2 0
github.com/viralabs-dev/mudarro/internal/mudarro/config_io.go:90.3,91.17 2 0
github.com/viralabs-dev/mudarro/internal/mudarro/config_io.go:92.4,93.1 1 0
github.com/viralabs-dev/mudarro/internal/mudarro/config_io.go:94.3,95.17 2 0
github.com/viralabs-dev/mudarro/internal/mudarro/config_io.go:96.4,97.1 1 0
github.com/viralabs-dev/mudarro/internal/mudarro/config_io.go:97.10,97.33 1 0
github.com/viralabs-dev/mudarro/internal/mudarro/config_io.go:98.4,99.1 1 0
github.com/viralabs-dev/mudarro/internal/mudarro/config_io.go:101.2,101.22 1 0
github.com/viralabs-dev/mudarro/internal/mudarro/config_io.go:102.3,103.1 1 0
github.com/viralabs-dev/mudarro/internal/mudarro/config_io.go:104.2,104.23 1 0
github.com/viralabs-dev/mudarro/internal/mudarro/config_io.go:105.3,106.1 1 0
github.com/viralabs-dev/mudarro/internal/mudarro/config_io.go:107.2,107.35 1 0
github.com/viralabs-dev/mudarro/internal/mudarro/config_io.go:112.2,113.32 2 0
github.com/viralabs-dev/mudarro/internal/mudarro/config_io.go:114.3,115.17 2 0
github.com/viralabs-dev/mudarro/internal/mudarro/config_io.go:116.4,117.1 1 0
github.com/viralabs-dev/mudarro/internal/mudarro/config_io.go:118.3,119.17 2 0
github.com/viralabs-dev/mudarro/internal/mudarro/config_io.go:120.4,121.1 1 0
github.com/viralabs-dev/mudarro/internal/mudarro/config_io.go:122.3,122.24 1 0
github.com/viralabs-dev/mudarro/internal/mudarro/config_io.go:124.2,125.16 2 0
github.com/viralabs-dev/mudarro/internal/mudarro/config_io.go:126.3,127.1 1 0
github.com/viralabs-dev/mudarro/internal/mudarro/config_io.go:128.2,129.73 2 0
github.com/viralabs-dev/mudarro/internal/mudarro/config_io.go:130.3,131.1 1 0
github.com/viralabs-dev/mudarro/internal/mudarro/config_io.go:133.2,134.16 2 0
github.com/viralabs-dev/mudarro/internal/mudarro/config_io.go:135.3,136.1 1 0
github.com/viralabs-dev/mudarro/internal/mudarro/config_io.go:137.2,137.33 1 0
github.com/viralabs-dev/mudarro/internal/mudarro/config_io.go:138.3,139.1 1 0
github.com/viralabs-dev/mudarro/internal/mudarro/config_io.go:140.2,141.16 2 0
github.com/viralabs-dev/mudarro/internal/mudarro/config_io.go:142.3,143.1 1 0
github.com/viralabs-dev/mudarro/internal/mudarro/config_io.go:144.2,146.16 3 0
github.com/viralabs-dev/mudarro/internal/mudarro/config_io.go:147.3,148.1 1 0
github.com/viralabs-dev/mudarro/internal/mudarro/config_io.go:149.2,149.30 1 0
github.com/viralabs-dev/mudarro/internal/mudarro/config_io.go:150.3,151.1 1 0
github.com/viralabs-dev/mudarro/internal/mudarro/config_io.go:152.2,153.25 2 0
github.com/viralabs-dev/mudarro/internal/mudarro/config_io.go:154.3,155.1 1 0
github.com/viralabs-dev/mudarro/internal/mudarro/config_io.go:156.2,157.16 2 0
github.com/viralabs-dev/mudarro/internal/mudarro/config_io.go:158.3,159.1 1 0
github.com/viralabs-dev/mudarro/internal/mudarro/config_io.go:160.2,160.23 1 0
github.com/viralabs-dev/mudarro/internal/mudarro/config_io.go:161.3,162.1 1 0
github.com/viralabs-dev/mudarro/internal/mudarro/config_io.go:163.2,163.26 1 0
github.com/viralabs-dev/mudarro/internal/mudarro/config_io.go:164.3,164.44 1 0
github.com/viralabs-dev/mudarro/internal/mudarro/config_io.go:165.4,166.1 1 0
github.com/viralabs-dev/mudarro/internal/mudarro/config_io.go:167.3,169.37 3 0
github.com/viralabs-dev/mudarro/internal/mudarro/config_io.go:170.4,171.1 1 0
github.com/viralabs-dev/mudarro/internal/mudarro/config_io.go:172.3,173.44 2 0
github.com/viralabs-dev/mudarro/internal/mudarro/config_io.go:174.4,175.1 1 0
github.com/viralabs-dev/mudarro/internal/mudarro/config_io.go:177.3,179.37 3 0
github.com/viralabs-dev/mudarro/internal/mudarro/config_io.go:180.4,181.1 1 0
github.com/viralabs-dev/mudarro/internal/mudarro/config_io.go:182.3,183.44 2 0
github.com/viralabs-dev/mudarro/internal/mudarro/config_io.go:184.4,185.1 1 0
github.com/viralabs-dev/mudarro/internal/mudarro/config_io.go:187.2,187.41 1 0
github.com/viralabs-dev/mudarro/internal/mudarro/config_io.go:188.3,189.1 1 0
github.com/viralabs-dev/mudarro/internal/mudarro/config_io.go:190.2,191.15 2 0
github.com/viralabs-dev/mudarro/internal/mudarro/config_io.go:196.2,199.32 4 0
github.com/viralabs-dev/mudarro/internal/mudarro/config_io.go:200.3,200.18 1 0
github.com/viralabs-dev/mudarro/internal/mudarro/config_io.go:201.4,202.1 1 0
github.com/viralabs-dev/mudarro/internal/mudarro/config_io.go:203.3,204.17 2 0
github.com/viralabs-dev/mudarro/internal/mudarro/config_io.go:205.4,206.1 1 0
github.com/viralabs-dev/mudarro/internal/mudarro/config_io.go:207.3,208.10 2 0
github.com/viralabs-dev/mudarro/internal/mudarro/config_io.go:209.4,210.1 1 0
github.com/viralabs-dev/mudarro/internal/mudarro/config_io.go:211.3,211.20 1 0
github.com/viralabs-dev/mudarro/internal/mudarro/config_io.go:213.4,214.17 2 0
github.com/viralabs-dev/mudarro/internal/mudarro/config_io.go:215.5,216.19 2 0
github.com/viralabs-dev/mudarro/internal/mudarro/config_io.go:217.6,218.1 1 0
github.com/viralabs-dev/mudarro/internal/mudarro/config_io.go:219.5,220.12 2 0
github.com/viralabs-dev/mudarro/internal/mudarro/config_io.go:221.6,222.1 1 0
github.com/viralabs-dev/mudarro/internal/mudarro/config_io.go:223.5,223.19 1 0
github.com/viralabs-dev/mudarro/internal/mudarro/config_io.go:224.6,225.1 1 0
github.com/viralabs-dev/mudarro/internal/mudarro/config_io.go:226.5,227.43 2 0
github.com/viralabs-dev/mudarro/internal/mudarro/config_io.go:228.6,229.1 1 0
github.com/viralabs-dev/mudarro/internal/mudarro/config_io.go:232.4,232.17 1 0
github.com/viralabs-dev/mudarro/internal/mudarro/config_io.go:233.5,233.43 1 0
github.com/viralabs-dev/mudarro/internal/mudarro/config_io.go:234.6,235.1 1 0
github.com/viralabs-dev/mudarro/internal/mudarro/config_io.go:238.4,238.64 1 0
github.com/viralabs-dev/mudarro/internal/mudarro/config_io.go:240.3,241.13 2 0
github.com/viralabs-dev/mudarro/internal/mudarro/config_io.go:243.2,243.33 1 0
github.com/viralabs-dev/mudarro/internal/mudarro/config_io.go:244.3,245.1 1 0
github.com/viralabs-dev/mudarro/internal/mudarro/config_io.go:246.2,246.40 1 0
github.com/viralabs-dev/mudarro/internal/mudarro/config_io.go:247.3,248.1 1 0
github.com/viralabs-dev/mudarro/internal/mudarro/config_io.go:249.2,249.12 1 0
github.com/viralabs-dev/mudarro/internal/mudarro/executor.go:15.2,15.23 1 0
github.com/viralabs-dev/mudarro/internal/mudarro/executor.go:16.3,17.1 1 0
github.com/viralabs-dev/mudarro/internal/mudarro/executor.go:18.2,18.22 1 0
github.com/viralabs-dev/mudarro/internal/mudarro/generate.go:22.32,22.76 1 0
github.com/viralabs-dev/mudarro/internal/mudarro/generate.go:24.2,24.37 1 0
github.com/viralabs-dev/mudarro/internal/mudarro/generate.go:25.3,26.1 1 0
github.com/viralabs-dev/mudarro/internal/mudarro/generate.go:27.2,28.57 2 0
github.com/viralabs-dev/mudarro/internal/mudarro/generate.go:29.3,30.31 2 0
github.com/viralabs-dev/mudarro/internal/mudarro/generate.go:31.4,32.1 1 0
github.com/viralabs-dev/mudarro/internal/mudarro/generate.go:33.3,34.13 2 0
github.com/viralabs-dev/mudarro/internal/mudarro/generate.go:36.2,37.58 2 0
github.com/viralabs-dev/mudarro/internal/mudarro/generate.go:38.3,39.1 1 0
github.com/viralabs-dev/mudarro/internal/mudarro/generate.go:40.2,41.51 2 0
github.com/viralabs-dev/mudarro/internal/mudarro/generate.go:42.3,43.1 1 0
github.com/viralabs-dev/mudarro/internal/mudarro/generate.go:44.2,44.31 1 0
github.com/viralabs-dev/mudarro/internal/mudarro/generate.go:45.3,45.32 1 0
github.com/viralabs-dev/mudarro/internal/mudarro/generate.go:46.4,48.41 3 0
github.com/viralabs-dev/mudarro/internal/mudarro/generate.go:49.5,50.1 1 0
github.com/viralabs-dev/mudarro/internal/mudarro/generate.go:52.3,53.15 2 0
github.com/viralabs-dev/mudarro/internal/mudarro/generate.go:54.4,55.1 1 0
github.com/viralabs-dev/mudarro/internal/mudarro/generate.go:56.3,56.30 1 0
github.com/viralabs-dev/mudarro/internal/mudarro/generate.go:57.4,57.75 1 0
github.com/viralabs-dev/mudarro/internal/mudarro/generate.go:58.5,59.1 1 0
github.com/viralabs-dev/mudarro/internal/mudarro/generate.go:62.2,63.14 2 0
github.com/viralabs-dev/mudarro/internal/mudarro/generate.go:64.3,65.1 1 0
github.com/viralabs-dev/mudarro/internal/mudarro/generate.go:66.2,67.49 2 0
github.com/viralabs-dev/mudarro/internal/mudarro/generate.go:68.3,68.44 1 0
github.com/viralabs-dev/mudarro/internal/mudarro/generate.go:69.4,70.1 1 0
github.com/viralabs-dev/mudarro/internal/mudarro/generate.go:71.9,71.30 1 0
github.com/viralabs-dev/mudarro/internal/mudarro/generate.go:72.3,73.1 1 0
github.com/viralabs-dev/mudarro/internal/mudarro/generate.go:74.2,75.30 2 0
github.com/viralabs-dev/mudarro/internal/mudarro/generate.go:76.3,77.1 1 0
github.com/viralabs-dev/mudarro/internal/mudarro/generate.go:78.2,79.23 2 0
github.com/viralabs-dev/mudarro/internal/mudarro/generate.go:80.3,81.1 1 0
github.com/viralabs-dev/mudarro/internal/mudarro/generate.go:82.2,84.1 3 0
github.com/viralabs-dev/mudarro/internal/mudarro/generate.go:85.2,85.26 3 0
github.com/viralabs-dev/mudarro/internal/mudarro/generate.go:86.3,87.15 2 0
github.com/viralabs-dev/mudarro/internal/mudarro/generate.go:88.4,89.1 1 0
github.com/viralabs-dev/mudarro/internal/mudarro/generate.go:90.3,92.15 3 0
github.com/viralabs-dev/mudarro/internal/mudarro/generate.go:93.4,93.39 1 0
github.com/viralabs-dev/mudarro/internal/mudarro/generate.go:94.5,94.23 1 0
github.com/viralabs-dev/mudarro/internal/mudarro/generate.go:95.6,96.1 1 0
github.com/viralabs-dev/mudarro/internal/mudarro/generate.go:97.5,98.36 2 0
github.com/viralabs-dev/mudarro/internal/mudarro/generate.go:99.6,99.14 1 0
github.com/viralabs-dev/mudarro/internal/mudarro/generate.go:102.5,103.13 2 0
github.com/viralabs-dev/mudarro/internal/mudarro/generate.go:105.10,105.31 1 0
github.com/viralabs-dev/mudarro/internal/mudarro/generate.go:106.4,107.1 1 0
github.com/viralabs-dev/mudarro/internal/mudarro/generate.go:108.4,109.1 1 0
github.com/viralabs-dev/mudarro/internal/mudarro/generate.go:110.3,110.29 1 0
github.com/viralabs-dev/mudarro/internal/mudarro/generate.go:112.2,112.27 1 0
github.com/viralabs-dev/mudarro/internal/mudarro/generate.go:113.3,114.10 2 0
github.com/viralabs-dev/mudarro/internal/mudarro/generate.go:115.4,115.12 1 0
github.com/viralabs-dev/mudarro/internal/mudarro/generate.go:117.3,118.69 2 0
github.com/viralabs-dev/mudarro/internal/mudarro/generate.go:119.4,120.1 1 0
github.com/viralabs-dev/mudarro/internal/mudarro/generate.go:122.2,122.9 1 0
github.com/viralabs-dev/mudarro/internal/mudarro/generate.go:123.3,124.1 1 0
github.com/viralabs-dev/mudarro/internal/mudarro/generate.go:125.2,126.57 2 0
github.com/viralabs-dev/mudarro/internal/mudarro/generate.go:129.2,129.58 1 0
github.com/viralabs-dev/mudarro/internal/mudarro/generate.go:130.3,131.1 1 0
github.com/viralabs-dev/mudarro/internal/mudarro/generate.go:132.2,133.14 2 0
github.com/viralabs-dev/mudarro/internal/mudarro/generate.go:134.3,135.1 1 0
github.com/viralabs-dev/mudarro/internal/mudarro/generate.go:136.2,137.33 2 0
github.com/viralabs-dev/mudarro/internal/mudarro/generate.go:138.3,140.1 2 0
github.com/viralabs-dev/mudarro/internal/mudarro/generate.go:141.2,141.33 1 0
github.com/viralabs-dev/mudarro/internal/mudarro/generate.go:142.3,144.1 2 0
github.com/viralabs-dev/mudarro/internal/mudarro/generate.go:145.2,145.29 1 0
github.com/viralabs-dev/mudarro/internal/mudarro/generate.go:146.3,147.1 1 0
github.com/viralabs-dev/mudarro/internal/mudarro/generate.go:148.2,148.34 1 0
github.com/viralabs-dev/mudarro/internal/mudarro/kubernetes_runner.go:10.2,13.14 4 0
github.com/viralabs-dev/mudarro/internal/mudarro/kubernetes_runner.go:14.3,15.1 1 0
github.com/viralabs-dev/mudarro/internal/mudarro/kubernetes_runner.go:16.2,17.27 2 0
github.com/viralabs-dev/mudarro/internal/mudarro/kubernetes_runner.go:18.3,19.1 1 0
github.com/viralabs-dev/mudarro/internal/mudarro/kubernetes_runner.go:20.2,21.22 2 0
github.com/viralabs-dev/mudarro/internal/mudarro/kubernetes_runner.go:22.3,23.1 1 0
github.com/viralabs-dev/mudarro/internal/mudarro/kubernetes_runner.go:24.2,24.11 1 0
github.com/viralabs-dev/mudarro/internal/mudarro/kubernetes_runner.go:25.3,27.1 2 0
github.com/viralabs-dev/mudarro/internal/mudarro/kubernetes_runner.go:28.2,29.14 2 0
github.com/viralabs-dev/mudarro/internal/mudarro/kubernetes_runner.go:30.3,31.1 1 0
github.com/viralabs-dev/mudarro/internal/mudarro/kubernetes_runner.go:32.2,38.1 2 0
github.com/viralabs-dev/mudarro/internal/mudarro/kubernetes_runner.go:40.2,40.46 2 0
github.com/viralabs-dev/mudarro/internal/mudarro/kubernetes_runner.go:41.3,42.1 1 0
github.com/viralabs-dev/mudarro/internal/mudarro/kubernetes_runner.go:43.2,43.48 1 0
github.com/viralabs-dev/mudarro/internal/mudarro/kubernetes_runner.go:44.3,48.1 1 0
github.com/viralabs-dev/mudarro/internal/mudarro/kubernetes_runner.go:49.2,50.36 2 0
github.com/viralabs-dev/mudarro/internal/mudarro/kubernetes_runner.go:51.3,52.75 2 0
github.com/viralabs-dev/mudarro/internal/mudarro/kubernetes_runner.go:53.4,53.12 1 0
github.com/viralabs-dev/mudarro/internal/mudarro/kubernetes_runner.go:55.3,57.13 3 0
github.com/viralabs-dev/mudarro/internal/mudarro/kubernetes_runner.go:59.4,59.27 1 0
github.com/viralabs-dev/mudarro/internal/mudarro/kubernetes_runner.go:60.5,61.1 1 0
github.com/viralabs-dev/mudarro/internal/mudarro/kubernetes_runner.go:62.4,62.81 1 0
github.com/viralabs-dev/mudarro/internal/mudarro/kubernetes_runner.go:64.4,64.78 1 0
github.com/viralabs-dev/mudarro/internal/mudarro/kubernetes_runner.go:66.4,66.103 1 0
github.com/viralabs-dev/mudarro/internal/mudarro/kubernetes_runner.go:68.3,68.41 1 0
github.com/viralabs-dev/mudarro/internal/mudarro/kubernetes_runner.go:69.4,70.1 1 0
github.com/viralabs-dev/mudarro/internal/mudarro/kubernetes_runner.go:71.3,71.10 1 0
github.com/viralabs-dev/mudarro/internal/mudarro/kubernetes_runner.go:73.2,73.16 1 0
github.com/viralabs-dev/mudarro/internal/mudarro/kubernetes_runner.go:74.3,75.1 1 0
github.com/viralabs-dev/mudarro/internal/mudarro/kubernetes_runner.go:76.2,76.12 1 0
github.com/viralabs-dev/mudarro/internal/mudarro/local_runner.go:27.2,27.39 1 0
github.com/viralabs-dev/mudarro/internal/mudarro/local_runner.go:28.3,29.1 1 0
github.com/viralabs-dev/mudarro/internal/mudarro/local_runner.go:30.2,31.14 2 0
github.com/viralabs-dev/mudarro/internal/mudarro/local_runner.go:32.3,33.1 1 0
github.com/viralabs-dev/mudarro/internal/mudarro/local_runner.go:34.2,35.27 2 0
github.com/viralabs-dev/mudarro/internal/mudarro/local_runner.go:36.3,36.83 1 0
github.com/viralabs-dev/mudarro/internal/mudarro/local_runner.go:37.4,38.1 1 0
github.com/viralabs-dev/mudarro/internal/mudarro/local_runner.go:40.2,40.14 1 0
github.com/viralabs-dev/mudarro/internal/mudarro/local_runner.go:43.2,47.1 4 0
github.com/viralabs-dev/mudarro/internal/mudarro/local_runner.go:49.2,50.14 2 0
github.com/viralabs-dev/mudarro/internal/mudarro/local_runner.go:51.3,52.1 1 0
github.com/viralabs-dev/mudarro/internal/mudarro/local_runner.go:53.2,53.11 1 0
github.com/viralabs-dev/mudarro/internal/mudarro/local_runner.go:54.3,56.1 2 0
github.com/viralabs-dev/mudarro/internal/mudarro/local_runner.go:57.2,57.43 1 0
github.com/viralabs-dev/mudarro/internal/mudarro/local_runner.go:58.3,59.1 1 0
github.com/viralabs-dev/mudarro/internal/mudarro/local_runner.go:60.2,61.14 2 0
github.com/viralabs-dev/mudarro/internal/mudarro/local_runner.go:62.3,63.1 1 0
github.com/viralabs-dev/mudarro/internal/mudarro/local_runner.go:64.2,65.14 2 0
github.com/viralabs-dev/mudarro/internal/mudarro/local_runner.go:66.3,67.1 1 0
github.com/viralabs-dev/mudarro/internal/mudarro/local_runner.go:68.2,69.66 2 0
github.com/viralabs-dev/mudarro/internal/mudarro/local_runner.go:70.3,71.1 1 0
github.com/viralabs-dev/mudarro/internal/mudarro/local_runner.go:72.2,73.60 2 0
github.com/viralabs-dev/mudarro/internal/mudarro/local_runner.go:74.3,74.84 1 0
github.com/viralabs-dev/mudarro/internal/mudarro/local_runner.go:75.4,76.1 1 0
github.com/viralabs-dev/mudarro/internal/mudarro/local_runner.go:78.2,81.12 4 0
github.com/viralabs-dev/mudarro/internal/mudarro/local_runner.go:83.3,83.12 1 0
github.com/viralabs-dev/mudarro/internal/mudarro/local_runner.go:84.4,85.1 1 0
github.com/viralabs-dev/mudarro/internal/mudarro/local_runner.go:86.4,87.1 1 0
github.com/viralabs-dev/mudarro/internal/mudarro/local_runner.go:88.3,88.13 1 0
github.com/viralabs-dev/mudarro/internal/mudarro/local_runner.go:90.3,91.15 2 0
github.com/viralabs-dev/mudarro/internal/mudarro/local_runner.go:92.4,93.1 1 0
github.com/viralabs-dev/mudarro/internal/mudarro/local_runner.go:94.3,96.11 3 0
github.com/viralabs-dev/mudarro/internal/mudarro/local_runner.go:98.3,98.12 1 0
github.com/viralabs-dev/mudarro/internal/mudarro/local_runner.go:99.4,99.60 1 0
github.com/viralabs-dev/mudarro/internal/mudarro/local_runner.go:100.5,101.1 1 0
github.com/viralabs-dev/mudarro/internal/mudarro/local_runner.go:102.4,102.44 1 0
github.com/viralabs-dev/mudarro/internal/mudarro/local_runner.go:103.5,104.1 1 0
github.com/viralabs-dev/mudarro/internal/mudarro/local_runner.go:105.4,105.19 1 0
github.com/viralabs-dev/mudarro/internal/mudarro/local_runner.go:106.5,107.1 1 0
github.com/viralabs-dev/mudarro/internal/mudarro/local_runner.go:109.3,109.19 1 0
github.com/viralabs-dev/mudarro/internal/mudarro/local_runner.go:110.4,112.1 2 0
github.com/viralabs-dev/mudarro/internal/mudarro/local_runner.go:114.3,114.12 1 0
github.com/viralabs-dev/mudarro/internal/mudarro/local_runner.go:115.4,117.1 2 0
github.com/viralabs-dev/mudarro/internal/mudarro/local_runner.go:119.3,119.61 1 0
github.com/viralabs-dev/mudarro/internal/mudarro/local_runner.go:121.2,122.14 2 0
github.com/viralabs-dev/mudarro/internal/mudarro/local_runner.go:123.3,124.1 1 0
github.com/viralabs-dev/mudarro/internal/mudarro/local_runner.go:125.2,126.39 2 0
github.com/viralabs-dev/mudarro/internal/mudarro/local_runner.go:127.3,128.1 1 0
github.com/viralabs-dev/mudarro/internal/mudarro/local_runner.go:129.2,131.14 3 0
github.com/viralabs-dev/mudarro/internal/mudarro/local_runner.go:132.3,133.1 1 0
github.com/viralabs-dev/mudarro/internal/mudarro/local_runner.go:134.2,136.24 3 0
github.com/viralabs-dev/mudarro/internal/mudarro/local_runner.go:137.3,138.1 1 0
github.com/viralabs-dev/mudarro/internal/mudarro/local_runner.go:139.2,144.33 6 0
github.com/viralabs-dev/mudarro/internal/mudarro/local_runner.go:145.3,146.1 1 0
github.com/viralabs-dev/mudarro/internal/mudarro/local_runner.go:147.2,149.46 3 0
github.com/viralabs-dev/mudarro/internal/mudarro/local_runner.go:150.3,152.1 2 0
github.com/viralabs-dev/mudarro/internal/mudarro/local_runner.go:153.2,155.18 3 0
github.com/viralabs-dev/mudarro/internal/mudarro/local_runner.go:156.3,157.1 1 0
github.com/viralabs-dev/mudarro/internal/mudarro/local_runner.go:158.2,159.12 2 0
github.com/viralabs-dev/mudarro/internal/mudarro/local_runner.go:162.2,162.38 1 0
github.com/viralabs-dev/mudarro/internal/mudarro/local_runner.go:163.3,164.1 1 0
github.com/viralabs-dev/mudarro/internal/mudarro/local_runner.go:165.2,168.20 4 0
github.com/viralabs-dev/mudarro/internal/mudarro/local_runner.go:169.3,170.1 1 0
github.com/viralabs-dev/mudarro/internal/mudarro/local_runner.go:171.3,172.1 1 0
github.com/viralabs-dev/mudarro/internal/mudarro/local_runner.go:173.2,173.14 1 0
github.com/viralabs-dev/mudarro/internal/mudarro/local_runner.go:174.3,175.1 1 0
github.com/viralabs-dev/mudarro/internal/mudarro/local_runner.go:176.2,178.31 3 0
github.com/viralabs-dev/mudarro/internal/mudarro/local_runner.go:179.3,179.17 1 0
github.com/viralabs-dev/mudarro/internal/mudarro/local_runner.go:180.4,182.1 2 0
github.com/viralabs-dev/mudarro/internal/mudarro/local_runner.go:184.2,184.12 1 0
github.com/viralabs-dev/mudarro/internal/mudarro/local_runner.go:185.3,186.1 1 0
github.com/viralabs-dev/mudarro/internal/mudarro/local_runner.go:187.2,188.9 2 0
github.com/viralabs-dev/mudarro/internal/mudarro/local_runner.go:189.3,190.1 1 0
github.com/viralabs-dev/mudarro/internal/mudarro/local_runner.go:191.2,192.14 2 0
github.com/viralabs-dev/mudarro/internal/mudarro/local_runner.go:193.3,194.1 1 0
github.com/viralabs-dev/mudarro/internal/mudarro/local_runner.go:195.2,195.19 1 0
github.com/viralabs-dev/mudarro/internal/mudarro/local_runner.go:196.3,197.1 1 0
github.com/viralabs-dev/mudarro/internal/mudarro/local_runner.go:198.2,198.17 1 0
github.com/viralabs-dev/mudarro/internal/mudarro/local_runner.go:199.3,200.1 1 0
github.com/viralabs-dev/mudarro/internal/mudarro/local_runner.go:201.2,202.14 2 0
github.com/viralabs-dev/mudarro/internal/mudarro/local_runner.go:203.3,204.1 1 0
github.com/viralabs-dev/mudarro/internal/mudarro/local_runner.go:205.2,212.33 8 0
github.com/viralabs-dev/mudarro/internal/mudarro/local_runner.go:213.3,214.1 1 0
github.com/viralabs-dev/mudarro/internal/mudarro/local_runner.go:215.2,216.12 2 0
github.com/viralabs-dev/mudarro/internal/mudarro/local_runner.go:216.14,216.36 1 0
github.com/viralabs-dev/mudarro/internal/mudarro/local_runner.go:217.2,217.9 1 0
github.com/viralabs-dev/mudarro/internal/mudarro/local_runner.go:219.3,219.11 1 0
github.com/viralabs-dev/mudarro/internal/mudarro/local_runner.go:221.3,222.10 2 0
github.com/viralabs-dev/mudarro/internal/mudarro/local_runner.go:224.4,224.12 1 0
github.com/viralabs-dev/mudarro/internal/mudarro/local_runner.go:226.4,227.17 2 0
github.com/viralabs-dev/mudarro/internal/mudarro/menu_execution.go:17.2,20.16 4 0
github.com/viralabs-dev/mudarro/internal/mudarro/menu_execution.go:21.3,22.1 1 0
github.com/viralabs-dev/mudarro/internal/mudarro/menu_execution.go:23.2,25.67 3 0
github.com/viralabs-dev/mudarro/internal/mudarro/menu_execution.go:26.3,28.1 2 0
github.com/viralabs-dev/mudarro/internal/mudarro/menu_execution.go:29.2,29.16 1 0
github.com/viralabs-dev/mudarro/internal/mudarro/menu_execution.go:30.3,31.1 1 0
github.com/viralabs-dev/mudarro/internal/mudarro/menu_execution.go:32.2,33.16 2 0
github.com/viralabs-dev/mudarro/internal/mudarro/menu_execution.go:34.3,35.1 1 0
github.com/viralabs-dev/mudarro/internal/mudarro/menu_execution.go:36.2,36.22 1 0
github.com/viralabs-dev/mudarro/internal/mudarro/menu_execution.go:37.3,39.1 2 0
github.com/viralabs-dev/mudarro/internal/mudarro/menu_execution.go:41.2,44.16 4 0
github.com/viralabs-dev/mudarro/internal/mudarro/menu_execution.go:45.3,46.1 1 0
github.com/viralabs-dev/mudarro/internal/mudarro/menu_execution.go:47.2,50.43 4 0
github.com/viralabs-dev/mudarro/internal/mudarro/menu_execution.go:51.3,52.1 1 0
github.com/viralabs-dev/mudarro/internal/mudarro/menu_execution.go:53.2,53.12 1 0
github.com/viralabs-dev/mudarro/internal/mudarro/messages.go:105.2,106.41 2 0
github.com/viralabs-dev/mudarro/internal/mudarro/messages.go:107.3,107.24 1 0
github.com/viralabs-dev/mudarro/internal/mudarro/messages.go:108.4,109.1 1 0
github.com/viralabs-dev/mudarro/internal/mudarro/messages.go:110.4,111.1 1 0
github.com/viralabs-dev/mudarro/internal/mudarro/messages.go:113.2,113.52 1 0
github.com/viralabs-dev/mudarro/internal/mudarro/messages.go:122.42,122.60 1 0
github.com/viralabs-dev/mudarro/internal/mudarro/messages.go:123.42,123.58 1 0
github.com/viralabs-dev/mudarro/internal/mudarro/runner.go:20.2,20.21 1 0
github.com/viralabs-dev/mudarro/internal/mudarro/runner.go:21.3,22.1 1 0
github.com/viralabs-dev/mudarro/internal/mudarro/runner.go:23.2,23.37 1 0
github.com/viralabs-dev/mudarro/internal/mudarro/runner.go:24.3,27.54 4 0
github.com/viralabs-dev/mudarro/internal/mudarro/runner.go:28.4,29.1 1 0
github.com/viralabs-dev/mudarro/internal/mudarro/runner.go:31.2,31.44 1 0
github.com/viralabs-dev/mudarro/internal/mudarro/runner.go:32.3,33.1 1 0
github.com/viralabs-dev/mudarro/internal/mudarro/runner.go:34.2,34.42 1 0
github.com/viralabs-dev/mudarro/internal/mudarro/runner.go:35.3,36.1 1 0
github.com/viralabs-dev/mudarro/internal/mudarro/runner.go:37.2,37.32 1 0
github.com/viralabs-dev/mudarro/internal/mudarro/runner.go:38.3,39.1 1 0
github.com/viralabs-dev/mudarro/internal/mudarro/runner.go:40.2,40.11 1 0
github.com/viralabs-dev/mudarro/internal/mudarro/runner.go:41.3,43.1 2 0
github.com/viralabs-dev/mudarro/internal/mudarro/runner.go:44.2,45.14 2 0
github.com/viralabs-dev/mudarro/internal/mudarro/runner.go:46.3,47.1 1 0
github.com/viralabs-dev/mudarro/internal/mudarro/runner.go:48.2,48.27 1 0
github.com/viralabs-dev/mudarro/internal/mudarro/runner.go:49.3,50.1 1 0
github.com/viralabs-dev/mudarro/internal/mudarro/runner.go:51.2,51.20 1 0
github.com/viralabs-dev/mudarro/internal/mudarro/runner.go:52.3,53.1 1 0
github.com/viralabs-dev/mudarro/internal/mudarro/runner.go:54.2,55.14 2 0
github.com/viralabs-dev/mudarro/internal/mudarro/runner.go:56.3,57.1 1 0
github.com/viralabs-dev/mudarro/internal/mudarro/runner.go:58.2,59.22 2 0
github.com/viralabs-dev/mudarro/internal/mudarro/runner.go:60.3,61.1 1 0
github.com/viralabs-dev/mudarro/internal/mudarro/runner.go:63.2,63.182 1 0
github.com/viralabs-dev/mudarro/internal/mudarro/runner.go:64.3,67.60 4 0
github.com/viralabs-dev/mudarro/internal/mudarro/runner.go:68.4,68.58 1 0
github.com/viralabs-dev/mudarro/internal/mudarro/runner.go:69.5,70.1 1 0
github.com/viralabs-dev/mudarro/internal/mudarro/runner.go:71.4,71.22 1 0
github.com/viralabs-dev/mudarro/internal/mudarro/runner.go:72.5,73.1 1 0
github.com/viralabs-dev/mudarro/internal/mudarro/runner.go:76.2,76.29 1 0
github.com/viralabs-dev/mudarro/internal/mudarro/runner.go:79.2,80.1 1 0
github.com/viralabs-dev/mudarro/internal/mudarro/runner.go:83.2,83.25 1 0
github.com/viralabs-dev/mudarro/internal/mudarro/runner.go:84.3,85.1 1 0
github.com/viralabs-dev/mudarro/internal/mudarro/runner.go:86.2,86.11 1 0
github.com/viralabs-dev/mudarro/internal/mudarro/runner.go:91.2,91.15 1 0
github.com/viralabs-dev/mudarro/internal/mudarro/runner.go:92.3,93.1 1 0
github.com/viralabs-dev/mudarro/internal/mudarro/runner.go:94.2,96.21 3 0
github.com/viralabs-dev/mudarro/internal/mudarro/runner.go:97.3,98.12 2 0
github.com/viralabs-dev/mudarro/internal/mudarro/runner.go:99.4,99.22 1 0
github.com/viralabs-dev/mudarro/internal/mudarro/runner.go:100.5,101.1 1 0
github.com/viralabs-dev/mudarro/internal/mudarro/runner.go:102.4,102.23 1 0
github.com/viralabs-dev/mudarro/internal/mudarro/runner.go:104.3,104.17 1 0
github.com/viralabs-dev/mudarro/internal/mudarro/runner.go:105.4,106.1 1 0
github.com/viralabs-dev/mudarro/internal/mudarro/runner.go:108.2,108.54 1 0
github.com/viralabs-dev/mudarro/internal/mudarro/scan.go:31.53,31.101 1 0
github.com/viralabs-dev/mudarro/internal/mudarro/scan.go:32.53,32.95 1 0
github.com/viralabs-dev/mudarro/internal/mudarro/scan.go:33.53,33.125 2 0
github.com/viralabs-dev/mudarro/internal/mudarro/scan.go:36.2,38.78 3 0
github.com/viralabs-dev/mudarro/internal/mudarro/scan.go:39.3,39.15 1 0
github.com/viralabs-dev/mudarro/internal/mudarro/scan.go:40.4,41.1 1 0
github.com/viralabs-dev/mudarro/internal/mudarro/scan.go:42.3,43.32 2 0
github.com/viralabs-dev/mudarro/internal/mudarro/scan.go:44.4,45.105 2 0
github.com/viralabs-dev/mudarro/internal/mudarro/scan.go:46.5,46.18 1 0
github.com/viralabs-dev/mudarro/internal/mudarro/scan.go:47.6,48.1 1 0
github.com/viralabs-dev/mudarro/internal/mudarro/scan.go:49.5,49.15 1 0
github.com/viralabs-dev/mudarro/internal/mudarro/scan.go:52.3,52.16 1 0
github.com/viralabs-dev/mudarro/internal/mudarro/scan.go:53.4,53.57 1 0
github.com/viralabs-dev/mudarro/internal/mudarro/scan.go:54.5,55.1 1 0
github.com/viralabs-dev/mudarro/internal/mudarro/scan.go:56.4,56.14 1 0
github.com/viralabs-dev/mudarro/internal/mudarro/scan.go:58.3,58.35 1 0
github.com/viralabs-dev/mudarro/internal/mudarro/scan.go:59.4,60.1 1 0
github.com/viralabs-dev/mudarro/internal/mudarro/scan.go:61.3,62.23 2 0
github.com/viralabs-dev/mudarro/internal/mudarro/scan.go:63.4,64.1 1 0
github.com/viralabs-dev/mudarro/internal/mudarro/scan.go:65.3,66.13 2 0
github.com/viralabs-dev/mudarro/internal/mudarro/scan.go:68.2,68.14 1 0
github.com/viralabs-dev/mudarro/internal/mudarro/scan.go:69.3,70.1 1 0
github.com/viralabs-dev/mudarro/internal/mudarro/scan.go:71.2,72.22 2 0
github.com/viralabs-dev/mudarro/internal/mudarro/scan.go:73.3,74.1 1 0
github.com/viralabs-dev/mudarro/internal/mudarro/scan.go:75.2,76.28 2 0
github.com/viralabs-dev/mudarro/internal/mudarro/scan.go:77.3,78.19 2 0
github.com/viralabs-dev/mudarro/internal/mudarro/scan.go:79.4,80.1 1 0
github.com/viralabs-dev/mudarro/internal/mudarro/scan.go:81.3,81.38 1 0
github.com/viralabs-dev/mudarro/internal/mudarro/scan.go:82.4,83.16 2 0
github.com/viralabs-dev/mudarro/internal/mudarro/scan.go:84.5,85.13 2 0
github.com/viralabs-dev/mudarro/internal/mudarro/scan.go:87.4,87.16 1 0
github.com/viralabs-dev/mudarro/internal/mudarro/scan.go:88.5,88.13 1 0
github.com/viralabs-dev/mudarro/internal/mudarro/scan.go:90.4,94.35 5 0
github.com/viralabs-dev/mudarro/internal/mudarro/scan.go:95.5,97.1 2 0
github.com/viralabs-dev/mudarro/internal/mudarro/scan.go:98.4,98.39 1 0
github.com/viralabs-dev/mudarro/internal/mudarro/scan.go:99.5,101.53 3 0
github.com/viralabs-dev/mudarro/internal/mudarro/scan.go:102.6,103.1 1 0
github.com/viralabs-dev/mudarro/internal/mudarro/scan.go:107.2,107.33 1 0
github.com/viralabs-dev/mudarro/internal/mudarro/scan.go:108.3,112.1 4 0
github.com/viralabs-dev/mudarro/internal/mudarro/scan.go:113.2,113.28 1 0
github.com/viralabs-dev/mudarro/internal/mudarro/scan.go:114.3,114.31 1 0
github.com/viralabs-dev/mudarro/internal/mudarro/scan.go:115.4,115.61 1 0
github.com/viralabs-dev/mudarro/internal/mudarro/scan.go:116.5,116.13 1 0
github.com/viralabs-dev/mudarro/internal/mudarro/scan.go:118.4,118.25 1 0
github.com/viralabs-dev/mudarro/internal/mudarro/scan.go:119.5,119.13 1 0
github.com/viralabs-dev/mudarro/internal/mudarro/scan.go:121.4,123.40 3 0
github.com/viralabs-dev/mudarro/internal/mudarro/scan.go:124.5,124.97 1 0
github.com/viralabs-dev/mudarro/internal/mudarro/scan.go:125.6,125.27 1 0
github.com/viralabs-dev/mudarro/internal/mudarro/scan.go:126.7,128.1 2 0
github.com/viralabs-dev/mudarro/internal/mudarro/scan.go:131.4,133.26 3 0
github.com/viralabs-dev/mudarro/internal/mudarro/scan.go:134.5,135.17 2 0
github.com/viralabs-dev/mudarro/internal/mudarro/scan.go:136.6,137.14 2 0
github.com/viralabs-dev/mudarro/internal/mudarro/scan.go:139.5,140.63 2 0
github.com/viralabs-dev/mudarro/internal/mudarro/scan.go:141.6,142.1 1 0
github.com/viralabs-dev/mudarro/internal/mudarro/scan.go:144.5,145.34 2 0
github.com/viralabs-dev/mudarro/internal/mudarro/scan.go:146.6,147.1 1 0
github.com/viralabs-dev/mudarro/internal/mudarro/scan.go:151.2,151.48 1 0
github.com/viralabs-dev/mudarro/internal/mudarro/scan.go:152.3,153.1 1 0
github.com/viralabs-dev/mudarro/internal/mudarro/scan.go:154.2,154.15 1 0
github.com/viralabs-dev/mudarro/internal/mudarro/scan.go:158.2,159.105 2 0
github.com/viralabs-dev/mudarro/internal/mudarro/scan.go:160.3,160.44 1 0
github.com/viralabs-dev/mudarro/internal/mudarro/scan.go:161.4,163.1 2 0
github.com/viralabs-dev/mudarro/internal/mudarro/scan.go:165.2,165.78 1 0
github.com/viralabs-dev/mudarro/internal/mudarro/scan.go:166.3,167.1 1 0
github.com/viralabs-dev/mudarro/internal/mudarro/scan.go:168.2,168.50 1 0
github.com/viralabs-dev/mudarro/internal/mudarro/scan.go:169.3,169.44 1 0
github.com/viralabs-dev/mudarro/internal/mudarro/scan.go:170.4,171.1 1 0
github.com/viralabs-dev/mudarro/internal/mudarro/scan.go:173.2,173.54 1 0
github.com/viralabs-dev/mudarro/internal/mudarro/scan.go:174.3,175.1 1 0
github.com/viralabs-dev/mudarro/internal/mudarro/scan.go:176.2,176.72 1 0
github.com/viralabs-dev/mudarro/internal/mudarro/scan.go:177.3,177.44 1 0
github.com/viralabs-dev/mudarro/internal/mudarro/scan.go:178.4,179.9 2 0
github.com/viralabs-dev/mudarro/internal/mudarro/scan.go:182.2,182.26 1 0
github.com/viralabs-dev/mudarro/internal/mudarro/scan.go:183.3,184.1 1 0
github.com/viralabs-dev/mudarro/internal/mudarro/scan.go:184.9,184.33 1 0
github.com/viralabs-dev/mudarro/internal/mudarro/scan.go:185.3,186.41 2 0
github.com/viralabs-dev/mudarro/internal/mudarro/scan.go:187.4,189.1 2 0
github.com/viralabs-dev/mudarro/internal/mudarro/scan.go:191.3,192.32 2 0
github.com/viralabs-dev/mudarro/internal/mudarro/scan.go:193.4,194.1 1 0
github.com/viralabs-dev/mudarro/internal/mudarro/scan.go:196.2,196.43 1 0
github.com/viralabs-dev/mudarro/internal/mudarro/scan.go:197.3,198.1 1 0
github.com/viralabs-dev/mudarro/internal/mudarro/scan.go:201.2,202.64 2 0
github.com/viralabs-dev/mudarro/internal/mudarro/scan.go:203.3,205.50 3 0
github.com/viralabs-dev/mudarro/internal/mudarro/scan.go:206.4,207.1 1 0
github.com/viralabs-dev/mudarro/internal/mudarro/scan.go:208.3,208.46 1 0
github.com/viralabs-dev/mudarro/internal/mudarro/scan.go:209.4,210.1 1 0
github.com/viralabs-dev/mudarro/internal/mudarro/scan.go:212.2,212.29 1 0
github.com/viralabs-dev/mudarro/internal/mudarro/scan.go:213.3,214.1 1 0
github.com/viralabs-dev/mudarro/internal/mudarro/scan.go:215.2,215.55 1 0
github.com/viralabs-dev/mudarro/internal/mudarro/scan.go:216.3,217.1 1 0
github.com/viralabs-dev/mudarro/internal/mudarro/scan.go:218.2,218.92 1 0
github.com/viralabs-dev/mudarro/internal/mudarro/scan.go:219.3,219.27 1 0
github.com/viralabs-dev/mudarro/internal/mudarro/scan.go:220.4,222.60 3 0
github.com/viralabs-dev/mudarro/internal/mudarro/scan.go:223.5,224.10 2 0
github.com/viralabs-dev/mudarro/internal/mudarro/scan.go:228.2,228.25 1 0
github.com/viralabs-dev/mudarro/internal/mudarro/scan.go:229.3,231.1 2 0
github.com/viralabs-dev/mudarro/internal/mudarro/scan.go:232.2,232.26 1 0
github.com/viralabs-dev/mudarro/internal/mudarro/scan.go:233.3,235.28 3 0
github.com/viralabs-dev/mudarro/internal/mudarro/scan.go:236.4,237.1 1 0
github.com/viralabs-dev/mudarro/internal/mudarro/sqlite_runner.go:10.2,11.16 2 0
github.com/viralabs-dev/mudarro/internal/mudarro/sqlite_runner.go:12.3,13.1 1 0
github.com/viralabs-dev/mudarro/internal/mudarro/sqlite_runner.go:14.2,15.16 2 0
github.com/viralabs-dev/mudarro/internal/mudarro/sqlite_runner.go:16.3,17.1 1 0
github.com/viralabs-dev/mudarro/internal/mudarro/sqlite_runner.go:18.2,18.11 1 0
github.com/viralabs-dev/mudarro/internal/mudarro/sqlite_runner.go:19.3,21.1 2 0
github.com/viralabs-dev/mudarro/internal/mudarro/sqlite_runner.go:22.2,22.61 1 0
github.com/viralabs-dev/mudarro/internal/mudarro/sqlite_runner.go:23.3,24.1 1 0
github.com/viralabs-dev/mudarro/internal/mudarro/sqlite_runner.go:25.2,26.21 2 0
github.com/viralabs-dev/mudarro/internal/mudarro/sqlite_runner.go:27.3,29.1 2 0
github.com/viralabs-dev/mudarro/internal/mudarro/sqlite_runner.go:30.2,30.16 1 0
github.com/viralabs-dev/mudarro/internal/mudarro/sqlite_runner.go:31.3,32.1 1 0
github.com/viralabs-dev/mudarro/internal/mudarro/sqlite_runner.go:33.2,33.18 1 0
github.com/viralabs-dev/mudarro/internal/mudarro/templates.go:11.2,12.27 2 0
github.com/viralabs-dev/mudarro/internal/mudarro/templates.go:12.29,12.72 1 0
github.com/viralabs-dev/mudarro/internal/mudarro/templates.go:13.2,14.16 2 0
github.com/viralabs-dev/mudarro/internal/mudarro/templates.go:15.3,15.73 1 0
github.com/viralabs-dev/mudarro/internal/mudarro/templates.go:16.4,17.1 1 0
github.com/viralabs-dev/mudarro/internal/mudarro/templates.go:18.3,19.10 2 0
github.com/viralabs-dev/mudarro/internal/mudarro/templates.go:20.4,21.1 1 0
github.com/viralabs-dev/mudarro/internal/mudarro/templates.go:22.3,23.21 2 0
github.com/viralabs-dev/mudarro/internal/mudarro/templates.go:25.4,25.21 1 0
github.com/viralabs-dev/mudarro/internal/mudarro/templates.go:27.5,27.89 1 0
github.com/viralabs-dev/mudarro/internal/mudarro/templates.go:29.5,29.124 1 0
github.com/viralabs-dev/mudarro/internal/mudarro/templates.go:31.5,31.71 1 0
github.com/viralabs-dev/mudarro/internal/mudarro/templates.go:34.4,35.21 2 0
github.com/viralabs-dev/mudarro/internal/mudarro/templates.go:37.5,39.38 3 0
github.com/viralabs-dev/mudarro/internal/mudarro/templates.go:40.6,41.1 1 0
github.com/viralabs-dev/mudarro/internal/mudarro/templates.go:42.5,42.59 1 0
github.com/viralabs-dev/mudarro/internal/mudarro/templates.go:44.5,44.67 1 0
github.com/viralabs-dev/mudarro/internal/mudarro/templates.go:46.5,46.78 1 0
github.com/viralabs-dev/mudarro/internal/mudarro/templates.go:48.5,48.60 1 0
github.com/viralabs-dev/mudarro/internal/mudarro/templates.go:51.4,51.91 1 0
github.com/viralabs-dev/mudarro/internal/mudarro/templates.go:53.4,53.88 1 0
github.com/viralabs-dev/mudarro/internal/mudarro/templates.go:55.3,56.24 2 0
github.com/viralabs-dev/mudarro/internal/mudarro/templates.go:57.4,58.1 1 0
github.com/viralabs-dev/mudarro/internal/mudarro/templates.go:59.3,61.45 3 0
github.com/viralabs-dev/mudarro/internal/mudarro/templates.go:62.4,63.1 1 0
github.com/viralabs-dev/mudarro/internal/mudarro/templates.go:64.3,66.72 3 0
github.com/viralabs-dev/mudarro/internal/mudarro/templates.go:67.4,67.20 1 0
github.com/viralabs-dev/mudarro/internal/mudarro/templates.go:68.5,69.1 1 0
github.com/viralabs-dev/mudarro/internal/mudarro/templates.go:70.4,71.18 2 0
github.com/viralabs-dev/mudarro/internal/mudarro/templates.go:72.5,73.1 1 0
github.com/viralabs-dev/mudarro/internal/mudarro/templates.go:74.4,76.44 3 0
github.com/viralabs-dev/mudarro/internal/mudarro/templates.go:77.5,80.18 4 0
github.com/viralabs-dev/mudarro/internal/mudarro/templates.go:81.6,82.1 1 0
github.com/viralabs-dev/mudarro/internal/mudarro/templates.go:83.5,83.105 1 0
github.com/viralabs-dev/mudarro/internal/mudarro/templates.go:85.4,86.26 2 0
github.com/viralabs-dev/mudarro/internal/mudarro/templates.go:88.3,88.29 1 0
github.com/viralabs-dev/mudarro/internal/mudarro/templates.go:89.4,89.54 1 0
github.com/viralabs-dev/mudarro/internal/mudarro/templates.go:90.5,91.1 1 0
github.com/viralabs-dev/mudarro/internal/mudarro/templates.go:92.4,92.92 1 0
github.com/viralabs-dev/mudarro/internal/mudarro/templates.go:93.5,94.1 1 0
github.com/viralabs-dev/mudarro/internal/mudarro/templates.go:95.4,97.44 3 0
github.com/viralabs-dev/mudarro/internal/mudarro/templates.go:98.5,99.18 2 0
github.com/viralabs-dev/mudarro/internal/mudarro/templates.go:100.6,101.1 1 0
github.com/viralabs-dev/mudarro/internal/mudarro/templates.go:102.5,102.164 1 0
github.com/viralabs-dev/mudarro/internal/mudarro/templates.go:104.4,111.44 8 0
github.com/viralabs-dev/mudarro/internal/mudarro/templates.go:112.5,115.1 3 0
github.com/viralabs-dev/mudarro/internal/mudarro/templates.go:116.4,116.29 1 0
github.com/viralabs-dev/mudarro/internal/mudarro/templates.go:117.5,119.1 2 0
github.com/viralabs-dev/mudarro/internal/mudarro/templates.go:122.2,122.16 1 0
github.com/viralabs-dev/mudarro/internal/mudarro/templates.go:123.3,123.50 1 0
github.com/viralabs-dev/mudarro/internal/mudarro/templates.go:124.4,125.1 1 0
github.com/viralabs-dev/mudarro/internal/mudarro/templates.go:126.3,126.51 1 0
github.com/viralabs-dev/mudarro/internal/mudarro/templates.go:127.4,128.1 1 0
github.com/viralabs-dev/mudarro/internal/mudarro/templates.go:129.3,129.19 1 0
github.com/viralabs-dev/mudarro/internal/mudarro/templates.go:130.4,131.1 1 0
github.com/viralabs-dev/mudarro/internal/mudarro/templates.go:132.3,133.16 2 0
github.com/viralabs-dev/mudarro/internal/mudarro/templates.go:134.4,135.1 1 0
github.com/viralabs-dev/mudarro/internal/mudarro/templates.go:136.3,137.17 2 0
github.com/viralabs-dev/mudarro/internal/mudarro/templates.go:139.4,141.116 3 0
github.com/viralabs-dev/mudarro/internal/mudarro/templates.go:143.4,147.110 5 0
github.com/viralabs-dev/mudarro/internal/mudarro/templates.go:149.4,151.241 3 0
github.com/viralabs-dev/mudarro/internal/mudarro/templates.go:153.4,154.149 2 0
github.com/viralabs-dev/mudarro/internal/mudarro/templates.go:156.4,156.70 1 0
github.com/viralabs-dev/mudarro/internal/mudarro/templates.go:159.2,159.19 1 0
github.com/viralabs-dev/mudarro/internal/mudarro/templates.go:162.2,162.24 1 0
github.com/viralabs-dev/mudarro/internal/mudarro/templates.go:163.3,164.14 2 0
github.com/viralabs-dev/mudarro/internal/mudarro/templates.go:165.4,166.1 1 0
github.com/viralabs-dev/mudarro/internal/mudarro/templates.go:167.3,167.170 1 0
github.com/viralabs-dev/mudarro/internal/mudarro/templates.go:169.2,169.333 1 0
github.com/viralabs-dev/mudarro/internal/mudarro/templates.go:173.2,231.1 1 0
github.com/viralabs-dev/mudarro/internal/mudarro/ui_integration.go:22.2,24.20 3 0
github.com/viralabs-dev/mudarro/internal/mudarro/ui_integration.go:25.3,26.1 1 0
github.com/viralabs-dev/mudarro/internal/mudarro/ui_integration.go:27.3,28.1 1 0
github.com/viralabs-dev/mudarro/internal/mudarro/ui_integration.go:29.2,29.16 1 0
github.com/viralabs-dev/mudarro/internal/mudarro/ui_integration.go:30.3,31.1 1 0
github.com/viralabs-dev/mudarro/internal/mudarro/ui_integration.go:32.2,32.37 1 0
github.com/viralabs-dev/mudarro/internal/mudarro/ui_integration.go:33.3,33.18 1 0
github.com/viralabs-dev/mudarro/internal/mudarro/ui_integration.go:34.4,35.1 1 0
github.com/viralabs-dev/mudarro/internal/mudarro/ui_integration.go:36.3,36.21 1 0
github.com/viralabs-dev/mudarro/internal/mudarro/ui_integration.go:37.4,38.1 1 0
github.com/viralabs-dev/mudarro/internal/mudarro/ui_integration.go:39.3,39.20 1 0
github.com/viralabs-dev/mudarro/internal/mudarro/ui_integration.go:40.4,41.1 1 0
github.com/viralabs-dev/mudarro/internal/mudarro/ui_integration.go:43.2,43.30 1 0
github.com/viralabs-dev/mudarro/internal/mudarro/ui_integration.go:46.2,46.41 1 0
github.com/viralabs-dev/mudarro/internal/mudarro/ui_integration.go:47.3,48.1 1 0
github.com/viralabs-dev/mudarro/internal/mudarro/ui_integration.go:49.2,51.52 3 0
github.com/viralabs-dev/mudarro/internal/mudarro/ui_integration.go:52.3,54.1 2 0
github.com/viralabs-dev/mudarro/internal/mudarro/ui_integration.go:55.3,56.1 1 0
github.com/viralabs-dev/mudarro/internal/mudarro/ui_integration.go:57.2,57.16 1 0
github.com/viralabs-dev/mudarro/internal/mudarro/ui_integration.go:58.3,59.1 1 0
github.com/viralabs-dev/mudarro/internal/mudarro/ui_integration.go:60.2,60.35 1 0
github.com/viralabs-dev/mudarro/internal/mudarro/ui_integration.go:63.2,63.37 1 0
github.com/viralabs-dev/mudarro/internal/mudarro/ui_integration.go:64.3,65.1 1 0
github.com/viralabs-dev/mudarro/internal/mudarro/ui_integration.go:66.2,66.11 1 0
github.com/viralabs-dev/mudarro/internal/mudarro/ui_integration.go:69.2,69.37 1 0
github.com/viralabs-dev/mudarro/internal/mudarro/ui_integration.go:70.3,71.1 1 0
github.com/viralabs-dev/mudarro/internal/mudarro/ui_integration.go:72.2,74.27 3 0
github.com/viralabs-dev/mudarro/internal/mudarro/ui_integration.go:75.3,76.31 2 0
github.com/viralabs-dev/mudarro/internal/mudarro/ui_integration.go:77.4,78.1 1 0
github.com/viralabs-dev/mudarro/internal/mudarro/ui_integration.go:80.2,80.15 1 0
github.com/viralabs-dev/mudarro/internal/mudarro/ui_integration.go:83.2,84.35 2 0
github.com/viralabs-dev/mudarro/internal/mudarro/ui_integration.go:85.3,85.26 1 0
github.com/viralabs-dev/mudarro/internal/mudarro/ui_integration.go:86.4,87.1 1 0
github.com/viralabs-dev/mudarro/internal/mudarro/ui_integration.go:89.2,92.44 4 0
github.com/viralabs-dev/mudarro/internal/mudarro/ui_integration.go:93.3,93.33 1 0
github.com/viralabs-dev/mudarro/internal/mudarro/ui_integration.go:94.4,95.31 2 0
github.com/viralabs-dev/mudarro/internal/mudarro/ui_integration.go:96.5,97.1 1 0
github.com/viralabs-dev/mudarro/internal/mudarro/ui_integration.go:100.2,100.35 1 0
github.com/viralabs-dev/mudarro/internal/mudarro/ui_integration.go:111.2,111.66 1 0
github.com/viralabs-dev/mudarro/internal/mudarro/ui_integration.go:112.3,113.17 2 0
github.com/viralabs-dev/mudarro/internal/mudarro/ui_integration.go:114.4,115.1 1 0
github.com/viralabs-dev/mudarro/internal/mudarro/ui_integration.go:116.3,116.20 1 0
github.com/viralabs-dev/mudarro/internal/mudarro/ui_integration.go:117.4,117.38 1 0
github.com/viralabs-dev/mudarro/internal/mudarro/ui_integration.go:118.5,119.1 1 0
github.com/viralabs-dev/mudarro/internal/mudarro/ui_integration.go:121.3,122.22 2 0
github.com/viralabs-dev/mudarro/internal/mudarro/ui_integration.go:123.4,123.38 1 0
github.com/viralabs-dev/mudarro/internal/mudarro/ui_integration.go:124.5,125.1 1 0
github.com/viralabs-dev/mudarro/internal/mudarro/ui_integration.go:127.3,127.23 1 0
github.com/viralabs-dev/mudarro/internal/mudarro/ui_integration.go:128.4,129.1 1 0
github.com/viralabs-dev/mudarro/internal/mudarro/ui_integration.go:130.3,130.20 1 0
github.com/viralabs-dev/mudarro/internal/mudarro/ui_integration.go:132.2,132.113 1 0
github.com/viralabs-dev/mudarro/internal/mudarro/ui_integration.go:133.3,134.1 1 0
github.com/viralabs-dev/mudarro/internal/mudarro/ui_integration.go:135.2,137.66 3 0
github.com/viralabs-dev/mudarro/internal/mudarro/ui_integration.go:140.2,140.37 1 0
github.com/viralabs-dev/mudarro/internal/mudarro/ui_integration.go:141.3,141.24 1 0
github.com/viralabs-dev/mudarro/internal/mudarro/ui_integration.go:142.4,143.1 1 0
github.com/viralabs-dev/mudarro/internal/mudarro/ui_integration.go:144.3,144.12 1 0
github.com/viralabs-dev/mudarro/internal/mudarro/ui_integration.go:146.2,148.21 3 0
github.com/viralabs-dev/mudarro/internal/mudarro/ui_integration.go:149.3,150.1 1 0
github.com/viralabs-dev/mudarro/internal/mudarro/ui_integration.go:151.2,151.27 1 0
github.com/viralabs-dev/mudarro/internal/mudarro/ui_integration.go:152.3,153.1 1 0
github.com/viralabs-dev/mudarro/internal/mudarro/ui_integration.go:154.2,154.21 1 0
github.com/viralabs-dev/mudarro/internal/mudarro/ui_integration.go:155.3,156.1 1 0
github.com/viralabs-dev/mudarro/internal/mudarro/ui_integration.go:157.2,157.27 1 0
github.com/viralabs-dev/mudarro/internal/mudarro/ui_integration.go:158.3,159.1 1 0
github.com/viralabs-dev/mudarro/internal/mudarro/ui_integration.go:160.2,160.29 1 0
github.com/viralabs-dev/mudarro/internal/mudarro/ui_integration.go:161.3,163.38 3 0
github.com/viralabs-dev/mudarro/internal/mudarro/ui_integration.go:164.4,164.24 1 0
github.com/viralabs-dev/mudarro/internal/mudarro/ui_integration.go:165.5,166.10 2 0
github.com/viralabs-dev/mudarro/internal/mudarro/ui_integration.go:168.4,169.12 2 0
github.com/viralabs-dev/mudarro/internal/mudarro/ui_integration.go:170.5,171.1 1 0
github.com/viralabs-dev/mudarro/internal/mudarro/ui_integration.go:172.4,173.59 2 0
github.com/viralabs-dev/mudarro/internal/mudarro/ui_integration.go:177.2,178.37 2 0
github.com/viralabs-dev/mudarro/internal/mudarro/ui_integration.go:179.3,179.23 1 0
github.com/viralabs-dev/mudarro/internal/mudarro/ui_integration.go:180.4,181.9 2 0
github.com/viralabs-dev/mudarro/internal/mudarro/ui_integration.go:183.3,184.67 2 0
github.com/viralabs-dev/mudarro/internal/mudarro/ui_integration.go:185.4,185.12 1 0
github.com/viralabs-dev/mudarro/internal/mudarro/ui_integration.go:187.3,188.17 2 0
github.com/viralabs-dev/mudarro/internal/mudarro/ui_integration.go:189.4,189.12 1 0
github.com/viralabs-dev/mudarro/internal/mudarro/ui_integration.go:191.3,191.24 1 0
github.com/viralabs-dev/mudarro/internal/mudarro/ui_integration.go:192.4,192.12 1 0
github.com/viralabs-dev/mudarro/internal/mudarro/ui_integration.go:194.3,196.48 3 0
github.com/viralabs-dev/mudarro/internal/mudarro/ui_integration.go:197.4,197.12 1 0
github.com/viralabs-dev/mudarro/internal/mudarro/ui_integration.go:199.3,200.17 2 0
github.com/viralabs-dev/mudarro/internal/mudarro/ui_integration.go:201.4,201.12 1 0
github.com/viralabs-dev/mudarro/internal/mudarro/ui_integration.go:203.3,204.43 2 0
github.com/viralabs-dev/mudarro/internal/mudarro/ui_integration.go:205.4,206.12 2 0
github.com/viralabs-dev/mudarro/internal/mudarro/ui_integration.go:208.3,210.17 3 0
github.com/viralabs-dev/mudarro/internal/mudarro/ui_integration.go:211.4,211.12 1 0
github.com/viralabs-dev/mudarro/internal/mudarro/ui_integration.go:213.3,214.13 2 0
github.com/viralabs-dev/mudarro/internal/mudarro/ui_integration.go:215.4,216.1 1 0
github.com/viralabs-dev/mudarro/internal/mudarro/ui_integration.go:217.3,218.13 2 0
github.com/viralabs-dev/mudarro/internal/mudarro/ui_integration.go:219.4,220.1 1 0
github.com/viralabs-dev/mudarro/internal/mudarro/ui_integration.go:222.2,223.42 2 0
github.com/viralabs-dev/mudarro/internal/mudarro/ui_integration.go:224.3,224.84 1 0
github.com/viralabs-dev/mudarro/internal/mudarro/ui_integration.go:225.4,226.1 1 0
github.com/viralabs-dev/mudarro/internal/mudarro/ui_integration.go:227.3,227.11 1 0
github.com/viralabs-dev/mudarro/internal/mudarro/ui_integration.go:229.2,229.25 1 0
github.com/viralabs-dev/mudarro/internal/mudarro/ui_integration.go:230.3,231.1 1 0
github.com/viralabs-dev/mudarro/internal/mudarro/ui_integration.go:232.2,232.15 1 0
github.com/viralabs-dev/mudarro/internal/mudarro/adapters/database_adapters.go:6.2,7.1 3 0
github.com/viralabs-dev/mudarro/internal/mudarro/adapters/database_adapters.go:8.2,9.1 3 0
github.com/viralabs-dev/mudarro/internal/mudarro/adapters/database_adapters.go:10.2,10.19 3 0
github.com/viralabs-dev/mudarro/internal/mudarro/adapters/database_adapters.go:11.3,11.30 1 0
github.com/viralabs-dev/mudarro/internal/mudarro/adapters/database_adapters.go:12.4,13.1 1 0
github.com/viralabs-dev/mudarro/internal/mudarro/adapters/database_adapters.go:15.2,15.10 1 0
github.com/viralabs-dev/mudarro/internal/mudarro/adapters/database_adapters.go:18.2,19.1 2 0
github.com/viralabs-dev/mudarro/internal/mudarro/adapters/database_adapters.go:20.2,23.266 2 0
github.com/viralabs-dev/mudarro/internal/mudarro/adapters/database_adapters.go:24.3,25.1 1 0
github.com/viralabs-dev/mudarro/internal/mudarro/adapters/database_adapters.go:27.2,27.19 1 0
github.com/viralabs-dev/mudarro/internal/mudarro/adapters/database_adapters.go:28.3,28.30 1 0
github.com/viralabs-dev/mudarro/internal/mudarro/adapters/database_adapters.go:29.4,30.1 1 0
github.com/viralabs-dev/mudarro/internal/mudarro/adapters/database_adapters.go:32.2,32.10 1 0
github.com/viralabs-dev/mudarro/internal/mudarro/adapters/database_adapters.go:35.2,36.1 3 0
github.com/viralabs-dev/mudarro/internal/mudarro/adapters/database_adapters.go:37.2,38.1 3 0
github.com/viralabs-dev/mudarro/internal/mudarro/adapters/database_adapters.go:39.2,39.19 3 0
github.com/viralabs-dev/mudarro/internal/mudarro/adapters/database_adapters.go:40.3,40.30 1 0
github.com/viralabs-dev/mudarro/internal/mudarro/adapters/database_adapters.go:41.4,42.1 1 0
github.com/viralabs-dev/mudarro/internal/mudarro/adapters/database_adapters.go:44.2,44.10 1 0
github.com/viralabs-dev/mudarro/internal/mudarro/adapters/database_adapters.go:47.2,49.1 4 0
github.com/viralabs-dev/mudarro/internal/mudarro/adapters/database_adapters.go:50.2,51.24 4 0
github.com/viralabs-dev/mudarro/internal/mudarro/adapters/database_adapters.go:52.3,53.1 1 0
github.com/viralabs-dev/mudarro/internal/mudarro/adapters/database_adapters.go:54.2,55.15 2 0
github.com/viralabs-dev/mudarro/internal/mudarro/adapters/database_adapters.go:56.3,57.1 1 0
github.com/viralabs-dev/mudarro/internal/mudarro/adapters/database_adapters.go:58.2,59.24 2 0
github.com/viralabs-dev/mudarro/internal/mudarro/adapters/database_adapters.go:60.3,61.16 2 0
github.com/viralabs-dev/mudarro/internal/mudarro/adapters/database_adapters.go:62.4,63.1 1 0
github.com/viralabs-dev/mudarro/internal/mudarro/adapters/database_adapters.go:65.2,66.1 2 0
github.com/viralabs-dev/mudarro/internal/mudarro/adapters/database_adapters.go:67.2,67.19 2 0
github.com/viralabs-dev/mudarro/internal/mudarro/adapters/database_adapters.go:68.3,68.30 1 0
github.com/viralabs-dev/mudarro/internal/mudarro/adapters/database_adapters.go:69.4,70.1 1 0
github.com/viralabs-dev/mudarro/internal/mudarro/adapters/database_adapters.go:72.2,72.10 1 0
github.com/viralabs-dev/mudarro/internal/mudarro/adapters/database_setup.go:7.2,8.25 2 0
github.com/viralabs-dev/mudarro/internal/mudarro/adapters/database_setup.go:10.3,10.20 1 0
github.com/viralabs-dev/mudarro/internal/mudarro/adapters/database_setup.go:12.4,12.86 1 0
github.com/viralabs-dev/mudarro/internal/mudarro/adapters/database_setup.go:14.4,14.86 1 0
github.com/viralabs-dev/mudarro/internal/mudarro/adapters/database_setup.go:16.4,16.97 1 0
github.com/viralabs-dev/mudarro/internal/mudarro/adapters/database_setup.go:19.3,20.35 2 0
github.com/viralabs-dev/mudarro/internal/mudarro/adapters/database_setup.go:21.4,22.1 1 0
github.com/viralabs-dev/mudarro/internal/mudarro/adapters/database_setup.go:23.3,23.38 1 0
github.com/viralabs-dev/mudarro/internal/mudarro/adapters/database_setup.go:24.4,25.1 1 0
github.com/viralabs-dev/mudarro/internal/mudarro/adapters/database_setup.go:26.3,27.24 2 0
github.com/viralabs-dev/mudarro/internal/mudarro/adapters/database_setup.go:28.4,29.1 1 0
github.com/viralabs-dev/mudarro/internal/mudarro/adapters/database_setup.go:30.3,30.28 1 0
github.com/viralabs-dev/mudarro/internal/mudarro/adapters/database_setup.go:31.4,32.1 1 0
github.com/viralabs-dev/mudarro/internal/mudarro/adapters/database_setup.go:33.3,33.64 1 0
github.com/viralabs-dev/mudarro/internal/mudarro/adapters/database_setup.go:35.3,35.98 1 0
github.com/viralabs-dev/mudarro/internal/mudarro/adapters/database_setup.go:37.2,38.56 2 0
github.com/viralabs-dev/mudarro/internal/mudarro/adapters/database_setup.go:39.3,40.1 1 0
github.com/viralabs-dev/mudarro/internal/mudarro/adapters/database_setup.go:41.2,41.27 1 0
github.com/viralabs-dev/mudarro/internal/mudarro/adapters/database_setup.go:42.3,43.1 1 0
github.com/viralabs-dev/mudarro/internal/mudarro/adapters/database_setup.go:44.2,44.96 1 0
github.com/viralabs-dev/mudarro/internal/mudarro/adapters/database_setup.go:45.3,45.72 1 0
github.com/viralabs-dev/mudarro/internal/mudarro/adapters/database_setup.go:46.4,49.1 3 0
github.com/viralabs-dev/mudarro/internal/mudarro/adapters/database_setup.go:51.2,51.10 1 0
github.com/viralabs-dev/mudarro/internal/mudarro/adapters/helpers.go:14.2,16.13 3 0
github.com/viralabs-dev/mudarro/internal/mudarro/adapters/helpers.go:17.3,18.1 1 0
github.com/viralabs-dev/mudarro/internal/mudarro/adapters/helpers.go:19.2,19.23 1 0
github.com/viralabs-dev/mudarro/internal/mudarro/adapters/helpers.go:22.2,23.1 1 0
github.com/viralabs-dev/mudarro/internal/mudarro/adapters/helpers.go:24.56,24.104 1 0
github.com/viralabs-dev/mudarro/internal/mudarro/adapters/helpers.go:28.53,28.75 1 0
github.com/viralabs-dev/mudarro/internal/mudarro/adapters/helpers.go:29.53,29.125 2 0
github.com/viralabs-dev/mudarro/internal/mudarro/adapters/helpers.go:30.53,30.101 1 0
github.com/viralabs-dev/mudarro/internal/mudarro/adapters/helpers.go:32.2,33.1 1 0
github.com/viralabs-dev/mudarro/internal/mudarro/adapters/helpers.go:35.2,36.1 1 0
github.com/viralabs-dev/mudarro/internal/mudarro/adapters/infrastructure_adapters.go:8.2,9.72 2 0
github.com/viralabs-dev/mudarro/internal/mudarro/adapters/infrastructure_adapters.go:10.3,11.109 2 0
github.com/viralabs-dev/mudarro/internal/mudarro/adapters/infrastructure_adapters.go:12.4,13.1 1 0
github.com/viralabs-dev/mudarro/internal/mudarro/adapters/infrastructure_adapters.go:14.3,14.19 1 0
github.com/viralabs-dev/mudarro/internal/mudarro/adapters/infrastructure_adapters.go:16.2,16.10 1 0
github.com/viralabs-dev/mudarro/internal/mudarro/adapters/infrastructure_adapters.go:19.2,22.25 4 0
github.com/viralabs-dev/mudarro/internal/mudarro/adapters/infrastructure_adapters.go:23.3,23.19 1 0
github.com/viralabs-dev/mudarro/internal/mudarro/adapters/infrastructure_adapters.go:24.4,25.1 1 0
github.com/viralabs-dev/mudarro/internal/mudarro/adapters/infrastructure_adapters.go:26.3,27.25 2 0
github.com/viralabs-dev/mudarro/internal/mudarro/adapters/infrastructure_adapters.go:30.4,31.1 1 0
github.com/viralabs-dev/mudarro/internal/mudarro/adapters/infrastructure_adapters.go:32.3,35.206 1 0
github.com/viralabs-dev/mudarro/internal/mudarro/adapters/infrastructure_adapters.go:36.4,38.1 2 0
github.com/viralabs-dev/mudarro/internal/mudarro/adapters/infrastructure_adapters.go:39.9,39.35 1 0
github.com/viralabs-dev/mudarro/internal/mudarro/adapters/infrastructure_adapters.go:40.3,40.20 1 0
github.com/viralabs-dev/mudarro/internal/mudarro/adapters/infrastructure_adapters.go:41.4,42.1 1 0
github.com/viralabs-dev/mudarro/internal/mudarro/adapters/infrastructure_adapters.go:43.3,44.17 2 0
github.com/viralabs-dev/mudarro/internal/mudarro/adapters/infrastructure_adapters.go:45.4,46.1 1 0
github.com/viralabs-dev/mudarro/internal/mudarro/adapters/infrastructure_adapters.go:47.3,49.17 3 0
github.com/viralabs-dev/mudarro/internal/mudarro/adapters/infrastructure_adapters.go:50.4,51.1 1 0
github.com/viralabs-dev/mudarro/internal/mudarro/adapters/infrastructure_adapters.go:52.3,54.128 3 0
github.com/viralabs-dev/mudarro/internal/mudarro/adapters/infrastructure_adapters.go:55.4,56.1 1 0
github.com/viralabs-dev/mudarro/internal/mudarro/adapters/infrastructure_adapters.go:58.3,59.1 1 0
github.com/viralabs-dev/mudarro/internal/mudarro/adapters/infrastructure_adapters.go:60.2,60.10 1 0
github.com/viralabs-dev/mudarro/internal/mudarro/adapters/infrastructure_adapters.go:63.2,64.58 2 0
github.com/viralabs-dev/mudarro/internal/mudarro/adapters/infrastructure_adapters.go:65.3,66.1 1 0
github.com/viralabs-dev/mudarro/internal/mudarro/adapters/infrastructure_adapters.go:67.2,69.22 3 0
github.com/viralabs-dev/mudarro/internal/mudarro/adapters/infrastructure_adapters.go:70.3,71.1 3 0
github.com/viralabs-dev/mudarro/internal/mudarro/adapters/infrastructure_adapters.go:72.3,74.1 3 0
github.com/viralabs-dev/mudarro/internal/mudarro/adapters/infrastructure_adapters.go:74.9,74.59 1 0
github.com/viralabs-dev/mudarro/internal/mudarro/adapters/infrastructure_adapters.go:75.3,76.28 2 0
github.com/viralabs-dev/mudarro/internal/mudarro/adapters/infrastructure_adapters.go:77.4,78.1 1 0
github.com/viralabs-dev/mudarro/internal/mudarro/adapters/infrastructure_adapters.go:79.3,80.1 3 0
github.com/viralabs-dev/mudarro/internal/mudarro/adapters/infrastructure_adapters.go:81.3,82.90 3 0
github.com/viralabs-dev/mudarro/internal/mudarro/adapters/infrastructure_adapters.go:84.3,85.1 1 0
github.com/viralabs-dev/mudarro/internal/mudarro/adapters/infrastructure_adapters.go:86.2,87.10 2 0
github.com/viralabs-dev/mudarro/internal/mudarro/adapters/language_adapters.go:18.2,18.24 1 0
github.com/viralabs-dev/mudarro/internal/mudarro/adapters/language_adapters.go:19.3,20.1 1 0
github.com/viralabs-dev/mudarro/internal/mudarro/adapters/language_adapters.go:21.2,22.14 2 0
github.com/viralabs-dev/mudarro/internal/mudarro/adapters/language_adapters.go:23.3,24.1 1 0
github.com/viralabs-dev/mudarro/internal/mudarro/adapters/language_adapters.go:25.2,31.1 2 0
github.com/viralabs-dev/mudarro/internal/mudarro/adapters/language_adapters.go:32.2,32.41 2 0
github.com/viralabs-dev/mudarro/internal/mudarro/adapters/language_adapters.go:33.3,34.1 1 0
github.com/viralabs-dev/mudarro/internal/mudarro/adapters/language_adapters.go:35.2,36.103 2 0
github.com/viralabs-dev/mudarro/internal/mudarro/adapters/language_adapters.go:37.3,38.1 1 0
github.com/viralabs-dev/mudarro/internal/mudarro/adapters/language_adapters.go:39.2,40.125 2 0
github.com/viralabs-dev/mudarro/internal/mudarro/adapters/language_adapters.go:41.3,41.13 1 0
github.com/viralabs-dev/mudarro/internal/mudarro/adapters/language_adapters.go:42.4,43.1 1 0
github.com/viralabs-dev/mudarro/internal/mudarro/adapters/language_adapters.go:45.2,45.28 1 0
github.com/viralabs-dev/mudarro/internal/mudarro/adapters/language_adapters.go:46.3,47.1 1 0
github.com/viralabs-dev/mudarro/internal/mudarro/adapters/language_adapters.go:47.9,47.31 1 0
github.com/viralabs-dev/mudarro/internal/mudarro/adapters/language_adapters.go:48.3,49.1 1 0
github.com/viralabs-dev/mudarro/internal/mudarro/adapters/language_adapters.go:49.9,49.31 1 0
github.com/viralabs-dev/mudarro/internal/mudarro/adapters/language_adapters.go:50.3,51.1 1 0
github.com/viralabs-dev/mudarro/internal/mudarro/adapters/language_adapters.go:52.2,52.49 1 0
github.com/viralabs-dev/mudarro/internal/mudarro/adapters/language_adapters.go:53.3,54.1 1 0
github.com/viralabs-dev/mudarro/internal/mudarro/adapters/language_adapters.go:55.2,55.72 1 0
github.com/viralabs-dev/mudarro/internal/mudarro/adapters/language_adapters.go:56.3,56.60 1 0
github.com/viralabs-dev/mudarro/internal/mudarro/adapters/language_adapters.go:57.4,58.9 2 0
github.com/viralabs-dev/mudarro/internal/mudarro/adapters/language_adapters.go:61.2,63.27 3 0
github.com/viralabs-dev/mudarro/internal/mudarro/adapters/language_adapters.go:64.3,65.1 1 0
github.com/viralabs-dev/mudarro/internal/mudarro/adapters/language_adapters.go:66.2,68.25 3 0
github.com/viralabs-dev/mudarro/internal/mudarro/adapters/language_adapters.go:69.3,71.1 2 0
github.com/viralabs-dev/mudarro/internal/mudarro/adapters/language_adapters.go:72.2,73.25 2 0
github.com/viralabs-dev/mudarro/internal/mudarro/adapters/language_adapters.go:74.3,75.36 2 0
github.com/viralabs-dev/mudarro/internal/mudarro/adapters/language_adapters.go:76.4,76.12 1 0
github.com/viralabs-dev/mudarro/internal/mudarro/adapters/language_adapters.go:78.3,78.27 1 0
github.com/viralabs-dev/mudarro/internal/mudarro/adapters/language_adapters.go:79.4,79.23 1 0
github.com/viralabs-dev/mudarro/internal/mudarro/adapters/language_adapters.go:80.5,82.1 2 0
github.com/viralabs-dev/mudarro/internal/mudarro/adapters/language_adapters.go:83.4,83.12 1 0
github.com/viralabs-dev/mudarro/internal/mudarro/adapters/language_adapters.go:85.3,86.99 2 0
github.com/viralabs-dev/mudarro/internal/mudarro/adapters/language_adapters.go:87.4,88.1 1 0
github.com/viralabs-dev/mudarro/internal/mudarro/adapters/language_adapters.go:89.3,89.49 1 0
github.com/viralabs-dev/mudarro/internal/mudarro/adapters/language_adapters.go:90.4,91.1 1 0
github.com/viralabs-dev/mudarro/internal/mudarro/adapters/language_adapters.go:92.3,94.44 3 0
github.com/viralabs-dev/mudarro/internal/mudarro/adapters/language_adapters.go:95.4,96.1 1 0
github.com/viralabs-dev/mudarro/internal/mudarro/adapters/language_adapters.go:98.2,98.21 1 0
github.com/viralabs-dev/mudarro/internal/mudarro/adapters/language_adapters.go:99.3,100.1 1 0
github.com/viralabs-dev/mudarro/internal/mudarro/adapters/language_adapters.go:101.2,101.39 1 0
github.com/viralabs-dev/mudarro/internal/mudarro/adapters/language_adapters.go:102.3,102.37 1 0
github.com/viralabs-dev/mudarro/internal/mudarro/adapters/language_adapters.go:103.4,104.1 1 0
github.com/viralabs-dev/mudarro/internal/mudarro/adapters/language_adapters.go:105.4,106.1 1 0
github.com/viralabs-dev/mudarro/internal/mudarro/adapters/language_adapters.go:108.2,108.28 1 0
github.com/viralabs-dev/mudarro/internal/mudarro/adapters/language_adapters.go:111.2,111.88 1 0
github.com/viralabs-dev/mudarro/internal/mudarro/adapters/language_adapters.go:112.3,113.1 1 0
github.com/viralabs-dev/mudarro/internal/mudarro/adapters/language_adapters.go:114.2,117.38 4 0
github.com/viralabs-dev/mudarro/internal/mudarro/adapters/language_adapters.go:118.3,120.1 2 0
github.com/viralabs-dev/mudarro/internal/mudarro/adapters/language_adapters.go:120.9,120.25 1 0
github.com/viralabs-dev/mudarro/internal/mudarro/adapters/language_adapters.go:121.3,122.1 1 0
github.com/viralabs-dev/mudarro/internal/mudarro/adapters/language_adapters.go:122.9,122.29 1 0
github.com/viralabs-dev/mudarro/internal/mudarro/adapters/language_adapters.go:123.3,124.1 1 0
github.com/viralabs-dev/mudarro/internal/mudarro/adapters/language_adapters.go:125.2,125.25 1 0
github.com/viralabs-dev/mudarro/internal/mudarro/adapters/language_adapters.go:126.3,127.15 2 0
github.com/viralabs-dev/mudarro/internal/mudarro/adapters/language_adapters.go:128.4,129.1 1 0
github.com/viralabs-dev/mudarro/internal/mudarro/adapters/language_adapters.go:130.3,139.1 2 0
github.com/viralabs-dev/mudarro/internal/mudarro/adapters/language_adapters.go:142.3,142.42 2 0
github.com/viralabs-dev/mudarro/internal/mudarro/adapters/language_adapters.go:143.4,144.1 1 0
github.com/viralabs-dev/mudarro/internal/mudarro/adapters/language_adapters.go:145.3,145.36 1 0
github.com/viralabs-dev/mudarro/internal/mudarro/adapters/language_adapters.go:146.4,147.1 1 0
github.com/viralabs-dev/mudarro/internal/mudarro/adapters/language_adapters.go:148.3,148.40 1 0
github.com/viralabs-dev/mudarro/internal/mudarro/adapters/language_adapters.go:149.4,150.1 1 0
github.com/viralabs-dev/mudarro/internal/mudarro/adapters/language_adapters.go:152.2,152.19 1 0
github.com/viralabs-dev/mudarro/internal/mudarro/adapters/language_adapters.go:154.3,154.60 1 0
github.com/viralabs-dev/mudarro/internal/mudarro/adapters/language_adapters.go:156.3,156.67 1 0
github.com/viralabs-dev/mudarro/internal/mudarro/adapters/language_adapters.go:158.3,159.28 2 0
github.com/viralabs-dev/mudarro/internal/mudarro/adapters/language_adapters.go:160.4,161.1 1 0
github.com/viralabs-dev/mudarro/internal/mudarro/adapters/language_adapters.go:162.4,163.1 1 0
github.com/viralabs-dev/mudarro/internal/mudarro/adapters/language_adapters.go:165.2,165.20 1 0
github.com/viralabs-dev/mudarro/internal/mudarro/adapters/language_adapters.go:166.3,169.1 3 0
github.com/viralabs-dev/mudarro/internal/mudarro/adapters/language_adapters.go:170.3,171.1 1 0
github.com/viralabs-dev/mudarro/internal/mudarro/adapters/language_adapters.go:172.2,172.28 1 0
github.com/viralabs-dev/mudarro/internal/mudarro/adapters/language_adapters.go:175.2,176.21 2 0
github.com/viralabs-dev/mudarro/internal/mudarro/adapters/language_adapters.go:177.3,178.1 1 0
github.com/viralabs-dev/mudarro/internal/mudarro/adapters/language_adapters.go:179.2,179.25 1 0
github.com/viralabs-dev/mudarro/internal/mudarro/adapters/language_adapters.go:180.3,181.1 1 0
github.com/viralabs-dev/mudarro/internal/mudarro/adapters/language_adapters.go:182.2,182.32 1 0
github.com/viralabs-dev/mudarro/internal/mudarro/adapters/language_adapters.go:185.2,185.18 1 0
github.com/viralabs-dev/mudarro/internal/mudarro/adapters/language_adapters.go:186.3,187.1 1 0
github.com/viralabs-dev/mudarro/internal/mudarro/adapters/language_adapters.go:188.2,195.78 8 0
github.com/viralabs-dev/mudarro/internal/mudarro/adapters/language_adapters.go:196.3,196.15 1 0
github.com/viralabs-dev/mudarro/internal/mudarro/adapters/language_adapters.go:197.4,198.1 1 0
github.com/viralabs-dev/mudarro/internal/mudarro/adapters/language_adapters.go:199.3,201.32 3 0
github.com/viralabs-dev/mudarro/internal/mudarro/adapters/language_adapters.go:202.4,203.113 2 0
github.com/viralabs-dev/mudarro/internal/mudarro/adapters/language_adapters.go:204.5,204.18 1 0
github.com/viralabs-dev/mudarro/internal/mudarro/adapters/language_adapters.go:205.6,206.1 1 0
github.com/viralabs-dev/mudarro/internal/mudarro/adapters/language_adapters.go:207.5,207.15 1 0
github.com/viralabs-dev/mudarro/internal/mudarro/adapters/language_adapters.go:210.3,210.16 1 0
github.com/viralabs-dev/mudarro/internal/mudarro/adapters/language_adapters.go:211.4,211.82 1 0
github.com/viralabs-dev/mudarro/internal/mudarro/adapters/language_adapters.go:212.5,213.1 1 0
github.com/viralabs-dev/mudarro/internal/mudarro/adapters/language_adapters.go:214.4,214.14 1 0
github.com/viralabs-dev/mudarro/internal/mudarro/adapters/language_adapters.go:216.3,216.109 1 0
github.com/viralabs-dev/mudarro/internal/mudarro/adapters/language_adapters.go:217.4,218.1 1 0
github.com/viralabs-dev/mudarro/internal/mudarro/adapters/language_adapters.go:219.3,220.40 2 0
github.com/viralabs-dev/mudarro/internal/mudarro/adapters/language_adapters.go:221.4,222.1 1 0
github.com/viralabs-dev/mudarro/internal/mudarro/adapters/language_adapters.go:223.3,223.13 1 0
github.com/viralabs-dev/mudarro/internal/mudarro/adapters/language_adapters.go:225.2,225.14 1 0
github.com/viralabs-dev/mudarro/internal/mudarro/adapters/language_adapters.go:226.3,227.1 1 0
github.com/viralabs-dev/mudarro/internal/mudarro/adapters/language_adapters.go:228.2,228.23 1 0
github.com/viralabs-dev/mudarro/internal/mudarro/adapters/language_adapters.go:229.3,229.26 1 0
github.com/viralabs-dev/mudarro/internal/mudarro/adapters/language_adapters.go:230.4,231.1 1 0
github.com/viralabs-dev/mudarro/internal/mudarro/adapters/language_adapters.go:233.3,234.1 1 0
github.com/viralabs-dev/mudarro/internal/mudarro/adapters/language_adapters.go:235.2,235.20 1 0
github.com/viralabs-dev/mudarro/internal/mudarro/executor/context_unix.go:23.2,23.37 1 0
github.com/viralabs-dev/mudarro/internal/mudarro/executor/context_unix.go:24.3,25.1 1 0
github.com/viralabs-dev/mudarro/internal/mudarro/executor/context_unix.go:26.2,27.16 2 0
github.com/viralabs-dev/mudarro/internal/mudarro/executor/context_unix.go:28.3,29.1 1 0
github.com/viralabs-dev/mudarro/internal/mudarro/executor/context_unix.go:30.2,38.26 9 0
github.com/viralabs-dev/mudarro/internal/mudarro/executor/context_unix.go:39.3,39.24 1 0
github.com/viralabs-dev/mudarro/internal/mudarro/executor/context_unix.go:40.4,41.43 2 0
github.com/viralabs-dev/mudarro/internal/mudarro/executor/context_unix.go:42.5,44.1 2 0
github.com/viralabs-dev/mudarro/internal/mudarro/executor/context_unix.go:45.4,45.24 1 0
github.com/viralabs-dev/mudarro/internal/mudarro/executor/context_unix.go:46.5,47.1 1 0
github.com/viralabs-dev/mudarro/internal/mudarro/executor/context_unix.go:48.4,49.48 2 0
github.com/viralabs-dev/mudarro/internal/mudarro/executor/context_unix.go:49.50,49.112 2 0
github.com/viralabs-dev/mudarro/internal/mudarro/executor/context_unix.go:51.3,51.19 1 0
github.com/viralabs-dev/mudarro/internal/mudarro/executor/context_unix.go:53.2,53.28 1 0
github.com/viralabs-dev/mudarro/internal/mudarro/executor/context_unix.go:54.3,54.40 1 0
github.com/viralabs-dev/mudarro/internal/mudarro/executor/context_unix.go:55.4,56.1 1 0
github.com/viralabs-dev/mudarro/internal/mudarro/executor/context_unix.go:57.3,57.10 1 0
github.com/viralabs-dev/mudarro/internal/mudarro/executor/context_unix.go:59.4,59.12 1 0
github.com/viralabs-dev/mudarro/internal/mudarro/executor/context_unix.go:60.11,60.11 0 0
github.com/viralabs-dev/mudarro/internal/mudarro/executor/context_unix.go:63.2,63.23 1 0
github.com/viralabs-dev/mudarro/internal/mudarro/executor/context_unix.go:66.2,67.16 2 0
github.com/viralabs-dev/mudarro/internal/mudarro/executor/context_unix.go:68.3,69.1 1 0
github.com/viralabs-dev/mudarro/internal/mudarro/executor/context_unix.go:70.2,75.12 6 0
github.com/viralabs-dev/mudarro/internal/mudarro/executor/context_unix.go:78.2,79.16 2 0
github.com/viralabs-dev/mudarro/internal/mudarro/executor/context_unix.go:80.3,81.1 1 0
github.com/viralabs-dev/mudarro/internal/mudarro/executor/context_unix.go:82.2,84.18 3 0
github.com/viralabs-dev/mudarro/internal/mudarro/executor/os.go:12.2,12.37 1 0
github.com/viralabs-dev/mudarro/internal/mudarro/executor/os.go:13.3,14.1 1 0
github.com/viralabs-dev/mudarro/internal/mudarro/executor/os.go:15.2,20.16 6 0
github.com/viralabs-dev/mudarro/internal/mudarro/executor/os.go:23.2,23.37 1 0
github.com/viralabs-dev/mudarro/internal/mudarro/executor/os.go:24.3,25.1 1 0
github.com/viralabs-dev/mudarro/internal/mudarro/executor/os.go:26.2,28.19 3 0
github.com/viralabs-dev/mudarro/internal/mudarro/projectfs/path.go:12.2,12.38 1 0
github.com/viralabs-dev/mudarro/internal/mudarro/projectfs/path.go:13.3,14.1 1 0
github.com/viralabs-dev/mudarro/internal/mudarro/projectfs/path.go:15.2,16.80 2 0
github.com/viralabs-dev/mudarro/internal/mudarro/projectfs/path.go:17.3,18.1 1 0
github.com/viralabs-dev/mudarro/internal/mudarro/projectfs/path.go:19.2,20.72 2 0
github.com/viralabs-dev/mudarro/internal/mudarro/projectfs/path.go:21.3,23.50 3 0
github.com/viralabs-dev/mudarro/internal/mudarro/projectfs/path.go:24.4,25.1 1 0
github.com/viralabs-dev/mudarro/internal/mudarro/projectfs/path.go:26.3,26.40 1 0
github.com/viralabs-dev/mudarro/internal/mudarro/projectfs/path.go:27.4,28.1 1 0
github.com/viralabs-dev/mudarro/internal/mudarro/projectfs/path.go:30.2,30.40 1 0
github.com/viralabs-dev/mudarro/internal/mudarro/projectfs/path.go:34.2,35.14 2 0
github.com/viralabs-dev/mudarro/internal/mudarro/projectfs/path.go:36.3,37.1 1 0
github.com/viralabs-dev/mudarro/internal/mudarro/projectfs/path.go:38.2,39.14 2 0
github.com/viralabs-dev/mudarro/internal/mudarro/projectfs/path.go:40.3,41.1 1 0
github.com/viralabs-dev/mudarro/internal/mudarro/projectfs/path.go:42.2,42.23 1 0
github.com/viralabs-dev/mudarro/internal/mudarro/projectfs/path.go:43.3,44.1 1 0
github.com/viralabs-dev/mudarro/internal/mudarro/projectfs/path.go:45.2,45.23 1 0
github.com/viralabs-dev/mudarro/internal/mudarro/terminal/banner.go:10.34,10.63 1 0
github.com/viralabs-dev/mudarro/internal/mudarro/terminal/banner.go:13.2,15.28 3 13
github.com/viralabs-dev/mudarro/internal/mudarro/terminal/banner.go:16.3,16.30 1 150
github.com/viralabs-dev/mudarro/internal/mudarro/terminal/banner.go:17.4,18.1 1 6
github.com/viralabs-dev/mudarro/internal/mudarro/terminal/banner.go:20.2,22.17 3 7
github.com/viralabs-dev/mudarro/internal/mudarro/terminal/banner.go:23.3,24.1 1 0
github.com/viralabs-dev/mudarro/internal/mudarro/terminal/banner.go:25.2,25.18 1 7
github.com/viralabs-dev/mudarro/internal/mudarro/terminal/banner.go:26.3,27.1 1 6
github.com/viralabs-dev/mudarro/internal/mudarro/terminal/banner.go:28.2,28.57 1 7
github.com/viralabs-dev/mudarro/internal/mudarro/terminal/banner.go:29.3,30.25 2 14
github.com/viralabs-dev/mudarro/internal/mudarro/terminal/banner.go:31.4,32.1 1 7
github.com/viralabs-dev/mudarro/internal/mudarro/terminal/banner.go:33.3,33.32 1 14
github.com/viralabs-dev/mudarro/internal/mudarro/terminal/banner.go:34.4,34.41 1 70
github.com/viralabs-dev/mudarro/internal/mudarro/terminal/banner.go:35.5,36.12 2 640
github.com/viralabs-dev/mudarro/internal/mudarro/terminal/banner.go:37.6,38.1 1 0
github.com/viralabs-dev/mudarro/internal/mudarro/terminal/banner.go:39.5,40.23 2 640
github.com/viralabs-dev/mudarro/internal/mudarro/terminal/banner.go:42.4,42.23 1 70
github.com/viralabs-dev/mudarro/internal/mudarro/terminal/banner.go:45.2,46.21 2 7
github.com/viralabs-dev/mudarro/internal/mudarro/terminal/frame.go:26.2,26.21 1 1
github.com/viralabs-dev/mudarro/internal/mudarro/terminal/frame.go:27.3,28.1 1 0
github.com/viralabs-dev/mudarro/internal/mudarro/terminal/frame.go:29.2,30.94 2 1
github.com/viralabs-dev/mudarro/internal/mudarro/terminal/frame.go:31.3,32.1 1 0
github.com/viralabs-dev/mudarro/internal/mudarro/terminal/frame.go:33.2,35.54 3 1
github.com/viralabs-dev/mudarro/internal/mudarro/terminal/frame.go:36.3,37.1 1 0
github.com/viralabs-dev/mudarro/internal/mudarro/terminal/frame.go:38.2,42.88 5 1
github.com/viralabs-dev/mudarro/internal/mudarro/terminal/frame.go:43.3,46.1 3 0
github.com/viralabs-dev/mudarro/internal/mudarro/terminal/frame.go:47.2,48.18 2 1
github.com/viralabs-dev/mudarro/internal/mudarro/terminal/frame.go:51.2,52.14 2 2
github.com/viralabs-dev/mudarro/internal/mudarro/terminal/frame.go:53.3,54.1 1 0
github.com/viralabs-dev/mudarro/internal/mudarro/terminal/frame.go:55.2,57.14 3 2
github.com/viralabs-dev/mudarro/internal/mudarro/terminal/frame.go:58.3,59.1 1 1
github.com/viralabs-dev/mudarro/internal/mudarro/terminal/frame.go:60.2,61.86 2 1
github.com/viralabs-dev/mudarro/internal/mudarro/terminal/frame.go:64.2,65.14 2 167
github.com/viralabs-dev/mudarro/internal/mudarro/terminal/frame.go:66.3,67.1 1 167
github.com/viralabs-dev/mudarro/internal/mudarro/terminal/frame.go:68.2,70.18 3 0
github.com/viralabs-dev/mudarro/internal/mudarro/terminal/frame.go:73.2,74.14 2 0
github.com/viralabs-dev/mudarro/internal/mudarro/terminal/frame.go:75.3,76.1 1 0
github.com/viralabs-dev/mudarro/internal/mudarro/terminal/frame.go:77.2,79.15 3 0
github.com/viralabs-dev/mudarro/internal/mudarro/terminal/frame.go:80.3,81.1 1 0
github.com/viralabs-dev/mudarro/internal/mudarro/terminal/frame.go:82.2,82.33 1 0
github.com/viralabs-dev/mudarro/internal/mudarro/terminal/frame.go:85.2,86.14 2 0
github.com/viralabs-dev/mudarro/internal/mudarro/terminal/frame.go:87.3,88.30 2 0
github.com/viralabs-dev/mudarro/internal/mudarro/terminal/frame.go:89.4,90.1 1 0
github.com/viralabs-dev/mudarro/internal/mudarro/terminal/frame.go:91.3,91.9 1 0
github.com/viralabs-dev/mudarro/internal/mudarro/terminal/frame.go:93.2,95.14 3 0
github.com/viralabs-dev/mudarro/internal/mudarro/terminal/frame.go:96.3,97.1 1 0
github.com/viralabs-dev/mudarro/internal/mudarro/terminal/frame.go:98.2,99.30 2 0
github.com/viralabs-dev/mudarro/internal/mudarro/terminal/frame.go:102.2,103.14 2 0
github.com/viralabs-dev/mudarro/internal/mudarro/terminal/frame.go:104.3,105.1 1 0
github.com/viralabs-dev/mudarro/internal/mudarro/terminal/frame.go:106.2,109.15 4 0
github.com/viralabs-dev/mudarro/internal/mudarro/terminal/frame.go:110.3,112.1 2 0
github.com/viralabs-dev/mudarro/internal/mudarro/terminal/frame.go:113.2,113.57 1 0
github.com/viralabs-dev/mudarro/internal/mudarro/terminal/frame.go:117.2,118.34 2 1
github.com/viralabs-dev/mudarro/internal/mudarro/terminal/frame.go:119.3,120.17 2 0
github.com/viralabs-dev/mudarro/internal/mudarro/terminal/frame.go:121.4,122.1 1 0
github.com/viralabs-dev/mudarro/internal/mudarro/terminal/frame.go:124.2,130.37 7 1
github.com/viralabs-dev/mudarro/internal/mudarro/terminal/frame.go:131.3,132.16 2 0
github.com/viralabs-dev/mudarro/internal/mudarro/terminal/frame.go:133.4,134.1 1 0
github.com/viralabs-dev/mudarro/internal/mudarro/terminal/frame.go:136.2,136.14 1 1
github.com/viralabs-dev/mudarro/internal/mudarro/terminal/frame.go:137.3,138.1 1 0
github.com/viralabs-dev/mudarro/internal/mudarro/terminal/frame.go:139.2,139.14 1 1
github.com/viralabs-dev/mudarro/internal/mudarro/terminal/frame.go:140.3,141.16 2 0
github.com/viralabs-dev/mudarro/internal/mudarro/terminal/frame.go:142.4,143.1 1 0
github.com/viralabs-dev/mudarro/internal/mudarro/terminal/frame.go:145.2,150.14 6 1
github.com/viralabs-dev/mudarro/internal/mudarro/terminal/frame.go:151.3,152.1 1 0
github.com/viralabs-dev/mudarro/internal/mudarro/terminal/frame.go:153.2,154.1 3 1
github.com/viralabs-dev/mudarro/internal/mudarro/terminal/frame.go:155.2,156.35 3 1
github.com/viralabs-dev/mudarro/internal/mudarro/terminal/frame.go:157.3,158.1 1 24
github.com/viralabs-dev/mudarro/internal/mudarro/terminal/frame.go:159.2,159.34 1 1
github.com/viralabs-dev/mudarro/internal/mudarro/terminal/frame.go:160.3,161.1 1 10
github.com/viralabs-dev/mudarro/internal/mudarro/terminal/frame.go:162.2,162.16 1 1
github.com/viralabs-dev/mudarro/internal/mudarro/terminal/frame.go:163.3,164.1 1 1
github.com/viralabs-dev/mudarro/internal/mudarro/terminal/frame.go:165.2,165.14 1 1
github.com/viralabs-dev/mudarro/internal/mudarro/terminal/frame.go:168.2,170.20 3 1
github.com/viralabs-dev/mudarro/internal/mudarro/terminal/frame.go:171.3,172.1 1 1
github.com/viralabs-dev/mudarro/internal/mudarro/terminal/frame.go:173.2,174.77 2 1
github.com/viralabs-dev/mudarro/internal/mudarro/terminal/frame.go:177.2,177.19 1 0
github.com/viralabs-dev/mudarro/internal/mudarro/terminal/frame.go:178.3,179.1 1 0
github.com/viralabs-dev/mudarro/internal/mudarro/terminal/frame.go:180.2,180.48 1 0
github.com/viralabs-dev/mudarro/internal/mudarro/terminal/frame.go:181.3,182.1 1 0
github.com/viralabs-dev/mudarro/internal/mudarro/terminal/frame.go:183.2,184.32 2 0
github.com/viralabs-dev/mudarro/internal/mudarro/terminal/frame.go:185.3,185.24 1 0
github.com/viralabs-dev/mudarro/internal/mudarro/terminal/frame.go:186.4,186.9 1 0
github.com/viralabs-dev/mudarro/internal/mudarro/terminal/frame.go:188.3,188.74 1 0
github.com/viralabs-dev/mudarro/internal/mudarro/terminal/frame.go:190.2,191.27 2 0
github.com/viralabs-dev/mudarro/internal/mudarro/terminal/frame.go:192.3,193.1 1 0
github.com/viralabs-dev/mudarro/internal/mudarro/terminal/frame.go:194.2,194.13 1 0
github.com/viralabs-dev/mudarro/internal/mudarro/terminal/frame.go:195.3,196.1 1 0
github.com/viralabs-dev/mudarro/internal/mudarro/terminal/frame.go:197.2,197.39 1 0
github.com/viralabs-dev/mudarro/internal/mudarro/terminal/frame.go:213.2,216.46 4 0
github.com/viralabs-dev/mudarro/internal/mudarro/terminal/frame.go:217.3,218.1 1 0
github.com/viralabs-dev/mudarro/internal/mudarro/terminal/frame.go:219.2,219.22 1 0
github.com/viralabs-dev/mudarro/internal/mudarro/terminal/frame.go:220.3,221.1 1 0
github.com/viralabs-dev/mudarro/internal/mudarro/terminal/frame.go:222.2,225.19 4 0
github.com/viralabs-dev/mudarro/internal/mudarro/terminal/frame.go:226.3,227.1 1 0
github.com/viralabs-dev/mudarro/internal/mudarro/terminal/frame.go:228.2,228.28 1 0
github.com/viralabs-dev/mudarro/internal/mudarro/terminal/frame.go:229.3,230.1 1 0
github.com/viralabs-dev/mudarro/internal/mudarro/terminal/frame.go:231.2,232.20 2 0
github.com/viralabs-dev/mudarro/internal/mudarro/terminal/frame.go:235.2,235.16 1 0
github.com/viralabs-dev/mudarro/internal/mudarro/terminal/frame.go:236.3,236.16 1 0
github.com/viralabs-dev/mudarro/internal/mudarro/terminal/frame.go:237.4,238.1 1 0
github.com/viralabs-dev/mudarro/internal/mudarro/terminal/frame.go:239.3,239.21 1 0
github.com/viralabs-dev/mudarro/internal/mudarro/terminal/frame.go:241.2,241.17 1 0
github.com/viralabs-dev/mudarro/internal/mudarro/terminal/frame.go:243.3,243.12 1 0
github.com/viralabs-dev/mudarro/internal/mudarro/terminal/frame.go:245.4,245.15 1 0
github.com/viralabs-dev/mudarro/internal/mudarro/terminal/frame.go:247.4,247.15 1 0
github.com/viralabs-dev/mudarro/internal/mudarro/terminal/frame.go:249.4,249.15 1 0
github.com/viralabs-dev/mudarro/internal/mudarro/terminal/frame.go:251.4,251.15 1 0
github.com/viralabs-dev/mudarro/internal/mudarro/terminal/frame.go:253.4,253.15 1 0
github.com/viralabs-dev/mudarro/internal/mudarro/terminal/frame.go:255.3,255.9 1 0
github.com/viralabs-dev/mudarro/internal/mudarro/terminal/frame.go:257.3,257.29 1 0
github.com/viralabs-dev/mudarro/internal/mudarro/terminal/frame.go:258.4,259.1 1 0
github.com/viralabs-dev/mudarro/internal/mudarro/terminal/frame.go:259.10,259.21 1 0
github.com/viralabs-dev/mudarro/internal/mudarro/terminal/frame.go:260.4,261.1 1 0
github.com/viralabs-dev/mudarro/internal/mudarro/terminal/frame.go:262.3,262.9 1 0
github.com/viralabs-dev/mudarro/internal/mudarro/terminal/frame.go:264.3,264.13 1 0
github.com/viralabs-dev/mudarro/internal/mudarro/terminal/frame.go:265.4,266.1 1 0
github.com/viralabs-dev/mudarro/internal/mudarro/terminal/frame.go:266.10,266.21 1 0
github.com/viralabs-dev/mudarro/internal/mudarro/terminal/frame.go:267.4,268.1 1 0
github.com/viralabs-dev/mudarro/internal/mudarro/terminal/frame.go:269.3,269.9 1 0
github.com/viralabs-dev/mudarro/internal/mudarro/terminal/frame.go:271.3,271.14 1 0
github.com/viralabs-dev/mudarro/internal/mudarro/terminal/frame.go:272.4,273.1 1 0
github.com/viralabs-dev/mudarro/internal/mudarro/terminal/frame.go:274.3,274.9 1 0
github.com/viralabs-dev/mudarro/internal/mudarro/terminal/frame.go:276.3,276.16 1 0
github.com/viralabs-dev/mudarro/internal/mudarro/terminal/frame.go:277.4,278.1 1 0
github.com/viralabs-dev/mudarro/internal/mudarro/terminal/frame.go:278.10,278.20 1 0
github.com/viralabs-dev/mudarro/internal/mudarro/terminal/frame.go:279.4,280.1 1 0
github.com/viralabs-dev/mudarro/internal/mudarro/terminal/frame.go:280.10,280.21 1 0
github.com/viralabs-dev/mudarro/internal/mudarro/terminal/frame.go:281.4,282.1 1 0
github.com/viralabs-dev/mudarro/internal/mudarro/terminal/frame.go:283.3,283.9 1 0
github.com/viralabs-dev/mudarro/internal/mudarro/terminal/frame.go:285.3,285.16 1 0
github.com/viralabs-dev/mudarro/internal/mudarro/terminal/frame.go:286.4,287.1 1 0
github.com/viralabs-dev/mudarro/internal/mudarro/terminal/frame.go:287.10,287.21 1 0
github.com/viralabs-dev/mudarro/internal/mudarro/terminal/frame.go:288.4,289.1 1 0
github.com/viralabs-dev/mudarro/internal/mudarro/terminal/frame.go:290.3,290.9 1 0
github.com/viralabs-dev/mudarro/internal/mudarro/terminal/frame.go:292.2,292.13 1 0
github.com/viralabs-dev/mudarro/internal/mudarro/terminal/frame.go:293.3,296.1 3 0
github.com/viralabs-dev/mudarro/internal/mudarro/terminal/frame.go:297.2,297.22 1 0
github.com/viralabs-dev/mudarro/internal/mudarro/terminal/frame.go:298.3,298.12 1 0
github.com/viralabs-dev/mudarro/internal/mudarro/terminal/frame.go:300.4,302.28 3 0
github.com/viralabs-dev/mudarro/internal/mudarro/terminal/frame.go:303.5,304.1 1 0
github.com/viralabs-dev/mudarro/internal/mudarro/terminal/frame.go:305.4,305.10 1 0
github.com/viralabs-dev/mudarro/internal/mudarro/terminal/frame.go:307.4,308.10 2 0
github.com/viralabs-dev/mudarro/internal/mudarro/terminal/frame.go:310.4,310.20 1 0
github.com/viralabs-dev/mudarro/internal/mudarro/terminal/frame.go:311.5,313.1 2 0
github.com/viralabs-dev/mudarro/internal/mudarro/terminal/frame.go:314.4,314.10 1 0
github.com/viralabs-dev/mudarro/internal/mudarro/terminal/frame.go:316.4,317.10 2 0
github.com/viralabs-dev/mudarro/internal/mudarro/terminal/frame.go:319.3,319.25 1 0
github.com/viralabs-dev/mudarro/internal/mudarro/terminal/frame.go:320.4,321.1 1 0
github.com/viralabs-dev/mudarro/internal/mudarro/terminal/frame.go:323.2,324.28 2 0
github.com/viralabs-dev/mudarro/internal/mudarro/terminal/frame.go:325.3,326.1 1 0
github.com/viralabs-dev/mudarro/internal/mudarro/terminal/frame.go:327.2,329.38 3 0
github.com/viralabs-dev/mudarro/internal/mudarro/terminal/frame.go:330.3,331.1 1 0
github.com/viralabs-dev/mudarro/internal/mudarro/terminal/frame.go:332.2,332.55 1 0
github.com/viralabs-dev/mudarro/internal/mudarro/terminal/frame.go:333.3,334.1 1 0
github.com/viralabs-dev/mudarro/internal/mudarro/terminal/frame.go:335.2,335.25 1 0
github.com/viralabs-dev/mudarro/internal/mudarro/terminal/frame.go:338.2,338.32 1 0
github.com/viralabs-dev/mudarro/internal/mudarro/terminal/frame.go:339.3,340.1 1 0
github.com/viralabs-dev/mudarro/internal/mudarro/terminal/frame_unix.go:13.2,15.12 3 3
github.com/viralabs-dev/mudarro/internal/mudarro/terminal/frame_unix.go:16.3,17.1 1 0
github.com/viralabs-dev/mudarro/internal/mudarro/terminal/frame_unix.go:18.2,19.16 2 3
github.com/viralabs-dev/mudarro/internal/mudarro/terminal/frame_unix.go:20.3,21.1 1 3
github.com/viralabs-dev/mudarro/internal/mudarro/terminal/frame_unix.go:22.2,22.17 1 3
github.com/viralabs-dev/mudarro/internal/mudarro/terminal/frame_unix.go:23.3,24.1 1 3
github.com/viralabs-dev/mudarro/internal/mudarro/terminal/frame_unix.go:25.2,25.28 1 3
github.com/viralabs-dev/mudarro/internal/mudarro/terminal/interactive.go:22.2,23.13 2 94
github.com/viralabs-dev/mudarro/internal/mudarro/terminal/interactive.go:24.3,25.1 1 53
github.com/viralabs-dev/mudarro/internal/mudarro/terminal/interactive.go:26.2,26.13 1 94
github.com/viralabs-dev/mudarro/internal/mudarro/terminal/interactive.go:28.3,28.17 1 11
github.com/viralabs-dev/mudarro/internal/mudarro/terminal/interactive.go:30.3,30.16 1 3
github.com/viralabs-dev/mudarro/internal/mudarro/terminal/interactive.go:31.4,32.1 1 3
github.com/viralabs-dev/mudarro/internal/mudarro/terminal/interactive.go:34.3,34.20 1 5
github.com/viralabs-dev/mudarro/internal/mudarro/terminal/interactive.go:36.3,37.15 2 2
github.com/viralabs-dev/mudarro/internal/mudarro/terminal/interactive.go:39.3,39.16 1 0
github.com/viralabs-dev/mudarro/internal/mudarro/terminal/interactive.go:40.4,42.1 2 0
github.com/viralabs-dev/mudarro/internal/mudarro/terminal/interactive.go:44.3,44.16 1 3
github.com/viralabs-dev/mudarro/internal/mudarro/terminal/interactive.go:45.4,47.1 2 3
github.com/viralabs-dev/mudarro/internal/mudarro/terminal/interactive.go:49.3,49.19 1 3
github.com/viralabs-dev/mudarro/internal/mudarro/terminal/interactive.go:51.3,51.19 1 0
github.com/viralabs-dev/mudarro/internal/mudarro/terminal/interactive.go:53.3,53.15 1 2
github.com/viralabs-dev/mudarro/internal/mudarro/terminal/interactive.go:55.3,55.17 1 3
github.com/viralabs-dev/mudarro/internal/mudarro/terminal/interactive.go:57.3,57.16 1 2
github.com/viralabs-dev/mudarro/internal/mudarro/terminal/interactive.go:59.3,59.16 1 1
github.com/viralabs-dev/mudarro/internal/mudarro/terminal/interactive.go:61.3,61.65 1 59
github.com/viralabs-dev/mudarro/internal/mudarro/terminal/interactive.go:62.4,64.1 2 4
github.com/viralabs-dev/mudarro/internal/mudarro/terminal/interactive.go:66.2,66.18 1 80
github.com/viralabs-dev/mudarro/internal/mudarro/terminal/interactive.go:67.3,68.1 1 0
github.com/viralabs-dev/mudarro/internal/mudarro/terminal/interactive.go:69.2,69.20 1 80
github.com/viralabs-dev/mudarro/internal/mudarro/terminal/interactive.go:70.3,71.1 1 0
github.com/viralabs-dev/mudarro/internal/mudarro/terminal/interactive.go:72.2,72.17 1 80
github.com/viralabs-dev/mudarro/internal/mudarro/terminal/interactive.go:78.2,79.36 2 15
github.com/viralabs-dev/mudarro/internal/mudarro/terminal/interactive.go:80.3,81.1 1 0
github.com/viralabs-dev/mudarro/internal/mudarro/terminal/interactive.go:82.2,84.89 3 15
github.com/viralabs-dev/mudarro/internal/mudarro/terminal/interactive.go:85.3,86.1 1 1
github.com/viralabs-dev/mudarro/internal/mudarro/terminal/interactive.go:87.2,91.14 5 14
github.com/viralabs-dev/mudarro/internal/mudarro/terminal/interactive.go:92.3,93.1 1 0
github.com/viralabs-dev/mudarro/internal/mudarro/terminal/interactive.go:94.2,95.15 2 14
github.com/viralabs-dev/mudarro/internal/mudarro/terminal/interactive.go:96.3,96.33 1 14
github.com/viralabs-dev/mudarro/internal/mudarro/terminal/interactive.go:97.4,98.1 1 13
github.com/viralabs-dev/mudarro/internal/mudarro/terminal/interactive.go:100.2,101.22 2 14
github.com/viralabs-dev/mudarro/internal/mudarro/terminal/interactive.go:102.3,103.1 1 14
github.com/viralabs-dev/mudarro/internal/mudarro/terminal/interactive.go:104.2,105.11 2 14
github.com/viralabs-dev/mudarro/internal/mudarro/terminal/interactive.go:106.3,107.1 1 6
github.com/viralabs-dev/mudarro/internal/mudarro/terminal/interactive.go:108.2,108.15 1 14
github.com/viralabs-dev/mudarro/internal/mudarro/terminal/interactive.go:109.3,109.12 1 14
github.com/viralabs-dev/mudarro/internal/mudarro/terminal/interactive.go:110.4,111.1 1 6
github.com/viralabs-dev/mudarro/internal/mudarro/terminal/interactive.go:112.3,113.23 2 14
github.com/viralabs-dev/mudarro/internal/mudarro/terminal/interactive.go:114.4,115.1 1 14
github.com/viralabs-dev/mudarro/internal/mudarro/terminal/interactive.go:117.2,122.6 6 14
github.com/viralabs-dev/mudarro/internal/mudarro/terminal/interactive.go:123.3,123.10 1 55
github.com/viralabs-dev/mudarro/internal/mudarro/terminal/interactive.go:125.4,125.60 1 0
github.com/viralabs-dev/mudarro/internal/mudarro/terminal/interactive.go:126.11,126.11 0 55
github.com/viralabs-dev/mudarro/internal/mudarro/terminal/interactive.go:128.3,130.22 3 55
github.com/viralabs-dev/mudarro/internal/mudarro/terminal/interactive.go:131.4,132.1 1 0
github.com/viralabs-dev/mudarro/internal/mudarro/terminal/interactive.go:133.3,133.16 1 55
github.com/viralabs-dev/mudarro/internal/mudarro/terminal/interactive.go:134.4,136.18 3 0
github.com/viralabs-dev/mudarro/internal/mudarro/terminal/interactive.go:137.5,138.1 1 0
github.com/viralabs-dev/mudarro/internal/mudarro/terminal/interactive.go:139.4,139.32 1 0
github.com/viralabs-dev/mudarro/internal/mudarro/terminal/interactive.go:140.5,141.1 1 0
github.com/viralabs-dev/mudarro/internal/mudarro/terminal/interactive.go:142.4,142.12 1 0
github.com/viralabs-dev/mudarro/internal/mudarro/terminal/interactive.go:144.3,146.16 3 55
github.com/viralabs-dev/mudarro/internal/mudarro/terminal/interactive.go:147.4,148.1 1 0
github.com/viralabs-dev/mudarro/internal/mudarro/terminal/interactive.go:149.3,149.22 1 55
github.com/viralabs-dev/mudarro/internal/mudarro/terminal/interactive.go:150.4,151.1 1 3
github.com/viralabs-dev/mudarro/internal/mudarro/terminal/interactive.go:152.3,153.32 2 55
github.com/viralabs-dev/mudarro/internal/mudarro/terminal/interactive.go:154.4,155.1 1 1
github.com/viralabs-dev/mudarro/internal/mudarro/terminal/interactive.go:156.3,157.15 2 55
github.com/viralabs-dev/mudarro/internal/mudarro/terminal/interactive.go:158.4,159.1 1 0
github.com/viralabs-dev/mudarro/internal/mudarro/terminal/interactive.go:160.3,161.55 2 55
github.com/viralabs-dev/mudarro/internal/mudarro/terminal/interactive.go:162.4,162.78 1 27
github.com/viralabs-dev/mudarro/internal/mudarro/terminal/interactive.go:163.5,164.1 1 1211
github.com/viralabs-dev/mudarro/internal/mudarro/terminal/interactive.go:166.3,168.42 3 55
github.com/viralabs-dev/mudarro/internal/mudarro/terminal/interactive.go:169.4,170.27 2 111
github.com/viralabs-dev/mudarro/internal/mudarro/terminal/interactive.go:171.5,172.1 1 55
github.com/viralabs-dev/mudarro/internal/mudarro/terminal/interactive.go:173.4,173.93 1 111
github.com/viralabs-dev/mudarro/internal/mudarro/terminal/interactive.go:175.3,178.21 4 55
github.com/viralabs-dev/mudarro/internal/mudarro/terminal/interactive.go:179.4,179.36 1 27
github.com/viralabs-dev/mudarro/internal/mudarro/terminal/interactive.go:180.5,182.25 3 461
github.com/viralabs-dev/mudarro/internal/mudarro/terminal/interactive.go:183.6,184.1 1 379
github.com/viralabs-dev/mudarro/internal/mudarro/terminal/interactive.go:185.5,185.28 1 461
github.com/viralabs-dev/mudarro/internal/mudarro/terminal/interactive.go:186.6,188.22 3 374
github.com/viralabs-dev/mudarro/internal/mudarro/terminal/interactive.go:189.7,190.1 1 22
github.com/viralabs-dev/mudarro/internal/mudarro/terminal/interactive.go:192.6,194.29 3 374
github.com/viralabs-dev/mudarro/internal/mudarro/terminal/interactive.go:195.7,196.1 1 21828
github.com/viralabs-dev/mudarro/internal/mudarro/terminal/interactive.go:197.6,197.61 1 374
github.com/viralabs-dev/mudarro/internal/mudarro/terminal/interactive.go:199.5,199.32 1 461
github.com/viralabs-dev/mudarro/internal/mudarro/terminal/interactive.go:202.3,202.22 1 55
github.com/viralabs-dev/mudarro/internal/mudarro/terminal/interactive.go:203.4,204.1 1 0
github.com/viralabs-dev/mudarro/internal/mudarro/terminal/interactive.go:205.4,206.31 2 55
github.com/viralabs-dev/mudarro/internal/mudarro/terminal/interactive.go:207.5,208.1 1 737
github.com/viralabs-dev/mudarro/internal/mudarro/terminal/interactive.go:211.3,213.21 3 55
github.com/viralabs-dev/mudarro/internal/mudarro/terminal/interactive.go:214.4,215.1 1 1
github.com/viralabs-dev/mudarro/internal/mudarro/terminal/interactive.go:216.3,216.16 1 54
github.com/viralabs-dev/mudarro/internal/mudarro/terminal/interactive.go:217.4,217.12 1 17
github.com/viralabs-dev/mudarro/internal/mudarro/terminal/interactive.go:219.3,219.39 1 37
github.com/viralabs-dev/mudarro/internal/mudarro/terminal/interactive.go:220.4,220.14 1 8
github.com/viralabs-dev/mudarro/internal/mudarro/terminal/interactive.go:221.5,221.13 1 0
github.com/viralabs-dev/mudarro/internal/mudarro/terminal/interactive.go:223.4,225.86 3 8
github.com/viralabs-dev/mudarro/internal/mudarro/terminal/interactive.go:226.5,226.21 1 8
github.com/viralabs-dev/mudarro/internal/mudarro/terminal/interactive.go:227.6,228.1 1 2
github.com/viralabs-dev/mudarro/internal/mudarro/terminal/interactive.go:229.5,229.33 1 8
github.com/viralabs-dev/mudarro/internal/mudarro/terminal/interactive.go:230.6,230.14 1 0
github.com/viralabs-dev/mudarro/internal/mudarro/terminal/interactive.go:232.5,232.23 1 8
github.com/viralabs-dev/mudarro/internal/mudarro/terminal/interactive.go:233.6,233.23 1 2
github.com/viralabs-dev/mudarro/internal/mudarro/terminal/interactive.go:234.7,235.1 1 0
github.com/viralabs-dev/mudarro/internal/mudarro/terminal/interactive.go:236.7,237.1 1 2
github.com/viralabs-dev/mudarro/internal/mudarro/terminal/interactive.go:239.6,239.22 1 6
github.com/viralabs-dev/mudarro/internal/mudarro/terminal/interactive.go:240.7,241.1 1 2
github.com/viralabs-dev/mudarro/internal/mudarro/terminal/interactive.go:242.6,242.81 1 6
github.com/viralabs-dev/mudarro/internal/mudarro/terminal/interactive.go:243.7,244.1 1 4
github.com/viralabs-dev/mudarro/internal/mudarro/terminal/interactive.go:245.6,245.57 1 6
github.com/viralabs-dev/mudarro/internal/mudarro/terminal/interactive.go:246.7,247.23 2 4
github.com/viralabs-dev/mudarro/internal/mudarro/terminal/interactive.go:248.8,249.1 1 0
github.com/viralabs-dev/mudarro/internal/mudarro/terminal/interactive.go:250.7,250.27 1 4
github.com/viralabs-dev/mudarro/internal/mudarro/terminal/interactive.go:251.8,252.1 1 0
github.com/viralabs-dev/mudarro/internal/mudarro/terminal/interactive.go:253.7,253.19 1 4
github.com/viralabs-dev/mudarro/internal/mudarro/terminal/interactive.go:254.8,255.1 1 4
github.com/viralabs-dev/mudarro/internal/mudarro/terminal/interactive.go:257.6,257.14 1 6
github.com/viralabs-dev/mudarro/internal/mudarro/terminal/interactive.go:260.5,260.13 1 0
github.com/viralabs-dev/mudarro/internal/mudarro/terminal/interactive.go:263.3,263.86 1 31
github.com/viralabs-dev/mudarro/internal/mudarro/terminal/interactive.go:264.4,265.23 2 4
github.com/viralabs-dev/mudarro/internal/mudarro/terminal/interactive.go:266.5,267.1 1 0
github.com/viralabs-dev/mudarro/internal/mudarro/terminal/interactive.go:268.4,268.75 1 4
github.com/viralabs-dev/mudarro/internal/mudarro/terminal/interactive.go:269.5,271.1 2 2
github.com/viralabs-dev/mudarro/internal/mudarro/terminal/interactive.go:272.5,273.1 1 2
github.com/viralabs-dev/mudarro/internal/mudarro/terminal/interactive.go:274.4,274.12 1 4
github.com/viralabs-dev/mudarro/internal/mudarro/terminal/interactive.go:276.3,276.38 1 27
github.com/viralabs-dev/mudarro/internal/mudarro/terminal/interactive.go:277.4,278.12 2 1
github.com/viralabs-dev/mudarro/internal/mudarro/terminal/interactive.go:280.3,282.83 3 26
github.com/viralabs-dev/mudarro/internal/mudarro/terminal/interactive.go:283.4,284.1 1 13
github.com/viralabs-dev/mudarro/internal/mudarro/terminal/interactive.go:289.2,289.6 1 55
github.com/viralabs-dev/mudarro/internal/mudarro/terminal/interactive.go:290.3,290.43 1 193
github.com/viralabs-dev/mudarro/internal/mudarro/terminal/interactive.go:291.4,293.13 3 21
github.com/viralabs-dev/mudarro/internal/mudarro/terminal/interactive.go:295.5,295.54 1 1
github.com/viralabs-dev/mudarro/internal/mudarro/terminal/interactive.go:297.5,297.30 1 3
github.com/viralabs-dev/mudarro/internal/mudarro/terminal/interactive.go:299.5,299.28 1 2
github.com/viralabs-dev/mudarro/internal/mudarro/terminal/interactive.go:301.4,301.31 1 15
github.com/viralabs-dev/mudarro/internal/mudarro/terminal/interactive.go:303.3,303.44 1 172
github.com/viralabs-dev/mudarro/internal/mudarro/terminal/interactive.go:304.4,304.38 1 83
github.com/viralabs-dev/mudarro/internal/mudarro/terminal/interactive.go:305.5,306.31 2 375
github.com/viralabs-dev/mudarro/internal/mudarro/terminal/interactive.go:307.6,309.17 3 17
github.com/viralabs-dev/mudarro/internal/mudarro/terminal/interactive.go:311.7,311.29 1 1
github.com/viralabs-dev/mudarro/internal/mudarro/terminal/interactive.go:313.7,313.36 1 0
github.com/viralabs-dev/mudarro/internal/mudarro/terminal/interactive.go:315.7,315.31 1 4
github.com/viralabs-dev/mudarro/internal/mudarro/terminal/interactive.go:317.7,317.34 1 0
github.com/viralabs-dev/mudarro/internal/mudarro/terminal/interactive.go:319.7,319.36 1 2
github.com/viralabs-dev/mudarro/internal/mudarro/terminal/interactive.go:321.7,321.31 1 1
github.com/viralabs-dev/mudarro/internal/mudarro/terminal/interactive.go:323.7,323.30 1 1
github.com/viralabs-dev/mudarro/internal/mudarro/terminal/interactive.go:325.6,325.42 1 8
github.com/viralabs-dev/mudarro/internal/mudarro/terminal/interactive.go:326.7,327.1 1 8
github.com/viralabs-dev/mudarro/internal/mudarro/terminal/interactive.go:328.6,328.26 1 0
github.com/viralabs-dev/mudarro/internal/mudarro/terminal/interactive.go:332.3,332.24 1 155
github.com/viralabs-dev/mudarro/internal/mudarro/terminal/interactive.go:333.4,334.1 1 0
github.com/viralabs-dev/mudarro/internal/mudarro/terminal/interactive.go:335.3,337.25 3 155
github.com/viralabs-dev/mudarro/internal/mudarro/terminal/interactive.go:338.4,339.1 1 0
github.com/viralabs-dev/mudarro/internal/mudarro/terminal/interactive.go:340.3,340.15 1 155
github.com/viralabs-dev/mudarro/internal/mudarro/terminal/interactive.go:341.4,342.1 1 0
github.com/viralabs-dev/mudarro/internal/mudarro/terminal/interactive.go:343.3,343.13 1 155
github.com/viralabs-dev/mudarro/internal/mudarro/terminal/interactive.go:344.4,345.1 1 17
github.com/viralabs-dev/mudarro/internal/mudarro/terminal/interactive.go:346.3,348.15 3 138
github.com/viralabs-dev/mudarro/internal/mudarro/terminal/interactive.go:349.4,349.49 1 0
github.com/viralabs-dev/mudarro/internal/mudarro/terminal/interactive.go:350.5,351.1 1 0
github.com/viralabs-dev/mudarro/internal/mudarro/terminal/interactive.go:352.4,352.21 1 0
github.com/viralabs-dev/mudarro/internal/mudarro/terminal/interactive.go:354.3,354.13 1 138
github.com/viralabs-dev/mudarro/internal/mudarro/terminal/interactive.go:355.4,356.1 1 0
github.com/viralabs-dev/mudarro/internal/mudarro/terminal/interactive.go:357.3,357.40 1 138
github.com/viralabs-dev/mudarro/internal/mudarro/terminal/interactive.go:362.2,362.81 1 6
github.com/viralabs-dev/mudarro/internal/mudarro/terminal/interactive.go:363.3,363.38 1 6
github.com/viralabs-dev/mudarro/internal/mudarro/terminal/interactive.go:364.4,365.1 1 6
github.com/viralabs-dev/mudarro/internal/mudarro/terminal/interactive.go:367.2,367.14 1 0
github.com/viralabs-dev/mudarro/internal/mudarro/terminal/interactive_raw_linux.go:12.2,13.114 2 16
github.com/viralabs-dev/mudarro/internal/mudarro/terminal/interactive_raw_linux.go:14.3,15.1 1 0
github.com/viralabs-dev/mudarro/internal/mudarro/terminal/interactive_raw_linux.go:16.2,24.42 9 16
github.com/viralabs-dev/mudarro/internal/mudarro/terminal/interactive_raw_linux.go:25.3,26.13 2 32
github.com/viralabs-dev/mudarro/internal/mudarro/terminal/interactive_raw_linux.go:27.4,28.1 1 0
github.com/viralabs-dev/mudarro/internal/mudarro/terminal/interactive_raw_linux.go:29.3,29.13 1 32
github.com/viralabs-dev/mudarro/internal/mudarro/terminal/interactive_raw_linux.go:31.2,31.32 1 16
github.com/viralabs-dev/mudarro/internal/mudarro/terminal/interactive_raw_linux.go:32.3,33.1 1 0
github.com/viralabs-dev/mudarro/internal/mudarro/terminal/interactive_raw_linux.go:34.2,34.22 1 16
github.com/viralabs-dev/mudarro/internal/mudarro/terminal/interactive_raw_linux.go:34.24,34.44 1 16
github.com/viralabs-dev/mudarro/internal/mudarro/terminal/interactive_ready_linux.go:14.2,16.40 3 185
github.com/viralabs-dev/mudarro/internal/mudarro/terminal/interactive_ready_linux.go:17.3,18.1 1 0
github.com/viralabs-dev/mudarro/internal/mudarro/terminal/interactive_ready_linux.go:19.2,22.16 4 185
github.com/viralabs-dev/mudarro/internal/mudarro/terminal/interactive_ready_linux.go:23.3,24.1 1 0
github.com/viralabs-dev/mudarro/internal/mudarro/terminal/interactive_ready_linux.go:25.2,25.55 1 185
github.com/viralabs-dev/mudarro/internal/mudarro/terminal/menu_view.go:23.2,23.21 1 28
github.com/viralabs-dev/mudarro/internal/mudarro/terminal/menu_view.go:24.3,26.1 2 0
github.com/viralabs-dev/mudarro/internal/mudarro/terminal/menu_view.go:27.2,28.13 2 28
github.com/viralabs-dev/mudarro/internal/mudarro/terminal/menu_view.go:29.3,30.33 2 15
github.com/viralabs-dev/mudarro/internal/mudarro/terminal/menu_view.go:31.4,32.1 1 36
github.com/viralabs-dev/mudarro/internal/mudarro/terminal/menu_view.go:33.3,37.32 5 15
github.com/viralabs-dev/mudarro/internal/mudarro/terminal/menu_view.go:38.9,38.23 1 13
github.com/viralabs-dev/mudarro/internal/mudarro/terminal/menu_view.go:39.3,39.54 1 13
github.com/viralabs-dev/mudarro/internal/mudarro/terminal/menu_view.go:40.4,41.1 1 0
github.com/viralabs-dev/mudarro/internal/mudarro/terminal/menu_view.go:42.4,43.1 1 13
github.com/viralabs-dev/mudarro/internal/mudarro/terminal/menu_view.go:45.2,47.31 3 28
github.com/viralabs-dev/mudarro/internal/mudarro/terminal/menu_view.go:48.3,49.1 1 3
github.com/viralabs-dev/mudarro/internal/mudarro/terminal/menu_view.go:50.2,51.13 2 28
github.com/viralabs-dev/mudarro/internal/mudarro/terminal/menu_view.go:53.3,54.22 2 15
github.com/viralabs-dev/mudarro/internal/mudarro/terminal/menu_view.go:55.4,56.1 1 15
github.com/viralabs-dev/mudarro/internal/mudarro/terminal/menu_view.go:57.3,58.19 2 15
github.com/viralabs-dev/mudarro/internal/mudarro/terminal/menu_view.go:59.4,60.1 1 7
github.com/viralabs-dev/mudarro/internal/mudarro/terminal/menu_view.go:61.4,62.1 1 8
github.com/viralabs-dev/mudarro/internal/mudarro/terminal/menu_view.go:64.2,64.25 1 28
github.com/viralabs-dev/mudarro/internal/mudarro/terminal/menu_view.go:65.3,66.1 1 0
github.com/viralabs-dev/mudarro/internal/mudarro/terminal/menu_view.go:67.2,67.6 1 28
github.com/viralabs-dev/mudarro/internal/mudarro/terminal/menu_view.go:68.3,70.17 3 29
github.com/viralabs-dev/mudarro/internal/mudarro/terminal/menu_view.go:71.4,72.1 1 0
github.com/viralabs-dev/mudarro/internal/mudarro/terminal/menu_view.go:73.3,74.75 2 29
github.com/viralabs-dev/mudarro/internal/mudarro/terminal/menu_view.go:75.4,76.51 2 0
github.com/viralabs-dev/mudarro/internal/mudarro/terminal/menu_view.go:77.5,77.63 1 0
github.com/viralabs-dev/mudarro/internal/mudarro/terminal/menu_view.go:78.6,79.1 1 0
github.com/viralabs-dev/mudarro/internal/mudarro/terminal/menu_view.go:80.5,80.13 1 0
github.com/viralabs-dev/mudarro/internal/mudarro/terminal/menu_view.go:83.3,83.35 1 29
github.com/viralabs-dev/mudarro/internal/mudarro/terminal/menu_view.go:84.4,85.1 1 1
github.com/viralabs-dev/mudarro/internal/mudarro/terminal/menu_view.go:86.3,87.47 2 28
github.com/viralabs-dev/mudarro/internal/mudarro/terminal/menu_view.go:88.4,89.1 1 27
github.com/viralabs-dev/mudarro/internal/mudarro/terminal/menu_view.go:90.3,90.161 1 1
github.com/viralabs-dev/mudarro/internal/mudarro/terminal/menu_view.go:97.2,97.60 1 128217
github.com/viralabs-dev/mudarro/internal/mudarro/terminal/menu_view.go:98.3,99.1 1 0
github.com/viralabs-dev/mudarro/internal/mudarro/terminal/menu_view.go:100.2,101.122 1 128217
github.com/viralabs-dev/mudarro/internal/mudarro/terminal/menu_view.go:102.3,103.1 1 36
github.com/viralabs-dev/mudarro/internal/mudarro/terminal/menu_view.go:104.2,104.10 1 128181
github.com/viralabs-dev/mudarro/internal/mudarro/terminal/menu_view.go:107.2,107.39 1 1972
github.com/viralabs-dev/mudarro/internal/mudarro/terminal/menu_view.go:108.3,108.56 1 106133
github.com/viralabs-dev/mudarro/internal/mudarro/terminal/menu_view.go:109.4,110.1 1 26
github.com/viralabs-dev/mudarro/internal/mudarro/terminal/menu_view.go:111.3,111.11 1 106107
github.com/viralabs-dev/mudarro/internal/mudarro/terminal/menu_view.go:115.2,116.15 2 1959
github.com/viralabs-dev/mudarro/internal/mudarro/terminal/menu_view.go:117.3,118.1 1 0
github.com/viralabs-dev/mudarro/internal/mudarro/terminal/menu_view.go:119.2,120.25 2 1959
github.com/viralabs-dev/mudarro/internal/mudarro/terminal/menu_view.go:121.3,122.1 1 105921
github.com/viralabs-dev/mudarro/internal/mudarro/terminal/menu_view.go:123.2,123.20 1 1959
github.com/viralabs-dev/mudarro/internal/mudarro/terminal/menu_view.go:124.3,125.1 1 1933
github.com/viralabs-dev/mudarro/internal/mudarro/terminal/menu_view.go:126.2,128.25 3 26
github.com/viralabs-dev/mudarro/internal/mudarro/terminal/menu_view.go:129.3,130.24 2 468
github.com/viralabs-dev/mudarro/internal/mudarro/terminal/menu_view.go:131.4,131.9 1 26
github.com/viralabs-dev/mudarro/internal/mudarro/terminal/menu_view.go:133.3,134.13 2 442
github.com/viralabs-dev/mudarro/internal/mudarro/terminal/menu_view.go:136.2,136.27 1 26
github.com/viralabs-dev/mudarro/internal/mudarro/terminal/menu_view.go:150.2,152.1 3 29
github.com/viralabs-dev/mudarro/internal/mudarro/terminal/menu_view.go:153.2,153.30 3 29
github.com/viralabs-dev/mudarro/internal/mudarro/terminal/menu_view.go:153.32,153.113 1 22
github.com/viralabs-dev/mudarro/internal/mudarro/terminal/menu_view.go:154.2,154.28 1 29
github.com/viralabs-dev/mudarro/internal/mudarro/terminal/menu_view.go:155.3,155.30 1 346
github.com/viralabs-dev/mudarro/internal/mudarro/terminal/menu_view.go:156.4,157.1 1 12
github.com/viralabs-dev/mudarro/internal/mudarro/terminal/menu_view.go:159.2,160.34 2 17
github.com/viralabs-dev/mudarro/internal/mudarro/terminal/menu_view.go:161.3,162.1 1 5
github.com/viralabs-dev/mudarro/internal/mudarro/terminal/menu_view.go:163.2,164.13 2 17
github.com/viralabs-dev/mudarro/internal/mudarro/terminal/menu_view.go:165.3,166.1 1 0
github.com/viralabs-dev/mudarro/internal/mudarro/terminal/menu_view.go:167.2,167.24 1 17
github.com/viralabs-dev/mudarro/internal/mudarro/terminal/menu_view.go:168.3,169.1 1 10
github.com/viralabs-dev/mudarro/internal/mudarro/terminal/menu_view.go:170.2,172.24 3 7
github.com/viralabs-dev/mudarro/internal/mudarro/terminal/menu_view.go:173.3,174.1 1 49
github.com/viralabs-dev/mudarro/internal/mudarro/terminal/menu_view.go:175.2,175.28 1 7
github.com/viralabs-dev/mudarro/internal/mudarro/terminal/menu_view.go:176.3,177.10 2 50
github.com/viralabs-dev/mudarro/internal/mudarro/terminal/menu_view.go:178.4,179.15 2 12
github.com/viralabs-dev/mudarro/internal/mudarro/terminal/menu_view.go:180.5,181.1 1 0
github.com/viralabs-dev/mudarro/internal/mudarro/terminal/menu_view.go:182.4,183.113 2 12
github.com/viralabs-dev/mudarro/internal/mudarro/terminal/menu_view.go:185.3,185.47 1 50
github.com/viralabs-dev/mudarro/internal/mudarro/terminal/menu_view.go:186.4,186.26 1 350
github.com/viralabs-dev/mudarro/internal/mudarro/terminal/menu_view.go:187.5,187.17 1 1750
github.com/viralabs-dev/mudarro/internal/mudarro/terminal/menu_view.go:188.6,189.1 1 733
github.com/viralabs-dev/mudarro/internal/mudarro/terminal/menu_view.go:193.2,194.25 2 7
github.com/viralabs-dev/mudarro/internal/mudarro/terminal/menu_view.go:195.3,197.32 3 56
github.com/viralabs-dev/mudarro/internal/mudarro/terminal/menu_view.go:198.4,198.42 1 2456
github.com/viralabs-dev/mudarro/internal/mudarro/terminal/menu_view.go:199.5,200.1 1 733
github.com/viralabs-dev/mudarro/internal/mudarro/terminal/menu_view.go:200.11,200.64 1 1723
github.com/viralabs-dev/mudarro/internal/mudarro/terminal/menu_view.go:201.5,202.1 1 600
github.com/viralabs-dev/mudarro/internal/mudarro/terminal/menu_view.go:203.5,204.1 1 1123
github.com/viralabs-dev/mudarro/internal/mudarro/terminal/menu_view.go:206.3,206.63 1 56
github.com/viralabs-dev/mudarro/internal/mudarro/terminal/menu_view.go:208.2,208.14 1 7
github.com/viralabs-dev/mudarro/internal/mudarro/terminal/menu_view.go:213.2,214.1 1 53
github.com/viralabs-dev/mudarro/internal/mudarro/terminal/menu_view.go:215.45,215.66 1 0
github.com/viralabs-dev/mudarro/internal/mudarro/terminal/menu_view.go:216.45,216.61 1 9
github.com/viralabs-dev/mudarro/internal/mudarro/terminal/presentation.go:9.2,14.1 5 10
github.com/viralabs-dev/mudarro/internal/mudarro/terminal/presentation.go:16.2,16.25 1 175
github.com/viralabs-dev/mudarro/internal/mudarro/terminal/presentation.go:17.3,18.1 1 11
github.com/viralabs-dev/mudarro/internal/mudarro/terminal/presentation.go:19.2,19.11 1 164
github.com/viralabs-dev/mudarro/internal/mudarro/terminal/presentation.go:22.2,22.53 1 31
github.com/viralabs-dev/mudarro/internal/mudarro/terminal/presentation.go:23.3,24.1 1 2
github.com/viralabs-dev/mudarro/internal/mudarro/terminal/presentation.go:25.2,25.28 1 29
github.com/viralabs-dev/mudarro/internal/mudarro/terminal/presentation.go:26.3,27.1 1 0
github.com/viralabs-dev/mudarro/internal/mudarro/terminal/presentation.go:28.2,28.37 1 29
github.com/viralabs-dev/mudarro/internal/mudarro/terminal/presentation.go:30.39,30.96 1 0
github.com/viralabs-dev/mudarro/internal/mudarro/terminal/presentation.go:32.49,32.72 1 0
github.com/viralabs-dev/mudarro/internal/mudarro/terminal/shell_input_unix.go:17.2,18.16 2 2
github.com/viralabs-dev/mudarro/internal/mudarro/terminal/shell_input_unix.go:19.3,20.1 1 0
github.com/viralabs-dev/mudarro/internal/mudarro/terminal/shell_input_unix.go:21.2,22.16 2 2
github.com/viralabs-dev/mudarro/internal/mudarro/terminal/shell_input_unix.go:23.3,25.1 2 0
github.com/viralabs-dev/mudarro/internal/mudarro/terminal/shell_input_unix.go:26.2,27.58 2 2
github.com/viralabs-dev/mudarro/internal/mudarro/terminal/shell_input_unix.go:28.3,32.1 4 0
github.com/viralabs-dev/mudarro/internal/mudarro/terminal/shell_input_unix.go:33.2,35.12 3 2
github.com/viralabs-dev/mudarro/internal/mudarro/terminal/shell_input_unix.go:36.3,39.7 4 2
github.com/viralabs-dev/mudarro/internal/mudarro/terminal/shell_input_unix.go:40.4,40.28 1 30
github.com/viralabs-dev/mudarro/internal/mudarro/terminal/shell_input_unix.go:41.5,42.1 1 0
github.com/viralabs-dev/mudarro/internal/mudarro/terminal/shell_input_unix.go:43.4,44.26 2 30
github.com/viralabs-dev/mudarro/internal/mudarro/terminal/shell_input_unix.go:45.5,45.13 1 0
github.com/viralabs-dev/mudarro/internal/mudarro/terminal/shell_input_unix.go:47.4,47.16 1 30
github.com/viralabs-dev/mudarro/internal/mudarro/terminal/shell_input_unix.go:48.5,50.1 2 0
github.com/viralabs-dev/mudarro/internal/mudarro/terminal/shell_input_unix.go:51.4,51.14 1 30
github.com/viralabs-dev/mudarro/internal/mudarro/terminal/shell_input_unix.go:52.5,52.13 1 0
github.com/viralabs-dev/mudarro/internal/mudarro/terminal/shell_input_unix.go:54.4,55.49 2 30
github.com/viralabs-dev/mudarro/internal/mudarro/terminal/shell_input_unix.go:56.5,56.13 1 0
github.com/viralabs-dev/mudarro/internal/mudarro/terminal/shell_input_unix.go:58.4,58.26 1 30
github.com/viralabs-dev/mudarro/internal/mudarro/terminal/shell_input_unix.go:59.5,61.1 2 0
github.com/viralabs-dev/mudarro/internal/mudarro/terminal/shell_input_unix.go:62.4,62.19 1 30
github.com/viralabs-dev/mudarro/internal/mudarro/terminal/shell_input_unix.go:63.5,65.1 2 2
github.com/viralabs-dev/mudarro/internal/mudarro/terminal/shell_input_unix.go:66.4,66.19 1 28
github.com/viralabs-dev/mudarro/internal/mudarro/terminal/shell_input_unix.go:67.5,68.1 1 0
github.com/viralabs-dev/mudarro/internal/mudarro/terminal/shell_input_unix.go:69.4,69.20 1 28
github.com/viralabs-dev/mudarro/internal/mudarro/terminal/shell_input_unix.go:70.5,71.1 1 2
github.com/viralabs-dev/mudarro/internal/mudarro/terminal/shell_input_unix.go:72.4,72.8 1 28
github.com/viralabs-dev/mudarro/internal/mudarro/terminal/shell_input_unix.go:73.5,73.29 1 28
github.com/viralabs-dev/mudarro/internal/mudarro/terminal/shell_input_unix.go:74.6,75.1 1 0
github.com/viralabs-dev/mudarro/internal/mudarro/terminal/shell_input_unix.go:76.5,77.17 2 28
github.com/viralabs-dev/mudarro/internal/mudarro/terminal/shell_input_unix.go:78.6,78.11 1 28
github.com/viralabs-dev/mudarro/internal/mudarro/terminal/shell_input_unix.go:80.5,80.50 1 0
github.com/viralabs-dev/mudarro/internal/mudarro/terminal/shell_input_unix.go:81.6,82.1 1 0
github.com/viralabs-dev/mudarro/internal/mudarro/terminal/shell_input_unix.go:83.5,83.12 1 0
github.com/viralabs-dev/mudarro/internal/mudarro/terminal/shell_input_unix.go:85.6,85.12 1 0
github.com/viralabs-dev/mudarro/internal/mudarro/terminal/shell_input_unix.go:86.46,86.46 0 0
github.com/viralabs-dev/mudarro/internal/mudarro/terminal/shell_input_unix.go:91.2,92.20 2 2
github.com/viralabs-dev/mudarro/internal/mudarro/terminal/shell_input_unix.go:92.22,92.37 1 4
github.com/viralabs-dev/mudarro/internal/mudarro/terminal/shell_input_unix.go:92.39,92.77 4 2
github.com/viralabs-dev/mudarro/internal/mudarro/terminal/shell_input_unix.go:93.2,93.24 1 2
github.com/viralabs-dev/mudarro/internal/mudarro/terminal/shell_input_unix.go:98.2,100.6 3 2
github.com/viralabs-dev/mudarro/internal/mudarro/terminal/shell_input_unix.go:101.3,102.15 2 28
github.com/viralabs-dev/mudarro/internal/mudarro/terminal/shell_input_unix.go:103.4,104.1 1 0
github.com/viralabs-dev/mudarro/internal/mudarro/terminal/shell_input_unix.go:105.3,105.13 1 28
github.com/viralabs-dev/mudarro/internal/mudarro/terminal/shell_input_unix.go:106.4,106.12 1 0
github.com/viralabs-dev/mudarro/internal/mudarro/terminal/shell_input_unix.go:108.3,108.19 1 28
github.com/viralabs-dev/mudarro/internal/mudarro/terminal/shell_input_unix.go:109.4,111.1 2 2
github.com/viralabs-dev/mudarro/internal/mudarro/terminal/shell_input_unix.go:112.3,112.31 1 26
github.com/viralabs-dev/mudarro/internal/mudarro/terminal/shell_input_unix.go:113.4,113.21 1 0
github.com/viralabs-dev/mudarro/internal/mudarro/terminal/shell_input_unix.go:114.5,115.1 1 0
github.com/viralabs-dev/mudarro/internal/mudarro/terminal/shell_input_unix.go:116.4,116.12 1 0
github.com/viralabs-dev/mudarro/internal/mudarro/terminal/shell_input_unix.go:118.3,118.37 1 26
github.com/viralabs-dev/mudarro/internal/mudarro/terminal/shell_input_unix.go:119.4,121.1 2 26
github.com/viralabs-dev/mudarro/internal/mudarro/terminal/terminal_style.go:21.2,23.33 3 53
github.com/viralabs-dev/mudarro/internal/mudarro/terminal/terminal_style.go:24.3,25.1 1 45
github.com/viralabs-dev/mudarro/internal/mudarro/terminal/terminal_style.go:26.2,29.45 4 53
github.com/viralabs-dev/mudarro/internal/mudarro/terminal/terminal_style.go:30.3,31.1 1 26
github.com/viralabs-dev/mudarro/internal/mudarro/terminal/terminal_style.go:32.2,32.190 1 53
github.com/viralabs-dev/mudarro/internal/mudarro/terminal/terminal_style.go:35.2,35.14 1 1659
github.com/viralabs-dev/mudarro/internal/mudarro/terminal/terminal_style.go:36.3,37.1 1 238
github.com/viralabs-dev/mudarro/internal/mudarro/terminal/terminal_style.go:38.2,38.24 1 1421
github.com/viralabs-dev/mudarro/internal/mudarro/terminal/terminal_style.go:39.3,39.15 1 0
github.com/viralabs-dev/mudarro/internal/mudarro/terminal/terminal_style.go:41.4,41.17 1 0
github.com/viralabs-dev/mudarro/internal/mudarro/terminal/terminal_style.go:43.4,43.15 1 0
github.com/viralabs-dev/mudarro/internal/mudarro/terminal/terminal_style.go:45.4,45.15 1 0
github.com/viralabs-dev/mudarro/internal/mudarro/terminal/terminal_style.go:47.4,47.15 1 0
github.com/viralabs-dev/mudarro/internal/mudarro/terminal/terminal_style.go:49.4,49.17 1 0
github.com/viralabs-dev/mudarro/internal/mudarro/terminal/terminal_style.go:51.9,51.30 1 1421
github.com/viralabs-dev/mudarro/internal/mudarro/terminal/terminal_style.go:52.3,52.21 1 17
github.com/viralabs-dev/mudarro/internal/mudarro/terminal/terminal_style.go:53.4,54.1 1 0
github.com/viralabs-dev/mudarro/internal/mudarro/terminal/terminal_style.go:56.2,56.48 1 1421
github.com/viralabs-dev/mudarro/internal/mudarro/terminal/terminal_style.go:58.46,58.76 1 67
github.com/viralabs-dev/mudarro/internal/mudarro/terminal/terminal_style.go:59.46,59.74 1 691
github.com/viralabs-dev/mudarro/internal/mudarro/terminal/terminal_style.go:61.2,62.12 2 134
github.com/viralabs-dev/mudarro/internal/mudarro/terminal/terminal_style.go:63.3,64.1 1 128
github.com/viralabs-dev/mudarro/internal/mudarro/terminal/terminal_style.go:65.2,65.28 1 134
github.com/viralabs-dev/mudarro/internal/mudarro/terminal/terminal_style.go:68.2,69.16 2 31
github.com/viralabs-dev/mudarro/internal/mudarro/terminal/terminal_style.go:70.3,71.1 1 17
github.com/viralabs-dev/mudarro/internal/mudarro/terminal/terminal_style.go:72.2,72.50 1 31
github.com/viralabs-dev/mudarro/internal/mudarro/terminal/terminal_style.go:76.2,77.1 1 53
github.com/viralabs-dev/mudarro/internal/mudarro/terminal/terminal_style.go:79.34,79.50 1 8
github.com/viralabs-dev/mudarro/internal/mudarro/terminal/terminal_unix.go:13.2,15.16 3 130
github.com/viralabs-dev/mudarro/internal/mudarro/terminal/terminal_unix.go:16.3,17.1 1 4
github.com/viralabs-dev/mudarro/internal/mudarro/terminal/terminal_unix.go:18.2,19.31 2 126
github.com/viralabs-dev/mudarro/internal/mudarro/terminal/terminal_unix.go:20.3,21.1 1 71
github.com/viralabs-dev/mudarro/internal/mudarro/terminal/terminal_unix.go:22.2,23.33 2 126
github.com/viralabs-dev/mudarro/internal/mudarro/terminal/terminal_unix.go:24.3,25.1 1 71
github.com/viralabs-dev/mudarro/internal/mudarro/terminal/terminal_unix.go:26.2,26.28 1 126
github.com/viralabs-dev/mudarro/internal/mudarro/terminal/terminal_unix.go:29.48,29.101 2 0
